fuente,contenido,texto_limpio,label_sugerida,texto_preprocesado
WhatsApp,<p><b>Saber si hay disponibilidad de ingreso en inicial 3 años para Sofia. Gracias.</b></p>,saber si hay disponibilidad de ingreso en inicial 3 anos para sofia gracias,ADMIS_VACANTES,disponibilidad ingreso inicial ano sofia gracias
WhatsApp,<p><b>Hola hay espacios para inicial 4 años? Mi niño se llama Pedro.</b></p>,hola hay espacios para inicial 4 anos mi nino se llama pedro,ADMIS_VACANTES,holar espacio inicial ano nino llamar pedro
WhatsApp,Hola hay cupos para primer grado? Mi niño se llama Ana.,hola hay cupos para primer grado mi nino se llama ana,ADMIS_VACANTES,holar cupo grado nino llamar án
WhatsApp,Saber si hay espacios en inicial 4 años para Juan. Gracias.,saber si hay espacios en inicial 4 anos para juan gracias,ADMIS_VACANTES,espacio inicial ano juan gracias
Web,REUNIÓN DE ADMISION PARA 1ERO SECUNDARIA. MI MENOR ES MARIA.,reunion de admision para 1ero secundaria mi menor es maria,ADMIS_CITAS,reunion admision 1ero secundario menor mario
Web,CHARLAS DE ADMISION PARA 1ERO PRIMARIA. MI MENOR ES ELENA.,charlas de admision para 1ero primaria mi menor es elena,ADMIS_CITAS,charla admision 1ero primario menor elén
Email,SOLICITO INFORMACIÓN DE CUOTAS Y DETALLES PARA INICIAL 4 AÑOS. ATTE: LUIS.,solicito informacion de cuotas y detalles para inicial 4 anos atte luis,ADMIS_COSTOS,solicitar informacion cuota detalle inicial anos atte luis
WhatsApp,<p><b>Saber si hay lugares en 6to primaria para Sofia. Gracias.</b></p>,saber si hay lugares en 6to primaria para sofia gracias,ADMIS_VACANTES,lugar 6to primario sofia gracias
Web,<p><b>cronograma de admision para 1ero primaria. Mi menor es Camila.</b></p>,cronograma de admision para 1ero primaria mi menor es camila,ADMIS_CITAS,cronograma admision 1ero primario menor camila
WhatsApp,Saber si hay cupos en inicial 5 años para Juan. Gracias.,saber si hay cupos en inicial 5 anos para juan gracias,ADMIS_VACANTES,cupo inicial ano juan gracias
Web,requisitos para traslado a secundaria. Postulante: Valentina.,requisitos para traslado a secundaria postulante valentina,ADMIS_REQUIS_DOC,requisito traslado secundaria postulante valentín
Web,charlas de admision para inicial 5 años. Mi menor es Valentina.,charlas de admision para inicial 5 anos mi menor es valentina,ADMIS_CITAS,charla admision inicial ano menor valentín
Web,FICHA DE MATRÍCULA PARA TRASLADO A 5TO SECUNDARIA. POSTULANTE: PEDRO.,ficha de matricula para traslado a 5to secundaria postulante pedro,ADMIS_REQUIS_DOC,ficha matricula traslado 5to secundario postulante pedro
Web,cronograma de admision para inicial 3 años. Mi menor es Camila.,cronograma de admision para inicial 3 anos mi menor es camila,ADMIS_CITAS,cronograma admision inicial ano menor camila
Web,ficha de matrícula para traslado a inicial 3 años. Postulante: Sofia.,ficha de matricula para traslado a inicial 3 anos postulante sofia,ADMIS_REQUIS_DOC,ficha matricula traslado inicial ano postulante sofia
Email,"Estimados, quisiera saber los precios de secundaria para mi hijo Maria.",estimados quisiera saber los precios de secundaria para mi hijo maria,ADMIS_COSTOS,estimado querer precio secundaria hijo mario
WhatsApp,<p><b>Hola hay disponibilidad de ingreso para inicial 3 años? Mi niño se llama Thiago.</b></p>,hola hay disponibilidad de ingreso para inicial 3 anos mi nino se llama thiago,ADMIS_VACANTES,holar disponibilidad ingreso inicial ano nino llamar thiago
Web,entrevistas de admision para inicial 3 años. Mi menor es Nicolas.,entrevistas de admision para inicial 3 anos mi menor es nicolas,ADMIS_CITAS,entrevista admision inicial ano menor nicola
Web,documentos para traslado a primer año. Postulante: Pedro.,documentos para traslado a primer ano postulante pedro,ADMIS_REQUIS_DOC,documento traslado ano postulante pedro
Web,reunión de admision para inicial 5 años. Mi menor es Lucia.,reunion de admision para inicial 5 anos mi menor es lucia,ADMIS_CITAS,reunion admision inicial ano menor lucia
Email,"Estimados, quisiera saber los costos de 5to secundaria para mi hijo Nicolas.",estimados quisiera saber los costos de 5to secundaria para mi hijo nicolas,ADMIS_COSTOS,estimado querer costo 5to secundario hijo nicola
WhatsApp,HOLA HAY LUGARES PARA INICIAL 3 AÑOS? MI NIÑO SE LLAMA LUIS.,hola hay lugares para inicial 3 anos mi nino se llama luis,ADMIS_VACANTES,holar lugar inicial ano nino llamar luis
WhatsApp,Saber si hay vacantes en 1ero primaria para Thiago. Gracias.,saber si hay vacantes en 1ero primaria para thiago gracias,ADMIS_VACANTES,vacante 1ero primario thiago gracias
Email,"Estimados, quisiera saber los mensualidad de primer año para mi hijo Ana.",estimados quisiera saber los mensualidad de primer ano para mi hijo ana,ADMIS_COSTOS,estimado querer mensualidad ano hijo án
Email,<p><b>Solicito información de mensualidad y detalles para inicial 5 años. Atte: Ana.</b></p>,solicito informacion de mensualidad y detalles para inicial 5 anos atte ana,ADMIS_COSTOS,solicitar informacion mensualidad detalle inicial anos attir ana
WhatsApp,HOLA HAY DISPONIBILIDAD DE INGRESO PARA 6TO PRIMARIA? MI NIÑO SE LLAMA ANA.,hola hay disponibilidad de ingreso para 6to primaria mi nino se llama ana,ADMIS_VACANTES,holar disponibilidad ingreso 6to primario nino llamar án
Email,"Estimados, quisiera saber los precios de inicial 4 años para mi hijo Mateo.",estimados quisiera saber los precios de inicial 4 anos para mi hijo mateo,ADMIS_COSTOS,estimado querer precio inicial ano hijo mateo
Web,citas de admision para 1ero primaria. Mi menor es Juan.,citas de admision para 1ero primaria mi menor es juan,ADMIS_CITAS,cita admision 1ero primario menor juan
Web,partidas para traslado a 1ero primaria. Postulante: Maria.,partidas para traslado a 1ero primaria postulante maria,ADMIS_REQUIS_DOC,partida traslado 1ero primaria postulante mario
Email,Solicito información de precios y detalles para 1ero secundaria. Atte: Thiago.,solicito informacion de precios y detalles para 1ero secundaria atte thiago,ADMIS_COSTOS,solicitar informacion precio detalle 1ero secundario atte thiago
Email,Solicito información de precios y detalles para secundaria. Atte: Sebastian.,solicito informacion de precios y detalles para secundaria atte sebastian,ADMIS_COSTOS,solicitar informacion precio detalle secundario atte sebastiar
WhatsApp,Saber si hay lugares en 1ero secundaria para Sofia. Gracias.,saber si hay lugares en 1ero secundaria para sofia gracias,ADMIS_VACANTES,lugar 1ero secundario sofia gracias
Web,documentos para traslado a inicial 3 años. Postulante: Mateo.,documentos para traslado a inicial 3 anos postulante mateo,ADMIS_REQUIS_DOC,documento traslado inicial ano postulante mateo
WhatsApp,SABER SI HAY DISPONIBILIDAD DE INGRESO EN INICIAL 5 AÑOS PARA MATEO. GRACIAS.,saber si hay disponibilidad de ingreso en inicial 5 anos para mateo gracias,ADMIS_VACANTES,disponibilidad ingreso inicial ano mateo gracias
Web,ficha de matrícula para traslado a primer grado. Postulante: Pedro.,ficha de matricula para traslado a primer grado postulante pedro,ADMIS_REQUIS_DOC,ficha matricula traslado grado postulante pedro
Web,charlas de admision para inicial 5 años. Mi menor es Lucia.,charlas de admision para inicial 5 anos mi menor es lucia,ADMIS_CITAS,charla admision inicial ano menor lucia
WhatsApp,<p><b>Saber si hay espacios en inicial 4 años para Maria. Gracias.</b></p>,saber si hay espacios en inicial 4 anos para maria gracias,ADMIS_VACANTES,espacio inicial ano maria gracias
Email,Solicito información de costos y detalles para 1ero primaria. Atte: Juan.,solicito informacion de costos y detalles para 1ero primaria atte juan,ADMIS_COSTOS,solicitar informacion costo detalle 1ero primario atte juan
WhatsApp,Hola hay vacantes para primer año? Mi niño se llama Thiago.,hola hay vacantes para primer ano mi nino se llama thiago,ADMIS_VACANTES,holar vacante ano nino llamar thiago
WhatsApp,Hola hay lugares para 5to secundaria? Mi niño se llama Camila.,hola hay lugares para 5to secundaria mi nino se llama camila,ADMIS_VACANTES,holar lugar 5to secundario nino llamar camila
Web,REUNIÓN DE ADMISION PARA INICIAL 5 AÑOS. MI MENOR ES NICOLAS.,reunion de admision para inicial 5 anos mi menor es nicolas,ADMIS_CITAS,reunion admision inicial ano menor nicola
Email,"<p><b>Estimados, quisiera saber los cuotas de 5to secundaria para mi hijo Gabriel.</b></p>",estimados quisiera saber los cuotas de 5to secundaria para mi hijo gabriel,ADMIS_COSTOS,estimado querer cuota 5to secundario hijo gabriel
Email,Solicito información de precios y detalles para primer año. Atte: Valentina.,solicito informacion de precios y detalles para primer ano atte valentina,ADMIS_COSTOS,solicitar informacion precio detalle ano attar valentín
Email,"Estimados, quisiera saber los precios de 6to primaria para mi hijo Sofia.",estimados quisiera saber los precios de 6to primaria para mi hijo sofia,ADMIS_COSTOS,estimado querer precio 6to primario hijo sofia
Web,entrevistas de admision para 6to primaria. Mi menor es Sofia.,entrevistas de admision para 6to primaria mi menor es sofia,ADMIS_CITAS,entrevista admision 6to primario menor sofia
Email,"Estimados, quisiera saber los pensiones de 1ero primaria para mi hijo Sofia.",estimados quisiera saber los pensiones de 1ero primaria para mi hijo sofia,ADMIS_COSTOS,estimado querer pensión 1ero primario hijo sofia
WhatsApp,Hola hay espacios para 1ero secundaria? Mi niño se llama Thiago.,hola hay espacios para 1ero secundaria mi nino se llama thiago,ADMIS_VACANTES,holar espacio 1ero secundario nino llamar thiago
Email,Solicito información de costos y detalles para 5to secundaria. Atte: Lucia.,solicito informacion de costos y detalles para 5to secundaria atte lucia,ADMIS_COSTOS,solicitar informacion costo detalle 5to secundario atte lucia
WhatsApp,Hola hay vacantes para 1ero secundaria? Mi niño se llama Nicolas.,hola hay vacantes para 1ero secundaria mi nino se llama nicolas,ADMIS_VACANTES,holar vacante 1ero secundario nino llamar nicola
Web,cronograma de admision para inicial 4 años. Mi menor es Elena.,cronograma de admision para inicial 4 anos mi menor es elena,ADMIS_CITAS,cronograma admision inicial ano menor elén
WhatsApp,Hola hay vacantes para primer año? Mi niño se llama Lucia.,hola hay vacantes para primer ano mi nino se llama lucia,ADMIS_VACANTES,holar vacante ano nino llamar lucia
Email,Solicito información de pagos y detalles para 1ero secundaria. Atte: Maria.,solicito informacion de pagos y detalles para 1ero secundaria atte maria,ADMIS_COSTOS,solicitar informacion pago detalle 1ero secundario atte mario
Email,Solicito información de cuotas y detalles para primer grado. Atte: Sebastian.,solicito informacion de cuotas y detalles para primer grado atte sebastian,ADMIS_COSTOS,solicitar informacion cuota detalle grado atte sebastiar
Web,ficha de matrícula para traslado a inicial 4 años. Postulante: Valentina.,ficha de matricula para traslado a inicial 4 anos postulante valentina,ADMIS_REQUIS_DOC,ficha matricula traslado inicial ano postulante valentín
Email,"ESTIMADOS, QUISIERA SABER LOS PENSIONES DE PRIMER GRADO PARA MI HIJO NICOLAS.",estimados quisiera saber los pensiones de primer grado para mi hijo nicolas,ADMIS_COSTOS,estimado querer pensión grado hijo nicola
WhatsApp,HOLA HAY ESPACIOS PARA INICIAL 3 AÑOS? MI NIÑO SE LLAMA JUAN.,hola hay espacios para inicial 3 anos mi nino se llama juan,ADMIS_VACANTES,holar espacio inicial ano nino llamar juan
WhatsApp,Hola hay lugares para inicial 3 años? Mi niño se llama Sebastian.,hola hay lugares para inicial 3 anos mi nino se llama sebastian,ADMIS_VACANTES,holar lugar inicial ano nino llamar sebastian
Web,cronograma de admision para 5to secundaria. Mi menor es Maria.,cronograma de admision para 5to secundaria mi menor es maria,ADMIS_CITAS,cronograma admision 5to secundario menor mario
Web,ficha de matrícula para traslado a primer año. Postulante: Camila.,ficha de matricula para traslado a primer ano postulante camila,ADMIS_REQUIS_DOC,ficha matricula traslado ano postulante camilar
WhatsApp,Hola hay espacios para primer año? Mi niño se llama Lucia.,hola hay espacios para primer ano mi nino se llama lucia,ADMIS_VACANTES,holar espacio ano nino llamar lucia
Web,<p><b>partidas para traslado a 5to secundaria. Postulante: Pedro.</b></p>,partidas para traslado a 5to secundaria postulante pedro,ADMIS_REQUIS_DOC,partida traslado 5to secundario postulante pedro
WhatsApp,Hola hay cupos para inicial 5 años? Mi niño se llama Nicolas.,hola hay cupos para inicial 5 anos mi nino se llama nicolas,ADMIS_VACANTES,holar cupo inicial ano nino llamar nicola
Email,"<p><b>Estimados, quisiera saber los cuotas de primer año para mi hijo Gabriel.</b></p>",estimados quisiera saber los cuotas de primer ano para mi hijo gabriel,ADMIS_COSTOS,estimado querer cuota ano hijo gabriel
Web,cronograma de admision para inicial 4 años. Mi menor es Mateo.,cronograma de admision para inicial 4 anos mi menor es mateo,ADMIS_CITAS,cronograma admision inicial ano menor mateo
Web,citas de admision para 6to primaria. Mi menor es Elena.,citas de admision para 6to primaria mi menor es elena,ADMIS_CITAS,cita admision 6to primario menor elén
Web,<p><b>papeles para traslado a 1ero primaria. Postulante: Camila.</b></p>,papeles para traslado a 1ero primaria postulante camila,ADMIS_REQUIS_DOC,papel traslado 1ero primaria postulante camilar
Email,<p><b>Solicito información de pensiones y detalles para inicial 5 años. Atte: Pedro.</b></p>,solicito informacion de pensiones y detalles para inicial 5 anos atte pedro,ADMIS_COSTOS,solicitar informacion pensión detalle inicial anos atte pedro
Web,DOCUMENTOS PARA TRASLADO A INICIAL 5 AÑOS. POSTULANTE: SOFIA.,documentos para traslado a inicial 5 anos postulante sofia,ADMIS_REQUIS_DOC,documento traslado inicial ano postulante sofia
WhatsApp,Saber si hay disponibilidad de ingreso en 1ero primaria para Nicolas. Gracias.,saber si hay disponibilidad de ingreso en 1ero primaria para nicolas gracias,ADMIS_VACANTES,disponibilidad ingreso 1ero primario nico él gracia
Web,documentación para traslado a inicial 5 años. Postulante: Maria.,documentacion para traslado a inicial 5 anos postulante maria,ADMIS_REQUIS_DOC,documentacion traslado inicial ano postulante mario
Web,cronograma de admision para 6to primaria. Mi menor es Juan.,cronograma de admision para 6to primaria mi menor es juan,ADMIS_CITAS,cronograma admision 6to primario menor juan
Web,ficha de matrícula para traslado a secundaria. Postulante: Pedro.,ficha de matricula para traslado a secundaria postulante pedro,ADMIS_REQUIS_DOC,ficha matricula traslado secundaria postulante pedro
Email,"Estimados, quisiera saber los cuotas de 1ero primaria para mi hijo Pedro.",estimados quisiera saber los cuotas de 1ero primaria para mi hijo pedro,ADMIS_COSTOS,estimado querer cuota 1ero primario hijo pedro
WhatsApp,Hola hay cupos para 1ero secundaria? Mi niño se llama Nicolas.,hola hay cupos para 1ero secundaria mi nino se llama nicolas,ADMIS_VACANTES,holar cupo 1ero secundario nino llamar nicola
WhatsApp,Saber si hay lugares en primer año para Luis. Gracias.,saber si hay lugares en primer ano para luis gracias,ADMIS_VACANTES,lugar ano luis gracias
Web,REQUISITOS PARA TRASLADO A INICIAL 5 AÑOS. POSTULANTE: LUIS.,requisitos para traslado a inicial 5 anos postulante luis,ADMIS_REQUIS_DOC,requisito traslado inicial ano postulante luis
WhatsApp,Hola hay cupos para inicial 5 años? Mi niño se llama Mateo.,hola hay cupos para inicial 5 anos mi nino se llama mateo,ADMIS_VACANTES,holar cupo inicial ano nino llamar mateo
WhatsApp,SABER SI HAY CUPOS EN 1ERO PRIMARIA PARA JUAN. GRACIAS.,saber si hay cupos en 1ero primaria para juan gracias,ADMIS_VACANTES,cupo 1ero primario juan gracias
Web,citas de admision para inicial 5 años. Mi menor es Valentina.,citas de admision para inicial 5 anos mi menor es valentina,ADMIS_CITAS,cita admision inicial ano menor valentín
Email,SOLICITO INFORMACIÓN DE MENSUALIDAD Y DETALLES PARA 6TO PRIMARIA. ATTE: MARIA.,solicito informacion de mensualidad y detalles para 6to primaria atte maria,ADMIS_COSTOS,solicitar informacion mensualidad detalle 6to primaria atte mario
Web,entrevistas de admision para primer año. Mi menor es Elena.,entrevistas de admision para primer ano mi menor es elena,ADMIS_CITAS,entrevista admision ano menor elén
WhatsApp,HOLA HAY DISPONIBILIDAD DE INGRESO PARA 1ERO PRIMARIA? MI NIÑO SE LLAMA PEDRO.,hola hay disponibilidad de ingreso para 1ero primaria mi nino se llama pedro,ADMIS_VACANTES,holar disponibilidad ingreso 1ero primario nino llamar pedro
WhatsApp,Hola hay vacantes para inicial 4 años? Mi niño se llama Maria.,hola hay vacantes para inicial 4 anos mi nino se llama maria,ADMIS_VACANTES,holar vacante inicial ano nino llamar mario
Web,documentos para traslado a inicial 3 años. Postulante: Lucia.,documentos para traslado a inicial 3 anos postulante lucia,ADMIS_REQUIS_DOC,documento traslado inicial ano postulante lucia
Email,"Estimados, quisiera saber los cuotas de primer año para mi hijo Mateo.",estimados quisiera saber los cuotas de primer ano para mi hijo mateo,ADMIS_COSTOS,estimado querer cuota ano hijo mateo
Email,"Estimados, quisiera saber los pagos de inicial 3 años para mi hijo Elena.",estimados quisiera saber los pagos de inicial 3 anos para mi hijo elena,ADMIS_COSTOS,estimado querer pago inicial ano hijo elena
Email,Solicito información de precios y detalles para primer año. Atte: Camila.,solicito informacion de precios y detalles para primer ano atte camila,ADMIS_COSTOS,solicitar informacion precio detalle ano attar camilar
Web,<p><b>citas de admision para inicial 3 años. Mi menor es Camila.</b></p>,citas de admision para inicial 3 anos mi menor es camila,ADMIS_CITAS,cita admision inicial ano menor camila
WhatsApp,Saber si hay vacantes en inicial 4 años para Maria. Gracias.,saber si hay vacantes en inicial 4 anos para maria gracias,ADMIS_VACANTES,vacante inicial ano maria gracias
Email,<p><b>Solicito información de cuotas y detalles para inicial 3 años. Atte: Valentina.</b></p>,solicito informacion de cuotas y detalles para inicial 3 anos atte valentina,ADMIS_COSTOS,solicitar informacion cuota detalle inicial anos atte valentín
Email,"<p><b>Estimados, quisiera saber los pensiones de 1ero secundaria para mi hijo Maria.</b></p>",estimados quisiera saber los pensiones de 1ero secundaria para mi hijo maria,ADMIS_COSTOS,estimado querer pensión 1ero secundario hijo mario
Email,Solicito información de cuotas y detalles para 5to secundaria. Atte: Camila.,solicito informacion de cuotas y detalles para 5to secundaria atte camila,ADMIS_COSTOS,solicitar informacion cuota detalle 5to secundario atte camilar
WhatsApp,Saber si hay espacios en secundaria para Juan. Gracias.,saber si hay espacios en secundaria para juan gracias,ADMIS_VACANTES,espacio secundaria juan gracias
WhatsApp,Saber si hay cupos en secundaria para Nicolas. Gracias.,saber si hay cupos en secundaria para nicolas gracias,ADMIS_VACANTES,cupo secundaria nico él gracia
Email,"Estimados, quisiera saber los cuotas de primer grado para mi hijo Sofia.",estimados quisiera saber los cuotas de primer grado para mi hijo sofia,ADMIS_COSTOS,estimado querer cuota grado hijo sofia
Web,documentación para traslado a primer año. Postulante: Ana.,documentacion para traslado a primer ano postulante ana,ADMIS_REQUIS_DOC,documentacion traslado ano postulante ana
Web,CITAS DE ADMISION PARA 1ERO PRIMARIA. MI MENOR ES MATEO.,citas de admision para 1ero primaria mi menor es mateo,ADMIS_CITAS,cita admision 1ero primario menor mateo
WhatsApp,Hola hay vacantes para secundaria? Mi niño se llama Maria.,hola hay vacantes para secundaria mi nino se llama maria,ADMIS_VACANTES,holar vacante secundario nino llamar mario
WhatsApp,Saber si hay cupos en inicial 3 años para Juan. Gracias.,saber si hay cupos en inicial 3 anos para juan gracias,ADMIS_VACANTES,cupo inicial ano juan gracias
Email,"Estimados, quisiera saber los precios de 6to primaria para mi hijo Juan.",estimados quisiera saber los precios de 6to primaria para mi hijo juan,ADMIS_COSTOS,estimado querer precio 6to primario hijo juan
WhatsApp,SABER SI HAY VACANTES EN 1ERO PRIMARIA PARA ANA. GRACIAS.,saber si hay vacantes en 1ero primaria para ana gracias,ADMIS_VACANTES,vacante 1ero primario ana gracias
Email,"Estimados, quisiera saber los cuotas de 1ero secundaria para mi hijo Sofia.",estimados quisiera saber los cuotas de 1ero secundaria para mi hijo sofia,ADMIS_COSTOS,estimado querer cuota 1ero secundario hijo sofia
Email,SOLICITO INFORMACIÓN DE PRECIOS Y DETALLES PARA INICIAL 4 AÑOS. ATTE: THIAGO.,solicito informacion de precios y detalles para inicial 4 anos atte thiago,ADMIS_COSTOS,solicitar informacion precio detalle inicial anos attar thiago
WhatsApp,Hola hay vacantes para 1ero secundaria? Mi niño se llama Pedro.,hola hay vacantes para 1ero secundaria mi nino se llama pedro,ADMIS_VACANTES,holar vacante 1ero secundario nino llamar pedro
Email,"Estimados, quisiera saber los pagos de inicial 5 años para mi hijo Gabriel.",estimados quisiera saber los pagos de inicial 5 anos para mi hijo gabriel,ADMIS_COSTOS,estimado querer pago inicial ano hijo gabriel
Web,CRONOGRAMA DE ADMISION PARA 6TO PRIMARIA. MI MENOR ES THIAGO.,cronograma de admision para 6to primaria mi menor es thiago,ADMIS_CITAS,cronograma admision 6to primario menor thiago
Email,"<p><b>Estimados, quisiera saber los mensualidad de primer grado para mi hijo Sebastian.</b></p>",estimados quisiera saber los mensualidad de primer grado para mi hijo sebastian,ADMIS_COSTOS,estimado querer mensualidad grado hijo sebastiar
Web,charlas de admision para inicial 5 años. Mi menor es Sofia.,charlas de admision para inicial 5 anos mi menor es sofia,ADMIS_CITAS,charla admision inicial ano menor sofia
WhatsApp,<p><b>Saber si hay cupos en 6to primaria para Juan. Gracias.</b></p>,saber si hay cupos en 6to primaria para juan gracias,ADMIS_VACANTES,cupo 6to primario juan gracias
WhatsApp,Hola hay espacios para 1ero secundaria? Mi niño se llama Gabriel.,hola hay espacios para 1ero secundaria mi nino se llama gabriel,ADMIS_VACANTES,holar espacio 1ero secundario nino llamar gabriel
Email,"Estimados, quisiera saber los cuotas de primer año para mi hijo Lucia.",estimados quisiera saber los cuotas de primer ano para mi hijo lucia,ADMIS_COSTOS,estimado querer cuota ano hijo lucia
Email,<p><b>Solicito información de pensiones y detalles para 6to primaria. Atte: Sebastian.</b></p>,solicito informacion de pensiones y detalles para 6to primaria atte sebastian,ADMIS_COSTOS,solicitar informacion pensión detalle 6to primaria atte sebastiar
Email,"Estimados, quisiera saber los mensualidad de inicial 4 años para mi hijo Luis.",estimados quisiera saber los mensualidad de inicial 4 anos para mi hijo luis,ADMIS_COSTOS,estimado querer mensualidad inicial ano hijo luis
WhatsApp,Saber si hay espacios en inicial 5 años para Valentina. Gracias.,saber si hay espacios en inicial 5 anos para valentina gracias,ADMIS_VACANTES,espacio inicial ano valentina gracias
Email,"<p><b>Estimados, quisiera saber los pagos de inicial 3 años para mi hijo Camila.</b></p>",estimados quisiera saber los pagos de inicial 3 anos para mi hijo camila,ADMIS_COSTOS,estimado querer pago inicial ano hijo camilar
Email,"Estimados, quisiera saber los cuotas de 1ero secundaria para mi hijo Juan.",estimados quisiera saber los cuotas de 1ero secundaria para mi hijo juan,ADMIS_COSTOS,estimado querer cuota 1ero secundario hijo juan
Email,"Estimados, quisiera saber los pensiones de primer grado para mi hijo Pedro.",estimados quisiera saber los pensiones de primer grado para mi hijo pedro,ADMIS_COSTOS,estimado querer pensión grado hijo pedro
WhatsApp,<p><b>Saber si hay cupos en inicial 4 años para Valentina. Gracias.</b></p>,saber si hay cupos en inicial 4 anos para valentina gracias,ADMIS_VACANTES,cupo inicial ano valentina gracias
Web,charlas de admision para primer grado. Mi menor es Maria.,charlas de admision para primer grado mi menor es maria,ADMIS_CITAS,charla admision grado menor mario
WhatsApp,SABER SI HAY DISPONIBILIDAD DE INGRESO EN 1ERO SECUNDARIA PARA SOFIA. GRACIAS.,saber si hay disponibilidad de ingreso en 1ero secundaria para sofia gracias,ADMIS_VACANTES,disponibilidad ingreso 1ero secundario sofia gracias
Email,SOLICITO INFORMACIÓN DE COSTOS Y DETALLES PARA INICIAL 5 AÑOS. ATTE: MARIA.,solicito informacion de costos y detalles para inicial 5 anos atte maria,ADMIS_COSTOS,solicitar informacion costo detalle inicial anos atte maria
Web,ficha de matrícula para traslado a 6to primaria. Postulante: Sofia.,ficha de matricula para traslado a 6to primaria postulante sofia,ADMIS_REQUIS_DOC,ficha matricula traslado 6to primaria postulante sofia
WhatsApp,<p><b>Saber si hay lugares en primer año para Thiago. Gracias.</b></p>,saber si hay lugares en primer ano para thiago gracias,ADMIS_VACANTES,lugar ano thiago gracias
WhatsApp,HOLA HAY DISPONIBILIDAD DE INGRESO PARA 6TO PRIMARIA? MI NIÑO SE LLAMA VALENTINA.,hola hay disponibilidad de ingreso para 6to primaria mi nino se llama valentina,ADMIS_VACANTES,holar disponibilidad ingreso 6to primario nino llamar valentina
Web,entrevistas de admision para 6to primaria. Mi menor es Maria.,entrevistas de admision para 6to primaria mi menor es maria,ADMIS_CITAS,entrevista admision 6to primario menor mario
WhatsApp,Saber si hay vacantes en 1ero secundaria para Pedro. Gracias.,saber si hay vacantes en 1ero secundaria para pedro gracias,ADMIS_VACANTES,vacante 1ero secundario pedro gracias
Web,partidas para traslado a 5to secundaria. Postulante: Lucia.,partidas para traslado a 5to secundaria postulante lucia,ADMIS_REQUIS_DOC,partida traslado 5to secundario postulante lucia
WhatsApp,SABER SI HAY DISPONIBILIDAD DE INGRESO EN 5TO SECUNDARIA PARA ELENA. GRACIAS.,saber si hay disponibilidad de ingreso en 5to secundaria para elena gracias,ADMIS_VACANTES,disponibilidad ingreso 5to secundario elena gracias
Email,<p><b>Solicito información de cuotas y detalles para 1ero secundaria. Atte: Sebastian.</b></p>,solicito informacion de cuotas y detalles para 1ero secundaria atte sebastian,ADMIS_COSTOS,solicitar informacion cuota detalle 1ero secundario atte sebastiar
Web,documentación para traslado a secundaria. Postulante: Sofia.,documentacion para traslado a secundaria postulante sofia,ADMIS_REQUIS_DOC,documentacion traslado secundaria postulante sofia
Web,citas de admision para secundaria. Mi menor es Lucia.,citas de admision para secundaria mi menor es lucia,ADMIS_CITAS,cita admision secundario menor lucia
Email,<p><b>Solicito información de costos y detalles para inicial 5 años. Atte: Sebastian.</b></p>,solicito informacion de costos y detalles para inicial 5 anos atte sebastian,ADMIS_COSTOS,solicitar informacion costo detalle inicial anos atte sebastiar
WhatsApp,<p><b>Hola hay espacios para secundaria? Mi niño se llama Maria.</b></p>,hola hay espacios para secundaria mi nino se llama maria,ADMIS_VACANTES,holar espacio secundario nino llamar mario
WhatsApp,Saber si hay disponibilidad de ingreso en secundaria para Sofia. Gracias.,saber si hay disponibilidad de ingreso en secundaria para sofia gracias,ADMIS_VACANTES,disponibilidad ingreso secundaria sofia gracias
Email,"<p><b>Estimados, quisiera saber los mensualidad de primer grado para mi hijo Nicolas.</b></p>",estimados quisiera saber los mensualidad de primer grado para mi hijo nicolas,ADMIS_COSTOS,estimado querer mensualidad grado hijo nicola
Web,<p><b>reunión de admision para primer año. Mi menor es Maria.</b></p>,reunion de admision para primer ano mi menor es maria,ADMIS_CITAS,reunion admision ano menor mario
Web,CITAS DE ADMISION PARA INICIAL 4 AÑOS. MI MENOR ES SOFIA.,citas de admision para inicial 4 anos mi menor es sofia,ADMIS_CITAS,cita admision inicial ano menor sofia
Email,"Estimados, quisiera saber los cuotas de secundaria para mi hijo Sebastian.",estimados quisiera saber los cuotas de secundaria para mi hijo sebastian,ADMIS_COSTOS,estimado querer cuota secundaria hijo sebastiar
WhatsApp,<p><b>Hola hay disponibilidad de ingreso para secundaria? Mi niño se llama Nicolas.</b></p>,hola hay disponibilidad de ingreso para secundaria mi nino se llama nicolas,ADMIS_VACANTES,holar disponibilidad ingreso secundario nino llamar nicola
Web,<p><b>charlas de admision para primer año. Mi menor es Mateo.</b></p>,charlas de admision para primer ano mi menor es mateo,ADMIS_CITAS,charla admision ano menor mateo
Email,"Estimados, quisiera saber los costos de 6to primaria para mi hijo Juan.",estimados quisiera saber los costos de 6to primaria para mi hijo juan,ADMIS_COSTOS,estimado querer costo 6to primario hijo juan
Email,Solicito información de costos y detalles para primer año. Atte: Sebastian.,solicito informacion de costos y detalles para primer ano atte sebastian,ADMIS_COSTOS,solicitar informacion costo detalle ano atte sebastiar
Web,<p><b>partidas para traslado a inicial 5 años. Postulante: Luis.</b></p>,partidas para traslado a inicial 5 anos postulante luis,ADMIS_REQUIS_DOC,partida traslado inicial ano postulante luis
WhatsApp,Saber si hay vacantes en 1ero secundaria para Elena. Gracias.,saber si hay vacantes en 1ero secundaria para elena gracias,ADMIS_VACANTES,vacante 1ero secundario elena gracias
Web,<p><b>citas de admision para 1ero primaria. Mi menor es Gabriel.</b></p>,citas de admision para 1ero primaria mi menor es gabriel,ADMIS_CITAS,cita admision 1ero primario menor gabriel
Web,<p><b>cronograma de admision para primer año. Mi menor es Camila.</b></p>,cronograma de admision para primer ano mi menor es camila,ADMIS_CITAS,cronograma admision ano menor camila
Email,<p><b>Solicito información de mensualidad y detalles para 5to secundaria. Atte: Gabriel.</b></p>,solicito informacion de mensualidad y detalles para 5to secundaria atte gabriel,ADMIS_COSTOS,solicitar informacion mensualidad detalle 5to secundario atte gabriel
Email,Solicito información de mensualidad y detalles para 6to primaria. Atte: Juan.,solicito informacion de mensualidad y detalles para 6to primaria atte juan,ADMIS_COSTOS,solicitar informacion mensualidad detalle 6to primaria atte juan
Web,<p><b>requisitos para traslado a inicial 4 años. Postulante: Gabriel.</b></p>,requisitos para traslado a inicial 4 anos postulante gabriel,ADMIS_REQUIS_DOC,requisito traslado inicial ano postulante gabriel
Email,"Estimados, quisiera saber los mensualidad de primer grado para mi hijo Mateo.",estimados quisiera saber los mensualidad de primer grado para mi hijo mateo,ADMIS_COSTOS,estimado querer mensualidad grado hijo mateo
Web,citas de admision para 6to primaria. Mi menor es Valentina.,citas de admision para 6to primaria mi menor es valentina,ADMIS_CITAS,cita admision 6to primario menor valentín
Web,<p><b>documentos para traslado a 5to secundaria. Postulante: Ana.</b></p>,documentos para traslado a 5to secundaria postulante ana,ADMIS_REQUIS_DOC,documento traslado 5to secundario postulante ana
WhatsApp,SABER SI HAY ESPACIOS EN 1ERO SECUNDARIA PARA ELENA. GRACIAS.,saber si hay espacios en 1ero secundaria para elena gracias,ADMIS_VACANTES,espacio 1ero secundario elena gracias
WhatsApp,Hola hay vacantes para 1ero secundaria? Mi niño se llama Juan.,hola hay vacantes para 1ero secundaria mi nino se llama juan,ADMIS_VACANTES,holar vacante 1ero secundario nino llamar juan
WhatsApp,Saber si hay disponibilidad de ingreso en 6to primaria para Nicolas. Gracias.,saber si hay disponibilidad de ingreso en 6to primaria para nicolas gracias,ADMIS_VACANTES,disponibilidad ingreso 6to primario nico él gracia
Email,Solicito información de costos y detalles para 5to secundaria. Atte: Ana.,solicito informacion de costos y detalles para 5to secundaria atte ana,ADMIS_COSTOS,solicitar informacion costo detalle 5to secundario atte ana
Web,requisitos para traslado a 6to primaria. Postulante: Gabriel.,requisitos para traslado a 6to primaria postulante gabriel,ADMIS_REQUIS_DOC,requisito traslado 6to primaria postulante gabriel
WhatsApp,Saber si hay disponibilidad de ingreso en inicial 4 años para Elena. Gracias.,saber si hay disponibilidad de ingreso en inicial 4 anos para elena gracias,ADMIS_VACANTES,disponibilidad ingreso inicial ano elena gracias
WhatsApp,Saber si hay vacantes en 5to secundaria para Sebastian. Gracias.,saber si hay vacantes en 5to secundaria para sebastian gracias,ADMIS_VACANTES,vacante 5to secundario sebastiar gracias
WhatsApp,<p><b>Saber si hay disponibilidad de ingreso en secundaria para Lucia. Gracias.</b></p>,saber si hay disponibilidad de ingreso en secundaria para lucia gracias,ADMIS_VACANTES,disponibilidad ingreso secundaria lucia gracias
WhatsApp,Saber si hay disponibilidad de ingreso en inicial 4 años para Camila. Gracias.,saber si hay disponibilidad de ingreso en inicial 4 anos para camila gracias,ADMIS_VACANTES,disponibilidad ingreso inicial ano camilar gracias
Web,entrevistas de admision para primer año. Mi menor es Sebastian.,entrevistas de admision para primer ano mi menor es sebastian,ADMIS_CITAS,entrevista admision ano menor sebastiar
Email,"Estimados, quisiera saber los pensiones de secundaria para mi hijo Luis.",estimados quisiera saber los pensiones de secundaria para mi hijo luis,ADMIS_COSTOS,estimado querer pensión secundaria hijo luis
Web,documentos para traslado a 1ero secundaria. Postulante: Sebastian.,documentos para traslado a 1ero secundaria postulante sebastian,ADMIS_REQUIS_DOC,documento traslado 1ero secundario postulante sebastiar
WhatsApp,Hola hay cupos para 1ero secundaria? Mi niño se llama Elena.,hola hay cupos para 1ero secundaria mi nino se llama elena,ADMIS_VACANTES,holar cupo 1ero secundario nino llamar elena
Email,<p><b>Solicito información de pensiones y detalles para primer año. Atte: Camila.</b></p>,solicito informacion de pensiones y detalles para primer ano atte camila,ADMIS_COSTOS,solicitar informacion pensión detalle ano attar camilar
Email,"Estimados, quisiera saber los cuotas de 1ero secundaria para mi hijo Valentina.",estimados quisiera saber los cuotas de 1ero secundaria para mi hijo valentina,ADMIS_COSTOS,estimado querer cuota 1ero secundario hijo valentín
WhatsApp,Hola hay cupos para 6to primaria? Mi niño se llama Lucia.,hola hay cupos para 6to primaria mi nino se llama lucia,ADMIS_VACANTES,holar cupo 6to primaria nino llamar lucia
WhatsApp,Hola hay cupos para primer grado? Mi niño se llama Mateo.,hola hay cupos para primer grado mi nino se llama mateo,ADMIS_VACANTES,holar cupo grado nino llamar mateo
Web,<p><b>cronograma de admision para 1ero primaria. Mi menor es Juan.</b></p>,cronograma de admision para 1ero primaria mi menor es juan,ADMIS_CITAS,cronograma admision 1ero primario menor juan
WhatsApp,Saber si hay espacios en inicial 4 años para Nicolas. Gracias.,saber si hay espacios en inicial 4 anos para nicolas gracias,ADMIS_VACANTES,espacio inicial ano nico él gracia
Email,<p><b>Solicito información de costos y detalles para primer grado. Atte: Ana.</b></p>,solicito informacion de costos y detalles para primer grado atte ana,ADMIS_COSTOS,solicitar informacion costo detalle grado attar ana
Web,entrevistas de admision para 6to primaria. Mi menor es Valentina.,entrevistas de admision para 6to primaria mi menor es valentina,ADMIS_CITAS,entrevista admision 6to primario menor valentín
Email,Solicito información de pensiones y detalles para secundaria. Atte: Camila.,solicito informacion de pensiones y detalles para secundaria atte camila,ADMIS_COSTOS,solicitar informacion pensión detalle secundario atte camilar
WhatsApp,SABER SI HAY CUPOS EN SECUNDARIA PARA SEBASTIAN. GRACIAS.,saber si hay cupos en secundaria para sebastian gracias,ADMIS_VACANTES,cupo secundaria sebastiar gracias
WhatsApp,Hola hay espacios para secundaria? Mi niño se llama Lucia.,hola hay espacios para secundaria mi nino se llama lucia,ADMIS_VACANTES,holar espacio secundario nino llamar lucia
Web,reunión de admision para 1ero primaria. Mi menor es Ana.,reunion de admision para 1ero primaria mi menor es ana,ADMIS_CITAS,reunion admision 1ero primario menor án
Email,"ESTIMADOS, QUISIERA SABER LOS PAGOS DE 1ERO PRIMARIA PARA MI HIJO SEBASTIAN.",estimados quisiera saber los pagos de 1ero primaria para mi hijo sebastian,ADMIS_COSTOS,estimado querer pago 1ero primario hijo sebastiar
Email,"Estimados, quisiera saber los mensualidad de primer grado para mi hijo Juan.",estimados quisiera saber los mensualidad de primer grado para mi hijo juan,ADMIS_COSTOS,estimado querer mensualidad grado hijo juan
Web,papeles para traslado a 6to primaria. Postulante: Mateo.,papeles para traslado a 6to primaria postulante mateo,ADMIS_REQUIS_DOC,papel traslado 6to primaria postulante mateo
WhatsApp,<p><b>Hola hay lugares para 1ero primaria? Mi niño se llama Camila.</b></p>,hola hay lugares para 1ero primaria mi nino se llama camila,ADMIS_VACANTES,holar lugar 1ero primario nino llamar camila
WhatsApp,SABER SI HAY LUGARES EN INICIAL 5 AÑOS PARA THIAGO. GRACIAS.,saber si hay lugares en inicial 5 anos para thiago gracias,ADMIS_VACANTES,lugar inicial ano thiago gracias
WhatsApp,Saber si hay disponibilidad de ingreso en primer año para Sofia. Gracias.,saber si hay disponibilidad de ingreso en primer ano para sofia gracias,ADMIS_VACANTES,disponibilidad ingreso ano sofia gracias
Email,Solicito información de pensiones y detalles para inicial 5 años. Atte: Thiago.,solicito informacion de pensiones y detalles para inicial 5 anos atte thiago,ADMIS_COSTOS,solicitar informacion pensión detalle inicial anos attar thiago
Web,charlas de admision para inicial 5 años. Mi menor es Camila.,charlas de admision para inicial 5 anos mi menor es camila,ADMIS_CITAS,charla admision inicial ano menor camila
WhatsApp,Saber si hay disponibilidad de ingreso en 5to secundaria para Luis. Gracias.,saber si hay disponibilidad de ingreso en 5to secundaria para luis gracias,ADMIS_VACANTES,disponibilidad ingreso 5to secundario luis gracias
Web,<p><b>requisitos para traslado a secundaria. Postulante: Elena.</b></p>,requisitos para traslado a secundaria postulante elena,ADMIS_REQUIS_DOC,requisito traslado secundaria postulante elén
Web,CRONOGRAMA DE ADMISION PARA 5TO SECUNDARIA. MI MENOR ES NICOLAS.,cronograma de admision para 5to secundaria mi menor es nicolas,ADMIS_CITAS,cronograma admision 5to secundario menor nicola
Email,Solicito información de mensualidad y detalles para 1ero primaria. Atte: Luis.,solicito informacion de mensualidad y detalles para 1ero primaria atte luis,ADMIS_COSTOS,solicitar informacion mensualidad detalle 1ero primario atte luis
WhatsApp,<p><b>Saber si hay espacios en inicial 3 años para Elena. Gracias.</b></p>,saber si hay espacios en inicial 3 anos para elena gracias,ADMIS_VACANTES,espacio inicial ano elena gracias
Web,cronograma de admision para inicial 3 años. Mi menor es Elena.,cronograma de admision para inicial 3 anos mi menor es elena,ADMIS_CITAS,cronograma admision inicial ano menor elén
Email,"ESTIMADOS, QUISIERA SABER LOS COSTOS DE PRIMER AÑO PARA MI HIJO GABRIEL.",estimados quisiera saber los costos de primer ano para mi hijo gabriel,ADMIS_COSTOS,estimado querer costo ano hijo gabriel
Web,reunión de admision para primer grado. Mi menor es Mateo.,reunion de admision para primer grado mi menor es mateo,ADMIS_CITAS,reunion admision grado menor mateo
Email,Solicito información de pensiones y detalles para 5to secundaria. Atte: Luis.,solicito informacion de pensiones y detalles para 5to secundaria atte luis,ADMIS_COSTOS,solicitar informacion pensión detalle 5to secundario atte luis
Web,partidas para traslado a 1ero primaria. Postulante: Ana.,partidas para traslado a 1ero primaria postulante ana,ADMIS_REQUIS_DOC,partida traslado 1ero primaria postulante ana
Web,documentos para traslado a primer grado. Postulante: Mateo.,documentos para traslado a primer grado postulante mateo,ADMIS_REQUIS_DOC,documento traslado grado postulante mateo
Web,documentación para traslado a primer año. Postulante: Mateo.,documentacion para traslado a primer ano postulante mateo,ADMIS_REQUIS_DOC,documentacion traslado ano postulante mateo
Web,FICHA DE MATRÍCULA PARA TRASLADO A SECUNDARIA. POSTULANTE: NICOLAS.,ficha de matricula para traslado a secundaria postulante nicolas,ADMIS_REQUIS_DOC,ficha matricula traslado secundaria postulante nico él
Web,charlas de admision para 5to secundaria. Mi menor es Sofia.,charlas de admision para 5to secundaria mi menor es sofia,ADMIS_CITAS,charla admision 5to secundario menor sofia
Web,charlas de admision para 5to secundaria. Mi menor es Ana.,charlas de admision para 5to secundaria mi menor es ana,ADMIS_CITAS,charla admision 5to secundario menor án
Email,Solicito información de cuotas y detalles para primer grado. Atte: Lucia.,solicito informacion de cuotas y detalles para primer grado atte lucia,ADMIS_COSTOS,solicitar informacion cuota detalle grado attar lucia
Web,requisitos para traslado a primer grado. Postulante: Ana.,requisitos para traslado a primer grado postulante ana,ADMIS_REQUIS_DOC,requisito traslado grado postulante ana
WhatsApp,<p><b>Hola hay espacios para 1ero secundaria? Mi niño se llama Lucia.</b></p>,hola hay espacios para 1ero secundaria mi nino se llama lucia,ADMIS_VACANTES,holar espacio 1ero secundario nino llamar lucia
Email,"Estimados, quisiera saber los costos de 1ero secundaria para mi hijo Sofia.",estimados quisiera saber los costos de 1ero secundaria para mi hijo sofia,ADMIS_COSTOS,estimado querer costo 1ero secundario hijo sofia
Web,partidas para traslado a inicial 5 años. Postulante: Thiago.,partidas para traslado a inicial 5 anos postulante thiago,ADMIS_REQUIS_DOC,partida traslado inicial ano postulante thiago
Web,documentos para traslado a 5to secundaria. Postulante: Lucia.,documentos para traslado a 5to secundaria postulante lucia,ADMIS_REQUIS_DOC,documento traslado 5to secundario postulante lucia
Web,requisitos para traslado a 1ero secundaria. Postulante: Camila.,requisitos para traslado a 1ero secundaria postulante camila,ADMIS_REQUIS_DOC,requisito traslado 1ero secundario postulante camilar
Email,"Estimados, quisiera saber los pagos de inicial 3 años para mi hijo Luis.",estimados quisiera saber los pagos de inicial 3 anos para mi hijo luis,ADMIS_COSTOS,estimado querer pago inicial ano hijo luis
WhatsApp,<p><b>Hola hay cupos para 5to secundaria? Mi niño se llama Elena.</b></p>,hola hay cupos para 5to secundaria mi nino se llama elena,ADMIS_VACANTES,holar cupo 5to secundario nino llamar elena
WhatsApp,SABER SI HAY CUPOS EN 6TO PRIMARIA PARA NICOLAS. GRACIAS.,saber si hay cupos en 6to primaria para nicolas gracias,ADMIS_VACANTES,cupo 6to primario nico él gracia
Web,entrevistas de admision para secundaria. Mi menor es Valentina.,entrevistas de admision para secundaria mi menor es valentina,ADMIS_CITAS,entrevista admision secundario menor valentín
Email,SOLICITO INFORMACIÓN DE MENSUALIDAD Y DETALLES PARA 6TO PRIMARIA. ATTE: NICOLAS.,solicito informacion de mensualidad y detalles para 6to primaria atte nicolas,ADMIS_COSTOS,solicitar informacion mensualidad detalle 6to primaria attar nicola
Email,Solicito información de mensualidad y detalles para primer año. Atte: Mateo.,solicito informacion de mensualidad y detalles para primer ano atte mateo,ADMIS_COSTOS,solicitar informacion mensualidad detalle ano atte mateo
WhatsApp,Hola hay lugares para inicial 4 años? Mi niño se llama Sofia.,hola hay lugares para inicial 4 anos mi nino se llama sofia,ADMIS_VACANTES,holar lugar inicial ano nino llamar sofia
Web,entrevistas de admision para inicial 5 años. Mi menor es Mateo.,entrevistas de admision para inicial 5 anos mi menor es mateo,ADMIS_CITAS,entrevista admision inicial ano menor mateo
Web,charlas de admision para 5to secundaria. Mi menor es Mateo.,charlas de admision para 5to secundaria mi menor es mateo,ADMIS_CITAS,charla admision 5to secundario menor mateo
WhatsApp,SABER SI HAY LUGARES EN INICIAL 5 AÑOS PARA ANA. GRACIAS.,saber si hay lugares en inicial 5 anos para ana gracias,ADMIS_VACANTES,lugar inicial ano ana gracias
WhatsApp,Saber si hay vacantes en inicial 3 años para Sofia. Gracias.,saber si hay vacantes en inicial 3 anos para sofia gracias,ADMIS_VACANTES,vacante inicial ano sofia gracias
Email,"Estimados, quisiera saber los costos de 1ero primaria para mi hijo Mateo.",estimados quisiera saber los costos de 1ero primaria para mi hijo mateo,ADMIS_COSTOS,estimado querer costo 1ero primario hijo mateo
Email,Solicito información de pagos y detalles para primer año. Atte: Sebastian.,solicito informacion de pagos y detalles para primer ano atte sebastian,ADMIS_COSTOS,solicitar informacion pago detalle ano atte sebastiar
WhatsApp,Saber si hay cupos en 5to secundaria para Mateo. Gracias.,saber si hay cupos en 5to secundaria para mateo gracias,ADMIS_VACANTES,cupo 5to secundario mateo gracias
Email,Solicito información de mensualidad y detalles para inicial 4 años. Atte: Gabriel.,solicito informacion de mensualidad y detalles para inicial 4 anos atte gabriel,ADMIS_COSTOS,solicitar informacion mensualidad detalle inicial anos atte gabriel
Email,"ESTIMADOS, QUISIERA SABER LOS PAGOS DE PRIMER GRADO PARA MI HIJO MATEO.",estimados quisiera saber los pagos de primer grado para mi hijo mateo,ADMIS_COSTOS,estimado querer pago grado hijo mateo
Web,<p><b>entrevistas de admision para inicial 4 años. Mi menor es Elena.</b></p>,entrevistas de admision para inicial 4 anos mi menor es elena,ADMIS_CITAS,entrevista admision inicial ano menor elén
Email,"Estimados, quisiera saber los mensualidad de inicial 4 años para mi hijo Pedro.",estimados quisiera saber los mensualidad de inicial 4 anos para mi hijo pedro,ADMIS_COSTOS,estimado querer mensualidad inicial ano hijo pedro
Web,<p><b>reunión de admision para 1ero secundaria. Mi menor es Luis.</b></p>,reunion de admision para 1ero secundaria mi menor es luis,ADMIS_CITAS,reunion admision 1ero secundario menor luis
WhatsApp,Saber si hay cupos en 6to primaria para Valentina. Gracias.,saber si hay cupos en 6to primaria para valentina gracias,ADMIS_VACANTES,cupo 6to primario valentina gracias
Email,Solicito información de precios y detalles para inicial 3 años. Atte: Gabriel.,solicito informacion de precios y detalles para inicial 3 anos atte gabriel,ADMIS_COSTOS,solicitar informacion precio detalle inicial anos atte gabriel
WhatsApp,Saber si hay lugares en inicial 3 años para Maria. Gracias.,saber si hay lugares en inicial 3 anos para maria gracias,ADMIS_VACANTES,lugar inicial ano maria gracias
Email,Solicito información de cuotas y detalles para inicial 4 años. Atte: Pedro.,solicito informacion de cuotas y detalles para inicial 4 anos atte pedro,ADMIS_COSTOS,solicitar informacion cuota detalle inicial anos atte pedro
WhatsApp,HOLA HAY CUPOS PARA 6TO PRIMARIA? MI NIÑO SE LLAMA THIAGO.,hola hay cupos para 6to primaria mi nino se llama thiago,ADMIS_VACANTES,holar cupo 6to primaria nino llamar thiago
Web,requisitos para traslado a inicial 4 años. Postulante: Nicolas.,requisitos para traslado a inicial 4 anos postulante nicolas,ADMIS_REQUIS_DOC,requisito traslado inicial ano postulante nico él
WhatsApp,Hola hay espacios para secundaria? Mi niño se llama Sofia.,hola hay espacios para secundaria mi nino se llama sofia,ADMIS_VACANTES,holar espacio secundario nino llamar sofia
Email,"<p><b>Estimados, quisiera saber los precios de inicial 3 años para mi hijo Sofia.</b></p>",estimados quisiera saber los precios de inicial 3 anos para mi hijo sofia,ADMIS_COSTOS,estimado querer precio inicial ano hijo sofia
Web,<p><b>requisitos para traslado a 5to secundaria. Postulante: Gabriel.</b></p>,requisitos para traslado a 5to secundaria postulante gabriel,ADMIS_REQUIS_DOC,requisito traslado 5to secundario postulante gabriel
Email,Solicito información de mensualidad y detalles para inicial 5 años. Atte: Nicolas.,solicito informacion de mensualidad y detalles para inicial 5 anos atte nicolas,ADMIS_COSTOS,solicitar informacion mensualidad detalle inicial anos attar nicola
Email,<p><b>Solicito información de pagos y detalles para 6to primaria. Atte: Mateo.</b></p>,solicito informacion de pagos y detalles para 6to primaria atte mateo,ADMIS_COSTOS,solicitar informacion pago detalle 6to primaria atte mateo
WhatsApp,<p><b>Saber si hay cupos en inicial 3 años para Pedro. Gracias.</b></p>,saber si hay cupos en inicial 3 anos para pedro gracias,ADMIS_VACANTES,cupo inicial ano pedro gracias
WhatsApp,Hola hay espacios para 1ero primaria? Mi niño se llama Sebastian.,hola hay espacios para 1ero primaria mi nino se llama sebastian,ADMIS_VACANTES,holar espacio 1ero primario nino llamar sebastian
WhatsApp,<p><b>Saber si hay espacios en primer año para Lucia. Gracias.</b></p>,saber si hay espacios en primer ano para lucia gracias,ADMIS_VACANTES,espacio ano lucia gracias
Email,"Estimados, quisiera saber los pensiones de inicial 3 años para mi hijo Pedro.",estimados quisiera saber los pensiones de inicial 3 anos para mi hijo pedro,ADMIS_COSTOS,estimado querer pensión inicial ano hijo pedro
WhatsApp,<p><b>Hola hay lugares para secundaria? Mi niño se llama Nicolas.</b></p>,hola hay lugares para secundaria mi nino se llama nicolas,ADMIS_VACANTES,holar lugar secundario nino llamar nicola
Email,<p><b>Solicito información de costos y detalles para 1ero primaria. Atte: Pedro.</b></p>,solicito informacion de costos y detalles para 1ero primaria atte pedro,ADMIS_COSTOS,solicitar informacion costo detalle 1ero primario atte pedro
WhatsApp,SABER SI HAY LUGARES EN 6TO PRIMARIA PARA MARIA. GRACIAS.,saber si hay lugares en 6to primaria para maria gracias,ADMIS_VACANTES,lugar 6to primario maria gracias
Web,reunión de admision para inicial 4 años. Mi menor es Gabriel.,reunion de admision para inicial 4 anos mi menor es gabriel,ADMIS_CITAS,reunion admision inicial ano menor gabriel
Web,<p><b>documentos para traslado a 1ero primaria. Postulante: Gabriel.</b></p>,documentos para traslado a 1ero primaria postulante gabriel,ADMIS_REQUIS_DOC,documento traslado 1ero primaria postulante gabriel
Web,requisitos para traslado a primer año. Postulante: Maria.,requisitos para traslado a primer ano postulante maria,ADMIS_REQUIS_DOC,requisito traslado ano postulante mario
Web,DOCUMENTOS PARA TRASLADO A SECUNDARIA. POSTULANTE: CAMILA.,documentos para traslado a secundaria postulante camila,ADMIS_REQUIS_DOC,documento traslado secundaria postulante camilar
Web,<p><b>cronograma de admision para 6to primaria. Mi menor es Sebastian.</b></p>,cronograma de admision para 6to primaria mi menor es sebastian,ADMIS_CITAS,cronograma admision 6to primario menor sebastiar
Email,Solicito información de costos y detalles para inicial 3 años. Atte: Thiago.,solicito informacion de costos y detalles para inicial 3 anos atte thiago,ADMIS_COSTOS,solicitar informacion costo detalle inicial anos attar thiago
WhatsApp,Saber si hay lugares en 1ero primaria para Luis. Gracias.,saber si hay lugares en 1ero primaria para luis gracias,ADMIS_VACANTES,lugar 1ero primario luis gracias
Web,REQUISITOS PARA TRASLADO A 1ERO PRIMARIA. POSTULANTE: GABRIEL.,requisitos para traslado a 1ero primaria postulante gabriel,ADMIS_REQUIS_DOC,requisito traslado 1ero primaria postulante gabriel
WhatsApp,Hola hay cupos para 5to secundaria? Mi niño se llama Thiago.,hola hay cupos para 5to secundaria mi nino se llama thiago,ADMIS_VACANTES,holar cupo 5to secundario nino llamar thiago
WhatsApp,HOLA HAY CUPOS PARA SECUNDARIA? MI NIÑO SE LLAMA ANA.,hola hay cupos para secundaria mi nino se llama ana,ADMIS_VACANTES,holar cupo secundario nino llamar án
WhatsApp,Hola hay lugares para 1ero primaria? Mi niño se llama Nicolas.,hola hay lugares para 1ero primaria mi nino se llama nicolas,ADMIS_VACANTES,holar lugar 1ero primario nino llamar nicola
Email,"Estimados, quisiera saber los mensualidad de 1ero secundaria para mi hijo Maria.",estimados quisiera saber los mensualidad de 1ero secundaria para mi hijo maria,ADMIS_COSTOS,estimado querer mensualidad 1ero secundario hijo mario
Email,"Estimados, quisiera saber los precios de secundaria para mi hijo Valentina.",estimados quisiera saber los precios de secundaria para mi hijo valentina,ADMIS_COSTOS,estimado querer precio secundaria hijo valentín
Email,Solicito información de mensualidad y detalles para inicial 3 años. Atte: Sofia.,solicito informacion de mensualidad y detalles para inicial 3 anos atte sofia,ADMIS_COSTOS,solicitar informacion mensualidad detalle inicial anos atte sofia
WhatsApp,Hola hay espacios para secundaria? Mi niño se llama Nicolas.,hola hay espacios para secundaria mi nino se llama nicolas,ADMIS_VACANTES,holar espacio secundario nino llamar nicola
Email,<p><b>Solicito información de cuotas y detalles para inicial 5 años. Atte: Camila.</b></p>,solicito informacion de cuotas y detalles para inicial 5 anos atte camila,ADMIS_COSTOS,solicitar informacion cuota detalle inicial anos attir camilar
WhatsApp,<p><b>Saber si hay espacios en inicial 3 años para Valentina. Gracias.</b></p>,saber si hay espacios en inicial 3 anos para valentina gracias,ADMIS_VACANTES,espacio inicial ano valentina gracias
Email,"<p><b>Estimados, quisiera saber los cuotas de secundaria para mi hijo Camila.</b></p>",estimados quisiera saber los cuotas de secundaria para mi hijo camila,ADMIS_COSTOS,estimado querer cuota secundaria hijo camilar
WhatsApp,Hola hay cupos para inicial 4 años? Mi niño se llama Thiago.,hola hay cupos para inicial 4 anos mi nino se llama thiago,ADMIS_VACANTES,holar cupo inicial ano nino llamar thiago
Web,papeles para traslado a 1ero secundaria. Postulante: Ana.,papeles para traslado a 1ero secundaria postulante ana,ADMIS_REQUIS_DOC,papel traslado 1ero secundario postulante ana
Web,DOCUMENTOS PARA TRASLADO A 6TO PRIMARIA. POSTULANTE: MARIA.,documentos para traslado a 6to primaria postulante maria,ADMIS_REQUIS_DOC,documento traslado 6to primaria postulante mario
Email,"Estimados, quisiera saber los precios de 1ero primaria para mi hijo Lucia.",estimados quisiera saber los precios de 1ero primaria para mi hijo lucia,ADMIS_COSTOS,estimado querer precio 1ero primario hijo lucia
Web,papeles para traslado a secundaria. Postulante: Juan.,papeles para traslado a secundaria postulante juan,ADMIS_REQUIS_DOC,papel traslado secundario postulante juan
WhatsApp,Saber si hay vacantes en inicial 3 años para Elena. Gracias.,saber si hay vacantes en inicial 3 anos para elena gracias,ADMIS_VACANTES,vacante inicial ano elena gracias
WhatsApp,Saber si hay lugares en inicial 3 años para Thiago. Gracias.,saber si hay lugares en inicial 3 anos para thiago gracias,ADMIS_VACANTES,lugar inicial ano thiago gracias
WhatsApp,Hola hay disponibilidad de ingreso para 6to primaria? Mi niño se llama Juan.,hola hay disponibilidad de ingreso para 6to primaria mi nino se llama juan,ADMIS_VACANTES,holar disponibilidad ingreso 6to primario nino llamar juan
WhatsApp,SABER SI HAY CUPOS EN 1ERO SECUNDARIA PARA JUAN. GRACIAS.,saber si hay cupos en 1ero secundaria para juan gracias,ADMIS_VACANTES,cupo 1ero secundario juan gracias
WhatsApp,HOLA HAY CUPOS PARA 1ERO SECUNDARIA? MI NIÑO SE LLAMA ANA.,hola hay cupos para 1ero secundaria mi nino se llama ana,ADMIS_VACANTES,holar cupo 1ero secundario nino llamar án
Web,CRONOGRAMA DE ADMISION PARA 6TO PRIMARIA. MI MENOR ES ELENA.,cronograma de admision para 6to primaria mi menor es elena,ADMIS_CITAS,cronograma admision 6to primario menor elén
Email,SOLICITO INFORMACIÓN DE COSTOS Y DETALLES PARA PRIMER GRADO. ATTE: VALENTINA.,solicito informacion de costos y detalles para primer grado atte valentina,ADMIS_COSTOS,solicitar informacion costo detalle grado attar valentín
WhatsApp,Hola hay disponibilidad de ingreso para 5to secundaria? Mi niño se llama Sofia.,hola hay disponibilidad de ingreso para 5to secundaria mi nino se llama sofia,ADMIS_VACANTES,holar disponibilidad ingreso 5to secundario nino llamar sofia
Web,PAPELES PARA TRASLADO A PRIMER GRADO. POSTULANTE: THIAGO.,papeles para traslado a primer grado postulante thiago,ADMIS_REQUIS_DOC,papel traslado grado postulante thiago
WhatsApp,Hola hay disponibilidad de ingreso para 1ero primaria? Mi niño se llama Gabriel.,hola hay disponibilidad de ingreso para 1ero primaria mi nino se llama gabriel,ADMIS_VACANTES,holar disponibilidad ingreso 1ero primario nino llamar gabriel
WhatsApp,HOLA HAY ESPACIOS PARA INICIAL 3 AÑOS? MI NIÑO SE LLAMA CAMILA.,hola hay espacios para inicial 3 anos mi nino se llama camila,ADMIS_VACANTES,holar espacio inicial ano nino llamar camila
WhatsApp,<p><b>Saber si hay espacios en 1ero primaria para Camila. Gracias.</b></p>,saber si hay espacios en 1ero primaria para camila gracias,ADMIS_VACANTES,espacio 1ero primario camila gracias
WhatsApp,Saber si hay vacantes en inicial 4 años para Gabriel. Gracias.,saber si hay vacantes en inicial 4 anos para gabriel gracias,ADMIS_VACANTES,vacante inicial ano gabriel gracias
WhatsApp,Saber si hay vacantes en primer año para Mateo. Gracias.,saber si hay vacantes en primer ano para mateo gracias,ADMIS_VACANTES,vacante ano mateo gracias
WhatsApp,Saber si hay disponibilidad de ingreso en 5to secundaria para Maria. Gracias.,saber si hay disponibilidad de ingreso en 5to secundaria para maria gracias,ADMIS_VACANTES,disponibilidad ingreso 5to secundario maria gracias
Web,charlas de admision para primer año. Mi menor es Sebastian.,charlas de admision para primer ano mi menor es sebastian,ADMIS_CITAS,charla admision ano menor sebastiar
WhatsApp,Saber si hay vacantes en 1ero secundaria para Nicolas. Gracias.,saber si hay vacantes en 1ero secundaria para nicolas gracias,ADMIS_VACANTES,vacante 1ero secundario nico él gracia
Email,<p><b>Solicito información de precios y detalles para 5to secundaria. Atte: Valentina.</b></p>,solicito informacion de precios y detalles para 5to secundaria atte valentina,ADMIS_COSTOS,solicitar informacion precio detalle 5to secundario atte valentín
Web,<p><b>charlas de admision para 1ero primaria. Mi menor es Juan.</b></p>,charlas de admision para 1ero primaria mi menor es juan,ADMIS_CITAS,charla admision 1ero primario menor juan
WhatsApp,Saber si hay disponibilidad de ingreso en 6to primaria para Maria. Gracias.,saber si hay disponibilidad de ingreso en 6to primaria para maria gracias,ADMIS_VACANTES,disponibilidad ingreso 6to primario maria gracias
Email,"Estimados, quisiera saber los cuotas de 5to secundaria para mi hijo Juan.",estimados quisiera saber los cuotas de 5to secundaria para mi hijo juan,ADMIS_COSTOS,estimado querer cuota 5to secundario hijo juan
WhatsApp,Hola hay espacios para 1ero secundaria? Mi niño se llama Luis.,hola hay espacios para 1ero secundaria mi nino se llama luis,ADMIS_VACANTES,holar espacio 1ero secundario nino llamar luis
Web,REUNIÓN DE ADMISION PARA INICIAL 3 AÑOS. MI MENOR ES THIAGO.,reunion de admision para inicial 3 anos mi menor es thiago,ADMIS_CITAS,reunion admision inicial ano menor thiago
WhatsApp,<p><b>Saber si hay cupos en inicial 5 años para Nicolas. Gracias.</b></p>,saber si hay cupos en inicial 5 anos para nicolas gracias,ADMIS_VACANTES,cupo inicial ano nico él gracia
Web,documentación para traslado a 1ero primaria. Postulante: Ana.,documentacion para traslado a 1ero primaria postulante ana,ADMIS_REQUIS_DOC,documentacion traslado 1ero primaria postulante ana
Email,Solicito información de pensiones y detalles para primer grado. Atte: Juan.,solicito informacion de pensiones y detalles para primer grado atte juan,ADMIS_COSTOS,solicitar informacion pensión detalle grado atte juan
Web,<p><b>citas de admision para inicial 5 años. Mi menor es Mateo.</b></p>,citas de admision para inicial 5 anos mi menor es mateo,ADMIS_CITAS,cita admision inicial ano menor mateo
Email,"ESTIMADOS, QUISIERA SABER LOS PRECIOS DE 5TO SECUNDARIA PARA MI HIJO ELENA.",estimados quisiera saber los precios de 5to secundaria para mi hijo elena,ADMIS_COSTOS,estimado querer precio 5to secundario hijo elena
Email,Solicito información de precios y detalles para 6to primaria. Atte: Lucia.,solicito informacion de precios y detalles para 6to primaria atte lucia,ADMIS_COSTOS,solicitar informacion precio detalle 6to primaria attar lucia
Email,"<p><b>Estimados, quisiera saber los pensiones de 1ero secundaria para mi hijo Sofia.</b></p>",estimados quisiera saber los pensiones de 1ero secundaria para mi hijo sofia,ADMIS_COSTOS,estimado querer pensión 1ero secundario hijo sofia
Web,partidas para traslado a primer año. Postulante: Nicolas.,partidas para traslado a primer ano postulante nicolas,ADMIS_REQUIS_DOC,partida traslado ano postulante nicola
WhatsApp,Saber si hay espacios en 6to primaria para Gabriel. Gracias.,saber si hay espacios en 6to primaria para gabriel gracias,ADMIS_VACANTES,espacio 6to primario gabriel gracias
Web,citas de admision para 5to secundaria. Mi menor es Juan.,citas de admision para 5to secundaria mi menor es juan,ADMIS_CITAS,cita admision 5to secundario menor juan
WhatsApp,Hola hay espacios para 5to secundaria? Mi niño se llama Elena.,hola hay espacios para 5to secundaria mi nino se llama elena,ADMIS_VACANTES,holar espacio 5to secundario nino llamar elena
Web,requisitos para traslado a primer grado. Postulante: Sebastian.,requisitos para traslado a primer grado postulante sebastian,ADMIS_REQUIS_DOC,requisito traslado grado postulante sebastiar
WhatsApp,Hola hay espacios para inicial 4 años? Mi niño se llama Maria.,hola hay espacios para inicial 4 anos mi nino se llama maria,ADMIS_VACANTES,holar espacio inicial ano nino llamar mario
Email,<p><b>Solicito información de costos y detalles para inicial 4 años. Atte: Thiago.</b></p>,solicito informacion de costos y detalles para inicial 4 anos atte thiago,ADMIS_COSTOS,solicitar informacion costo detalle inicial anos attar thiago
Web,reunión de admision para primer grado. Mi menor es Gabriel.,reunion de admision para primer grado mi menor es gabriel,ADMIS_CITAS,reunion admision grado menor gabriel
Email,"Estimados, quisiera saber los pensiones de primer grado para mi hijo Gabriel.",estimados quisiera saber los pensiones de primer grado para mi hijo gabriel,ADMIS_COSTOS,estimado querer pensión grado hijo gabriel
WhatsApp,Hola hay cupos para 1ero primaria? Mi niño se llama Gabriel.,hola hay cupos para 1ero primaria mi nino se llama gabriel,ADMIS_VACANTES,holar cupo 1ero primario nino llamar gabriel
Web,reunión de admision para primer grado. Mi menor es Sofia.,reunion de admision para primer grado mi menor es sofia,ADMIS_CITAS,reunion admision grado menor sofia
Web,documentación para traslado a 6to primaria. Postulante: Camila.,documentacion para traslado a 6to primaria postulante camila,ADMIS_REQUIS_DOC,documentacion traslado 6to primaria postulante camilar
Web,documentación para traslado a inicial 4 años. Postulante: Camila.,documentacion para traslado a inicial 4 anos postulante camila,ADMIS_REQUIS_DOC,documentacion traslado inicial ano postulante camilar
Email,"<p><b>Estimados, quisiera saber los cuotas de secundaria para mi hijo Nicolas.</b></p>",estimados quisiera saber los cuotas de secundaria para mi hijo nicolas,ADMIS_COSTOS,estimado querer cuota secundaria hijo nicola
WhatsApp,Saber si hay cupos en inicial 3 años para Camila. Gracias.,saber si hay cupos en inicial 3 anos para camila gracias,ADMIS_VACANTES,cupo inicial ano camilar gracias
WhatsApp,Saber si hay disponibilidad de ingreso en primer grado para Mateo. Gracias.,saber si hay disponibilidad de ingreso en primer grado para mateo gracias,ADMIS_VACANTES,disponibilidad ingreso grado mateo gracias
Email,<p><b>Solicito información de pagos y detalles para secundaria. Atte: Juan.</b></p>,solicito informacion de pagos y detalles para secundaria atte juan,ADMIS_COSTOS,solicitar informacion pago detalle secundario atte juan
Email,Solicito información de pensiones y detalles para 6to primaria. Atte: Camila.,solicito informacion de pensiones y detalles para 6to primaria atte camila,ADMIS_COSTOS,solicitar informacion pensión detalle 6to primaria attar camilar
Email,<p><b>Solicito información de precios y detalles para 6to primaria. Atte: Juan.</b></p>,solicito informacion de precios y detalles para 6to primaria atte juan,ADMIS_COSTOS,solicitar informacion precio detalle 6to primaria atte juan
Web,<p><b>documentos para traslado a secundaria. Postulante: Elena.</b></p>,documentos para traslado a secundaria postulante elena,ADMIS_REQUIS_DOC,documento traslado secundaria postulante elén
Email,"Estimados, quisiera saber los costos de primer grado para mi hijo Maria.",estimados quisiera saber los costos de primer grado para mi hijo maria,ADMIS_COSTOS,estimado querer costo grado hijo mario
WhatsApp,Hola hay lugares para 5to secundaria? Mi niño se llama Sofia.,hola hay lugares para 5to secundaria mi nino se llama sofia,ADMIS_VACANTES,holar lugar 5to secundario nino llamar sofia
WhatsApp,Saber si hay cupos en 6to primaria para Sofia. Gracias.,saber si hay cupos en 6to primaria para sofia gracias,ADMIS_VACANTES,cupo 6to primario sofia gracias
WhatsApp,Hola hay vacantes para primer grado? Mi niño se llama Pedro.,hola hay vacantes para primer grado mi nino se llama pedro,ADMIS_VACANTES,holar vacante grado nino llamar pedro
Email,Solicito información de mensualidad y detalles para inicial 3 años. Atte: Ana.,solicito informacion de mensualidad y detalles para inicial 3 anos atte ana,ADMIS_COSTOS,solicitar informacion mensualidad detalle inicial anos attir ana
Web,partidas para traslado a inicial 5 años. Postulante: Camila.,partidas para traslado a inicial 5 anos postulante camila,ADMIS_REQUIS_DOC,partida traslado inicial ano postulante camilar
Web,documentación para traslado a inicial 5 años. Postulante: Gabriel.,documentacion para traslado a inicial 5 anos postulante gabriel,ADMIS_REQUIS_DOC,documentacion traslado inicial ano postulante gabriel
Email,"ESTIMADOS, QUISIERA SABER LOS PRECIOS DE INICIAL 5 AÑOS PARA MI HIJO CAMILA.",estimados quisiera saber los precios de inicial 5 anos para mi hijo camila,ADMIS_COSTOS,estimado querer precio inicial ano hijo camilar
Web,<p><b>entrevistas de admision para 5to secundaria. Mi menor es Gabriel.</b></p>,entrevistas de admision para 5to secundaria mi menor es gabriel,ADMIS_CITAS,entrevista admision 5to secundario menor gabriel
WhatsApp,Hola hay disponibilidad de ingreso para 5to secundaria? Mi niño se llama Gabriel.,hola hay disponibilidad de ingreso para 5to secundaria mi nino se llama gabriel,ADMIS_VACANTES,holar disponibilidad ingreso 5to secundario nino llamar gabriel
Email,"ESTIMADOS, QUISIERA SABER LOS PENSIONES DE 5TO SECUNDARIA PARA MI HIJO CAMILA.",estimados quisiera saber los pensiones de 5to secundaria para mi hijo camila,ADMIS_COSTOS,estimado querer pensión 5to secundario hijo camilar
Email,<p><b>Solicito información de costos y detalles para primer año. Atte: Ana.</b></p>,solicito informacion de costos y detalles para primer ano atte ana,ADMIS_COSTOS,solicitar informacion costo detalle ano attar ana
Web,ficha de matrícula para traslado a inicial 5 años. Postulante: Ana.,ficha de matricula para traslado a inicial 5 anos postulante ana,ADMIS_REQUIS_DOC,ficha matricula traslado inicial ano postulante ana
Email,"Estimados, quisiera saber los precios de inicial 3 años para mi hijo Lucia.",estimados quisiera saber los precios de inicial 3 anos para mi hijo lucia,ADMIS_COSTOS,estimado querer precio inicial ano hijo lucia
Web,partidas para traslado a primer año. Postulante: Sofia.,partidas para traslado a primer ano postulante sofia,ADMIS_REQUIS_DOC,partida traslado ano postulante sofia
Web,reunión de admision para 6to primaria. Mi menor es Sebastian.,reunion de admision para 6to primaria mi menor es sebastian,ADMIS_CITAS,reunion admision 6to primario menor sebastiar
Email,<p><b>Solicito información de costos y detalles para 1ero primaria. Atte: Camila.</b></p>,solicito informacion de costos y detalles para 1ero primaria atte camila,ADMIS_COSTOS,solicitar informacion costo detalle 1ero primario attar camilar
WhatsApp,Saber si hay cupos en inicial 5 años para Sebastian. Gracias.,saber si hay cupos en inicial 5 anos para sebastian gracias,ADMIS_VACANTES,cupo inicial ano sebastiar gracias
Email,<p><b>Solicito información de pensiones y detalles para secundaria. Atte: Sofia.</b></p>,solicito informacion de pensiones y detalles para secundaria atte sofia,ADMIS_COSTOS,solicitar informacion pensión detalle secundario atte sofia
WhatsApp,Saber si hay lugares en secundaria para Sofia. Gracias.,saber si hay lugares en secundaria para sofia gracias,ADMIS_VACANTES,lugar secundaria sofia gracias
Web,ficha de matrícula para traslado a 1ero secundaria. Postulante: Lucia.,ficha de matricula para traslado a 1ero secundaria postulante lucia,ADMIS_REQUIS_DOC,ficha matricula traslado 1ero secundario postulante lucia
Email,"Estimados, quisiera saber los pensiones de 5to secundaria para mi hijo Valentina.",estimados quisiera saber los pensiones de 5to secundaria para mi hijo valentina,ADMIS_COSTOS,estimado querer pensión 5to secundario hijo valentín
WhatsApp,<p><b>Hola hay lugares para inicial 3 años? Mi niño se llama Ana.</b></p>,hola hay lugares para inicial 3 anos mi nino se llama ana,ADMIS_VACANTES,holar lugar inicial ano nino llamar án
Web,citas de admision para 6to primaria. Mi menor es Luis.,citas de admision para 6to primaria mi menor es luis,ADMIS_CITAS,cita admision 6to primario menor luis
Web,documentación para traslado a primer año. Postulante: Gabriel.,documentacion para traslado a primer ano postulante gabriel,ADMIS_REQUIS_DOC,documentacion traslado ano postulante gabriel
Web,citas de admision para primer grado. Mi menor es Gabriel.,citas de admision para primer grado mi menor es gabriel,ADMIS_CITAS,cita admision grado menor gabriel
Email,"Estimados, quisiera saber los mensualidad de 1ero primaria para mi hijo Ana.",estimados quisiera saber los mensualidad de 1ero primaria para mi hijo ana,ADMIS_COSTOS,estimado querer mensualidad 1ero primario hijo án
Web,CITAS DE ADMISION PARA 1ERO SECUNDARIA. MI MENOR ES SEBASTIAN.,citas de admision para 1ero secundaria mi menor es sebastian,ADMIS_CITAS,cita admision 1ero secundario menor sebastiar
Web,<p><b>documentación para traslado a inicial 5 años. Postulante: Luis.</b></p>,documentacion para traslado a inicial 5 anos postulante luis,ADMIS_REQUIS_DOC,documentacion traslado inicial ano postulante luis
Web,entrevistas de admision para 6to primaria. Mi menor es Pedro.,entrevistas de admision para 6to primaria mi menor es pedro,ADMIS_CITAS,entrevista admision 6to primario menor pedro
WhatsApp,HOLA HAY VACANTES PARA PRIMER AÑO? MI NIÑO SE LLAMA CAMILA.,hola hay vacantes para primer ano mi nino se llama camila,ADMIS_VACANTES,holar vacante ano nino llamar camila
Email,"Estimados, quisiera saber los mensualidad de inicial 3 años para mi hijo Luis.",estimados quisiera saber los mensualidad de inicial 3 anos para mi hijo luis,ADMIS_COSTOS,estimado querer mensualidad inicial ano hijo luis
WhatsApp,Saber si hay lugares en 1ero primaria para Thiago. Gracias.,saber si hay lugares en 1ero primaria para thiago gracias,ADMIS_VACANTES,lugar 1ero primario thiago gracias
Email,"ESTIMADOS, QUISIERA SABER LOS COSTOS DE 1ERO SECUNDARIA PARA MI HIJO JUAN.",estimados quisiera saber los costos de 1ero secundaria para mi hijo juan,ADMIS_COSTOS,estimado querer costo 1ero secundario hijo juan
WhatsApp,Hola hay lugares para 5to secundaria? Mi niño se llama Luis.,hola hay lugares para 5to secundaria mi nino se llama luis,ADMIS_VACANTES,holar lugar 5to secundario nino llamar luis
WhatsApp,Hola hay vacantes para 5to secundaria? Mi niño se llama Valentina.,hola hay vacantes para 5to secundaria mi nino se llama valentina,ADMIS_VACANTES,holar vacante 5to secundario nino llamar valentina
Email,<p><b>Solicito información de pagos y detalles para inicial 4 años. Atte: Lucia.</b></p>,solicito informacion de pagos y detalles para inicial 4 anos atte lucia,ADMIS_COSTOS,solicitar informacion pago detalle inicial ano attir lucia
Email,Solicito información de cuotas y detalles para inicial 4 años. Atte: Sebastian.,solicito informacion de cuotas y detalles para inicial 4 anos atte sebastian,ADMIS_COSTOS,solicitar informacion cuota detalle inicial anos atte sebastiar
WhatsApp,HOLA HAY LUGARES PARA INICIAL 5 AÑOS? MI NIÑO SE LLAMA GABRIEL.,hola hay lugares para inicial 5 anos mi nino se llama gabriel,ADMIS_VACANTES,holar lugar inicial ano nino llamar gabriel
WhatsApp,SABER SI HAY CUPOS EN INICIAL 5 AÑOS PARA VALENTINA. GRACIAS.,saber si hay cupos en inicial 5 anos para valentina gracias,ADMIS_VACANTES,cupo inicial ano valentina gracias
Web,<p><b>requisitos para traslado a 1ero secundaria. Postulante: Valentina.</b></p>,requisitos para traslado a 1ero secundaria postulante valentina,ADMIS_REQUIS_DOC,requisito traslado 1ero secundario postulante valentín
WhatsApp,Saber si hay disponibilidad de ingreso en inicial 3 años para Ana. Gracias.,saber si hay disponibilidad de ingreso en inicial 3 anos para ana gracias,ADMIS_VACANTES,disponibilidad ingreso inicial ano ana gracias
Email,Solicito información de mensualidad y detalles para 5to secundaria. Atte: Camila.,solicito informacion de mensualidad y detalles para 5to secundaria atte camila,ADMIS_COSTOS,solicitar informacion mensualidad detalle 5to secundario atte camilar
Web,citas de admision para primer año. Mi menor es Gabriel.,citas de admision para primer ano mi menor es gabriel,ADMIS_CITAS,cita admision ano menor gabriel
Web,documentación para traslado a 5to secundaria. Postulante: Sofia.,documentacion para traslado a 5to secundaria postulante sofia,ADMIS_REQUIS_DOC,documentacion traslado 5to secundario postulante sofia
Web,<p><b>papeles para traslado a primer año. Postulante: Luis.</b></p>,papeles para traslado a primer ano postulante luis,ADMIS_REQUIS_DOC,papel traslado ano postulante luis
Email,Solicito información de pagos y detalles para inicial 5 años. Atte: Nicolas.,solicito informacion de pagos y detalles para inicial 5 anos atte nicolas,ADMIS_COSTOS,solicitar informacion pago detalle inicial anos attar nicola
Email,"<p><b>Estimados, quisiera saber los pensiones de 1ero primaria para mi hijo Sebastian.</b></p>",estimados quisiera saber los pensiones de 1ero primaria para mi hijo sebastian,ADMIS_COSTOS,estimado querer pensión 1ero primario hijo sebastiar
Email,Solicito información de costos y detalles para inicial 4 años. Atte: Juan.,solicito informacion de costos y detalles para inicial 4 anos atte juan,ADMIS_COSTOS,solicitar informacion costo detalle inicial anos atte juan
WhatsApp,Saber si hay vacantes en inicial 4 años para Elena. Gracias.,saber si hay vacantes en inicial 4 anos para elena gracias,ADMIS_VACANTES,vacante inicial ano elena gracias
Web,partidas para traslado a inicial 3 años. Postulante: Luis.,partidas para traslado a inicial 3 anos postulante luis,ADMIS_REQUIS_DOC,partida traslado inicial ano postulante luis
Web,papeles para traslado a 1ero primaria. Postulante: Gabriel.,papeles para traslado a 1ero primaria postulante gabriel,ADMIS_REQUIS_DOC,papel traslado 1ero primaria postulante gabriel
WhatsApp,SABER SI HAY ESPACIOS EN INICIAL 4 AÑOS PARA LUIS. GRACIAS.,saber si hay espacios en inicial 4 anos para luis gracias,ADMIS_VACANTES,espacio inicial ano luis gracias
Email,Solicito información de cuotas y detalles para 1ero primaria. Atte: Camila.,solicito informacion de cuotas y detalles para 1ero primaria atte camila,ADMIS_COSTOS,solicitar informacion cuota detalle 1ero primario attar camilar
WhatsApp,<p><b>Hola hay cupos para 1ero primaria? Mi niño se llama Mateo.</b></p>,hola hay cupos para 1ero primaria mi nino se llama mateo,ADMIS_VACANTES,holar cupo 1ero primario nino llamar mateo
Web,cronograma de admision para primer año. Mi menor es Luis.,cronograma de admision para primer ano mi menor es luis,ADMIS_CITAS,cronograma admision ano menor luis
Web,entrevistas de admision para primer grado. Mi menor es Juan.,entrevistas de admision para primer grado mi menor es juan,ADMIS_CITAS,entrevista admision grado menor juan
Web,partidas para traslado a 1ero primaria. Postulante: Pedro.,partidas para traslado a 1ero primaria postulante pedro,ADMIS_REQUIS_DOC,partida traslado 1ero primaria postulante pedro
WhatsApp,Saber si hay lugares en primer grado para Nicolas. Gracias.,saber si hay lugares en primer grado para nicolas gracias,ADMIS_VACANTES,lugar grado nico él gracia
Email,SOLICITO INFORMACIÓN DE PENSIONES Y DETALLES PARA 6TO PRIMARIA. ATTE: ELENA.,solicito informacion de pensiones y detalles para 6to primaria atte elena,ADMIS_COSTOS,solicitar informacion pensión detalle 6to primaria atte elén
Email,"Estimados, quisiera saber los pensiones de inicial 4 años para mi hijo Sofia.",estimados quisiera saber los pensiones de inicial 4 anos para mi hijo sofia,ADMIS_COSTOS,estimado querer pensión inicial ano hijo sofia
WhatsApp,SABER SI HAY VACANTES EN INICIAL 3 AÑOS PARA MATEO. GRACIAS.,saber si hay vacantes en inicial 3 anos para mateo gracias,ADMIS_VACANTES,vacante inicial ano mateo gracias
Email,"ESTIMADOS, QUISIERA SABER LOS COSTOS DE SECUNDARIA PARA MI HIJO MARIA.",estimados quisiera saber los costos de secundaria para mi hijo maria,ADMIS_COSTOS,estimado querer costo secundaria hijo mario
Email,"Estimados, quisiera saber los precios de inicial 5 años para mi hijo Sebastian.",estimados quisiera saber los precios de inicial 5 anos para mi hijo sebastian,ADMIS_COSTOS,estimado querer precio inicial ano hijo sebastiar
Web,ficha de matrícula para traslado a secundaria. Postulante: Camila.,ficha de matricula para traslado a secundaria postulante camila,ADMIS_REQUIS_DOC,ficha matricula traslado secundaria postulante camilar
Web,<p><b>partidas para traslado a inicial 5 años. Postulante: Ana.</b></p>,partidas para traslado a inicial 5 anos postulante ana,ADMIS_REQUIS_DOC,partida traslado inicial ano postulante ana
Email,<p><b>Solicito información de costos y detalles para inicial 3 años. Atte: Elena.</b></p>,solicito informacion de costos y detalles para inicial 3 anos atte elena,ADMIS_COSTOS,solicitar informacion costo detalle inicial anos atte elén
WhatsApp,Saber si hay espacios en 5to secundaria para Mateo. Gracias.,saber si hay espacios en 5to secundaria para mateo gracias,ADMIS_VACANTES,espacio 5to secundario mateo gracias
WhatsApp,Saber si hay cupos en inicial 5 años para Mateo. Gracias.,saber si hay cupos en inicial 5 anos para mateo gracias,ADMIS_VACANTES,cupo inicial ano mateo gracias
Web,ENTREVISTAS DE ADMISION PARA INICIAL 4 AÑOS. MI MENOR ES LUIS.,entrevistas de admision para inicial 4 anos mi menor es luis,ADMIS_CITAS,entrevista admision inicial ano menor luis
Web,<p><b>documentos para traslado a 1ero primaria. Postulante: Elena.</b></p>,documentos para traslado a 1ero primaria postulante elena,ADMIS_REQUIS_DOC,documento traslado 1ero primaria postulante elén
Email,Solicito información de mensualidad y detalles para 1ero primaria. Atte: Sebastian.,solicito informacion de mensualidad y detalles para 1ero primaria atte sebastian,ADMIS_COSTOS,solicitar informacion mensualidad detalle 1ero primario atte sebastiar
WhatsApp,Saber si hay cupos en 1ero secundaria para Camila. Gracias.,saber si hay cupos en 1ero secundaria para camila gracias,ADMIS_VACANTES,cupo 1ero secundario camila gracias
WhatsApp,Hola hay disponibilidad de ingreso para primer grado? Mi niño se llama Luis.,hola hay disponibilidad de ingreso para primer grado mi nino se llama luis,ADMIS_VACANTES,holar disponibilidad ingreso grado nino llamar luis
Email,<p><b>Solicito información de precios y detalles para secundaria. Atte: Camila.</b></p>,solicito informacion de precios y detalles para secundaria atte camila,ADMIS_COSTOS,solicitar informacion precio detalle secundario atte camilar
WhatsApp,Hola hay vacantes para inicial 5 años? Mi niño se llama Elena.,hola hay vacantes para inicial 5 anos mi nino se llama elena,ADMIS_VACANTES,holar vacante inicial ano nino llamar elena
Web,<p><b>partidas para traslado a 5to secundaria. Postulante: Gabriel.</b></p>,partidas para traslado a 5to secundaria postulante gabriel,ADMIS_REQUIS_DOC,partida traslado 5to secundario postulante gabriel
WhatsApp,Saber si hay cupos en 1ero secundaria para Lucia. Gracias.,saber si hay cupos en 1ero secundaria para lucia gracias,ADMIS_VACANTES,cupo 1ero secundario lucia gracias
Web,charlas de admision para primer grado. Mi menor es Luis.,charlas de admision para primer grado mi menor es luis,ADMIS_CITAS,charla admision grado menor luis
Web,ficha de matrícula para traslado a inicial 3 años. Postulante: Pedro.,ficha de matricula para traslado a inicial 3 anos postulante pedro,ADMIS_REQUIS_DOC,ficha matricula traslado inicial ano postulante pedro
WhatsApp,Saber si hay vacantes en 6to primaria para Camila. Gracias.,saber si hay vacantes en 6to primaria para camila gracias,ADMIS_VACANTES,vacante 6to primario camila gracias
Email,"Estimados, quisiera saber los mensualidad de primer año para mi hijo Thiago.",estimados quisiera saber los mensualidad de primer ano para mi hijo thiago,ADMIS_COSTOS,estimado querer mensualidad ano hijo thiago
WhatsApp,Hola hay disponibilidad de ingreso para primer grado? Mi niño se llama Gabriel.,hola hay disponibilidad de ingreso para primer grado mi nino se llama gabriel,ADMIS_VACANTES,holar disponibilidad ingreso grado nino llamar gabriel
Web,documentos para traslado a inicial 3 años. Postulante: Elena.,documentos para traslado a inicial 3 anos postulante elena,ADMIS_REQUIS_DOC,documento traslado inicial ano postulante elén
Web,<p><b>documentos para traslado a secundaria. Postulante: Maria.</b></p>,documentos para traslado a secundaria postulante maria,ADMIS_REQUIS_DOC,documento traslado secundario postulante mario
Email,"ESTIMADOS, QUISIERA SABER LOS COSTOS DE 1ERO PRIMARIA PARA MI HIJO PEDRO.",estimados quisiera saber los costos de 1ero primaria para mi hijo pedro,ADMIS_COSTOS,estimado querer costo 1ero primario hijo pedro
Web,documentos para traslado a inicial 5 años. Postulante: Sebastian.,documentos para traslado a inicial 5 anos postulante sebastian,ADMIS_REQUIS_DOC,documento traslado inicial ano postulante sebastiar
WhatsApp,Saber si hay cupos en inicial 3 años para Lucia. Gracias.,saber si hay cupos en inicial 3 anos para lucia gracias,ADMIS_VACANTES,cupo inicial ano lucia gracias
WhatsApp,HOLA HAY CUPOS PARA INICIAL 5 AÑOS? MI NIÑO SE LLAMA PEDRO.,hola hay cupos para inicial 5 anos mi nino se llama pedro,ADMIS_VACANTES,holar cupo inicial ano nino llamar pedro
WhatsApp,Saber si hay lugares en primer grado para Valentina. Gracias.,saber si hay lugares en primer grado para valentina gracias,ADMIS_VACANTES,lugar grado valentina gracias
Email,Solicito información de pensiones y detalles para secundaria. Atte: Luis.,solicito informacion de pensiones y detalles para secundaria atte luis,ADMIS_COSTOS,solicitar informacion pensión detalle secundario atte luis
Email,"ESTIMADOS, QUISIERA SABER LOS PAGOS DE PRIMER AÑO PARA MI HIJO ELENA.",estimados quisiera saber los pagos de primer ano para mi hijo elena,ADMIS_COSTOS,estimado querer pago ano hijo elena
WhatsApp,SABER SI HAY VACANTES EN 1ERO PRIMARIA PARA GABRIEL. GRACIAS.,saber si hay vacantes en 1ero primaria para gabriel gracias,ADMIS_VACANTES,vacante 1ero primario gabriel gracias
WhatsApp,<p><b>Hola hay vacantes para 1ero secundaria? Mi niño se llama Mateo.</b></p>,hola hay vacantes para 1ero secundaria mi nino se llama mateo,ADMIS_VACANTES,holar vacante 1ero secundario nino llamar mateo
Email,Solicito información de mensualidad y detalles para inicial 5 años. Atte: Elena.,solicito informacion de mensualidad y detalles para inicial 5 anos atte elena,ADMIS_COSTOS,solicitar informacion mensualidad detalle inicial anos atte elén
WhatsApp,Saber si hay lugares en primer año para Nicolas. Gracias.,saber si hay lugares en primer ano para nicolas gracias,ADMIS_VACANTES,lugar ano nico él gracia
WhatsApp,Hola hay disponibilidad de ingreso para 6to primaria? Mi niño se llama Pedro.,hola hay disponibilidad de ingreso para 6to primaria mi nino se llama pedro,ADMIS_VACANTES,holar disponibilidad ingreso 6to primario nino llamar pedro
WhatsApp,<p><b>Hola hay lugares para secundaria? Mi niño se llama Luis.</b></p>,hola hay lugares para secundaria mi nino se llama luis,ADMIS_VACANTES,holar lugar secundario nino llamar luis
Email,"Estimados, quisiera saber los precios de secundaria para mi hijo Luis.",estimados quisiera saber los precios de secundaria para mi hijo luis,ADMIS_COSTOS,estimado querer precio secundaria hijo luis
Email,<p><b>Solicito información de precios y detalles para 1ero primaria. Atte: Juan.</b></p>,solicito informacion de precios y detalles para 1ero primaria atte juan,ADMIS_COSTOS,solicitar informacion precio detalle 1ero primario atte juan
WhatsApp,Saber si hay lugares en 1ero primaria para Nicolas. Gracias.,saber si hay lugares en 1ero primaria para nicolas gracias,ADMIS_VACANTES,lugar 1ero primario nico él gracia
WhatsApp,<p><b>Hola hay lugares para 6to primaria? Mi niño se llama Camila.</b></p>,hola hay lugares para 6to primaria mi nino se llama camila,ADMIS_VACANTES,holar lugar 6to primario nino llamar camila
WhatsApp,Saber si hay lugares en 6to primaria para Gabriel. Gracias.,saber si hay lugares en 6to primaria para gabriel gracias,ADMIS_VACANTES,lugar 6to primario gabriel gracias
Email,<p><b>Solicito información de pensiones y detalles para 5to secundaria. Atte: Thiago.</b></p>,solicito informacion de pensiones y detalles para 5to secundaria atte thiago,ADMIS_COSTOS,solicitar informacion pensión detalle 5to secundario atte thiago
Web,documentación para traslado a primer grado. Postulante: Nicolas.,documentacion para traslado a primer grado postulante nicolas,ADMIS_REQUIS_DOC,documentacion traslado grado postulante nicola
Email,"Estimados, quisiera saber los cuotas de inicial 5 años para mi hijo Sebastian.",estimados quisiera saber los cuotas de inicial 5 anos para mi hijo sebastian,ADMIS_COSTOS,estimado querer cuota inicial ano hijo sebastiar
Web,DOCUMENTACIÓN PARA TRASLADO A 1ERO PRIMARIA. POSTULANTE: GABRIEL.,documentacion para traslado a 1ero primaria postulante gabriel,ADMIS_REQUIS_DOC,documentacion traslado 1ero primaria postulante gabriel
Web,<p><b>citas de admision para inicial 5 años. Mi menor es Thiago.</b></p>,citas de admision para inicial 5 anos mi menor es thiago,ADMIS_CITAS,cita admision inicial ano menor thiago
Web,<p><b>cronograma de admision para primer grado. Mi menor es Sofia.</b></p>,cronograma de admision para primer grado mi menor es sofia,ADMIS_CITAS,cronograma admision grado menor sofia
Email,Solicito información de cuotas y detalles para primer año. Atte: Camila.,solicito informacion de cuotas y detalles para primer ano atte camila,ADMIS_COSTOS,solicitar informacion cuota detalle ano attar camilar
Email,"Estimados, quisiera saber los mensualidad de inicial 5 años para mi hijo Juan.",estimados quisiera saber los mensualidad de inicial 5 anos para mi hijo juan,ADMIS_COSTOS,estimado querer mensualidad inicial ano hijo juan
WhatsApp,Saber si hay vacantes en primer grado para Nicolas. Gracias.,saber si hay vacantes en primer grado para nicolas gracias,ADMIS_VACANTES,vacante grado nico él gracia
Email,Solicito información de pagos y detalles para 1ero primaria. Atte: Juan.,solicito informacion de pagos y detalles para 1ero primaria atte juan,ADMIS_COSTOS,solicitar informacion pago detalle 1ero primario atte juan
WhatsApp,<p><b>Hola hay vacantes para inicial 3 años? Mi niño se llama Elena.</b></p>,hola hay vacantes para inicial 3 anos mi nino se llama elena,ADMIS_VACANTES,holar vacante inicial ano nino llamar elena
WhatsApp,Saber si hay lugares en secundaria para Sebastian. Gracias.,saber si hay lugares en secundaria para sebastian gracias,ADMIS_VACANTES,lugar secundaria sebastiar gracias
Web,charlas de admision para 1ero primaria. Mi menor es Pedro.,charlas de admision para 1ero primaria mi menor es pedro,ADMIS_CITAS,charla admision 1ero primario menor pedro
Web,documentos para traslado a 6to primaria. Postulante: Sebastian.,documentos para traslado a 6to primaria postulante sebastian,ADMIS_REQUIS_DOC,documento traslado 6to primaria postulante sebastiar
Web,<p><b>citas de admision para 6to primaria. Mi menor es Sofia.</b></p>,citas de admision para 6to primaria mi menor es sofia,ADMIS_CITAS,cita admision 6to primario menor sofia
Web,PARTIDAS PARA TRASLADO A 5TO SECUNDARIA. POSTULANTE: ELENA.,partidas para traslado a 5to secundaria postulante elena,ADMIS_REQUIS_DOC,partida traslado 5to secundario postulante elén
Web,<p><b>cronograma de admision para 5to secundaria. Mi menor es Luis.</b></p>,cronograma de admision para 5to secundaria mi menor es luis,ADMIS_CITAS,cronograma admision 5to secundario menor luis
WhatsApp,Hola hay lugares para inicial 4 años? Mi niño se llama Gabriel.,hola hay lugares para inicial 4 anos mi nino se llama gabriel,ADMIS_VACANTES,holar lugar inicial ano nino llamar gabriel
WhatsApp,Saber si hay cupos en 6to primaria para Luis. Gracias.,saber si hay cupos en 6to primaria para luis gracias,ADMIS_VACANTES,cupo 6to primario luis gracias
WhatsApp,Hola hay espacios para 5to secundaria? Mi niño se llama Sofia.,hola hay espacios para 5to secundaria mi nino se llama sofia,ADMIS_VACANTES,holar espacio 5to secundario nino llamar sofia
Web,requisitos para traslado a inicial 4 años. Postulante: Sofia.,requisitos para traslado a inicial 4 anos postulante sofia,ADMIS_REQUIS_DOC,requisito traslado inicial ano postulante sofia
Email,"Estimados, quisiera saber los pensiones de 1ero secundaria para mi hijo Ana.",estimados quisiera saber los pensiones de 1ero secundaria para mi hijo ana,ADMIS_COSTOS,estimado querer pensión 1ero secundario hijo án
Web,DOCUMENTACIÓN PARA TRASLADO A INICIAL 3 AÑOS. POSTULANTE: THIAGO.,documentacion para traslado a inicial 3 anos postulante thiago,ADMIS_REQUIS_DOC,documentacion traslado inicial ano postulante thiago
Web,reunión de admision para 1ero primaria. Mi menor es Sebastian.,reunion de admision para 1ero primaria mi menor es sebastian,ADMIS_CITAS,reunion admision 1ero primario menor sebastiar
WhatsApp,Hola hay espacios para inicial 3 años? Mi niño se llama Pedro.,hola hay espacios para inicial 3 anos mi nino se llama pedro,ADMIS_VACANTES,holar espacio inicial ano nino llamar pedro
WhatsApp,Saber si hay cupos en 1ero secundaria para Ana. Gracias.,saber si hay cupos en 1ero secundaria para ana gracias,ADMIS_VACANTES,cupo 1ero secundario ana gracias
Email,"ESTIMADOS, QUISIERA SABER LOS PENSIONES DE 5TO SECUNDARIA PARA MI HIJO NICOLAS.",estimados quisiera saber los pensiones de 5to secundaria para mi hijo nicolas,ADMIS_COSTOS,estimado querer pensión 5to secundario hijo nicola
Web,CITAS DE ADMISION PARA PRIMER AÑO. MI MENOR ES LUIS.,citas de admision para primer ano mi menor es luis,ADMIS_CITAS,cita admision ano menor luis
Web,citas de admision para secundaria. Mi menor es Nicolas.,citas de admision para secundaria mi menor es nicolas,ADMIS_CITAS,cita admision secundario menor nicola
WhatsApp,Hola hay lugares para 6to primaria? Mi niño se llama Elena.,hola hay lugares para 6to primaria mi nino se llama elena,ADMIS_VACANTES,holar lugar 6to primario nino llamar elena
Email,<p><b>Solicito información de precios y detalles para 5to secundaria. Atte: Mateo.</b></p>,solicito informacion de precios y detalles para 5to secundaria atte mateo,ADMIS_COSTOS,solicitar informacion precio detalle 5to secundario atte mateo
Email,"Estimados, quisiera saber los costos de inicial 5 años para mi hijo Valentina.",estimados quisiera saber los costos de inicial 5 anos para mi hijo valentina,ADMIS_COSTOS,estimado querer costo inicial ano hijo valentín
Email,"ESTIMADOS, QUISIERA SABER LOS COSTOS DE INICIAL 5 AÑOS PARA MI HIJO SEBASTIAN.",estimados quisiera saber los costos de inicial 5 anos para mi hijo sebastian,ADMIS_COSTOS,estimado querer costo inicial ano hijo sebastiar
Email,"<p><b>Estimados, quisiera saber los mensualidad de 1ero secundaria para mi hijo Gabriel.</b></p>",estimados quisiera saber los mensualidad de 1ero secundaria para mi hijo gabriel,ADMIS_COSTOS,estimado querer mensualidad 1ero secundario hijo gabriel
Email,"Estimados, quisiera saber los precios de primer grado para mi hijo Juan.",estimados quisiera saber los precios de primer grado para mi hijo juan,ADMIS_COSTOS,estimado querer precio grado hijo juan
Web,documentación para traslado a 6to primaria. Postulante: Nicolas.,documentacion para traslado a 6to primaria postulante nicolas,ADMIS_REQUIS_DOC,documentacion traslado 6to primaria postulante nicola
Web,PARTIDAS PARA TRASLADO A INICIAL 4 AÑOS. POSTULANTE: MATEO.,partidas para traslado a inicial 4 anos postulante mateo,ADMIS_REQUIS_DOC,partida traslado inicial ano postulante mateo
Email,"Estimados, quisiera saber los pensiones de 1ero primaria para mi hijo Pedro.",estimados quisiera saber los pensiones de 1ero primaria para mi hijo pedro,ADMIS_COSTOS,estimado querer pensión 1ero primario hijo pedro
WhatsApp,Saber si hay espacios en inicial 3 años para Ana. Gracias.,saber si hay espacios en inicial 3 anos para ana gracias,ADMIS_VACANTES,espacio inicial ano ana gracias
Web,PAPELES PARA TRASLADO A 1ERO PRIMARIA. POSTULANTE: LUCIA.,papeles para traslado a 1ero primaria postulante lucia,ADMIS_REQUIS_DOC,papel traslado 1ero primaria postulante lucia
Email,"ESTIMADOS, QUISIERA SABER LOS MENSUALIDAD DE 5TO SECUNDARIA PARA MI HIJO VALENTINA.",estimados quisiera saber los mensualidad de 5to secundaria para mi hijo valentina,ADMIS_COSTOS,estimado querer mensualidad 5to secundario hijo valentín
WhatsApp,Hola hay vacantes para 1ero secundaria? Mi niño se llama Luis.,hola hay vacantes para 1ero secundaria mi nino se llama luis,ADMIS_VACANTES,holar vacante 1ero secundario nino llamar luis
Web,documentación para traslado a inicial 4 años. Postulante: Luis.,documentacion para traslado a inicial 4 anos postulante luis,ADMIS_REQUIS_DOC,documentacion traslado inicial ano postulante luis
WhatsApp,Hola hay cupos para primer grado? Mi niño se llama Luis.,hola hay cupos para primer grado mi nino se llama luis,ADMIS_VACANTES,holar cupo grado nino llamar luis
WhatsApp,Saber si hay lugares en 1ero secundaria para Valentina. Gracias.,saber si hay lugares en 1ero secundaria para valentina gracias,ADMIS_VACANTES,lugar 1ero secundario valentina gracias
Web,cronograma de admision para inicial 5 años. Mi menor es Sebastian.,cronograma de admision para inicial 5 anos mi menor es sebastian,ADMIS_CITAS,cronograma admision inicial ano menor sebastiar
WhatsApp,Hola hay lugares para primer año? Mi niño se llama Sebastian.,hola hay lugares para primer ano mi nino se llama sebastian,ADMIS_VACANTES,holar lugar ano nino llamar sebastian
Email,"ESTIMADOS, QUISIERA SABER LOS CUOTAS DE INICIAL 5 AÑOS PARA MI HIJO SOFIA.",estimados quisiera saber los cuotas de inicial 5 anos para mi hijo sofia,ADMIS_COSTOS,estimado querer cuota inicial ano hijo sofia
Web,entrevistas de admision para primer grado. Mi menor es Sofia.,entrevistas de admision para primer grado mi menor es sofia,ADMIS_CITAS,entrevista admision grado menor sofia
Email,"<p><b>Estimados, quisiera saber los costos de inicial 4 años para mi hijo Nicolas.</b></p>",estimados quisiera saber los costos de inicial 4 anos para mi hijo nicolas,ADMIS_COSTOS,estimado querer costo inicial ano hijo nicola
Web,papeles para traslado a inicial 5 años. Postulante: Pedro.,papeles para traslado a inicial 5 anos postulante pedro,ADMIS_REQUIS_DOC,papel traslado inicial ano postulante pedro
Web,citas de admision para inicial 3 años. Mi menor es Sofia.,citas de admision para inicial 3 anos mi menor es sofia,ADMIS_CITAS,cita admision inicial ano menor sofia
Email,"Estimados, quisiera saber los mensualidad de 1ero primaria para mi hijo Elena.",estimados quisiera saber los mensualidad de 1ero primaria para mi hijo elena,ADMIS_COSTOS,estimado querer mensualidad 1ero primario hijo elena
WhatsApp,<p><b>Saber si hay disponibilidad de ingreso en inicial 5 años para Lucia. Gracias.</b></p>,saber si hay disponibilidad de ingreso en inicial 5 anos para lucia gracias,ADMIS_VACANTES,disponibilidad ingreso inicial ano lucia gracias
WhatsApp,Hola hay espacios para 1ero primaria? Mi niño se llama Thiago.,hola hay espacios para 1ero primaria mi nino se llama thiago,ADMIS_VACANTES,holar espacio 1ero primario nino llamar thiago
Email,"Estimados, quisiera saber los costos de inicial 3 años para mi hijo Sebastian.",estimados quisiera saber los costos de inicial 3 anos para mi hijo sebastian,ADMIS_COSTOS,estimado querer costo inicial ano hijo sebastiar
Email,<p><b>Solicito información de pagos y detalles para inicial 3 años. Atte: Thiago.</b></p>,solicito informacion de pagos y detalles para inicial 3 anos atte thiago,ADMIS_COSTOS,solicitar informacion pago detalle inicial anos attar thiago
Email,"Estimados, quisiera saber los pensiones de primer año para mi hijo Juan.",estimados quisiera saber los pensiones de primer ano para mi hijo juan,ADMIS_COSTOS,estimado querer pensión ano hijo juan
Email,Solicito información de mensualidad y detalles para 1ero primaria. Atte: Juan.,solicito informacion de mensualidad y detalles para 1ero primaria atte juan,ADMIS_COSTOS,solicitar informacion mensualidad detalle 1ero primario atte juan
Web,<p><b>partidas para traslado a inicial 4 años. Postulante: Ana.</b></p>,partidas para traslado a inicial 4 anos postulante ana,ADMIS_REQUIS_DOC,partida traslado inicial ano postulante ana
Email,SOLICITO INFORMACIÓN DE PRECIOS Y DETALLES PARA 6TO PRIMARIA. ATTE: ANA.,solicito informacion de precios y detalles para 6to primaria atte ana,ADMIS_COSTOS,solicitar informacion precio detalle 6to primaria attar ana
Web,citas de admision para primer año. Mi menor es Mateo.,citas de admision para primer ano mi menor es mateo,ADMIS_CITAS,cita admision ano menor mateo
Email,Solicito información de mensualidad y detalles para 6to primaria. Atte: Mateo.,solicito informacion de mensualidad y detalles para 6to primaria atte mateo,ADMIS_COSTOS,solicitar informacion mensualidad detalle 6to primaria atte mateo
Email,"Estimados, quisiera saber los precios de inicial 4 años para mi hijo Ana.",estimados quisiera saber los precios de inicial 4 anos para mi hijo ana,ADMIS_COSTOS,estimado querer precio inicial ano hijo án
Web,charlas de admision para inicial 5 años. Mi menor es Gabriel.,charlas de admision para inicial 5 anos mi menor es gabriel,ADMIS_CITAS,charla admision inicial ano menor gabriel
WhatsApp,<p><b>Hola hay cupos para 5to secundaria? Mi niño se llama Pedro.</b></p>,hola hay cupos para 5to secundaria mi nino se llama pedro,ADMIS_VACANTES,holar cupo 5to secundario nino llamar pedro
Web,<p><b>partidas para traslado a primer año. Postulante: Ana.</b></p>,partidas para traslado a primer ano postulante ana,ADMIS_REQUIS_DOC,partida traslado ano postulante ana
WhatsApp,Saber si hay cupos en 1ero secundaria para Thiago. Gracias.,saber si hay cupos en 1ero secundaria para thiago gracias,ADMIS_VACANTES,cupo 1ero secundario thiago gracias
WhatsApp,Saber si hay lugares en 1ero secundaria para Mateo. Gracias.,saber si hay lugares en 1ero secundaria para mateo gracias,ADMIS_VACANTES,lugar 1ero secundario mateo gracias
Web,charlas de admision para inicial 4 años. Mi menor es Camila.,charlas de admision para inicial 4 anos mi menor es camila,ADMIS_CITAS,charla admision inicial ano menor camila
WhatsApp,Hola hay disponibilidad de ingreso para inicial 4 años? Mi niño se llama Sebastian.,hola hay disponibilidad de ingreso para inicial 4 anos mi nino se llama sebastian,ADMIS_VACANTES,holar disponibilidad ingreso inicial ano nino llamar sebastian
Web,reunión de admision para primer año. Mi menor es Sebastian.,reunion de admision para primer ano mi menor es sebastian,ADMIS_CITAS,reunion admision ano menor sebastiar
Email,Solicito información de mensualidad y detalles para inicial 5 años. Atte: Mateo.,solicito informacion de mensualidad y detalles para inicial 5 anos atte mateo,ADMIS_COSTOS,solicitar informacion mensualidad detalle inicial anos atte mateo
WhatsApp,Saber si hay disponibilidad de ingreso en inicial 4 años para Ana. Gracias.,saber si hay disponibilidad de ingreso en inicial 4 anos para ana gracias,ADMIS_VACANTES,disponibilidad ingreso inicial ano ana gracias
Email,"Estimados, quisiera saber los mensualidad de 5to secundaria para mi hijo Camila.",estimados quisiera saber los mensualidad de 5to secundaria para mi hijo camila,ADMIS_COSTOS,estimado querer mensualidad 5to secundario hijo camilar
Web,<p><b>documentación para traslado a 6to primaria. Postulante: Maria.</b></p>,documentacion para traslado a 6to primaria postulante maria,ADMIS_REQUIS_DOC,documentacion traslado 6to primaria postulante mario
Web,CHARLAS DE ADMISION PARA SECUNDARIA. MI MENOR ES ANA.,charlas de admision para secundaria mi menor es ana,ADMIS_CITAS,charla admision secundario menor án
WhatsApp,Saber si hay lugares en inicial 3 años para Pedro. Gracias.,saber si hay lugares en inicial 3 anos para pedro gracias,ADMIS_VACANTES,lugar inicial ano pedro gracias
Email,"Estimados, quisiera saber los pensiones de 1ero secundaria para mi hijo Juan.",estimados quisiera saber los pensiones de 1ero secundaria para mi hijo juan,ADMIS_COSTOS,estimado querer pensión 1ero secundario hijo juan
WhatsApp,<p><b>Saber si hay disponibilidad de ingreso en primer grado para Lucia. Gracias.</b></p>,saber si hay disponibilidad de ingreso en primer grado para lucia gracias,ADMIS_VACANTES,disponibilidad ingreso grado lucia gracias
Email,SOLICITO INFORMACIÓN DE PAGOS Y DETALLES PARA 1ERO PRIMARIA. ATTE: ELENA.,solicito informacion de pagos y detalles para 1ero primaria atte elena,ADMIS_COSTOS,solicitar informacion pago detalle 1ero primario atte elén
WhatsApp,HOLA HAY DISPONIBILIDAD DE INGRESO PARA PRIMER AÑO? MI NIÑO SE LLAMA GABRIEL.,hola hay disponibilidad de ingreso para primer ano mi nino se llama gabriel,ADMIS_VACANTES,holar disponibilidad ingreso ano nino llamar gabriel
Web,documentación para traslado a inicial 5 años. Postulante: Lucia.,documentacion para traslado a inicial 5 anos postulante lucia,ADMIS_REQUIS_DOC,documentacion traslado inicial ano postulante lucia
Email,Solicito información de pensiones y detalles para inicial 4 años. Atte: Sofia.,solicito informacion de pensiones y detalles para inicial 4 anos atte sofia,ADMIS_COSTOS,solicitar informacion pensión detalle inicial anos atte sofia
WhatsApp,Saber si hay espacios en inicial 5 años para Lucia. Gracias.,saber si hay espacios en inicial 5 anos para lucia gracias,ADMIS_VACANTES,espacio inicial ano lucia gracias
Web,ENTREVISTAS DE ADMISION PARA INICIAL 3 AÑOS. MI MENOR ES MARIA.,entrevistas de admision para inicial 3 anos mi menor es maria,ADMIS_CITAS,entrevista admision inicial ano menor mario
Web,DOCUMENTOS PARA TRASLADO A 5TO SECUNDARIA. POSTULANTE: LUIS.,documentos para traslado a 5to secundaria postulante luis,ADMIS_REQUIS_DOC,documento traslado 5to secundario postulante luis
Email,Solicito información de pagos y detalles para primer año. Atte: Nicolas.,solicito informacion de pagos y detalles para primer ano atte nicolas,ADMIS_COSTOS,solicitar informacion pago detalle ano attar nicola
Web,<p><b>entrevistas de admision para inicial 5 años. Mi menor es Maria.</b></p>,entrevistas de admision para inicial 5 anos mi menor es maria,ADMIS_CITAS,entrevista admision inicial ano menor mario
Email,"Estimados, quisiera saber los mensualidad de primer grado para mi hijo Thiago.",estimados quisiera saber los mensualidad de primer grado para mi hijo thiago,ADMIS_COSTOS,estimado querer mensualidad grado hijo thiago
WhatsApp,HOLA HAY DISPONIBILIDAD DE INGRESO PARA PRIMER AÑO? MI NIÑO SE LLAMA VALENTINA.,hola hay disponibilidad de ingreso para primer ano mi nino se llama valentina,ADMIS_VACANTES,holar disponibilidad ingreso ano nino llamar valentina
Email,Solicito información de mensualidad y detalles para inicial 5 años. Atte: Lucia.,solicito informacion de mensualidad y detalles para inicial 5 anos atte lucia,ADMIS_COSTOS,solicitar informacion mensualidad detalle inicial anos attir lucia
WhatsApp,Saber si hay cupos en inicial 5 años para Thiago. Gracias.,saber si hay cupos en inicial 5 anos para thiago gracias,ADMIS_VACANTES,cupo inicial ano thiago gracias
Web,reunión de admision para primer año. Mi menor es Juan.,reunion de admision para primer ano mi menor es juan,ADMIS_CITAS,reunion admision ano menor juan
Web,partidas para traslado a inicial 3 años. Postulante: Juan.,partidas para traslado a inicial 3 anos postulante juan,ADMIS_REQUIS_DOC,partida traslado inicial ano postulante juan
WhatsApp,Saber si hay vacantes en primer año para Sebastian. Gracias.,saber si hay vacantes en primer ano para sebastian gracias,ADMIS_VACANTES,vacante ano sebastiar gracias
WhatsApp,Hola hay vacantes para 5to secundaria? Mi niño se llama Gabriel.,hola hay vacantes para 5to secundaria mi nino se llama gabriel,ADMIS_VACANTES,holar vacante 5to secundario nino llamar gabriel
Web,<p><b>charlas de admision para 6to primaria. Mi menor es Luis.</b></p>,charlas de admision para 6to primaria mi menor es luis,ADMIS_CITAS,charla admision 6to primario menor luis
WhatsApp,Hola hay espacios para 5to secundaria? Mi niño se llama Sebastian.,hola hay espacios para 5to secundaria mi nino se llama sebastian,ADMIS_VACANTES,holar espacio 5to secundario nino llamar sebastian
Web,documentos para traslado a inicial 3 años. Postulante: Valentina.,documentos para traslado a inicial 3 anos postulante valentina,ADMIS_REQUIS_DOC,documento traslado inicial ano postulante valentín
WhatsApp,<p><b>Hola hay lugares para 5to secundaria? Mi niño se llama Thiago.</b></p>,hola hay lugares para 5to secundaria mi nino se llama thiago,ADMIS_VACANTES,holar lugar 5to secundario nino llamar thiago
WhatsApp,Hola hay cupos para inicial 4 años? Mi niño se llama Sebastian.,hola hay cupos para inicial 4 anos mi nino se llama sebastian,ADMIS_VACANTES,holar cupo inicial ano nino llamar sebastian
Web,entrevistas de admision para inicial 3 años. Mi menor es Gabriel.,entrevistas de admision para inicial 3 anos mi menor es gabriel,ADMIS_CITAS,entrevista admision inicial ano menor gabriel
Web,cronograma de admision para primer grado. Mi menor es Thiago.,cronograma de admision para primer grado mi menor es thiago,ADMIS_CITAS,cronograma admision grado menor thiago
Email,Solicito información de pensiones y detalles para 1ero secundaria. Atte: Maria.,solicito informacion de pensiones y detalles para 1ero secundaria atte maria,ADMIS_COSTOS,solicitar informacion pensión detalle 1ero secundario atte mario
Web,<p><b>ficha de matrícula para traslado a primer grado. Postulante: Ana.</b></p>,ficha de matricula para traslado a primer grado postulante ana,ADMIS_REQUIS_DOC,ficha matricula traslado grado postulante ana
Web,cronograma de admision para 1ero secundaria. Mi menor es Ana.,cronograma de admision para 1ero secundaria mi menor es ana,ADMIS_CITAS,cronograma admision 1ero secundario menor án
WhatsApp,Saber si hay vacantes en 6to primaria para Sebastian. Gracias.,saber si hay vacantes en 6to primaria para sebastian gracias,ADMIS_VACANTES,vacante 6to primario sebastiar gracias
Email,Solicito información de pagos y detalles para inicial 3 años. Atte: Maria.,solicito informacion de pagos y detalles para inicial 3 anos atte maria,ADMIS_COSTOS,solicitar informacion pago detalle inicial anos atte mario
WhatsApp,Saber si hay disponibilidad de ingreso en inicial 4 años para Luis. Gracias.,saber si hay disponibilidad de ingreso en inicial 4 anos para luis gracias,ADMIS_VACANTES,disponibilidad ingreso inicial ano luis gracias
Email,"Estimados, quisiera saber los costos de 5to secundaria para mi hijo Pedro.",estimados quisiera saber los costos de 5to secundaria para mi hijo pedro,ADMIS_COSTOS,estimado querer costo 5to secundario hijo pedro
Email,Solicito información de pensiones y detalles para inicial 4 años. Atte: Gabriel.,solicito informacion de pensiones y detalles para inicial 4 anos atte gabriel,ADMIS_COSTOS,solicitar informacion pensión detalle inicial anos atte gabriel
Email,Solicito información de precios y detalles para 5to secundaria. Atte: Nicolas.,solicito informacion de precios y detalles para 5to secundaria atte nicolas,ADMIS_COSTOS,solicitar informacion precio detalle 5to secundario atte nicola
Web,documentos para traslado a 6to primaria. Postulante: Mateo.,documentos para traslado a 6to primaria postulante mateo,ADMIS_REQUIS_DOC,documento traslado 6to primaria postulante mateo
Email,"Estimados, quisiera saber los pagos de 1ero primaria para mi hijo Pedro.",estimados quisiera saber los pagos de 1ero primaria para mi hijo pedro,ADMIS_COSTOS,estimado querer pago 1ero primario hijo pedro
WhatsApp,Saber si hay vacantes en secundaria para Sofia. Gracias.,saber si hay vacantes en secundaria para sofia gracias,ADMIS_VACANTES,vacante secundaria sofia gracias
Email,"Estimados, quisiera saber los precios de 5to secundaria para mi hijo Lucia.",estimados quisiera saber los precios de 5to secundaria para mi hijo lucia,ADMIS_COSTOS,estimado querer precio 5to secundario hijo lucia
WhatsApp,Saber si hay cupos en inicial 4 años para Thiago. Gracias.,saber si hay cupos en inicial 4 anos para thiago gracias,ADMIS_VACANTES,cupo inicial ano thiago gracias
Email,Solicito información de cuotas y detalles para 1ero primaria. Atte: Nicolas.,solicito informacion de cuotas y detalles para 1ero primaria atte nicolas,ADMIS_COSTOS,solicitar informacion cuota detalle 1ero primario attar nicola
Email,"Estimados, quisiera saber los mensualidad de 1ero primaria para mi hijo Luis.",estimados quisiera saber los mensualidad de 1ero primaria para mi hijo luis,ADMIS_COSTOS,estimado querer mensualidad 1ero primario hijo luis
Email,"Estimados, quisiera saber los mensualidad de 1ero secundaria para mi hijo Lucia.",estimados quisiera saber los mensualidad de 1ero secundaria para mi hijo lucia,ADMIS_COSTOS,estimado querer mensualidad 1ero secundario hijo lucia
Web,ficha de matrícula para traslado a inicial 4 años. Postulante: Gabriel.,ficha de matricula para traslado a inicial 4 anos postulante gabriel,ADMIS_REQUIS_DOC,ficha matricula traslado inicial ano postulante gabriel
WhatsApp,<p><b>Hola hay espacios para inicial 5 años? Mi niño se llama Sebastian.</b></p>,hola hay espacios para inicial 5 anos mi nino se llama sebastian,ADMIS_VACANTES,holar espacio inicial ano nino llamar sebastian
Web,charlas de admision para primer grado. Mi menor es Nicolas.,charlas de admision para primer grado mi menor es nicolas,ADMIS_CITAS,charla admision grado menor nicola
WhatsApp,Hola hay vacantes para inicial 5 años? Mi niño se llama Maria.,hola hay vacantes para inicial 5 anos mi nino se llama maria,ADMIS_VACANTES,holar vacante inicial ano nino llamar mario
Web,ENTREVISTAS DE ADMISION PARA INICIAL 3 AÑOS. MI MENOR ES SOFIA.,entrevistas de admision para inicial 3 anos mi menor es sofia,ADMIS_CITAS,entrevista admision inicial ano menor sofia
Email,SOLICITO INFORMACIÓN DE PRECIOS Y DETALLES PARA 6TO PRIMARIA. ATTE: MATEO.,solicito informacion de precios y detalles para 6to primaria atte mateo,ADMIS_COSTOS,solicitar informacion precio detalle 6to primaria atte mateo
WhatsApp,Hola hay vacantes para inicial 3 años? Mi niño se llama Pedro.,hola hay vacantes para inicial 3 anos mi nino se llama pedro,ADMIS_VACANTES,holar vacante inicial ano nino llamar pedro
WhatsApp,HOLA HAY LUGARES PARA 1ERO PRIMARIA? MI NIÑO SE LLAMA SOFIA.,hola hay lugares para 1ero primaria mi nino se llama sofia,ADMIS_VACANTES,holar lugar 1ero primario nino llamar sofia
WhatsApp,SABER SI HAY CUPOS EN PRIMER AÑO PARA GABRIEL. GRACIAS.,saber si hay cupos en primer ano para gabriel gracias,ADMIS_VACANTES,cupo ano gabriel gracias
WhatsApp,Saber si hay vacantes en inicial 5 años para Maria. Gracias.,saber si hay vacantes en inicial 5 anos para maria gracias,ADMIS_VACANTES,vacante inicial ano maria gracias
Web,ficha de matrícula para traslado a inicial 4 años. Postulante: Pedro.,ficha de matricula para traslado a inicial 4 anos postulante pedro,ADMIS_REQUIS_DOC,ficha matricula traslado inicial ano postulante pedro
Email,Solicito información de mensualidad y detalles para 1ero secundaria. Atte: Sebastian.,solicito informacion de mensualidad y detalles para 1ero secundaria atte sebastian,ADMIS_COSTOS,solicitar informacion mensualidad detalle 1ero secundario atte sebastiar
WhatsApp,SABER SI HAY VACANTES EN SECUNDARIA PARA SEBASTIAN. GRACIAS.,saber si hay vacantes en secundaria para sebastian gracias,ADMIS_VACANTES,vacante secundaria sebastiar gracias
Email,"Estimados, quisiera saber los cuotas de 5to secundaria para mi hijo Thiago.",estimados quisiera saber los cuotas de 5to secundaria para mi hijo thiago,ADMIS_COSTOS,estimado querer cuota 5to secundario hijo thiago
Web,requisitos para traslado a inicial 5 años. Postulante: Camila.,requisitos para traslado a inicial 5 anos postulante camila,ADMIS_REQUIS_DOC,requisito traslado inicial ano postulante camilar
Email,"Estimados, quisiera saber los pagos de 1ero primaria para mi hijo Valentina.",estimados quisiera saber los pagos de 1ero primaria para mi hijo valentina,ADMIS_COSTOS,estimado querer pago 1ero primario hijo valentín
WhatsApp,<p><b>Saber si hay lugares en 1ero primaria para Gabriel. Gracias.</b></p>,saber si hay lugares en 1ero primaria para gabriel gracias,ADMIS_VACANTES,lugar 1ero primario gabriel gracias
Email,"<p><b>Estimados, quisiera saber los costos de inicial 4 años para mi hijo Elena.</b></p>",estimados quisiera saber los costos de inicial 4 anos para mi hijo elena,ADMIS_COSTOS,estimado querer costo inicial ano hijo elena
Email,"Estimados, quisiera saber los pensiones de primer grado para mi hijo Mateo.",estimados quisiera saber los pensiones de primer grado para mi hijo mateo,ADMIS_COSTOS,estimado querer pensión grado hijo mateo
Web,charlas de admision para inicial 4 años. Mi menor es Gabriel.,charlas de admision para inicial 4 anos mi menor es gabriel,ADMIS_CITAS,charla admision inicial ano menor gabriel
Email,"Estimados, quisiera saber los precios de inicial 5 años para mi hijo Lucia.",estimados quisiera saber los precios de inicial 5 anos para mi hijo lucia,ADMIS_COSTOS,estimado querer precio inicial ano hijo lucia
Web,papeles para traslado a inicial 4 años. Postulante: Camila.,papeles para traslado a inicial 4 anos postulante camila,ADMIS_REQUIS_DOC,papel traslado inicial ano postulante camilar
Web,<p><b>documentación para traslado a 1ero primaria. Postulante: Camila.</b></p>,documentacion para traslado a 1ero primaria postulante camila,ADMIS_REQUIS_DOC,documentacion traslado 1ero primaria postulante camilar
WhatsApp,HOLA HAY LUGARES PARA SECUNDARIA? MI NIÑO SE LLAMA SOFIA.,hola hay lugares para secundaria mi nino se llama sofia,ADMIS_VACANTES,holar lugar secundario nino llamar sofia
Web,ficha de matrícula para traslado a inicial 3 años. Postulante: Thiago.,ficha de matricula para traslado a inicial 3 anos postulante thiago,ADMIS_REQUIS_DOC,ficha matricula traslado inicial ano postulante thiago
WhatsApp,SABER SI HAY DISPONIBILIDAD DE INGRESO EN INICIAL 5 AÑOS PARA SOFIA. GRACIAS.,saber si hay disponibilidad de ingreso en inicial 5 anos para sofia gracias,ADMIS_VACANTES,disponibilidad ingreso inicial ano sofia gracias
Email,"<p><b>Estimados, quisiera saber los cuotas de 5to secundaria para mi hijo Maria.</b></p>",estimados quisiera saber los cuotas de 5to secundaria para mi hijo maria,ADMIS_COSTOS,estimado querer cuota 5to secundario hijo mario
Web,<p><b>reunión de admision para primer grado. Mi menor es Ana.</b></p>,reunion de admision para primer grado mi menor es ana,ADMIS_CITAS,reunion admision grado menor án
Web,<p><b>requisitos para traslado a inicial 5 años. Postulante: Valentina.</b></p>,requisitos para traslado a inicial 5 anos postulante valentina,ADMIS_REQUIS_DOC,requisito traslado inicial ano postulante valentín
Email,"Estimados, quisiera saber los cuotas de inicial 5 años para mi hijo Camila.",estimados quisiera saber los cuotas de inicial 5 anos para mi hijo camila,ADMIS_COSTOS,estimado querer cuota inicial ano hijo camilar
Web,REQUISITOS PARA TRASLADO A INICIAL 5 AÑOS. POSTULANTE: SEBASTIAN.,requisitos para traslado a inicial 5 anos postulante sebastian,ADMIS_REQUIS_DOC,requisito traslado inicial ano postulante sebastiar
WhatsApp,Saber si hay cupos en 5to secundaria para Sofia. Gracias.,saber si hay cupos en 5to secundaria para sofia gracias,ADMIS_VACANTES,cupo 5to secundario sofia gracias
WhatsApp,Saber si hay cupos en 6to primaria para Thiago. Gracias.,saber si hay cupos en 6to primaria para thiago gracias,ADMIS_VACANTES,cupo 6to primario thiago gracias
Email,"Estimados, quisiera saber los pagos de primer grado para mi hijo Thiago.",estimados quisiera saber los pagos de primer grado para mi hijo thiago,ADMIS_COSTOS,estimado querer pago grado hijo thiago
WhatsApp,Hola hay disponibilidad de ingreso para secundaria? Mi niño se llama Thiago.,hola hay disponibilidad de ingreso para secundaria mi nino se llama thiago,ADMIS_VACANTES,holar disponibilidad ingreso secundario nino llamar thiago
WhatsApp,Hola hay cupos para 1ero secundaria? Mi niño se llama Camila.,hola hay cupos para 1ero secundaria mi nino se llama camila,ADMIS_VACANTES,holar cupo 1ero secundario nino llamar camila
Web,documentación para traslado a 1ero secundaria. Postulante: Gabriel.,documentacion para traslado a 1ero secundaria postulante gabriel,ADMIS_REQUIS_DOC,documentacion traslado 1ero secundario postulante gabriel
Web,CITAS DE ADMISION PARA INICIAL 5 AÑOS. MI MENOR ES MARIA.,citas de admision para inicial 5 anos mi menor es maria,ADMIS_CITAS,cita admision inicial ano menor mario
Web,cronograma de admision para primer año. Mi menor es Juan.,cronograma de admision para primer ano mi menor es juan,ADMIS_CITAS,cronograma admision ano menor juan
Web,citas de admision para inicial 4 años. Mi menor es Nicolas.,citas de admision para inicial 4 anos mi menor es nicolas,ADMIS_CITAS,cita admision inicial ano menor nicola
Web,entrevistas de admision para inicial 5 años. Mi menor es Camila.,entrevistas de admision para inicial 5 anos mi menor es camila,ADMIS_CITAS,entrevista admision inicial ano menor camila
Web,reunión de admision para 5to secundaria. Mi menor es Valentina.,reunion de admision para 5to secundaria mi menor es valentina,ADMIS_CITAS,reunion admision 5to secundario menor valentín
Email,Solicito información de costos y detalles para 1ero secundaria. Atte: Gabriel.,solicito informacion de costos y detalles para 1ero secundaria atte gabriel,ADMIS_COSTOS,solicitar informacion costo detalle 1ero secundario atte gabriel
Web,reunión de admision para inicial 3 años. Mi menor es Gabriel.,reunion de admision para inicial 3 anos mi menor es gabriel,ADMIS_CITAS,reunion admision inicial ano menor gabriel
WhatsApp,Hola hay espacios para primer grado? Mi niño se llama Mateo.,hola hay espacios para primer grado mi nino se llama mateo,ADMIS_VACANTES,holar espacio grado nino llamar mateo
WhatsApp,<p><b>Hola hay lugares para primer año? Mi niño se llama Lucia.</b></p>,hola hay lugares para primer ano mi nino se llama lucia,ADMIS_VACANTES,holar lugar ano nino llamar lucia
Email,Solicito información de costos y detalles para 6to primaria. Atte: Lucia.,solicito informacion de costos y detalles para 6to primaria atte lucia,ADMIS_COSTOS,solicitar informacion costo detalle 6to primaria attar lucia
Web,papeles para traslado a inicial 4 años. Postulante: Thiago.,papeles para traslado a inicial 4 anos postulante thiago,ADMIS_REQUIS_DOC,papel traslado inicial ano postulante thiago
Email,Solicito información de mensualidad y detalles para 1ero primaria. Atte: Gabriel.,solicito informacion de mensualidad y detalles para 1ero primaria atte gabriel,ADMIS_COSTOS,solicitar informacion mensualidad detalle 1ero primario atte gabriel
WhatsApp,<p><b>Saber si hay vacantes en inicial 3 años para Juan. Gracias.</b></p>,saber si hay vacantes en inicial 3 anos para juan gracias,ADMIS_VACANTES,vacante inicial ano juan gracias
Email,SOLICITO INFORMACIÓN DE COSTOS Y DETALLES PARA 6TO PRIMARIA. ATTE: LUIS.,solicito informacion de costos y detalles para 6to primaria atte luis,ADMIS_COSTOS,solicitar informacion costo detalle 6to primaria atte luis
Email,SOLICITO INFORMACIÓN DE PAGOS Y DETALLES PARA INICIAL 4 AÑOS. ATTE: JUAN.,solicito informacion de pagos y detalles para inicial 4 anos atte juan,ADMIS_COSTOS,solicitar informacion pago detalle inicial anos atte juan
Email,SOLICITO INFORMACIÓN DE MENSUALIDAD Y DETALLES PARA 5TO SECUNDARIA. ATTE: LUCIA.,solicito informacion de mensualidad y detalles para 5to secundaria atte lucia,ADMIS_COSTOS,solicitar informacion mensualidad detalle 5to secundario atte lucia
Email,Solicito información de pagos y detalles para 1ero primaria. Atte: Nicolas.,solicito informacion de pagos y detalles para 1ero primaria atte nicolas,ADMIS_COSTOS,solicitar informacion pago detalle 1ero primario attar nicola
Email,"ESTIMADOS, QUISIERA SABER LOS PAGOS DE INICIAL 3 AÑOS PARA MI HIJO JUAN.",estimados quisiera saber los pagos de inicial 3 anos para mi hijo juan,ADMIS_COSTOS,estimado querer pago inicial ano hijo juan
Web,charlas de admision para 6to primaria. Mi menor es Valentina.,charlas de admision para 6to primaria mi menor es valentina,ADMIS_CITAS,charla admision 6to primario menor valentín
Web,documentos para traslado a primer año. Postulante: Camila.,documentos para traslado a primer ano postulante camila,ADMIS_REQUIS_DOC,documento traslado ano postulante camilar
WhatsApp,Saber si hay cupos en inicial 3 años para Sebastian. Gracias.,saber si hay cupos en inicial 3 anos para sebastian gracias,ADMIS_VACANTES,cupo inicial ano sebastiar gracias
WhatsApp,Hola hay disponibilidad de ingreso para 1ero primaria? Mi niño se llama Juan.,hola hay disponibilidad de ingreso para 1ero primaria mi nino se llama juan,ADMIS_VACANTES,holar disponibilidad ingreso 1ero primario nino llamar juan
WhatsApp,Saber si hay disponibilidad de ingreso en secundaria para Thiago. Gracias.,saber si hay disponibilidad de ingreso en secundaria para thiago gracias,ADMIS_VACANTES,disponibilidad ingreso secundaria thiago gracias
WhatsApp,<p><b>Hola hay vacantes para inicial 4 años? Mi niño se llama Camila.</b></p>,hola hay vacantes para inicial 4 anos mi nino se llama camila,ADMIS_VACANTES,holar vacante inicial ano nino llamar camila
Web,documentos para traslado a inicial 3 años. Postulante: Luis.,documentos para traslado a inicial 3 anos postulante luis,ADMIS_REQUIS_DOC,documento traslado inicial ano postulante luis
WhatsApp,Saber si hay cupos en primer año para Lucia. Gracias.,saber si hay cupos en primer ano para lucia gracias,ADMIS_VACANTES,cupo ano lucia gracias
Email,"Estimados, quisiera saber los pagos de 1ero secundaria para mi hijo Camila.",estimados quisiera saber los pagos de 1ero secundaria para mi hijo camila,ADMIS_COSTOS,estimado querer pago 1ero secundario hijo camilar
WhatsApp,Hola hay espacios para 1ero primaria? Mi niño se llama Camila.,hola hay espacios para 1ero primaria mi nino se llama camila,ADMIS_VACANTES,holar espacio 1ero primario nino llamar camila
Web,citas de admision para inicial 3 años. Mi menor es Valentina.,citas de admision para inicial 3 anos mi menor es valentina,ADMIS_CITAS,cita admision inicial ano menor valentín
Web,<p><b>ficha de matrícula para traslado a primer año. Postulante: Juan.</b></p>,ficha de matricula para traslado a primer ano postulante juan,ADMIS_REQUIS_DOC,ficha matricula traslado ano postulante juan
Email,Solicito información de pensiones y detalles para primer grado. Atte: Ana.,solicito informacion de pensiones y detalles para primer grado atte ana,ADMIS_COSTOS,solicitar informacion pensión detalle grado attar ana
Email,<p><b>Solicito información de pensiones y detalles para 1ero secundaria. Atte: Ana.</b></p>,solicito informacion de pensiones y detalles para 1ero secundaria atte ana,ADMIS_COSTOS,solicitar informacion pensión detalle 1ero secundario atte ana
Web,citas de admision para 1ero secundaria. Mi menor es Lucia.,citas de admision para 1ero secundaria mi menor es lucia,ADMIS_CITAS,cita admision 1ero secundario menor lucia
Web,partidas para traslado a inicial 5 años. Postulante: Elena.,partidas para traslado a inicial 5 anos postulante elena,ADMIS_REQUIS_DOC,partida traslado inicial ano postulante elén
Web,charlas de admision para 5to secundaria. Mi menor es Thiago.,charlas de admision para 5to secundaria mi menor es thiago,ADMIS_CITAS,charla admision 5to secundario menor thiago
WhatsApp,Hola hay disponibilidad de ingreso para 5to secundaria? Mi niño se llama Valentina.,hola hay disponibilidad de ingreso para 5to secundaria mi nino se llama valentina,ADMIS_VACANTES,holar disponibilidad ingreso 5to secundario nino llamar valentina
WhatsApp,Saber si hay cupos en inicial 4 años para Elena. Gracias.,saber si hay cupos en inicial 4 anos para elena gracias,ADMIS_VACANTES,cupo inicial ano elena gracias
WhatsApp,Hola hay lugares para primer año? Mi niño se llama Mateo.,hola hay lugares para primer ano mi nino se llama mateo,ADMIS_VACANTES,holar lugar ano nino llamar mateo
WhatsApp,Hola hay cupos para 1ero secundaria? Mi niño se llama Lucia.,hola hay cupos para 1ero secundaria mi nino se llama lucia,ADMIS_VACANTES,holar cupo 1ero secundario nino llamar lucia
Email,Solicito información de pagos y detalles para primer año. Atte: Juan.,solicito informacion de pagos y detalles para primer ano atte juan,ADMIS_COSTOS,solicitar informacion pago detalle ano atte juan
Email,"ESTIMADOS, QUISIERA SABER LOS PRECIOS DE INICIAL 4 AÑOS PARA MI HIJO SOFIA.",estimados quisiera saber los precios de inicial 4 anos para mi hijo sofia,ADMIS_COSTOS,estimado querer precio inicial ano hijo sofia
Web,requisitos para traslado a 1ero secundaria. Postulante: Juan.,requisitos para traslado a 1ero secundaria postulante juan,ADMIS_REQUIS_DOC,requisito traslado 1ero secundario postulante juan
WhatsApp,Saber si hay espacios en inicial 5 años para Maria. Gracias.,saber si hay espacios en inicial 5 anos para maria gracias,ADMIS_VACANTES,espacio inicial ano maria gracias
Web,papeles para traslado a 6to primaria. Postulante: Elena.,papeles para traslado a 6to primaria postulante elena,ADMIS_REQUIS_DOC,papel traslado 6to primaria postulante elén
Web,entrevistas de admision para secundaria. Mi menor es Elena.,entrevistas de admision para secundaria mi menor es elena,ADMIS_CITAS,entrevista admision secundario menor elén
WhatsApp,Hola hay lugares para secundaria? Mi niño se llama Gabriel.,hola hay lugares para secundaria mi nino se llama gabriel,ADMIS_VACANTES,holar lugar secundario nino llamar gabriel
WhatsApp,<p><b>Hola hay lugares para inicial 5 años? Mi niño se llama Mateo.</b></p>,hola hay lugares para inicial 5 anos mi nino se llama mateo,ADMIS_VACANTES,holar lugar inicial ano nino llamar mateo
WhatsApp,Hola hay disponibilidad de ingreso para 1ero primaria? Mi niño se llama Mateo.,hola hay disponibilidad de ingreso para 1ero primaria mi nino se llama mateo,ADMIS_VACANTES,holar disponibilidad ingreso 1ero primario nino llamar mateo
Email,Solicito información de cuotas y detalles para 5to secundaria. Atte: Ana.,solicito informacion de cuotas y detalles para 5to secundaria atte ana,ADMIS_COSTOS,solicitar informacion cuota detalle 5to secundario atte ana
WhatsApp,<p><b>Saber si hay disponibilidad de ingreso en secundaria para Maria. Gracias.</b></p>,saber si hay disponibilidad de ingreso en secundaria para maria gracias,ADMIS_VACANTES,disponibilidad ingreso secundaria maria gracias
Web,documentos para traslado a 1ero secundaria. Postulante: Gabriel.,documentos para traslado a 1ero secundaria postulante gabriel,ADMIS_REQUIS_DOC,documento traslado 1ero secundario postulante gabriel
Web,documentos para traslado a 5to secundaria. Postulante: Sebastian.,documentos para traslado a 5to secundaria postulante sebastian,ADMIS_REQUIS_DOC,documento traslado 5to secundario postulante sebastiar
Email,"Estimados, quisiera saber los mensualidad de primer año para mi hijo Valentina.",estimados quisiera saber los mensualidad de primer ano para mi hijo valentina,ADMIS_COSTOS,estimado querer mensualidad ano hijo valentín
Web,charlas de admision para 6to primaria. Mi menor es Camila.,charlas de admision para 6to primaria mi menor es camila,ADMIS_CITAS,charla admision 6to primario menor camila
WhatsApp,Saber si hay vacantes en 1ero primaria para Camila. Gracias.,saber si hay vacantes en 1ero primaria para camila gracias,ADMIS_VACANTES,vacante 1ero primario camila gracias
Email,Solicito información de cuotas y detalles para primer grado. Atte: Juan.,solicito informacion de cuotas y detalles para primer grado atte juan,ADMIS_COSTOS,solicitar informacion cuota detalle grado atte juan
Email,"Estimados, quisiera saber los cuotas de 6to primaria para mi hijo Sofia.",estimados quisiera saber los cuotas de 6to primaria para mi hijo sofia,ADMIS_COSTOS,estimado querer cuota 6to primario hijo sofia
Email,Solicito información de pagos y detalles para 6to primaria. Atte: Camila.,solicito informacion de pagos y detalles para 6to primaria atte camila,ADMIS_COSTOS,solicitar informacion pago detalle 6to primaria attar camilar
Web,<p><b>documentos para traslado a 1ero secundaria. Postulante: Elena.</b></p>,documentos para traslado a 1ero secundaria postulante elena,ADMIS_REQUIS_DOC,documento traslado 1ero secundario postulante elén
Email,<p><b>Solicito información de cuotas y detalles para 1ero secundaria. Atte: Elena.</b></p>,solicito informacion de cuotas y detalles para 1ero secundaria atte elena,ADMIS_COSTOS,solicitar informacion cuota detalle 1ero secundario atte elén
Web,CRONOGRAMA DE ADMISION PARA INICIAL 5 AÑOS. MI MENOR ES VALENTINA.,cronograma de admision para inicial 5 anos mi menor es valentina,ADMIS_CITAS,cronograma admision inicial ano menor valentín
Web,reunión de admision para 1ero secundaria. Mi menor es Camila.,reunion de admision para 1ero secundaria mi menor es camila,ADMIS_CITAS,reunion admision 1ero secundario menor camila
Web,<p><b>citas de admision para primer grado. Mi menor es Ana.</b></p>,citas de admision para primer grado mi menor es ana,ADMIS_CITAS,cita admision grado menor án
WhatsApp,Hola hay vacantes para inicial 5 años? Mi niño se llama Juan.,hola hay vacantes para inicial 5 anos mi nino se llama juan,ADMIS_VACANTES,holar vacante inicial ano nino llamar juan
WhatsApp,<p><b>Hola hay espacios para primer grado? Mi niño se llama Maria.</b></p>,hola hay espacios para primer grado mi nino se llama maria,ADMIS_VACANTES,holar espacio grado nino llamar mario
Email,Solicito información de pensiones y detalles para 1ero secundaria. Atte: Valentina.,solicito informacion de pensiones y detalles para 1ero secundaria atte valentina,ADMIS_COSTOS,solicitar informacion pensión detalle 1ero secundario atte valentín
Email,Solicito información de pensiones y detalles para 1ero secundaria. Atte: Sebastian.,solicito informacion de pensiones y detalles para 1ero secundaria atte sebastian,ADMIS_COSTOS,solicitar informacion pensión detalle 1ero secundario atte sebastiar
WhatsApp,Hola hay cupos para primer año? Mi niño se llama Sofia.,hola hay cupos para primer ano mi nino se llama sofia,ADMIS_VACANTES,holar cupo ano nino llamar sofia
Web,requisitos para traslado a inicial 3 años. Postulante: Lucia.,requisitos para traslado a inicial 3 anos postulante lucia,ADMIS_REQUIS_DOC,requisito traslado inicial ano postulante lucia
Web,charlas de admision para inicial 3 años. Mi menor es Juan.,charlas de admision para inicial 3 anos mi menor es juan,ADMIS_CITAS,charla admision inicial ano menor juan
WhatsApp,Hola hay espacios para inicial 4 años? Mi niño se llama Ana.,hola hay espacios para inicial 4 anos mi nino se llama ana,ADMIS_VACANTES,holar espacio inicial ano nino llamar án
Email,<p><b>Solicito información de costos y detalles para inicial 5 años. Atte: Elena.</b></p>,solicito informacion de costos y detalles para inicial 5 anos atte elena,ADMIS_COSTOS,solicitar informacion costo detalle inicial anos atte elén
WhatsApp,Hola hay cupos para secundaria? Mi niño se llama Juan.,hola hay cupos para secundaria mi nino se llama juan,ADMIS_VACANTES,holar cupo secundario nino llamar juan
WhatsApp,SABER SI HAY VACANTES EN 5TO SECUNDARIA PARA PEDRO. GRACIAS.,saber si hay vacantes en 5to secundaria para pedro gracias,ADMIS_VACANTES,vacante 5to secundario pedro gracias
Email,"Estimados, quisiera saber los mensualidad de 6to primaria para mi hijo Elena.",estimados quisiera saber los mensualidad de 6to primaria para mi hijo elena,ADMIS_COSTOS,estimado querer mensualidad 6to primario hijo elena
Web,<p><b>documentación para traslado a secundaria. Postulante: Thiago.</b></p>,documentacion para traslado a secundaria postulante thiago,ADMIS_REQUIS_DOC,documentacion traslado secundaria postulante thiago
Web,documentación para traslado a primer grado. Postulante: Maria.,documentacion para traslado a primer grado postulante maria,ADMIS_REQUIS_DOC,documentacion traslado grado postulante mario
Email,Solicito información de pensiones y detalles para primer año. Atte: Elena.,solicito informacion de pensiones y detalles para primer ano atte elena,ADMIS_COSTOS,solicitar informacion pensión detalle ano atte elena
Email,"Estimados, quisiera saber los mensualidad de primer grado para mi hijo Sofia.",estimados quisiera saber los mensualidad de primer grado para mi hijo sofia,ADMIS_COSTOS,estimado querer mensualidad grado hijo sofia
Email,<p><b>Solicito información de pensiones y detalles para inicial 5 años. Atte: Valentina.</b></p>,solicito informacion de pensiones y detalles para inicial 5 anos atte valentina,ADMIS_COSTOS,solicitar informacion pensión detalle inicial anos atte valentín
Email,"Estimados, quisiera saber los costos de 1ero primaria para mi hijo Sofia.",estimados quisiera saber los costos de 1ero primaria para mi hijo sofia,ADMIS_COSTOS,estimado querer costo 1ero primario hijo sofia
Web,documentos para traslado a inicial 4 años. Postulante: Valentina.,documentos para traslado a inicial 4 anos postulante valentina,ADMIS_REQUIS_DOC,documento traslado inicial ano postulante valentín
Email,"Estimados, quisiera saber los pensiones de inicial 4 años para mi hijo Thiago.",estimados quisiera saber los pensiones de inicial 4 anos para mi hijo thiago,ADMIS_COSTOS,estimado querer pensión inicial ano hijo thiago
Email,SOLICITO INFORMACIÓN DE CUOTAS Y DETALLES PARA INICIAL 5 AÑOS. ATTE: ANA.,solicito informacion de cuotas y detalles para inicial 5 anos atte ana,ADMIS_COSTOS,solicitar informacion cuota detalle inicial anos attir ana
WhatsApp,Saber si hay disponibilidad de ingreso en primer año para Lucia. Gracias.,saber si hay disponibilidad de ingreso en primer ano para lucia gracias,ADMIS_VACANTES,disponibilidad ingreso ano lucia gracias
WhatsApp,<p><b>Hola hay espacios para primer grado? Mi niño se llama Elena.</b></p>,hola hay espacios para primer grado mi nino se llama elena,ADMIS_VACANTES,holar espacio grado nino llamar elena
WhatsApp,Hola hay vacantes para primer grado? Mi niño se llama Nicolas.,hola hay vacantes para primer grado mi nino se llama nicolas,ADMIS_VACANTES,holar vacante grado nino llamar nicola
Email,SOLICITO INFORMACIÓN DE MENSUALIDAD Y DETALLES PARA INICIAL 3 AÑOS. ATTE: JUAN.,solicito informacion de mensualidad y detalles para inicial 3 anos atte juan,ADMIS_COSTOS,solicitar informacion mensualidad detalle inicial anos atte juan
WhatsApp,Hola hay lugares para 6to primaria? Mi niño se llama Pedro.,hola hay lugares para 6to primaria mi nino se llama pedro,ADMIS_VACANTES,holar lugar 6to primario nino llamar pedro
Email,"Estimados, quisiera saber los mensualidad de inicial 4 años para mi hijo Valentina.",estimados quisiera saber los mensualidad de inicial 4 anos para mi hijo valentina,ADMIS_COSTOS,estimado querer mensualidad inicial ano hijo valentín
Web,<p><b>entrevistas de admision para secundaria. Mi menor es Gabriel.</b></p>,entrevistas de admision para secundaria mi menor es gabriel,ADMIS_CITAS,entrevista admision secundario menor gabriel
Web,entrevistas de admision para secundaria. Mi menor es Mateo.,entrevistas de admision para secundaria mi menor es mateo,ADMIS_CITAS,entrevista admision secundario menor mateo
WhatsApp,Saber si hay lugares en inicial 4 años para Juan. Gracias.,saber si hay lugares en inicial 4 anos para juan gracias,ADMIS_VACANTES,lugar inicial ano juan gracias
WhatsApp,Saber si hay lugares en inicial 3 años para Juan. Gracias.,saber si hay lugares en inicial 3 anos para juan gracias,ADMIS_VACANTES,lugar inicial ano juan gracias
WhatsApp,Saber si hay vacantes en inicial 5 años para Lucia. Gracias.,saber si hay vacantes en inicial 5 anos para lucia gracias,ADMIS_VACANTES,vacante inicial ano lucia gracias
Web,entrevistas de admision para 1ero primaria. Mi menor es Luis.,entrevistas de admision para 1ero primaria mi menor es luis,ADMIS_CITAS,entrevista admision 1ero primario menor luis
WhatsApp,Saber si hay espacios en inicial 3 años para Lucia. Gracias.,saber si hay espacios en inicial 3 anos para lucia gracias,ADMIS_VACANTES,espacio inicial ano lucia gracias
Web,reunión de admision para inicial 3 años. Mi menor es Sebastian.,reunion de admision para inicial 3 anos mi menor es sebastian,ADMIS_CITAS,reunion admision inicial ano menor sebastiar
Web,partidas para traslado a inicial 4 años. Postulante: Luis.,partidas para traslado a inicial 4 anos postulante luis,ADMIS_REQUIS_DOC,partida traslado inicial ano postulante luis
WhatsApp,Saber si hay espacios en primer grado para Valentina. Gracias.,saber si hay espacios en primer grado para valentina gracias,ADMIS_VACANTES,espacio grado valentina gracias
Email,"Estimados, quisiera saber los cuotas de 5to secundaria para mi hijo Sebastian.",estimados quisiera saber los cuotas de 5to secundaria para mi hijo sebastian,ADMIS_COSTOS,estimado querer cuota 5to secundario hijo sebastiar
WhatsApp,<p><b>Saber si hay vacantes en inicial 3 años para Lucia. Gracias.</b></p>,saber si hay vacantes en inicial 3 anos para lucia gracias,ADMIS_VACANTES,vacante inicial ano lucia gracias
Web,papeles para traslado a inicial 4 años. Postulante: Sebastian.,papeles para traslado a inicial 4 anos postulante sebastian,ADMIS_REQUIS_DOC,papel traslado inicial ano postulante sebastiar
WhatsApp,Saber si hay cupos en primer grado para Maria. Gracias.,saber si hay cupos en primer grado para maria gracias,ADMIS_VACANTES,cupo grado maria gracias
Email,<p><b>Solicito información de precios y detalles para secundaria. Atte: Ana.</b></p>,solicito informacion de precios y detalles para secundaria atte ana,ADMIS_COSTOS,solicitar informacion precio detalle secundario atte ana
WhatsApp,Hola hay espacios para 1ero secundaria? Mi niño se llama Maria.,hola hay espacios para 1ero secundaria mi nino se llama maria,ADMIS_VACANTES,holar espacio 1ero secundario nino llamar mario
Email,Solicito información de precios y detalles para 1ero primaria. Atte: Sebastian.,solicito informacion de precios y detalles para 1ero primaria atte sebastian,ADMIS_COSTOS,solicitar informacion precio detalle 1ero primario atte sebastiar
WhatsApp,<p><b>Saber si hay disponibilidad de ingreso en inicial 3 años para Nicolas. Gracias.</b></p>,saber si hay disponibilidad de ingreso en inicial 3 anos para nicolas gracias,ADMIS_VACANTES,disponibilidad ingreso inicial ano nico él gracia
Web,papeles para traslado a 1ero secundaria. Postulante: Elena.,papeles para traslado a 1ero secundaria postulante elena,ADMIS_REQUIS_DOC,papel traslado 1ero secundario postulante elén
WhatsApp,<p><b>Hola hay espacios para 5to secundaria? Mi niño se llama Maria.</b></p>,hola hay espacios para 5to secundaria mi nino se llama maria,ADMIS_VACANTES,holar espacio 5to secundario nino llamar mario
Web,documentación para traslado a 5to secundaria. Postulante: Thiago.,documentacion para traslado a 5to secundaria postulante thiago,ADMIS_REQUIS_DOC,documentacion traslado 5to secundario postulante thiago
Email,"Estimados, quisiera saber los precios de secundaria para mi hijo Sofia.",estimados quisiera saber los precios de secundaria para mi hijo sofia,ADMIS_COSTOS,estimado querer precio secundaria hijo sofia
Email,"ESTIMADOS, QUISIERA SABER LOS PENSIONES DE 1ERO SECUNDARIA PARA MI HIJO LUCIA.",estimados quisiera saber los pensiones de 1ero secundaria para mi hijo lucia,ADMIS_COSTOS,estimado querer pensión 1ero secundario hijo lucia
Web,<p><b>cronograma de admision para 5to secundaria. Mi menor es Elena.</b></p>,cronograma de admision para 5to secundaria mi menor es elena,ADMIS_CITAS,cronograma admision 5to secundario menor elén
Web,REQUISITOS PARA TRASLADO A 1ERO SECUNDARIA. POSTULANTE: LUIS.,requisitos para traslado a 1ero secundaria postulante luis,ADMIS_REQUIS_DOC,requisito traslado 1ero secundario postulante luis
Web,<p><b>entrevistas de admision para primer año. Mi menor es Ana.</b></p>,entrevistas de admision para primer ano mi menor es ana,ADMIS_CITAS,entrevista admision ano menor án
Web,<p><b>papeles para traslado a inicial 5 años. Postulante: Maria.</b></p>,papeles para traslado a inicial 5 anos postulante maria,ADMIS_REQUIS_DOC,papel traslado inicial ano postulante mario
WhatsApp,Saber si hay cupos en 1ero primaria para Maria. Gracias.,saber si hay cupos en 1ero primaria para maria gracias,ADMIS_VACANTES,cupo 1ero primario maria gracias
Email,Solicito información de costos y detalles para 1ero secundaria. Atte: Camila.,solicito informacion de costos y detalles para 1ero secundaria atte camila,ADMIS_COSTOS,solicitar informacion costo detalle 1ero secundario atte camilar
Web,ficha de matrícula para traslado a 1ero primaria. Postulante: Lucia.,ficha de matricula para traslado a 1ero primaria postulante lucia,ADMIS_REQUIS_DOC,ficha matricula traslado 1ero primaria postulante lucia
Email,Solicito información de cuotas y detalles para inicial 3 años. Atte: Sofia.,solicito informacion de cuotas y detalles para inicial 3 anos atte sofia,ADMIS_COSTOS,solicitar informacion cuota detalle inicial anos atte sofia
Web,CRONOGRAMA DE ADMISION PARA INICIAL 3 AÑOS. MI MENOR ES JUAN.,cronograma de admision para inicial 3 anos mi menor es juan,ADMIS_CITAS,cronograma admision inicial ano menor juan
WhatsApp,Saber si hay disponibilidad de ingreso en inicial 5 años para Nicolas. Gracias.,saber si hay disponibilidad de ingreso en inicial 5 anos para nicolas gracias,ADMIS_VACANTES,disponibilidad ingreso inicial ano nico él gracia
Web,ficha de matrícula para traslado a 1ero primaria. Postulante: Pedro.,ficha de matricula para traslado a 1ero primaria postulante pedro,ADMIS_REQUIS_DOC,ficha matricula traslado 1ero primaria postulante pedro
Email,"ESTIMADOS, QUISIERA SABER LOS PENSIONES DE INICIAL 5 AÑOS PARA MI HIJO NICOLAS.",estimados quisiera saber los pensiones de inicial 5 anos para mi hijo nicolas,ADMIS_COSTOS,estimado querer pensión inicial ano hijo nicola
Email,"<p><b>Estimados, quisiera saber los costos de 1ero secundaria para mi hijo Elena.</b></p>",estimados quisiera saber los costos de 1ero secundaria para mi hijo elena,ADMIS_COSTOS,estimado querer costo 1ero secundario hijo elena
Email,"Estimados, quisiera saber los cuotas de inicial 4 años para mi hijo Pedro.",estimados quisiera saber los cuotas de inicial 4 anos para mi hijo pedro,ADMIS_COSTOS,estimado querer cuota inicial ano hijo pedro
WhatsApp,Hola hay vacantes para inicial 4 años? Mi niño se llama Juan.,hola hay vacantes para inicial 4 anos mi nino se llama juan,ADMIS_VACANTES,holar vacante inicial ano nino llamar juan
WhatsApp,Hola hay disponibilidad de ingreso para inicial 5 años? Mi niño se llama Maria.,hola hay disponibilidad de ingreso para inicial 5 anos mi nino se llama maria,ADMIS_VACANTES,holar disponibilidad ingreso inicial ano nino llamar mario
WhatsApp,Saber si hay lugares en inicial 3 años para Elena. Gracias.,saber si hay lugares en inicial 3 anos para elena gracias,ADMIS_VACANTES,lugar inicial ano elena gracias
Web,CRONOGRAMA DE ADMISION PARA INICIAL 4 AÑOS. MI MENOR ES THIAGO.,cronograma de admision para inicial 4 anos mi menor es thiago,ADMIS_CITAS,cronograma admision inicial ano menor thiago
Web,<p><b>cronograma de admision para 6to primaria. Mi menor es Ana.</b></p>,cronograma de admision para 6to primaria mi menor es ana,ADMIS_CITAS,cronograma admision 6to primario menor án
WhatsApp,Saber si hay vacantes en inicial 5 años para Juan. Gracias.,saber si hay vacantes en inicial 5 anos para juan gracias,ADMIS_VACANTES,vacante inicial ano juan gracias
Email,"Estimados, quisiera saber los pensiones de primer grado para mi hijo Elena.",estimados quisiera saber los pensiones de primer grado para mi hijo elena,ADMIS_COSTOS,estimado querer pensión grado hijo elena
Web,partidas para traslado a secundaria. Postulante: Lucia.,partidas para traslado a secundaria postulante lucia,ADMIS_REQUIS_DOC,partida traslado secundaria postulante lucia
Email,SOLICITO INFORMACIÓN DE PENSIONES Y DETALLES PARA INICIAL 5 AÑOS. ATTE: MATEO.,solicito informacion de pensiones y detalles para inicial 5 anos atte mateo,ADMIS_COSTOS,solicitar informacion pensión detalle inicial anos atte mateo
WhatsApp,SABER SI HAY DISPONIBILIDAD DE INGRESO EN INICIAL 4 AÑOS PARA LUCIA. GRACIAS.,saber si hay disponibilidad de ingreso en inicial 4 anos para lucia gracias,ADMIS_VACANTES,disponibilidad ingreso inicial ano lucia gracias
Email,SOLICITO INFORMACIÓN DE PRECIOS Y DETALLES PARA 1ERO PRIMARIA. ATTE: PEDRO.,solicito informacion de precios y detalles para 1ero primaria atte pedro,ADMIS_COSTOS,solicitar informacion precio detalle 1ero primario atte pedro
Email,Solicito información de cuotas y detalles para primer año. Atte: Valentina.,solicito informacion de cuotas y detalles para primer ano atte valentina,ADMIS_COSTOS,solicitar informacion cuota detalle ano attar valentín
Web,papeles para traslado a inicial 4 años. Postulante: Maria.,papeles para traslado a inicial 4 anos postulante maria,ADMIS_REQUIS_DOC,papel traslado inicial ano postulante mario
Email,"Estimados, quisiera saber los pensiones de 1ero secundaria para mi hijo Elena.",estimados quisiera saber los pensiones de 1ero secundaria para mi hijo elena,ADMIS_COSTOS,estimado querer pensión 1ero secundario hijo elena
WhatsApp,Saber si hay cupos en primer grado para Sofia. Gracias.,saber si hay cupos en primer grado para sofia gracias,ADMIS_VACANTES,cupo grado sofia gracias
WhatsApp,<p><b>Saber si hay cupos en 5to secundaria para Ana. Gracias.</b></p>,saber si hay cupos en 5to secundaria para ana gracias,ADMIS_VACANTES,cupo 5to secundario ana gracias
Email,"Estimados, quisiera saber los mensualidad de secundaria para mi hijo Maria.",estimados quisiera saber los mensualidad de secundaria para mi hijo maria,ADMIS_COSTOS,estimado querer mensualidad secundaria hijo mario
WhatsApp,SABER SI HAY ESPACIOS EN PRIMER GRADO PARA MARIA. GRACIAS.,saber si hay espacios en primer grado para maria gracias,ADMIS_VACANTES,espacio grado maria gracias
Web,documentación para traslado a primer grado. Postulante: Gabriel.,documentacion para traslado a primer grado postulante gabriel,ADMIS_REQUIS_DOC,documentacion traslado grado postulante gabriel
WhatsApp,Hola hay lugares para 1ero secundaria? Mi niño se llama Luis.,hola hay lugares para 1ero secundaria mi nino se llama luis,ADMIS_VACANTES,holar lugar 1ero secundario nino llamar luis
Email,"Estimados, quisiera saber los costos de primer grado para mi hijo Valentina.",estimados quisiera saber los costos de primer grado para mi hijo valentina,ADMIS_COSTOS,estimado querer costo grado hijo valentín
Email,"<p><b>Estimados, quisiera saber los costos de 5to secundaria para mi hijo Ana.</b></p>",estimados quisiera saber los costos de 5to secundaria para mi hijo ana,ADMIS_COSTOS,estimado querer costo 5to secundario hijo án
Web,requisitos para traslado a secundaria. Postulante: Thiago.,requisitos para traslado a secundaria postulante thiago,ADMIS_REQUIS_DOC,requisito traslado secundaria postulante thiago
Web,<p><b>entrevistas de admision para 5to secundaria. Mi menor es Valentina.</b></p>,entrevistas de admision para 5to secundaria mi menor es valentina,ADMIS_CITAS,entrevista admision 5to secundario menor valentín
Email,Solicito información de mensualidad y detalles para primer grado. Atte: Lucia.,solicito informacion de mensualidad y detalles para primer grado atte lucia,ADMIS_COSTOS,solicitar informacion mensualidad detalle grado attar lucia
WhatsApp,Saber si hay disponibilidad de ingreso en primer grado para Elena. Gracias.,saber si hay disponibilidad de ingreso en primer grado para elena gracias,ADMIS_VACANTES,disponibilidad ingreso grado elena gracias
Email,"ESTIMADOS, QUISIERA SABER LOS COSTOS DE PRIMER GRADO PARA MI HIJO CAMILA.",estimados quisiera saber los costos de primer grado para mi hijo camila,ADMIS_COSTOS,estimado querer costo grado hijo camilar
WhatsApp,HOLA HAY LUGARES PARA 1ERO SECUNDARIA? MI NIÑO SE LLAMA ANA.,hola hay lugares para 1ero secundaria mi nino se llama ana,ADMIS_VACANTES,holar lugar 1ero secundario nino llamar án
Web,ficha de matrícula para traslado a 1ero secundaria. Postulante: Elena.,ficha de matricula para traslado a 1ero secundaria postulante elena,ADMIS_REQUIS_DOC,ficha matricula traslado 1ero secundario postulante elén
WhatsApp,Hola hay disponibilidad de ingreso para 1ero secundaria? Mi niño se llama Sofia.,hola hay disponibilidad de ingreso para 1ero secundaria mi nino se llama sofia,ADMIS_VACANTES,holar disponibilidad ingreso 1ero secundario nino llamar sofia
WhatsApp,<p><b>Hola hay lugares para primer grado? Mi niño se llama Valentina.</b></p>,hola hay lugares para primer grado mi nino se llama valentina,ADMIS_VACANTES,holar lugar grado nino llamar valentina
Email,SOLICITO INFORMACIÓN DE PRECIOS Y DETALLES PARA 1ERO PRIMARIA. ATTE: ANA.,solicito informacion de precios y detalles para 1ero primaria atte ana,ADMIS_COSTOS,solicitar informacion precio detalle 1ero primario attar ana
Web,requisitos para traslado a inicial 4 años. Postulante: Valentina.,requisitos para traslado a inicial 4 anos postulante valentina,ADMIS_REQUIS_DOC,requisito traslado inicial ano postulante valentín
Web,entrevistas de admision para 1ero primaria. Mi menor es Ana.,entrevistas de admision para 1ero primaria mi menor es ana,ADMIS_CITAS,entrevista admision 1ero primario menor án
Email,"Estimados, quisiera saber los cuotas de inicial 5 años para mi hijo Juan.",estimados quisiera saber los cuotas de inicial 5 anos para mi hijo juan,ADMIS_COSTOS,estimado querer cuota inicial ano hijo juan
Web,<p><b>entrevistas de admision para inicial 4 años. Mi menor es Nicolas.</b></p>,entrevistas de admision para inicial 4 anos mi menor es nicolas,ADMIS_CITAS,entrevista admision inicial ano menor nicola
Email,"Estimados, quisiera saber los pensiones de secundaria para mi hijo Lucia.",estimados quisiera saber los pensiones de secundaria para mi hijo lucia,ADMIS_COSTOS,estimado querer pensión secundaria hijo lucia
WhatsApp,SABER SI HAY CUPOS EN 1ERO SECUNDARIA PARA MARIA. GRACIAS.,saber si hay cupos en 1ero secundaria para maria gracias,ADMIS_VACANTES,cupo 1ero secundario maria gracias
Web,reunión de admision para 6to primaria. Mi menor es Gabriel.,reunion de admision para 6to primaria mi menor es gabriel,ADMIS_CITAS,reunion admision 6to primario menor gabriel
Email,Solicito información de mensualidad y detalles para secundaria. Atte: Valentina.,solicito informacion de mensualidad y detalles para secundaria atte valentina,ADMIS_COSTOS,solicitar informacion mensualidad detalle secundario atte valentín
Email,<p><b>Solicito información de pensiones y detalles para 6to primaria. Atte: Valentina.</b></p>,solicito informacion de pensiones y detalles para 6to primaria atte valentina,ADMIS_COSTOS,solicitar informacion pensión detalle 6to primaria atte valentín
WhatsApp,<p><b>Hola hay espacios para inicial 4 años? Mi niño se llama Camila.</b></p>,hola hay espacios para inicial 4 anos mi nino se llama camila,ADMIS_VACANTES,holar espacio inicial ano nino llamar camila
Email,"Estimados, quisiera saber los mensualidad de secundaria para mi hijo Valentina.",estimados quisiera saber los mensualidad de secundaria para mi hijo valentina,ADMIS_COSTOS,estimado querer mensualidad secundaria hijo valentín
WhatsApp,Saber si hay espacios en inicial 3 años para Gabriel. Gracias.,saber si hay espacios en inicial 3 anos para gabriel gracias,ADMIS_VACANTES,espacio inicial ano gabriel gracias
Email,"Estimados, quisiera saber los pensiones de 1ero secundaria para mi hijo Nicolas.",estimados quisiera saber los pensiones de 1ero secundaria para mi hijo nicolas,ADMIS_COSTOS,estimado querer pensión 1ero secundario hijo nicola
Web,documentación para traslado a inicial 3 años. Postulante: Valentina.,documentacion para traslado a inicial 3 anos postulante valentina,ADMIS_REQUIS_DOC,documentacion traslado inicial ano postulante valentín
Web,<p><b>requisitos para traslado a primer año. Postulante: Lucia.</b></p>,requisitos para traslado a primer ano postulante lucia,ADMIS_REQUIS_DOC,requisito traslado ano postulante lucia
Email,<p><b>Solicito información de cuotas y detalles para 1ero secundaria. Atte: Lucia.</b></p>,solicito informacion de cuotas y detalles para 1ero secundaria atte lucia,ADMIS_COSTOS,solicitar informacion cuota detalle 1ero secundario atte lucia
WhatsApp,Hola hay espacios para primer año? Mi niño se llama Valentina.,hola hay espacios para primer ano mi nino se llama valentina,ADMIS_VACANTES,holar espacio ano nino llamar valentina
Web,documentos para traslado a inicial 5 años. Postulante: Juan.,documentos para traslado a inicial 5 anos postulante juan,ADMIS_REQUIS_DOC,documento traslado inicial ano postulante juan
Email,<p><b>Solicito información de cuotas y detalles para inicial 5 años. Atte: Gabriel.</b></p>,solicito informacion de cuotas y detalles para inicial 5 anos atte gabriel,ADMIS_COSTOS,solicitar informacion cuota detalle inicial anos atte gabriel
Email,<p><b>Solicito información de pagos y detalles para 5to secundaria. Atte: Maria.</b></p>,solicito informacion de pagos y detalles para 5to secundaria atte maria,ADMIS_COSTOS,solicitar informacion pago detalle 5to secundario atte mario
WhatsApp,Saber si hay vacantes en 1ero primaria para Mateo. Gracias.,saber si hay vacantes en 1ero primaria para mateo gracias,ADMIS_VACANTES,vacante 1ero primario mateo gracias
Web,CHARLAS DE ADMISION PARA 5TO SECUNDARIA. MI MENOR ES VALENTINA.,charlas de admision para 5to secundaria mi menor es valentina,ADMIS_CITAS,charla admision 5to secundario menor valentín
WhatsApp,<p><b>Saber si hay disponibilidad de ingreso en primer año para Ana. Gracias.</b></p>,saber si hay disponibilidad de ingreso en primer ano para ana gracias,ADMIS_VACANTES,disponibilidad ingreso ano ana gracias
WhatsApp,<p><b>Saber si hay espacios en 1ero secundaria para Pedro. Gracias.</b></p>,saber si hay espacios en 1ero secundaria para pedro gracias,ADMIS_VACANTES,espacio 1ero secundario pedro gracias
WhatsApp,Saber si hay cupos en primer grado para Mateo. Gracias.,saber si hay cupos en primer grado para mateo gracias,ADMIS_VACANTES,cupo grado mateo gracias
WhatsApp,Saber si hay vacantes en 6to primaria para Nicolas. Gracias.,saber si hay vacantes en 6to primaria para nicolas gracias,ADMIS_VACANTES,vacante 6to primario nico él gracia
Email,"Estimados, quisiera saber los pagos de 1ero secundaria para mi hijo Juan.",estimados quisiera saber los pagos de 1ero secundaria para mi hijo juan,ADMIS_COSTOS,estimado querer pago 1ero secundario hijo juan
Web,<p><b>requisitos para traslado a inicial 3 años. Postulante: Elena.</b></p>,requisitos para traslado a inicial 3 anos postulante elena,ADMIS_REQUIS_DOC,requisito traslado inicial ano postulante elén
Web,partidas para traslado a 6to primaria. Postulante: Valentina.,partidas para traslado a 6to primaria postulante valentina,ADMIS_REQUIS_DOC,partida traslado 6to primaria postulante valentín
WhatsApp,Hola hay disponibilidad de ingreso para primer grado? Mi niño se llama Juan.,hola hay disponibilidad de ingreso para primer grado mi nino se llama juan,ADMIS_VACANTES,holar disponibilidad ingreso grado nino llamar juan
Web,CRONOGRAMA DE ADMISION PARA PRIMER GRADO. MI MENOR ES JUAN.,cronograma de admision para primer grado mi menor es juan,ADMIS_CITAS,cronograma admision grado menor juan
Email,Solicito información de pagos y detalles para 1ero secundaria. Atte: Thiago.,solicito informacion de pagos y detalles para 1ero secundaria atte thiago,ADMIS_COSTOS,solicitar informacion pago detalle 1ero secundario atte thiago
Web,<p><b>reunión de admision para 5to secundaria. Mi menor es Juan.</b></p>,reunion de admision para 5to secundaria mi menor es juan,ADMIS_CITAS,reunion admision 5to secundario menor juan
Web,documentación para traslado a primer año. Postulante: Sofia.,documentacion para traslado a primer ano postulante sofia,ADMIS_REQUIS_DOC,documentacion traslado ano postulante sofia
Web,charlas de admision para inicial 3 años. Mi menor es Nicolas.,charlas de admision para inicial 3 anos mi menor es nicolas,ADMIS_CITAS,charla admision inicial ano menor nicola
WhatsApp,Hola hay lugares para inicial 3 años? Mi niño se llama Elena.,hola hay lugares para inicial 3 anos mi nino se llama elena,ADMIS_VACANTES,holar lugar inicial ano nino llamar elena
Email,"Estimados, quisiera saber los pensiones de 6to primaria para mi hijo Juan.",estimados quisiera saber los pensiones de 6to primaria para mi hijo juan,ADMIS_COSTOS,estimado querer pensión 6to primario hijo juan
WhatsApp,Saber si hay lugares en inicial 4 años para Maria. Gracias.,saber si hay lugares en inicial 4 anos para maria gracias,ADMIS_VACANTES,lugar inicial ano maria gracias
WhatsApp,Saber si hay disponibilidad de ingreso en 1ero secundaria para Luis. Gracias.,saber si hay disponibilidad de ingreso en 1ero secundaria para luis gracias,ADMIS_VACANTES,disponibilidad ingreso 1ero secundario luis gracias
WhatsApp,Saber si hay cupos en 5to secundaria para Camila. Gracias.,saber si hay cupos en 5to secundaria para camila gracias,ADMIS_VACANTES,cupo 5to secundario camila gracias
Email,"<p><b>Estimados, quisiera saber los costos de inicial 3 años para mi hijo Ana.</b></p>",estimados quisiera saber los costos de inicial 3 anos para mi hijo ana,ADMIS_COSTOS,estimado querer costo inicial ano hijo án
Web,entrevistas de admision para primer grado. Mi menor es Thiago.,entrevistas de admision para primer grado mi menor es thiago,ADMIS_CITAS,entrevista admision grado menor thiago
Email,Solicito información de mensualidad y detalles para primer año. Atte: Pedro.,solicito informacion de mensualidad y detalles para primer ano atte pedro,ADMIS_COSTOS,solicitar informacion mensualidad detalle ano atte pedro
Web,<p><b>reunión de admision para secundaria. Mi menor es Sebastian.</b></p>,reunion de admision para secundaria mi menor es sebastian,ADMIS_CITAS,reunion admision secundario menor sebastiar
Email,Solicito información de costos y detalles para 6to primaria. Atte: Ana.,solicito informacion de costos y detalles para 6to primaria atte ana,ADMIS_COSTOS,solicitar informacion costo detalle 6to primaria attar ana
Web,citas de admision para inicial 5 años. Mi menor es Gabriel.,citas de admision para inicial 5 anos mi menor es gabriel,ADMIS_CITAS,cita admision inicial ano menor gabriel
WhatsApp,Hola hay cupos para primer grado? Mi niño se llama Elena.,hola hay cupos para primer grado mi nino se llama elena,ADMIS_VACANTES,holar cupo grado nino llamar elena
Web,ENTREVISTAS DE ADMISION PARA PRIMER GRADO. MI MENOR ES CAMILA.,entrevistas de admision para primer grado mi menor es camila,ADMIS_CITAS,entrevista admision grado menor camila
Web,REUNIÓN DE ADMISION PARA INICIAL 3 AÑOS. MI MENOR ES SOFIA.,reunion de admision para inicial 3 anos mi menor es sofia,ADMIS_CITAS,reunion admision inicial ano menor sofia
Web,documentos para traslado a primer año. Postulante: Maria.,documentos para traslado a primer ano postulante maria,ADMIS_REQUIS_DOC,documento traslado ano postulante mario
WhatsApp,<p><b>Hola hay cupos para 5to secundaria? Mi niño se llama Lucia.</b></p>,hola hay cupos para 5to secundaria mi nino se llama lucia,ADMIS_VACANTES,holar cupo 5to secundario nino llamar lucia
Web,ficha de matrícula para traslado a primer grado. Postulante: Sofia.,ficha de matricula para traslado a primer grado postulante sofia,ADMIS_REQUIS_DOC,ficha matricula traslado grado postulante sofia
Email,"Estimados, quisiera saber los mensualidad de inicial 5 años para mi hijo Elena.",estimados quisiera saber los mensualidad de inicial 5 anos para mi hijo elena,ADMIS_COSTOS,estimado querer mensualidad inicial ano hijo elena
Email,"<p><b>Estimados, quisiera saber los pensiones de primer grado para mi hijo Juan.</b></p>",estimados quisiera saber los pensiones de primer grado para mi hijo juan,ADMIS_COSTOS,estimado querer pensión grado hijo juan
WhatsApp,SABER SI HAY CUPOS EN SECUNDARIA PARA MATEO. GRACIAS.,saber si hay cupos en secundaria para mateo gracias,ADMIS_VACANTES,cupo secundaria mateo gracias
Web,charlas de admision para 1ero primaria. Mi menor es Sofia.,charlas de admision para 1ero primaria mi menor es sofia,ADMIS_CITAS,charla admision 1ero primario menor sofia
WhatsApp,<p><b>Saber si hay vacantes en inicial 5 años para Nicolas. Gracias.</b></p>,saber si hay vacantes en inicial 5 anos para nicolas gracias,ADMIS_VACANTES,vacante inicial ano nico él gracia
WhatsApp,Hola hay cupos para secundaria? Mi niño se llama Pedro.,hola hay cupos para secundaria mi nino se llama pedro,ADMIS_VACANTES,holar cupo secundario nino llamar pedro
Web,<p><b>documentos para traslado a inicial 4 años. Postulante: Sofia.</b></p>,documentos para traslado a inicial 4 anos postulante sofia,ADMIS_REQUIS_DOC,documento traslado inicial ano postulante sofia
Web,citas de admision para 1ero primaria. Mi menor es Sebastian.,citas de admision para 1ero primaria mi menor es sebastian,ADMIS_CITAS,cita admision 1ero primario menor sebastiar
Web,documentación para traslado a primer grado. Postulante: Luis.,documentacion para traslado a primer grado postulante luis,ADMIS_REQUIS_DOC,documentacion traslado grado postulante luis
Email,Solicito información de cuotas y detalles para secundaria. Atte: Camila.,solicito informacion de cuotas y detalles para secundaria atte camila,ADMIS_COSTOS,solicitar informacion cuota detalle secundario atte camilar
WhatsApp,Saber si hay lugares en primer grado para Lucia. Gracias.,saber si hay lugares en primer grado para lucia gracias,ADMIS_VACANTES,lugar grado lucia gracias
Web,documentos para traslado a secundaria. Postulante: Gabriel.,documentos para traslado a secundaria postulante gabriel,ADMIS_REQUIS_DOC,documento traslado secundaria postulante gabriel
Email,"Estimados, quisiera saber los pagos de inicial 3 años para mi hijo Ana.",estimados quisiera saber los pagos de inicial 3 anos para mi hijo ana,ADMIS_COSTOS,estimado querer pago inicial ano hijo án
WhatsApp,Hola hay espacios para inicial 4 años? Mi niño se llama Lucia.,hola hay espacios para inicial 4 anos mi nino se llama lucia,ADMIS_VACANTES,holar espacio inicial ano nino llamar lucia
Email,"Estimados, quisiera saber los precios de primer grado para mi hijo Luis.",estimados quisiera saber los precios de primer grado para mi hijo luis,ADMIS_COSTOS,estimado querer precio grado hijo luis
WhatsApp,Saber si hay cupos en inicial 5 años para Ana. Gracias.,saber si hay cupos en inicial 5 anos para ana gracias,ADMIS_VACANTES,cupo inicial ano ana gracias
WhatsApp,Hola hay cupos para primer grado? Mi niño se llama Lucia.,hola hay cupos para primer grado mi nino se llama lucia,ADMIS_VACANTES,holar cupo grado nino llamar lucia
Email,Solicito información de cuotas y detalles para primer año. Atte: Sebastian.,solicito informacion de cuotas y detalles para primer ano atte sebastian,ADMIS_COSTOS,solicitar informacion cuota detalle ano atte sebastiar
WhatsApp,<p><b>Hola hay cupos para 1ero primaria? Mi niño se llama Sofia.</b></p>,hola hay cupos para 1ero primaria mi nino se llama sofia,ADMIS_VACANTES,holar cupo 1ero primario nino llamar sofia
Email,<p><b>Solicito información de pagos y detalles para inicial 5 años. Atte: Elena.</b></p>,solicito informacion de pagos y detalles para inicial 5 anos atte elena,ADMIS_COSTOS,solicitar informacion pago detalle inicial anos atte elén
Web,<p><b>papeles para traslado a primer año. Postulante: Camila.</b></p>,papeles para traslado a primer ano postulante camila,ADMIS_REQUIS_DOC,papel traslado ano postulante camilar
Web,reunión de admision para inicial 5 años. Mi menor es Valentina.,reunion de admision para inicial 5 anos mi menor es valentina,ADMIS_CITAS,reunion admision inicial ano menor valentín
Web,charlas de admision para inicial 5 años. Mi menor es Mateo.,charlas de admision para inicial 5 anos mi menor es mateo,ADMIS_CITAS,charla admision inicial ano menor mateo
Email,"Estimados, quisiera saber los costos de primer año para mi hijo Camila.",estimados quisiera saber los costos de primer ano para mi hijo camila,ADMIS_COSTOS,estimado querer costo ano hijo camilar
WhatsApp,Hola hay espacios para primer año? Mi niño se llama Maria.,hola hay espacios para primer ano mi nino se llama maria,ADMIS_VACANTES,holar espacio ano nino llamar mario
Email,Solicito información de pensiones y detalles para 1ero secundaria. Atte: Gabriel.,solicito informacion de pensiones y detalles para 1ero secundaria atte gabriel,ADMIS_COSTOS,solicitar informacion pensión detalle 1ero secundario atte gabriel
Email,<p><b>Solicito información de precios y detalles para inicial 4 años. Atte: Maria.</b></p>,solicito informacion de precios y detalles para inicial 4 anos atte maria,ADMIS_COSTOS,solicitar informacion precio detalle inicial anos atte maria
WhatsApp,Hola hay disponibilidad de ingreso para 1ero secundaria? Mi niño se llama Ana.,hola hay disponibilidad de ingreso para 1ero secundaria mi nino se llama ana,ADMIS_VACANTES,holar disponibilidad ingreso 1ero secundario nino llamar án
WhatsApp,Hola hay lugares para 5to secundaria? Mi niño se llama Valentina.,hola hay lugares para 5to secundaria mi nino se llama valentina,ADMIS_VACANTES,holar lugar 5to secundario nino llamar valentina
WhatsApp,Hola hay disponibilidad de ingreso para primer año? Mi niño se llama Pedro.,hola hay disponibilidad de ingreso para primer ano mi nino se llama pedro,ADMIS_VACANTES,holar disponibilidad ingreso ano nino llamar pedro
Email,"ESTIMADOS, QUISIERA SABER LOS PAGOS DE 1ERO SECUNDARIA PARA MI HIJO MATEO.",estimados quisiera saber los pagos de 1ero secundaria para mi hijo mateo,ADMIS_COSTOS,estimado querer pago 1ero secundario hijo mateo
WhatsApp,Hola hay lugares para inicial 4 años? Mi niño se llama Ana.,hola hay lugares para inicial 4 anos mi nino se llama ana,ADMIS_VACANTES,holar lugar inicial ano nino llamar án
Email,<p><b>Solicito información de mensualidad y detalles para 6to primaria. Atte: Elena.</b></p>,solicito informacion de mensualidad y detalles para 6to primaria atte elena,ADMIS_COSTOS,solicitar informacion mensualidad detalle 6to primaria atte elén
Email,"<p><b>Estimados, quisiera saber los precios de 1ero secundaria para mi hijo Pedro.</b></p>",estimados quisiera saber los precios de 1ero secundaria para mi hijo pedro,ADMIS_COSTOS,estimado querer precio 1ero secundario hijo pedro
WhatsApp,Saber si hay espacios en 1ero secundaria para Luis. Gracias.,saber si hay espacios en 1ero secundaria para luis gracias,ADMIS_VACANTES,espacio 1ero secundario luis gracias
Email,"ESTIMADOS, QUISIERA SABER LOS CUOTAS DE PRIMER GRADO PARA MI HIJO LUCIA.",estimados quisiera saber los cuotas de primer grado para mi hijo lucia,ADMIS_COSTOS,estimado querer cuota grado hijo lucia
Email,"<p><b>Estimados, quisiera saber los cuotas de secundaria para mi hijo Sofia.</b></p>",estimados quisiera saber los cuotas de secundaria para mi hijo sofia,ADMIS_COSTOS,estimado querer cuota secundaria hijo sofia
Email,Solicito información de precios y detalles para primer grado. Atte: Thiago.,solicito informacion de precios y detalles para primer grado atte thiago,ADMIS_COSTOS,solicitar informacion precio detalle grado attar thiago
WhatsApp,Saber si hay lugares en primer grado para Juan. Gracias.,saber si hay lugares en primer grado para juan gracias,ADMIS_VACANTES,lugar grado juan gracias
Web,<p><b>citas de admision para primer año. Mi menor es Camila.</b></p>,citas de admision para primer ano mi menor es camila,ADMIS_CITAS,cita admision ano menor camila
Email,"Estimados, quisiera saber los mensualidad de inicial 5 años para mi hijo Lucia.",estimados quisiera saber los mensualidad de inicial 5 anos para mi hijo lucia,ADMIS_COSTOS,estimado querer mensualidad inicial ano hijo lucia
Web,<p><b>documentación para traslado a primer grado. Postulante: Lucia.</b></p>,documentacion para traslado a primer grado postulante lucia,ADMIS_REQUIS_DOC,documentacion traslado grado postulante lucia
Email,Solicito información de pensiones y detalles para inicial 4 años. Atte: Lucia.,solicito informacion de pensiones y detalles para inicial 4 anos atte lucia,ADMIS_COSTOS,solicitar informacion pensión detalle inicial ano attir lucia
WhatsApp,<p><b>Saber si hay lugares en inicial 4 años para Mateo. Gracias.</b></p>,saber si hay lugares en inicial 4 anos para mateo gracias,ADMIS_VACANTES,lugar inicial ano mateo gracias
Web,charlas de admision para 1ero secundaria. Mi menor es Pedro.,charlas de admision para 1ero secundaria mi menor es pedro,ADMIS_CITAS,charla admision 1ero secundario menor pedro
Web,charlas de admision para primer grado. Mi menor es Ana.,charlas de admision para primer grado mi menor es ana,ADMIS_CITAS,charla admision grado menor án
Email,SOLICITO INFORMACIÓN DE COSTOS Y DETALLES PARA 1ERO SECUNDARIA. ATTE: LUCIA.,solicito informacion de costos y detalles para 1ero secundaria atte lucia,ADMIS_COSTOS,solicitar informacion costo detalle 1ero secundario atte lucia
Web,documentación para traslado a 1ero primaria. Postulante: Juan.,documentacion para traslado a 1ero primaria postulante juan,ADMIS_REQUIS_DOC,documentacion traslado 1ero primaria postulante juan
Web,<p><b>citas de admision para primer año. Mi menor es Pedro.</b></p>,citas de admision para primer ano mi menor es pedro,ADMIS_CITAS,cita admision ano menor pedro
WhatsApp,Hola hay espacios para primer año? Mi niño se llama Elena.,hola hay espacios para primer ano mi nino se llama elena,ADMIS_VACANTES,holar espacio ano nino llamar elena
Web,documentos para traslado a secundaria. Postulante: Sofia.,documentos para traslado a secundaria postulante sofia,ADMIS_REQUIS_DOC,documento traslado secundaria postulante sofia
WhatsApp,<p><b>Saber si hay lugares en 6to primaria para Juan. Gracias.</b></p>,saber si hay lugares en 6to primaria para juan gracias,ADMIS_VACANTES,lugar 6to primario juan gracias
Web,entrevistas de admision para 1ero primaria. Mi menor es Valentina.,entrevistas de admision para 1ero primaria mi menor es valentina,ADMIS_CITAS,entrevista admision 1ero primario menor valentín
WhatsApp,<p><b>Saber si hay espacios en 1ero secundaria para Camila. Gracias.</b></p>,saber si hay espacios en 1ero secundaria para camila gracias,ADMIS_VACANTES,espacio 1ero secundario camila gracias
Web,FICHA DE MATRÍCULA PARA TRASLADO A 1ERO SECUNDARIA. POSTULANTE: GABRIEL.,ficha de matricula para traslado a 1ero secundaria postulante gabriel,ADMIS_REQUIS_DOC,ficha matricula traslado 1ero secundario postulante gabriel
WhatsApp,<p><b>Hola hay vacantes para inicial 5 años? Mi niño se llama Valentina.</b></p>,hola hay vacantes para inicial 5 anos mi nino se llama valentina,ADMIS_VACANTES,holar vacante inicial ano nino llamar valentina
Email,"Estimados, quisiera saber los precios de 5to secundaria para mi hijo Mateo.",estimados quisiera saber los precios de 5to secundaria para mi hijo mateo,ADMIS_COSTOS,estimado querer precio 5to secundario hijo mateo
Web,<p><b>citas de admision para inicial 4 años. Mi menor es Pedro.</b></p>,citas de admision para inicial 4 anos mi menor es pedro,ADMIS_CITAS,cita admision inicial ano menor pedro
WhatsApp,<p><b>Hola hay disponibilidad de ingreso para inicial 3 años? Mi niño se llama Sebastian.</b></p>,hola hay disponibilidad de ingreso para inicial 3 anos mi nino se llama sebastian,ADMIS_VACANTES,holar disponibilidad ingreso inicial ano nino llamar sebastian
Email,Solicito información de pagos y detalles para inicial 3 años. Atte: Luis.,solicito informacion de pagos y detalles para inicial 3 anos atte luis,ADMIS_COSTOS,solicitar informacion pago detalle inicial anos atte luis
Email,SOLICITO INFORMACIÓN DE MENSUALIDAD Y DETALLES PARA PRIMER AÑO. ATTE: GABRIEL.,solicito informacion de mensualidad y detalles para primer ano atte gabriel,ADMIS_COSTOS,solicitar informacion mensualidad detalle ano atte gabriel
Email,"<p><b>Estimados, quisiera saber los mensualidad de 1ero secundaria para mi hijo Luis.</b></p>",estimados quisiera saber los mensualidad de 1ero secundaria para mi hijo luis,ADMIS_COSTOS,estimado querer mensualidad 1ero secundario hijo luis
Email,"ESTIMADOS, QUISIERA SABER LOS PAGOS DE 5TO SECUNDARIA PARA MI HIJO GABRIEL.",estimados quisiera saber los pagos de 5to secundaria para mi hijo gabriel,ADMIS_COSTOS,estimado querer pago 5to secundario hijo gabriel
WhatsApp,Saber si hay disponibilidad de ingreso en 1ero primaria para Luis. Gracias.,saber si hay disponibilidad de ingreso en 1ero primaria para luis gracias,ADMIS_VACANTES,disponibilidad ingreso 1ero primario luis gracias
Email,"Estimados, quisiera saber los pensiones de inicial 4 años para mi hijo Valentina.",estimados quisiera saber los pensiones de inicial 4 anos para mi hijo valentina,ADMIS_COSTOS,estimado querer pensión inicial ano hijo valentín
Web,PAPELES PARA TRASLADO A 1ERO PRIMARIA. POSTULANTE: SEBASTIAN.,papeles para traslado a 1ero primaria postulante sebastian,ADMIS_REQUIS_DOC,papel traslado 1ero primaria postulante sebastiar
Web,reunión de admision para inicial 5 años. Mi menor es Ana.,reunion de admision para inicial 5 anos mi menor es ana,ADMIS_CITAS,reunion admision inicial ano menor án
Email,Solicito información de pensiones y detalles para 1ero secundaria. Atte: Juan.,solicito informacion de pensiones y detalles para 1ero secundaria atte juan,ADMIS_COSTOS,solicitar informacion pensión detalle 1ero secundario atte juan
Web,<p><b>citas de admision para primer grado. Mi menor es Luis.</b></p>,citas de admision para primer grado mi menor es luis,ADMIS_CITAS,cita admision grado menor luis
WhatsApp,<p><b>Hola hay disponibilidad de ingreso para inicial 5 años? Mi niño se llama Gabriel.</b></p>,hola hay disponibilidad de ingreso para inicial 5 anos mi nino se llama gabriel,ADMIS_VACANTES,holar disponibilidad ingreso inicial ano nino llamar gabriel
Email,"<p><b>Estimados, quisiera saber los precios de 5to secundaria para mi hijo Gabriel.</b></p>",estimados quisiera saber los precios de 5to secundaria para mi hijo gabriel,ADMIS_COSTOS,estimado querer precio 5to secundario hijo gabriel
Web,reunión de admision para 1ero primaria. Mi menor es Thiago.,reunion de admision para 1ero primaria mi menor es thiago,ADMIS_CITAS,reunion admision 1ero primario menor thiago
Web,papeles para traslado a 1ero primaria. Postulante: Luis.,papeles para traslado a 1ero primaria postulante luis,ADMIS_REQUIS_DOC,papel traslado 1ero primaria postulante luis
Web,papeles para traslado a primer grado. Postulante: Juan.,papeles para traslado a primer grado postulante juan,ADMIS_REQUIS_DOC,papel traslado grado postulante juan
Web,entrevistas de admision para inicial 5 años. Mi menor es Lucia.,entrevistas de admision para inicial 5 anos mi menor es lucia,ADMIS_CITAS,entrevista admision inicial ano menor lucia
Email,"Estimados, quisiera saber los pagos de secundaria para mi hijo Gabriel.",estimados quisiera saber los pagos de secundaria para mi hijo gabriel,ADMIS_COSTOS,estimado querer pago secundaria hijo gabriel
Web,cronograma de admision para 1ero secundaria. Mi menor es Thiago.,cronograma de admision para 1ero secundaria mi menor es thiago,ADMIS_CITAS,cronograma admision 1ero secundario menor thiago
WhatsApp,Hola hay vacantes para secundaria? Mi niño se llama Camila.,hola hay vacantes para secundaria mi nino se llama camila,ADMIS_VACANTES,holar vacante secundario nino llamar camila
Email,Solicito información de pensiones y detalles para primer año. Atte: Ana.,solicito informacion de pensiones y detalles para primer ano atte ana,ADMIS_COSTOS,solicitar informacion pensión detalle ano attar ana
Web,citas de admision para inicial 3 años. Mi menor es Lucia.,citas de admision para inicial 3 anos mi menor es lucia,ADMIS_CITAS,cita admision inicial ano menor lucia
WhatsApp,Saber si hay espacios en inicial 4 años para Valentina. Gracias.,saber si hay espacios en inicial 4 anos para valentina gracias,ADMIS_VACANTES,espacio inicial ano valentina gracias
Email,Solicito información de mensualidad y detalles para 5to secundaria. Atte: Ana.,solicito informacion de mensualidad y detalles para 5to secundaria atte ana,ADMIS_COSTOS,solicitar informacion mensualidad detalle 5to secundario atte ana
WhatsApp,SABER SI HAY LUGARES EN PRIMER GRADO PARA ANA. GRACIAS.,saber si hay lugares en primer grado para ana gracias,ADMIS_VACANTES,lugar grado ana gracias
WhatsApp,<p><b>Hola hay vacantes para primer grado? Mi niño se llama Sofia.</b></p>,hola hay vacantes para primer grado mi nino se llama sofia,ADMIS_VACANTES,holar vacante grado nino llamar sofia
Email,Solicito información de precios y detalles para 5to secundaria. Atte: Camila.,solicito informacion de precios y detalles para 5to secundaria atte camila,ADMIS_COSTOS,solicitar informacion precio detalle 5to secundario atte camilar
WhatsApp,Hola hay espacios para secundaria? Mi niño se llama Gabriel.,hola hay espacios para secundaria mi nino se llama gabriel,ADMIS_VACANTES,holar espacio secundario nino llamar gabriel
Web,<p><b>documentación para traslado a inicial 3 años. Postulante: Camila.</b></p>,documentacion para traslado a inicial 3 anos postulante camila,ADMIS_REQUIS_DOC,documentacion traslado inicial ano postulante camilar
WhatsApp,Saber si hay lugares en 1ero primaria para Mateo. Gracias.,saber si hay lugares en 1ero primaria para mateo gracias,ADMIS_VACANTES,lugar 1ero primario mateo gracias
Email,"Estimados, quisiera saber los mensualidad de secundaria para mi hijo Lucia.",estimados quisiera saber los mensualidad de secundaria para mi hijo lucia,ADMIS_COSTOS,estimado querer mensualidad secundaria hijo lucia
WhatsApp,Saber si hay disponibilidad de ingreso en primer grado para Juan. Gracias.,saber si hay disponibilidad de ingreso en primer grado para juan gracias,ADMIS_VACANTES,disponibilidad ingreso grado juan gracias
WhatsApp,Hola hay espacios para inicial 5 años? Mi niño se llama Maria.,hola hay espacios para inicial 5 anos mi nino se llama maria,ADMIS_VACANTES,holar espacio inicial ano nino llamar mario
WhatsApp,Hola hay disponibilidad de ingreso para 5to secundaria? Mi niño se llama Lucia.,hola hay disponibilidad de ingreso para 5to secundaria mi nino se llama lucia,ADMIS_VACANTES,holar disponibilidad ingreso 5to secundario nino llamar lucia
Web,papeles para traslado a 1ero secundaria. Postulante: Mateo.,papeles para traslado a 1ero secundaria postulante mateo,ADMIS_REQUIS_DOC,papel traslado 1ero secundario postulante mateo
Web,DOCUMENTACIÓN PARA TRASLADO A PRIMER GRADO. POSTULANTE: JUAN.,documentacion para traslado a primer grado postulante juan,ADMIS_REQUIS_DOC,documentacion traslado grado postulante juan
WhatsApp,<p><b>Saber si hay cupos en secundaria para Ana. Gracias.</b></p>,saber si hay cupos en secundaria para ana gracias,ADMIS_VACANTES,cupo secundaria ana gracias
Web,charlas de admision para inicial 4 años. Mi menor es Ana.,charlas de admision para inicial 4 anos mi menor es ana,ADMIS_CITAS,charla admision inicial ano menor án
Web,reunión de admision para inicial 3 años. Mi menor es Elena.,reunion de admision para inicial 3 anos mi menor es elena,ADMIS_CITAS,reunion admision inicial ano menor elén
Web,<p><b>cronograma de admision para primer año. Mi menor es Thiago.</b></p>,cronograma de admision para primer ano mi menor es thiago,ADMIS_CITAS,cronograma admision ano menor thiago
Web,<p><b>documentación para traslado a inicial 3 años. Postulante: Lucia.</b></p>,documentacion para traslado a inicial 3 anos postulante lucia,ADMIS_REQUIS_DOC,documentacion traslado inicial ano postulante lucia
WhatsApp,Hola hay disponibilidad de ingreso para secundaria? Mi niño se llama Pedro.,hola hay disponibilidad de ingreso para secundaria mi nino se llama pedro,ADMIS_VACANTES,holar disponibilidad ingreso secundario nino llamar pedro
WhatsApp,Hola hay lugares para 5to secundaria? Mi niño se llama Juan.,hola hay lugares para 5to secundaria mi nino se llama juan,ADMIS_VACANTES,holar lugar 5to secundario nino llamar juan
Email,SOLICITO INFORMACIÓN DE PAGOS Y DETALLES PARA INICIAL 3 AÑOS. ATTE: ANA.,solicito informacion de pagos y detalles para inicial 3 anos atte ana,ADMIS_COSTOS,solicitar informacion pago detalle inicial anos attir ana
WhatsApp,Saber si hay espacios en primer año para Sofia. Gracias.,saber si hay espacios en primer ano para sofia gracias,ADMIS_VACANTES,espacio ano sofia gracias
WhatsApp,<p><b>Hola hay vacantes para 6to primaria? Mi niño se llama Thiago.</b></p>,hola hay vacantes para 6to primaria mi nino se llama thiago,ADMIS_VACANTES,holar vacante 6to primaria nino llamar thiago
WhatsApp,Hola hay cupos para 5to secundaria? Mi niño se llama Nicolas.,hola hay cupos para 5to secundaria mi nino se llama nicolas,ADMIS_VACANTES,holar cupo 5to secundario nino llamar nicola
WhatsApp,HOLA HAY VACANTES PARA 1ERO PRIMARIA? MI NIÑO SE LLAMA MARIA.,hola hay vacantes para 1ero primaria mi nino se llama maria,ADMIS_VACANTES,holar vacante 1ero primario nino llamar mario
Web,cronograma de admision para 6to primaria. Mi menor es Maria.,cronograma de admision para 6to primaria mi menor es maria,ADMIS_CITAS,cronograma admision 6to primario menor mario
WhatsApp,<p><b>Saber si hay cupos en 1ero secundaria para Nicolas. Gracias.</b></p>,saber si hay cupos en 1ero secundaria para nicolas gracias,ADMIS_VACANTES,cupo 1ero secundaria nico él gracia
WhatsApp,<p><b>Hola hay disponibilidad de ingreso para primer grado? Mi niño se llama Sofia.</b></p>,hola hay disponibilidad de ingreso para primer grado mi nino se llama sofia,ADMIS_VACANTES,holar disponibilidad ingreso grado nino llamar sofia
WhatsApp,Hola hay cupos para primer año? Mi niño se llama Pedro.,hola hay cupos para primer ano mi nino se llama pedro,ADMIS_VACANTES,holar cupo ano nino llamar pedro
Email,"Estimados, quisiera saber los mensualidad de inicial 4 años para mi hijo Nicolas.",estimados quisiera saber los mensualidad de inicial 4 anos para mi hijo nicolas,ADMIS_COSTOS,estimado querer mensualidad inicial ano hijo nicola
Email,Solicito información de pagos y detalles para primer grado. Atte: Nicolas.,solicito informacion de pagos y detalles para primer grado atte nicolas,ADMIS_COSTOS,solicitar informacion pago detalle grado attar nicola
Web,ficha de matrícula para traslado a 1ero secundaria. Postulante: Sebastian.,ficha de matricula para traslado a 1ero secundaria postulante sebastian,ADMIS_REQUIS_DOC,ficha matricula traslado 1ero secundario postulante sebastiar
WhatsApp,<p><b>Saber si hay cupos en inicial 4 años para Nicolas. Gracias.</b></p>,saber si hay cupos en inicial 4 anos para nicolas gracias,ADMIS_VACANTES,cupo inicial ano nico él gracia
Email,Solicito información de pensiones y detalles para primer año. Atte: Nicolas.,solicito informacion de pensiones y detalles para primer ano atte nicolas,ADMIS_COSTOS,solicitar informacion pensión detalle ano attar nicola
Web,reunión de admision para secundaria. Mi menor es Maria.,reunion de admision para secundaria mi menor es maria,ADMIS_CITAS,reunion admision secundario menor mario
WhatsApp,Saber si hay disponibilidad de ingreso en inicial 3 años para Camila. Gracias.,saber si hay disponibilidad de ingreso en inicial 3 anos para camila gracias,ADMIS_VACANTES,disponibilidad ingreso inicial ano camilar gracias
WhatsApp,Saber si hay vacantes en inicial 5 años para Pedro. Gracias.,saber si hay vacantes en inicial 5 anos para pedro gracias,ADMIS_VACANTES,vacante inicial ano pedro gracias
Web,citas de admision para 5to secundaria. Mi menor es Sofia.,citas de admision para 5to secundaria mi menor es sofia,ADMIS_CITAS,cita admision 5to secundario menor sofia
WhatsApp,<p><b>Hola hay disponibilidad de ingreso para 6to primaria? Mi niño se llama Nicolas.</b></p>,hola hay disponibilidad de ingreso para 6to primaria mi nino se llama nicolas,ADMIS_VACANTES,holar disponibilidad ingreso 6to primario nino llamar nicola
Web,charlas de admision para 6to primaria. Mi menor es Sofia.,charlas de admision para 6to primaria mi menor es sofia,ADMIS_CITAS,charla admision 6to primario menor sofia
Web,reunión de admision para 1ero secundaria. Mi menor es Lucia.,reunion de admision para 1ero secundaria mi menor es lucia,ADMIS_CITAS,reunion admision 1ero secundario menor lucia
Email,"Estimados, quisiera saber los cuotas de 6to primaria para mi hijo Valentina.",estimados quisiera saber los cuotas de 6to primaria para mi hijo valentina,ADMIS_COSTOS,estimado querer cuota 6to primario hijo valentín
WhatsApp,Saber si hay cupos en secundaria para Gabriel. Gracias.,saber si hay cupos en secundaria para gabriel gracias,ADMIS_VACANTES,cupo secundaria gabriel gracias
WhatsApp,Hola hay espacios para 6to primaria? Mi niño se llama Lucia.,hola hay espacios para 6to primaria mi nino se llama lucia,ADMIS_VACANTES,holar espacio 6to primario nino llamar lucia
WhatsApp,Hola hay espacios para inicial 4 años? Mi niño se llama Luis.,hola hay espacios para inicial 4 anos mi nino se llama luis,ADMIS_VACANTES,holar espacio inicial ano nino llamar luis
Email,"<p><b>Estimados, quisiera saber los pagos de primer año para mi hijo Juan.</b></p>",estimados quisiera saber los pagos de primer ano para mi hijo juan,ADMIS_COSTOS,estimado querer pago ano hijo juan
Web,ficha de matrícula para traslado a secundaria. Postulante: Thiago.,ficha de matricula para traslado a secundaria postulante thiago,ADMIS_REQUIS_DOC,ficha matricula traslado secundaria postulante thiago
Email,Solicito información de costos y detalles para 1ero secundaria. Atte: Sofia.,solicito informacion de costos y detalles para 1ero secundaria atte sofia,ADMIS_COSTOS,solicitar informacion costo detalle 1ero secundario atte sofia
Email,Solicito información de pagos y detalles para secundaria. Atte: Lucia.,solicito informacion de pagos y detalles para secundaria atte lucia,ADMIS_COSTOS,solicitar informacion pago detalle secundario atte lucia
WhatsApp,HOLA HAY VACANTES PARA PRIMER GRADO? MI NIÑO SE LLAMA LUCIA.,hola hay vacantes para primer grado mi nino se llama lucia,ADMIS_VACANTES,holar vacante grado nino llamar lucia
WhatsApp,Hola hay cupos para inicial 5 años? Mi niño se llama Sebastian.,hola hay cupos para inicial 5 anos mi nino se llama sebastian,ADMIS_VACANTES,holar cupo inicial ano nino llamar sebastian
Web,ENTREVISTAS DE ADMISION PARA 1ERO PRIMARIA. MI MENOR ES CAMILA.,entrevistas de admision para 1ero primaria mi menor es camila,ADMIS_CITAS,entrevista admision 1ero primario menor camila
WhatsApp,<p><b>Hola hay lugares para 1ero primaria? Mi niño se llama Valentina.</b></p>,hola hay lugares para 1ero primaria mi nino se llama valentina,ADMIS_VACANTES,holar lugar 1ero primario nino llamar valentina
Web,FICHA DE MATRÍCULA PARA TRASLADO A 1ERO PRIMARIA. POSTULANTE: NICOLAS.,ficha de matricula para traslado a 1ero primaria postulante nicolas,ADMIS_REQUIS_DOC,ficha matricula traslado 1ero primaria postulante nicola
Web,REQUISITOS PARA TRASLADO A INICIAL 5 AÑOS. POSTULANTE: JUAN.,requisitos para traslado a inicial 5 anos postulante juan,ADMIS_REQUIS_DOC,requisito traslado inicial ano postulante juan
WhatsApp,Saber si hay lugares en 6to primaria para Luis. Gracias.,saber si hay lugares en 6to primaria para luis gracias,ADMIS_VACANTES,lugar 6to primario luis gracias
Email,"Estimados, quisiera saber los costos de 6to primaria para mi hijo Nicolas.",estimados quisiera saber los costos de 6to primaria para mi hijo nicolas,ADMIS_COSTOS,estimado querer costo 6to primario hijo nicola
Email,<p><b>Solicito información de pensiones y detalles para inicial 4 años. Atte: Nicolas.</b></p>,solicito informacion de pensiones y detalles para inicial 4 anos atte nicolas,ADMIS_COSTOS,solicitar informacion pensión detalle inicial anos attar nicola
Email,Solicito información de precios y detalles para inicial 4 años. Atte: Luis.,solicito informacion de precios y detalles para inicial 4 anos atte luis,ADMIS_COSTOS,solicitar informacion precio detalle inicial anos atte luis
Web,reunión de admision para inicial 3 años. Mi menor es Camila.,reunion de admision para inicial 3 anos mi menor es camila,ADMIS_CITAS,reunion admision inicial ano menor camila
Web,PAPELES PARA TRASLADO A INICIAL 3 AÑOS. POSTULANTE: MATEO.,papeles para traslado a inicial 3 anos postulante mateo,ADMIS_REQUIS_DOC,papel traslado inicial ano postulante mateo
Web,entrevistas de admision para inicial 3 años. Mi menor es Pedro.,entrevistas de admision para inicial 3 anos mi menor es pedro,ADMIS_CITAS,entrevista admision inicial ano menor pedro
WhatsApp,Saber si hay lugares en 5to secundaria para Luis. Gracias.,saber si hay lugares en 5to secundaria para luis gracias,ADMIS_VACANTES,lugar 5to secundario luis gracias
Email,"Estimados, quisiera saber los costos de primer año para mi hijo Pedro.",estimados quisiera saber los costos de primer ano para mi hijo pedro,ADMIS_COSTOS,estimado querer costo ano hijo pedro
WhatsApp,Saber si hay disponibilidad de ingreso en secundaria para Sebastian. Gracias.,saber si hay disponibilidad de ingreso en secundaria para sebastian gracias,ADMIS_VACANTES,disponibilidad ingreso secundaria sebastiar gracias
Email,<p><b>Solicito información de pensiones y detalles para secundaria. Atte: Elena.</b></p>,solicito informacion de pensiones y detalles para secundaria atte elena,ADMIS_COSTOS,solicitar informacion pensión detalle secundario atte elén
WhatsApp,<p><b>Hola hay lugares para inicial 3 años? Mi niño se llama Juan.</b></p>,hola hay lugares para inicial 3 anos mi nino se llama juan,ADMIS_VACANTES,holar lugar inicial ano nino llamar juan
WhatsApp,Saber si hay cupos en 5to secundaria para Nicolas. Gracias.,saber si hay cupos en 5to secundaria para nicolas gracias,ADMIS_VACANTES,cupo 5to secundario nico él gracia
WhatsApp,Saber si hay disponibilidad de ingreso en 6to primaria para Gabriel. Gracias.,saber si hay disponibilidad de ingreso en 6to primaria para gabriel gracias,ADMIS_VACANTES,disponibilidad ingreso 6to primario gabriel gracias
Email,Solicito información de costos y detalles para 6to primaria. Atte: Sebastian.,solicito informacion de costos y detalles para 6to primaria atte sebastian,ADMIS_COSTOS,solicitar informacion costo detalle 6to primaria atte sebastiar
WhatsApp,<p><b>Saber si hay vacantes en primer año para Camila. Gracias.</b></p>,saber si hay vacantes en primer ano para camila gracias,ADMIS_VACANTES,vacante ano camilar gracias
Web,REUNIÓN DE ADMISION PARA INICIAL 5 AÑOS. MI MENOR ES GABRIEL.,reunion de admision para inicial 5 anos mi menor es gabriel,ADMIS_CITAS,reunion admision inicial ano menor gabriel
WhatsApp,Saber si hay lugares en 1ero primaria para Lucia. Gracias.,saber si hay lugares en 1ero primaria para lucia gracias,ADMIS_VACANTES,lugar 1ero primario lucia gracias
WhatsApp,Saber si hay espacios en 1ero primaria para Sebastian. Gracias.,saber si hay espacios en 1ero primaria para sebastian gracias,ADMIS_VACANTES,espacio 1ero primario sebastiar gracias
Web,reunión de admision para 6to primaria. Mi menor es Pedro.,reunion de admision para 6to primaria mi menor es pedro,ADMIS_CITAS,reunion admision 6to primario menor pedro
Email,Solicito información de pagos y detalles para inicial 4 años. Atte: Ana.,solicito informacion de pagos y detalles para inicial 4 anos atte ana,ADMIS_COSTOS,solicitar informacion pago detalle inicial anos attir ana
Email,"Estimados, quisiera saber los mensualidad de 5to secundaria para mi hijo Lucia.",estimados quisiera saber los mensualidad de 5to secundaria para mi hijo lucia,ADMIS_COSTOS,estimado querer mensualidad 5to secundario hijo lucia
Email,Solicito información de costos y detalles para primer año. Atte: Sofia.,solicito informacion de costos y detalles para primer ano atte sofia,ADMIS_COSTOS,solicitar informacion costo detalle ano attar sofia
Email,Solicito información de cuotas y detalles para secundaria. Atte: Elena.,solicito informacion de cuotas y detalles para secundaria atte elena,ADMIS_COSTOS,solicitar informacion cuota detalle secundario atte elén
Email,Solicito información de precios y detalles para secundaria. Atte: Gabriel.,solicito informacion de precios y detalles para secundaria atte gabriel,ADMIS_COSTOS,solicitar informacion precio detalle secundario atte gabriel
Email,"<p><b>Estimados, quisiera saber los mensualidad de inicial 3 años para mi hijo Lucia.</b></p>",estimados quisiera saber los mensualidad de inicial 3 anos para mi hijo lucia,ADMIS_COSTOS,estimado querer mensualidad inicial ano hijo lucia
Web,FICHA DE MATRÍCULA PARA TRASLADO A SECUNDARIA. POSTULANTE: SOFIA.,ficha de matricula para traslado a secundaria postulante sofia,ADMIS_REQUIS_DOC,ficha matricula traslado secundaria postulante sofia
Web,documentos para traslado a inicial 4 años. Postulante: Mateo.,documentos para traslado a inicial 4 anos postulante mateo,ADMIS_REQUIS_DOC,documento traslado inicial ano postulante mateo
Email,SOLICITO INFORMACIÓN DE CUOTAS Y DETALLES PARA PRIMER AÑO. ATTE: SOFIA.,solicito informacion de cuotas y detalles para primer ano atte sofia,ADMIS_COSTOS,solicitar informacion cuota detalle ano attar sofia
Email,<p><b>Solicito información de costos y detalles para inicial 3 años. Atte: Ana.</b></p>,solicito informacion de costos y detalles para inicial 3 anos atte ana,ADMIS_COSTOS,solicitar informacion costo detalle inicial anos attir ana
Web,reunión de admision para inicial 4 años. Mi menor es Camila.,reunion de admision para inicial 4 anos mi menor es camila,ADMIS_CITAS,reunion admision inicial ano menor camila
Web,citas de admision para 5to secundaria. Mi menor es Elena.,citas de admision para 5to secundaria mi menor es elena,ADMIS_CITAS,cita admision 5to secundario menor elén
WhatsApp,<p><b>Saber si hay disponibilidad de ingreso en inicial 3 años para Juan. Gracias.</b></p>,saber si hay disponibilidad de ingreso en inicial 3 anos para juan gracias,ADMIS_VACANTES,disponibilidad ingreso inicial ano juan gracias
Web,entrevistas de admision para 1ero secundaria. Mi menor es Elena.,entrevistas de admision para 1ero secundaria mi menor es elena,ADMIS_CITAS,entrevista admision 1ero secundario menor elén
Web,reunión de admision para primer año. Mi menor es Mateo.,reunion de admision para primer ano mi menor es mateo,ADMIS_CITAS,reunion admision ano menor mateo
WhatsApp,Hola hay disponibilidad de ingreso para 1ero primaria? Mi niño se llama Maria.,hola hay disponibilidad de ingreso para 1ero primaria mi nino se llama maria,ADMIS_VACANTES,holar disponibilidad ingreso 1ero primario nino llamar mario
Web,documentación para traslado a primer año. Postulante: Maria.,documentacion para traslado a primer ano postulante maria,ADMIS_REQUIS_DOC,documentacion traslado ano postulante mario
Email,Solicito información de costos y detalles para 1ero secundaria. Atte: Sebastian.,solicito informacion de costos y detalles para 1ero secundaria atte sebastian,ADMIS_COSTOS,solicitar informacion costo detalle 1ero secundario atte sebastiar
Email,"Estimados, quisiera saber los cuotas de inicial 4 años para mi hijo Sebastian.",estimados quisiera saber los cuotas de inicial 4 anos para mi hijo sebastian,ADMIS_COSTOS,estimado querer cuota inicial ano hijo sebastiar
Email,"Estimados, quisiera saber los precios de 6to primaria para mi hijo Elena.",estimados quisiera saber los precios de 6to primaria para mi hijo elena,ADMIS_COSTOS,estimado querer precio 6to primario hijo elena
Email,"Estimados, quisiera saber los pagos de inicial 4 años para mi hijo Sofia.",estimados quisiera saber los pagos de inicial 4 anos para mi hijo sofia,ADMIS_COSTOS,estimado querer pago inicial ano hijo sofia
Web,<p><b>documentación para traslado a 1ero primaria. Postulante: Valentina.</b></p>,documentacion para traslado a 1ero primaria postulante valentina,ADMIS_REQUIS_DOC,documentacion traslado 1ero primaria postulante valentín
Web,DOCUMENTACIÓN PARA TRASLADO A INICIAL 3 AÑOS. POSTULANTE: MATEO.,documentacion para traslado a inicial 3 anos postulante mateo,ADMIS_REQUIS_DOC,documentacion traslado inicial ano postulante mateo
Email,Solicito información de pensiones y detalles para inicial 4 años. Atte: Camila.,solicito informacion de pensiones y detalles para inicial 4 anos atte camila,ADMIS_COSTOS,solicitar informacion pensión detalle inicial ano attir camilar
Email,SOLICITO INFORMACIÓN DE PRECIOS Y DETALLES PARA 6TO PRIMARIA. ATTE: SEBASTIAN.,solicito informacion de precios y detalles para 6to primaria atte sebastian,ADMIS_COSTOS,solicitar informacion precio detalle 6to primaria atte sebastiar
WhatsApp,<p><b>Saber si hay vacantes en secundaria para Nicolas. Gracias.</b></p>,saber si hay vacantes en secundaria para nicolas gracias,ADMIS_VACANTES,vacante secundaria nico él gracia
WhatsApp,HOLA HAY VACANTES PARA 1ERO SECUNDARIA? MI NIÑO SE LLAMA GABRIEL.,hola hay vacantes para 1ero secundaria mi nino se llama gabriel,ADMIS_VACANTES,holar vacante 1ero secundario nino llamar gabriel
Web,documentos para traslado a 1ero primaria. Postulante: Sebastian.,documentos para traslado a 1ero primaria postulante sebastian,ADMIS_REQUIS_DOC,documento traslado 1ero primaria postulante sebastiar
WhatsApp,Saber si hay vacantes en primer grado para Pedro. Gracias.,saber si hay vacantes en primer grado para pedro gracias,ADMIS_VACANTES,vacante grado pedro gracias
WhatsApp,Hola hay lugares para inicial 5 años? Mi niño se llama Ana.,hola hay lugares para inicial 5 anos mi nino se llama ana,ADMIS_VACANTES,holar lugar inicial ano nino llamar án
Email,"<p><b>Estimados, quisiera saber los mensualidad de 1ero secundaria para mi hijo Elena.</b></p>",estimados quisiera saber los mensualidad de 1ero secundaria para mi hijo elena,ADMIS_COSTOS,estimado querer mensualidad 1ero secundario hijo elena
WhatsApp,Hola hay espacios para primer año? Mi niño se llama Luis.,hola hay espacios para primer ano mi nino se llama luis,ADMIS_VACANTES,holar espacio ano nino llamar luis
WhatsApp,Saber si hay espacios en inicial 5 años para Camila. Gracias.,saber si hay espacios en inicial 5 anos para camila gracias,ADMIS_VACANTES,espacio inicial ano camilar gracias
Web,ficha de matrícula para traslado a secundaria. Postulante: Valentina.,ficha de matricula para traslado a secundaria postulante valentina,ADMIS_REQUIS_DOC,ficha matricula traslado secundaria postulante valentín
WhatsApp,<p><b>Saber si hay lugares en secundaria para Nicolas. Gracias.</b></p>,saber si hay lugares en secundaria para nicolas gracias,ADMIS_VACANTES,lugar secundaria nico él gracia
WhatsApp,Saber si hay cupos en 1ero secundaria para Valentina. Gracias.,saber si hay cupos en 1ero secundaria para valentina gracias,ADMIS_VACANTES,cupo 1ero secundario valentina gracias
Web,<p><b>reunión de admision para 1ero primaria. Mi menor es Lucia.</b></p>,reunion de admision para 1ero primaria mi menor es lucia,ADMIS_CITAS,reunion admision 1ero primario menor lucia
Web,partidas para traslado a primer año. Postulante: Camila.,partidas para traslado a primer ano postulante camila,ADMIS_REQUIS_DOC,partida traslado ano postulante camilar
WhatsApp,Saber si hay lugares en 1ero secundaria para Gabriel. Gracias.,saber si hay lugares en 1ero secundaria para gabriel gracias,ADMIS_VACANTES,lugar 1ero secundario gabriel gracias
Web,<p><b>citas de admision para 1ero secundaria. Mi menor es Sofia.</b></p>,citas de admision para 1ero secundaria mi menor es sofia,ADMIS_CITAS,cita admision 1ero secundario menor sofia
WhatsApp,Hola hay espacios para secundaria? Mi niño se llama Elena.,hola hay espacios para secundaria mi nino se llama elena,ADMIS_VACANTES,holar espacio secundario nino llamar elena
Email,Solicito información de costos y detalles para 6to primaria. Atte: Maria.,solicito informacion de costos y detalles para 6to primaria atte maria,ADMIS_COSTOS,solicitar informacion costo detalle 6to primaria atte mario
Web,requisitos para traslado a inicial 5 años. Postulante: Lucia.,requisitos para traslado a inicial 5 anos postulante lucia,ADMIS_REQUIS_DOC,requisito traslado inicial ano postulante lucia
Web,entrevistas de admision para inicial 5 años. Mi menor es Ana.,entrevistas de admision para inicial 5 anos mi menor es ana,ADMIS_CITAS,entrevista admision inicial ano menor án
WhatsApp,Saber si hay lugares en 6to primaria para Valentina. Gracias.,saber si hay lugares en 6to primaria para valentina gracias,ADMIS_VACANTES,lugar 6to primario valentina gracias
WhatsApp,Saber si hay espacios en primer grado para Camila. Gracias.,saber si hay espacios en primer grado para camila gracias,ADMIS_VACANTES,espacio grado camilar gracias
WhatsApp,Saber si hay lugares en primer grado para Pedro. Gracias.,saber si hay lugares en primer grado para pedro gracias,ADMIS_VACANTES,lugar grado pedro gracias
Web,cronograma de admision para 5to secundaria. Mi menor es Juan.,cronograma de admision para 5to secundaria mi menor es juan,ADMIS_CITAS,cronograma admision 5to secundario menor juan
Web,FICHA DE MATRÍCULA PARA TRASLADO A INICIAL 5 AÑOS. POSTULANTE: CAMILA.,ficha de matricula para traslado a inicial 5 anos postulante camila,ADMIS_REQUIS_DOC,ficha matricula traslado inicial ano postulante camilar
WhatsApp,Saber si hay espacios en 6to primaria para Nicolas. Gracias.,saber si hay espacios en 6to primaria para nicolas gracias,ADMIS_VACANTES,espacio 6to primario nico él gracia
Web,charlas de admision para 5to secundaria. Mi menor es Nicolas.,charlas de admision para 5to secundaria mi menor es nicolas,ADMIS_CITAS,charla admision 5to secundario menor nicola
Web,documentos para traslado a 1ero primaria. Postulante: Thiago.,documentos para traslado a 1ero primaria postulante thiago,ADMIS_REQUIS_DOC,documento traslado 1ero primaria postulante thiago
WhatsApp,<p><b>Hola hay espacios para 1ero primaria? Mi niño se llama Nicolas.</b></p>,hola hay espacios para 1ero primaria mi nino se llama nicolas,ADMIS_VACANTES,holar espacio 1ero primario nino llamar nicola
Email,<p><b>Solicito información de pagos y detalles para inicial 3 años. Atte: Elena.</b></p>,solicito informacion de pagos y detalles para inicial 3 anos atte elena,ADMIS_COSTOS,solicitar informacion pago detalle inicial anos atte elén
Email,"Estimados, quisiera saber los pagos de secundaria para mi hijo Lucia.",estimados quisiera saber los pagos de secundaria para mi hijo lucia,ADMIS_COSTOS,estimado querer pago secundaria hijo lucia
Web,CITAS DE ADMISION PARA 5TO SECUNDARIA. MI MENOR ES NICOLAS.,citas de admision para 5to secundaria mi menor es nicolas,ADMIS_CITAS,cita admision 5to secundario menor nicola
WhatsApp,Saber si hay vacantes en 1ero primaria para Juan. Gracias.,saber si hay vacantes en 1ero primaria para juan gracias,ADMIS_VACANTES,vacante 1ero primario juan gracias
Email,SOLICITO INFORMACIÓN DE CUOTAS Y DETALLES PARA SECUNDARIA. ATTE: SOFIA.,solicito informacion de cuotas y detalles para secundaria atte sofia,ADMIS_COSTOS,solicitar informacion cuota detalle secundario atte sofia
WhatsApp,SABER SI HAY LUGARES EN 5TO SECUNDARIA PARA MATEO. GRACIAS.,saber si hay lugares en 5to secundaria para mateo gracias,ADMIS_VACANTES,lugar 5to secundario mateo gracias
Web,citas de admision para 1ero primaria. Mi menor es Ana.,citas de admision para 1ero primaria mi menor es ana,ADMIS_CITAS,cita admision 1ero primario menor án
Email,Solicito información de cuotas y detalles para inicial 4 años. Atte: Juan.,solicito informacion de cuotas y detalles para inicial 4 anos atte juan,ADMIS_COSTOS,solicitar informacion cuota detalle inicial anos atte juan
Web,requisitos para traslado a primer año. Postulante: Sofia.,requisitos para traslado a primer ano postulante sofia,ADMIS_REQUIS_DOC,requisito traslado ano postulante sofia
WhatsApp,Saber si hay cupos en inicial 5 años para Camila. Gracias.,saber si hay cupos en inicial 5 anos para camila gracias,ADMIS_VACANTES,cupo inicial ano camilar gracias
Web,charlas de admision para primer grado. Mi menor es Mateo.,charlas de admision para primer grado mi menor es mateo,ADMIS_CITAS,charla admision grado menor mateo
Email,Solicito información de costos y detalles para 5to secundaria. Atte: Valentina.,solicito informacion de costos y detalles para 5to secundaria atte valentina,ADMIS_COSTOS,solicitar informacion costo detalle 5to secundario atte valentín
Email,<p><b>Solicito información de mensualidad y detalles para primer año. Atte: Elena.</b></p>,solicito informacion de mensualidad y detalles para primer ano atte elena,ADMIS_COSTOS,solicitar informacion mensualidad detalle ano atte elena
Web,documentación para traslado a 1ero secundaria. Postulante: Pedro.,documentacion para traslado a 1ero secundaria postulante pedro,ADMIS_REQUIS_DOC,documentacion traslado 1ero secundario postulante pedro
WhatsApp,Saber si hay vacantes en secundaria para Maria. Gracias.,saber si hay vacantes en secundaria para maria gracias,ADMIS_VACANTES,vacante secundaria maria gracias
Web,entrevistas de admision para 6to primaria. Mi menor es Thiago.,entrevistas de admision para 6to primaria mi menor es thiago,ADMIS_CITAS,entrevista admision 6to primario menor thiago
Web,FICHA DE MATRÍCULA PARA TRASLADO A 5TO SECUNDARIA. POSTULANTE: JUAN.,ficha de matricula para traslado a 5to secundaria postulante juan,ADMIS_REQUIS_DOC,ficha matricula traslado 5to secundario postulante juan
Email,SOLICITO INFORMACIÓN DE PENSIONES Y DETALLES PARA 1ERO PRIMARIA. ATTE: LUIS.,solicito informacion de pensiones y detalles para 1ero primaria atte luis,ADMIS_COSTOS,solicitar informacion pensión detalle 1ero primario atte luis
Web,documentos para traslado a 5to secundaria. Postulante: Juan.,documentos para traslado a 5to secundaria postulante juan,ADMIS_REQUIS_DOC,documento traslado 5to secundario postulante juan
Web,entrevistas de admision para inicial 5 años. Mi menor es Gabriel.,entrevistas de admision para inicial 5 anos mi menor es gabriel,ADMIS_CITAS,entrevista admision inicial ano menor gabriel
WhatsApp,Saber si hay cupos en secundaria para Maria. Gracias.,saber si hay cupos en secundaria para maria gracias,ADMIS_VACANTES,cupo secundaria maria gracias
WhatsApp,Saber si hay vacantes en inicial 3 años para Gabriel. Gracias.,saber si hay vacantes en inicial 3 anos para gabriel gracias,ADMIS_VACANTES,vacante inicial ano gabriel gracias
Web,citas de admision para 5to secundaria. Mi menor es Mateo.,citas de admision para 5to secundaria mi menor es mateo,ADMIS_CITAS,cita admision 5to secundario menor mateo
Email,Solicito información de pagos y detalles para 6to primaria. Atte: Elena.,solicito informacion de pagos y detalles para 6to primaria atte elena,ADMIS_COSTOS,solicitar informacion pago detalle 6to primaria atte elén
Web,reunión de admision para 1ero primaria. Mi menor es Camila.,reunion de admision para 1ero primaria mi menor es camila,ADMIS_CITAS,reunion admision 1ero primario menor camila
WhatsApp,Hola hay lugares para secundaria? Mi niño se llama Juan.,hola hay lugares para secundaria mi nino se llama juan,ADMIS_VACANTES,holar lugar secundario nino llamar juan
WhatsApp,Hola hay lugares para 1ero secundaria? Mi niño se llama Lucia.,hola hay lugares para 1ero secundaria mi nino se llama lucia,ADMIS_VACANTES,holar lugar 1ero secundario nino llamar lucia
WhatsApp,Saber si hay vacantes en 1ero secundaria para Sofia. Gracias.,saber si hay vacantes en 1ero secundaria para sofia gracias,ADMIS_VACANTES,vacante 1ero secundario sofia gracias
Email,Solicito información de cuotas y detalles para 1ero primaria. Atte: Thiago.,solicito informacion de cuotas y detalles para 1ero primaria atte thiago,ADMIS_COSTOS,solicitar informacion cuota detalle 1ero primario attar thiago
WhatsApp,Hola hay lugares para inicial 5 años? Mi niño se llama Sebastian.,hola hay lugares para inicial 5 anos mi nino se llama sebastian,ADMIS_VACANTES,holar lugar inicial ano nino llamar sebastian
Web,citas de admision para inicial 5 años. Mi menor es Nicolas.,citas de admision para inicial 5 anos mi menor es nicolas,ADMIS_CITAS,cita admision inicial ano menor nicola
Email,"ESTIMADOS, QUISIERA SABER LOS CUOTAS DE PRIMER GRADO PARA MI HIJO GABRIEL.",estimados quisiera saber los cuotas de primer grado para mi hijo gabriel,ADMIS_COSTOS,estimado querer cuota grado hijo gabriel
Email,"Estimados, quisiera saber los cuotas de inicial 5 años para mi hijo Pedro.",estimados quisiera saber los cuotas de inicial 5 anos para mi hijo pedro,ADMIS_COSTOS,estimado querer cuota inicial ano hijo pedro
Email,Solicito información de cuotas y detalles para primer grado. Atte: Thiago.,solicito informacion de cuotas y detalles para primer grado atte thiago,ADMIS_COSTOS,solicitar informacion cuota detalle grado attar thiago
Web,partidas para traslado a primer grado. Postulante: Luis.,partidas para traslado a primer grado postulante luis,ADMIS_REQUIS_DOC,partida traslado grado postulante luis
Email,Solicito información de cuotas y detalles para inicial 3 años. Atte: Luis.,solicito informacion de cuotas y detalles para inicial 3 anos atte luis,ADMIS_COSTOS,solicitar informacion cuota detalle inicial anos atte luis
Web,documentación para traslado a secundaria. Postulante: Maria.,documentacion para traslado a secundaria postulante maria,ADMIS_REQUIS_DOC,documentacion traslado secundario postulante mario
Email,Solicito información de pagos y detalles para primer año. Atte: Elena.,solicito informacion de pagos y detalles para primer ano atte elena,ADMIS_COSTOS,solicitar informacion pago detalle ano atte elena
Web,charlas de admision para secundaria. Mi menor es Elena.,charlas de admision para secundaria mi menor es elena,ADMIS_CITAS,charla admision secundario menor elén
Web,documentos para traslado a primer grado. Postulante: Juan.,documentos para traslado a primer grado postulante juan,ADMIS_REQUIS_DOC,documento traslado grado postulante juan
Web,papeles para traslado a inicial 3 años. Postulante: Maria.,papeles para traslado a inicial 3 anos postulante maria,ADMIS_REQUIS_DOC,papel traslado inicial ano postulante mario
Web,reunión de admision para primer año. Mi menor es Lucia.,reunion de admision para primer ano mi menor es lucia,ADMIS_CITAS,reunion admision ano menor lucia
WhatsApp,<p><b>Hola hay disponibilidad de ingreso para inicial 5 años? Mi niño se llama Nicolas.</b></p>,hola hay disponibilidad de ingreso para inicial 5 anos mi nino se llama nicolas,ADMIS_VACANTES,holar disponibilidad ingreso inicial ano nino llamar nicola
WhatsApp,<p><b>Saber si hay cupos en primer año para Elena. Gracias.</b></p>,saber si hay cupos en primer ano para elena gracias,ADMIS_VACANTES,cupo ano elena gracias
Email,"ESTIMADOS, QUISIERA SABER LOS PAGOS DE PRIMER AÑO PARA MI HIJO SEBASTIAN.",estimados quisiera saber los pagos de primer ano para mi hijo sebastian,ADMIS_COSTOS,estimado querer pago ano hijo sebastiar
WhatsApp,<p><b>Hola hay lugares para 1ero primaria? Mi niño se llama Elena.</b></p>,hola hay lugares para 1ero primaria mi nino se llama elena,ADMIS_VACANTES,holar lugar 1ero primario nino llamar elena
Email,Solicito información de precios y detalles para inicial 3 años. Atte: Valentina.,solicito informacion de precios y detalles para inicial 3 anos atte valentina,ADMIS_COSTOS,solicitar informacion precio detalle inicial anos atte valentín
Web,<p><b>ficha de matrícula para traslado a 6to primaria. Postulante: Pedro.</b></p>,ficha de matricula para traslado a 6to primaria postulante pedro,ADMIS_REQUIS_DOC,ficha matricula traslado 6to primaria postulante pedro
Web,requisitos para traslado a inicial 5 años. Postulante: Ana.,requisitos para traslado a inicial 5 anos postulante ana,ADMIS_REQUIS_DOC,requisito traslado inicial ano postulante ana
Web,CHARLAS DE ADMISION PARA INICIAL 3 AÑOS. MI MENOR ES ELENA.,charlas de admision para inicial 3 anos mi menor es elena,ADMIS_CITAS,charla admision inicial ano menor elén
Email,"<p><b>Estimados, quisiera saber los cuotas de inicial 4 años para mi hijo Gabriel.</b></p>",estimados quisiera saber los cuotas de inicial 4 anos para mi hijo gabriel,ADMIS_COSTOS,estimado querer cuota inicial ano hijo gabriel
WhatsApp,Hola hay vacantes para secundaria? Mi niño se llama Juan.,hola hay vacantes para secundaria mi nino se llama juan,ADMIS_VACANTES,holar vacante secundario nino llamar juan
WhatsApp,Saber si hay lugares en 1ero secundaria para Ana. Gracias.,saber si hay lugares en 1ero secundaria para ana gracias,ADMIS_VACANTES,lugar 1ero secundario ana gracias
WhatsApp,SABER SI HAY LUGARES EN SECUNDARIA PARA MATEO. GRACIAS.,saber si hay lugares en secundaria para mateo gracias,ADMIS_VACANTES,lugar secundaria mateo gracias
Email,"Estimados, quisiera saber los costos de secundaria para mi hijo Luis.",estimados quisiera saber los costos de secundaria para mi hijo luis,ADMIS_COSTOS,estimado querer costo secundaria hijo luis
Email,Solicito información de cuotas y detalles para inicial 3 años. Atte: Mateo.,solicito informacion de cuotas y detalles para inicial 3 anos atte mateo,ADMIS_COSTOS,solicitar informacion cuota detalle inicial anos atte mateo
Web,CHARLAS DE ADMISION PARA INICIAL 3 AÑOS. MI MENOR ES ANA.,charlas de admision para inicial 3 anos mi menor es ana,ADMIS_CITAS,charla admision inicial ano menor án
Web,<p><b>charlas de admision para inicial 3 años. Mi menor es Gabriel.</b></p>,charlas de admision para inicial 3 anos mi menor es gabriel,ADMIS_CITAS,charla admision inicial ano menor gabriel
WhatsApp,Hola hay disponibilidad de ingreso para inicial 4 años? Mi niño se llama Gabriel.,hola hay disponibilidad de ingreso para inicial 4 anos mi nino se llama gabriel,ADMIS_VACANTES,holar disponibilidad ingreso inicial ano nino llamar gabriel
WhatsApp,HOLA HAY ESPACIOS PARA INICIAL 4 AÑOS? MI NIÑO SE LLAMA GABRIEL.,hola hay espacios para inicial 4 anos mi nino se llama gabriel,ADMIS_VACANTES,holar espacio inicial ano nino llamar gabriel
Web,partidas para traslado a 5to secundaria. Postulante: Nicolas.,partidas para traslado a 5to secundaria postulante nicolas,ADMIS_REQUIS_DOC,partida traslado 5to secundario postulante nicola
Web,documentos para traslado a 1ero secundaria. Postulante: Sofia.,documentos para traslado a 1ero secundaria postulante sofia,ADMIS_REQUIS_DOC,documento traslado 1ero secundario postulante sofia
Web,entrevistas de admision para inicial 3 años. Mi menor es Ana.,entrevistas de admision para inicial 3 anos mi menor es ana,ADMIS_CITAS,entrevista admision inicial ano menor án
WhatsApp,<p><b>Hola hay espacios para inicial 4 años? Mi niño se llama Mateo.</b></p>,hola hay espacios para inicial 4 anos mi nino se llama mateo,ADMIS_VACANTES,holar espacio inicial ano nino llamar mateo
Web,<p><b>reunión de admision para 5to secundaria. Mi menor es Sebastian.</b></p>,reunion de admision para 5to secundaria mi menor es sebastian,ADMIS_CITAS,reunion admision 5to secundario menor sebastiar
Email,"Estimados, quisiera saber los mensualidad de secundaria para mi hijo Sofia.",estimados quisiera saber los mensualidad de secundaria para mi hijo sofia,ADMIS_COSTOS,estimado querer mensualidad secundaria hijo sofia
Web,<p><b>papeles para traslado a 5to secundaria. Postulante: Luis.</b></p>,papeles para traslado a 5to secundaria postulante luis,ADMIS_REQUIS_DOC,papel traslado 5to secundario postulante luis
Web,citas de admision para primer año. Mi menor es Sebastian.,citas de admision para primer ano mi menor es sebastian,ADMIS_CITAS,cita admision ano menor sebastiar
WhatsApp,<p><b>Hola hay vacantes para inicial 3 años? Mi niño se llama Nicolas.</b></p>,hola hay vacantes para inicial 3 anos mi nino se llama nicolas,ADMIS_VACANTES,holar vacante inicial ano nino llamar nicola
Web,citas de admision para secundaria. Mi menor es Ana.,citas de admision para secundaria mi menor es ana,ADMIS_CITAS,cita admision secundario menor án
Web,charlas de admision para inicial 3 años. Mi menor es Pedro.,charlas de admision para inicial 3 anos mi menor es pedro,ADMIS_CITAS,charla admision inicial ano menor pedro
WhatsApp,Saber si hay lugares en inicial 4 años para Sofia. Gracias.,saber si hay lugares en inicial 4 anos para sofia gracias,ADMIS_VACANTES,lugar inicial ano sofia gracias
Web,citas de admision para 1ero primaria. Mi menor es Sofia.,citas de admision para 1ero primaria mi menor es sofia,ADMIS_CITAS,cita admision 1ero primario menor sofia
Email,"<p><b>Estimados, quisiera saber los cuotas de 1ero secundaria para mi hijo Camila.</b></p>",estimados quisiera saber los cuotas de 1ero secundaria para mi hijo camila,ADMIS_COSTOS,estimado querer cuota 1ero secundario hijo camilar
Email,SOLICITO INFORMACIÓN DE MENSUALIDAD Y DETALLES PARA PRIMER GRADO. ATTE: NICOLAS.,solicito informacion de mensualidad y detalles para primer grado atte nicolas,ADMIS_COSTOS,solicitar informacion mensualidad detalle grado attar nicola
Web,requisitos para traslado a primer grado. Postulante: Camila.,requisitos para traslado a primer grado postulante camila,ADMIS_REQUIS_DOC,requisito traslado grado postulante camilar
WhatsApp,<p><b>Saber si hay vacantes en 1ero primaria para Sofia. Gracias.</b></p>,saber si hay vacantes en 1ero primaria para sofia gracias,ADMIS_VACANTES,vacante 1ero primario sofia gracias
WhatsApp,<p><b>Saber si hay vacantes en inicial 5 años para Camila. Gracias.</b></p>,saber si hay vacantes en inicial 5 anos para camila gracias,ADMIS_VACANTES,vacante inicial ano camilar gracias
Email,Solicito información de cuotas y detalles para inicial 4 años. Atte: Maria.,solicito informacion de cuotas y detalles para inicial 4 anos atte maria,ADMIS_COSTOS,solicitar informacion cuota detalle inicial anos atte maria
Web,reunión de admision para inicial 5 años. Mi menor es Mateo.,reunion de admision para inicial 5 anos mi menor es mateo,ADMIS_CITAS,reunion admision inicial ano menor mateo
Web,cronograma de admision para primer año. Mi menor es Valentina.,cronograma de admision para primer ano mi menor es valentina,ADMIS_CITAS,cronograma admision ano menor valentín
WhatsApp,Saber si hay cupos en inicial 5 años para Pedro. Gracias.,saber si hay cupos en inicial 5 anos para pedro gracias,ADMIS_VACANTES,cupo inicial ano pedro gracias
WhatsApp,Hola hay cupos para secundaria? Mi niño se llama Sebastian.,hola hay cupos para secundaria mi nino se llama sebastian,ADMIS_VACANTES,holar cupo secundario nino llamar sebastian
Email,"ESTIMADOS, QUISIERA SABER LOS PAGOS DE PRIMER GRADO PARA MI HIJO MARIA.",estimados quisiera saber los pagos de primer grado para mi hijo maria,ADMIS_COSTOS,estimado querer pago grado hijo mario
Email,"<p><b>Estimados, quisiera saber los mensualidad de 6to primaria para mi hijo Camila.</b></p>",estimados quisiera saber los mensualidad de 6to primaria para mi hijo camila,ADMIS_COSTOS,estimado querer mensualidad 6to primario hijo camilar
Email,Solicito información de mensualidad y detalles para primer grado. Atte: Camila.,solicito informacion de mensualidad y detalles para primer grado atte camila,ADMIS_COSTOS,solicitar informacion mensualidad detalle grado attar camilar
Email,"Estimados, quisiera saber los costos de 6to primaria para mi hijo Lucia.",estimados quisiera saber los costos de 6to primaria para mi hijo lucia,ADMIS_COSTOS,estimado querer costo 6to primario hijo lucia
WhatsApp,Hola hay disponibilidad de ingreso para 6to primaria? Mi niño se llama Maria.,hola hay disponibilidad de ingreso para 6to primaria mi nino se llama maria,ADMIS_VACANTES,holar disponibilidad ingreso 6to primario nino llamar mario
WhatsApp,Hola hay lugares para 1ero secundaria? Mi niño se llama Valentina.,hola hay lugares para 1ero secundaria mi nino se llama valentina,ADMIS_VACANTES,holar lugar 1ero secundario nino llamar valentina
Web,papeles para traslado a primer grado. Postulante: Nicolas.,papeles para traslado a primer grado postulante nicolas,ADMIS_REQUIS_DOC,papel traslado grado postulante nicola
Email,"ESTIMADOS, QUISIERA SABER LOS PAGOS DE 5TO SECUNDARIA PARA MI HIJO PEDRO.",estimados quisiera saber los pagos de 5to secundaria para mi hijo pedro,ADMIS_COSTOS,estimado querer pago 5to secundario hijo pedro
Email,Solicito información de precios y detalles para primer grado. Atte: Ana.,solicito informacion de precios y detalles para primer grado atte ana,ADMIS_COSTOS,solicitar informacion precio detalle grado attar ana
Email,"Estimados, quisiera saber los costos de 1ero secundaria para mi hijo Pedro.",estimados quisiera saber los costos de 1ero secundaria para mi hijo pedro,ADMIS_COSTOS,estimado querer costo 1ero secundario hijo pedro
WhatsApp,Saber si hay espacios en 5to secundaria para Camila. Gracias.,saber si hay espacios en 5to secundaria para camila gracias,ADMIS_VACANTES,espacio 5to secundario camila gracias
Web,cronograma de admision para inicial 4 años. Mi menor es Gabriel.,cronograma de admision para inicial 4 anos mi menor es gabriel,ADMIS_CITAS,cronograma admision inicial ano menor gabriel
WhatsApp,Hola hay disponibilidad de ingreso para primer año? Mi niño se llama Elena.,hola hay disponibilidad de ingreso para primer ano mi nino se llama elena,ADMIS_VACANTES,holar disponibilidad ingreso ano nino llamar elena
Email,Solicito información de pensiones y detalles para primer grado. Atte: Valentina.,solicito informacion de pensiones y detalles para primer grado atte valentina,ADMIS_COSTOS,solicitar informacion pensión detalle grado attar valentín
Email,Solicito información de precios y detalles para 5to secundaria. Atte: Luis.,solicito informacion de precios y detalles para 5to secundaria atte luis,ADMIS_COSTOS,solicitar informacion precio detalle 5to secundario atte luis
Email,"ESTIMADOS, QUISIERA SABER LOS PENSIONES DE 5TO SECUNDARIA PARA MI HIJO PEDRO.",estimados quisiera saber los pensiones de 5to secundaria para mi hijo pedro,ADMIS_COSTOS,estimado querer pensión 5to secundario hijo pedro
Email,Solicito información de pagos y detalles para 5to secundaria. Atte: Valentina.,solicito informacion de pagos y detalles para 5to secundaria atte valentina,ADMIS_COSTOS,solicitar informacion pago detalle 5to secundario atte valentín
Email,<p><b>Solicito información de cuotas y detalles para primer año. Atte: Ana.</b></p>,solicito informacion de cuotas y detalles para primer ano atte ana,ADMIS_COSTOS,solicitar informacion cuota detalle ano attar ana
Web,partidas para traslado a primer año. Postulante: Maria.,partidas para traslado a primer ano postulante maria,ADMIS_REQUIS_DOC,partida traslado ano postulante mario
Email,Solicito información de cuotas y detalles para 6to primaria. Atte: Luis.,solicito informacion de cuotas y detalles para 6to primaria atte luis,ADMIS_COSTOS,solicitar informacion cuota detalle 6to primaria atte luis
WhatsApp,<p><b>Saber si hay cupos en 1ero primaria para Nicolas. Gracias.</b></p>,saber si hay cupos en 1ero primaria para nicolas gracias,ADMIS_VACANTES,cupo 1ero primario nico él gracia
Email,<p><b>Solicito información de precios y detalles para inicial 3 años. Atte: Camila.</b></p>,solicito informacion de precios y detalles para inicial 3 anos atte camila,ADMIS_COSTOS,solicitar informacion precio detalle inicial ano atte camilar
WhatsApp,<p><b>Hola hay disponibilidad de ingreso para 1ero secundaria? Mi niño se llama Thiago.</b></p>,hola hay disponibilidad de ingreso para 1ero secundaria mi nino se llama thiago,ADMIS_VACANTES,holar disponibilidad ingreso 1ero secundario nino llamar thiago
WhatsApp,Saber si hay vacantes en 6to primaria para Pedro. Gracias.,saber si hay vacantes en 6to primaria para pedro gracias,ADMIS_VACANTES,vacante 6to primario pedro gracias
WhatsApp,Saber si hay disponibilidad de ingreso en 1ero secundaria para Mateo. Gracias.,saber si hay disponibilidad de ingreso en 1ero secundaria para mateo gracias,ADMIS_VACANTES,disponibilidad ingreso 1ero secundario mateo gracias
Email,Solicito información de precios y detalles para inicial 3 años. Atte: Juan.,solicito informacion de precios y detalles para inicial 3 anos atte juan,ADMIS_COSTOS,solicitar informacion precio detalle inicial anos atte juan
Web,<p><b>entrevistas de admision para secundaria. Mi menor es Nicolas.</b></p>,entrevistas de admision para secundaria mi menor es nicolas,ADMIS_CITAS,entrevista admision secundario menor nicola
Email,Solicito información de pensiones y detalles para inicial 3 años. Atte: Thiago.,solicito informacion de pensiones y detalles para inicial 3 anos atte thiago,ADMIS_COSTOS,solicitar informacion pensión detalle inicial anos attar thiago
Web,<p><b>entrevistas de admision para 6to primaria. Mi menor es Mateo.</b></p>,entrevistas de admision para 6to primaria mi menor es mateo,ADMIS_CITAS,entrevista admision 6to primario menor mateo
Email,"ESTIMADOS, QUISIERA SABER LOS CUOTAS DE INICIAL 3 AÑOS PARA MI HIJO NICOLAS.",estimados quisiera saber los cuotas de inicial 3 anos para mi hijo nicolas,ADMIS_COSTOS,estimado querer cuota inicial ano hijo nicola
Email,Solicito información de mensualidad y detalles para inicial 3 años. Atte: Gabriel.,solicito informacion de mensualidad y detalles para inicial 3 anos atte gabriel,ADMIS_COSTOS,solicitar informacion mensualidad detalle inicial anos atte gabriel
WhatsApp,Saber si hay cupos en primer grado para Juan. Gracias.,saber si hay cupos en primer grado para juan gracias,ADMIS_VACANTES,cupo grado juan gracias
WhatsApp,<p><b>Hola hay vacantes para 1ero primaria? Mi niño se llama Thiago.</b></p>,hola hay vacantes para 1ero primaria mi nino se llama thiago,ADMIS_VACANTES,holar vacante 1ero primario nino llamar thiago
Web,cronograma de admision para inicial 5 años. Mi menor es Juan.,cronograma de admision para inicial 5 anos mi menor es juan,ADMIS_CITAS,cronograma admision inicial ano menor juan
Web,ficha de matrícula para traslado a 5to secundaria. Postulante: Mateo.,ficha de matricula para traslado a 5to secundaria postulante mateo,ADMIS_REQUIS_DOC,ficha matricula traslado 5to secundario postulante mateo
Web,partidas para traslado a inicial 3 años. Postulante: Elena.,partidas para traslado a inicial 3 anos postulante elena,ADMIS_REQUIS_DOC,partida traslado inicial ano postulante elén
Web,CITAS DE ADMISION PARA INICIAL 3 AÑOS. MI MENOR ES MATEO.,citas de admision para inicial 3 anos mi menor es mateo,ADMIS_CITAS,cita admision inicial ano menor mateo
Email,Solicito información de pensiones y detalles para 6to primaria. Atte: Nicolas.,solicito informacion de pensiones y detalles para 6to primaria atte nicolas,ADMIS_COSTOS,solicitar informacion pensión detalle 6to primaria attar nicola
WhatsApp,Saber si hay cupos en primer año para Ana. Gracias.,saber si hay cupos en primer ano para ana gracias,ADMIS_VACANTES,cupo ano ana gracias
Email,"Estimados, quisiera saber los precios de inicial 5 años para mi hijo Maria.",estimados quisiera saber los precios de inicial 5 anos para mi hijo maria,ADMIS_COSTOS,estimado querer precio inicial ano hijo mario
Email,"<p><b>Estimados, quisiera saber los costos de 6to primaria para mi hijo Ana.</b></p>",estimados quisiera saber los costos de 6to primaria para mi hijo ana,ADMIS_COSTOS,estimado querer costo 6to primario hijo án
Email,Solicito información de costos y detalles para primer año. Atte: Pedro.,solicito informacion de costos y detalles para primer ano atte pedro,ADMIS_COSTOS,solicitar informacion costo detalle ano atte pedro
Web,cronograma de admision para inicial 5 años. Mi menor es Gabriel.,cronograma de admision para inicial 5 anos mi menor es gabriel,ADMIS_CITAS,cronograma admision inicial ano menor gabriel
Web,PAPELES PARA TRASLADO A 1ERO PRIMARIA. POSTULANTE: PEDRO.,papeles para traslado a 1ero primaria postulante pedro,ADMIS_REQUIS_DOC,papel traslado 1ero primaria postulante pedro
Email,Solicito información de costos y detalles para inicial 3 años. Atte: Valentina.,solicito informacion de costos y detalles para inicial 3 anos atte valentina,ADMIS_COSTOS,solicitar informacion costo detalle inicial anos atte valentín
Email,Solicito información de pagos y detalles para 6to primaria. Atte: Juan.,solicito informacion de pagos y detalles para 6to primaria atte juan,ADMIS_COSTOS,solicitar informacion pago detalle 6to primaria atte juan
WhatsApp,<p><b>Saber si hay cupos en 5to secundaria para Maria. Gracias.</b></p>,saber si hay cupos en 5to secundaria para maria gracias,ADMIS_VACANTES,cupo 5to secundario maria gracias
Web,<p><b>papeles para traslado a primer grado. Postulante: Mateo.</b></p>,papeles para traslado a primer grado postulante mateo,ADMIS_REQUIS_DOC,papel traslado grado postulante mateo
Email,"<p><b>Estimados, quisiera saber los cuotas de inicial 4 años para mi hijo Ana.</b></p>",estimados quisiera saber los cuotas de inicial 4 anos para mi hijo ana,ADMIS_COSTOS,estimado querer cuota inicial ano hijo án
Web,entrevistas de admision para 1ero secundaria. Mi menor es Camila.,entrevistas de admision para 1ero secundaria mi menor es camila,ADMIS_CITAS,entrevista admision 1ero secundario menor camila
Web,documentos para traslado a inicial 4 años. Postulante: Juan.,documentos para traslado a inicial 4 anos postulante juan,ADMIS_REQUIS_DOC,documento traslado inicial ano postulante juan
Email,"Estimados, quisiera saber los precios de primer año para mi hijo Valentina.",estimados quisiera saber los precios de primer ano para mi hijo valentina,ADMIS_COSTOS,estimado querer precio ano hijo valentín
Web,partidas para traslado a secundaria. Postulante: Luis.,partidas para traslado a secundaria postulante luis,ADMIS_REQUIS_DOC,partida traslado secundaria postulante luis
Email,<p><b>Solicito información de pagos y detalles para 1ero primaria. Atte: Ana.</b></p>,solicito informacion de pagos y detalles para 1ero primaria atte ana,ADMIS_COSTOS,solicitar informacion pago detalle 1ero primario attar ana
WhatsApp,HOLA HAY DISPONIBILIDAD DE INGRESO PARA PRIMER GRADO? MI NIÑO SE LLAMA THIAGO.,hola hay disponibilidad de ingreso para primer grado mi nino se llama thiago,ADMIS_VACANTES,holar disponibilidad ingreso grado nino llamar thiago
Email,"<p><b>Estimados, quisiera saber los pagos de inicial 4 años para mi hijo Valentina.</b></p>",estimados quisiera saber los pagos de inicial 4 anos para mi hijo valentina,ADMIS_COSTOS,estimado querer pago inicial ano hijo valentín
Email,SOLICITO INFORMACIÓN DE CUOTAS Y DETALLES PARA INICIAL 5 AÑOS. ATTE: MARIA.,solicito informacion de cuotas y detalles para inicial 5 anos atte maria,ADMIS_COSTOS,solicitar informacion cuota detalle inicial anos atte maria
Email,"Estimados, quisiera saber los pensiones de inicial 4 años para mi hijo Pedro.",estimados quisiera saber los pensiones de inicial 4 anos para mi hijo pedro,ADMIS_COSTOS,estimado querer pensión inicial ano hijo pedro
Email,SOLICITO INFORMACIÓN DE PENSIONES Y DETALLES PARA 1ERO PRIMARIA. ATTE: PEDRO.,solicito informacion de pensiones y detalles para 1ero primaria atte pedro,ADMIS_COSTOS,solicitar informacion pensión detalle 1ero primario atte pedro
WhatsApp,HOLA HAY DISPONIBILIDAD DE INGRESO PARA INICIAL 4 AÑOS? MI NIÑO SE LLAMA JUAN.,hola hay disponibilidad de ingreso para inicial 4 anos mi nino se llama juan,ADMIS_VACANTES,holar disponibilidad ingreso inicial ano nino llamar juan
Email,Solicito información de cuotas y detalles para inicial 4 años. Atte: Ana.,solicito informacion de cuotas y detalles para inicial 4 anos atte ana,ADMIS_COSTOS,solicitar informacion cuota detalle inicial anos attir ana
Web,requisitos para traslado a inicial 3 años. Postulante: Valentina.,requisitos para traslado a inicial 3 anos postulante valentina,ADMIS_REQUIS_DOC,requisito traslado inicial ano postulante valentín
WhatsApp,<p><b>Hola hay cupos para secundaria? Mi niño se llama Valentina.</b></p>,hola hay cupos para secundaria mi nino se llama valentina,ADMIS_VACANTES,holar cupo secundario nino llamar valentina
Web,reunión de admision para 6to primaria. Mi menor es Lucia.,reunion de admision para 6to primaria mi menor es lucia,ADMIS_CITAS,reunion admision 6to primario menor lucia
WhatsApp,HOLA HAY ESPACIOS PARA PRIMER GRADO? MI NIÑO SE LLAMA ANA.,hola hay espacios para primer grado mi nino se llama ana,ADMIS_VACANTES,holar espacio grado nino llamar án
WhatsApp,Saber si hay cupos en primer grado para Luis. Gracias.,saber si hay cupos en primer grado para luis gracias,ADMIS_VACANTES,cupo grado luis gracias
Email,"Estimados, quisiera saber los mensualidad de 1ero secundaria para mi hijo Nicolas.",estimados quisiera saber los mensualidad de 1ero secundaria para mi hijo nicolas,ADMIS_COSTOS,estimado querer mensualidad 1ero secundario hijo nicola
Email,"ESTIMADOS, QUISIERA SABER LOS PAGOS DE 5TO SECUNDARIA PARA MI HIJO NICOLAS.",estimados quisiera saber los pagos de 5to secundaria para mi hijo nicolas,ADMIS_COSTOS,estimado querer pago 5to secundario hijo nicola
Web,REQUISITOS PARA TRASLADO A INICIAL 3 AÑOS. POSTULANTE: JUAN.,requisitos para traslado a inicial 3 anos postulante juan,ADMIS_REQUIS_DOC,requisito traslado inicial ano postulante juan
WhatsApp,Saber si hay lugares en inicial 5 años para Sofia. Gracias.,saber si hay lugares en inicial 5 anos para sofia gracias,ADMIS_VACANTES,lugar inicial ano sofia gracias
Web,DOCUMENTOS PARA TRASLADO A INICIAL 4 AÑOS. POSTULANTE: THIAGO.,documentos para traslado a inicial 4 anos postulante thiago,ADMIS_REQUIS_DOC,documento traslado inicial ano postulante thiago
Email,"Estimados, quisiera saber los precios de inicial 5 años para mi hijo Sofia.",estimados quisiera saber los precios de inicial 5 anos para mi hijo sofia,ADMIS_COSTOS,estimado querer precio inicial ano hijo sofia
WhatsApp,HOLA HAY LUGARES PARA 6TO PRIMARIA? MI NIÑO SE LLAMA VALENTINA.,hola hay lugares para 6to primaria mi nino se llama valentina,ADMIS_VACANTES,holar lugar 6to primario nino llamar valentina
Web,<p><b>reunión de admision para inicial 4 años. Mi menor es Maria.</b></p>,reunion de admision para inicial 4 anos mi menor es maria,ADMIS_CITAS,reunion admision inicial ano menor mario
Email,<p><b>Solicito información de mensualidad y detalles para primer año. Atte: Ana.</b></p>,solicito informacion de mensualidad y detalles para primer ano atte ana,ADMIS_COSTOS,solicitar informacion mensualidad detalle ano attar ana
Email,<p><b>Solicito información de mensualidad y detalles para inicial 3 años. Atte: Nicolas.</b></p>,solicito informacion de mensualidad y detalles para inicial 3 anos atte nicolas,ADMIS_COSTOS,solicitar informacion mensualidad detalle inicial ano attar nicola
Email,Solicito información de cuotas y detalles para 1ero secundaria. Atte: Juan.,solicito informacion de cuotas y detalles para 1ero secundaria atte juan,ADMIS_COSTOS,solicitar informacion cuota detalle 1ero secundario atte juan
Web,<p><b>documentación para traslado a primer grado. Postulante: Sofia.</b></p>,documentacion para traslado a primer grado postulante sofia,ADMIS_REQUIS_DOC,documentacion traslado grado postulante sofia
WhatsApp,HOLA HAY CUPOS PARA INICIAL 4 AÑOS? MI NIÑO SE LLAMA CAMILA.,hola hay cupos para inicial 4 anos mi nino se llama camila,ADMIS_VACANTES,holar cupo inicial ano nino llamar camila
Email,Solicito información de cuotas y detalles para 1ero primaria. Atte: Lucia.,solicito informacion de cuotas y detalles para 1ero primaria atte lucia,ADMIS_COSTOS,solicitar informacion cuota detalle 1ero primario attar lucia
Web,partidas para traslado a 1ero secundaria. Postulante: Gabriel.,partidas para traslado a 1ero secundaria postulante gabriel,ADMIS_REQUIS_DOC,partida traslado 1ero secundario postulante gabriel
WhatsApp,Hola hay disponibilidad de ingreso para 1ero secundaria? Mi niño se llama Valentina.,hola hay disponibilidad de ingreso para 1ero secundaria mi nino se llama valentina,ADMIS_VACANTES,holar disponibilidad ingreso 1ero secundario nino llamar valentina
Web,PAPELES PARA TRASLADO A 5TO SECUNDARIA. POSTULANTE: GABRIEL.,papeles para traslado a 5to secundaria postulante gabriel,ADMIS_REQUIS_DOC,papel traslado 5to secundario postulante gabriel
Email,"Estimados, quisiera saber los pensiones de inicial 4 años para mi hijo Gabriel.",estimados quisiera saber los pensiones de inicial 4 anos para mi hijo gabriel,ADMIS_COSTOS,estimado querer pensión inicial ano hijo gabriel
Email,<p><b>Solicito información de costos y detalles para primer año. Atte: Nicolas.</b></p>,solicito informacion de costos y detalles para primer ano atte nicolas,ADMIS_COSTOS,solicitar informacion costo detalle ano attar nicola
Email,"ESTIMADOS, QUISIERA SABER LOS COSTOS DE 5TO SECUNDARIA PARA MI HIJO SEBASTIAN.",estimados quisiera saber los costos de 5to secundaria para mi hijo sebastian,ADMIS_COSTOS,estimado querer costo 5to secundario hijo sebastiar
Email,<p><b>Solicito información de costos y detalles para primer año. Atte: Camila.</b></p>,solicito informacion de costos y detalles para primer ano atte camila,ADMIS_COSTOS,solicitar informacion costo detalle ano attar camilar
Web,citas de admision para 1ero secundaria. Mi menor es Mateo.,citas de admision para 1ero secundaria mi menor es mateo,ADMIS_CITAS,cita admision 1ero secundario menor mateo
Email,Solicito información de costos y detalles para inicial 4 años. Atte: Camila.,solicito informacion de costos y detalles para inicial 4 anos atte camila,ADMIS_COSTOS,solicitar informacion costo detalle inicial ano attir camilar
WhatsApp,<p><b>Hola hay disponibilidad de ingreso para 5to secundaria? Mi niño se llama Thiago.</b></p>,hola hay disponibilidad de ingreso para 5to secundaria mi nino se llama thiago,ADMIS_VACANTES,holar disponibilidad ingreso 5to secundario nino llamar thiago
Email,Solicito información de pensiones y detalles para inicial 3 años. Atte: Camila.,solicito informacion de pensiones y detalles para inicial 3 anos atte camila,ADMIS_COSTOS,solicitar informacion pensión detalle inicial ano atte camilar
WhatsApp,HOLA HAY LUGARES PARA INICIAL 4 AÑOS? MI NIÑO SE LLAMA SEBASTIAN.,hola hay lugares para inicial 4 anos mi nino se llama sebastian,ADMIS_VACANTES,holar lugar inicial ano nino llamar sebastian
Web,charlas de admision para inicial 4 años. Mi menor es Sofia.,charlas de admision para inicial 4 anos mi menor es sofia,ADMIS_CITAS,charla admision inicial ano menor sofia
Email,"Estimados, quisiera saber los cuotas de primer grado para mi hijo Thiago.",estimados quisiera saber los cuotas de primer grado para mi hijo thiago,ADMIS_COSTOS,estimado querer cuota grado hijo thiago
Web,citas de admision para primer grado. Mi menor es Juan.,citas de admision para primer grado mi menor es juan,ADMIS_CITAS,cita admision grado menor juan
Email,Solicito información de precios y detalles para secundaria. Atte: Sofia.,solicito informacion de precios y detalles para secundaria atte sofia,ADMIS_COSTOS,solicitar informacion precio detalle secundario atte sofia
Web,<p><b>charlas de admision para inicial 3 años. Mi menor es Luis.</b></p>,charlas de admision para inicial 3 anos mi menor es luis,ADMIS_CITAS,charla admision inicial ano menor luis
Web,entrevistas de admision para secundaria. Mi menor es Sofia.,entrevistas de admision para secundaria mi menor es sofia,ADMIS_CITAS,entrevista admision secundario menor sofia
Web,papeles para traslado a 5to secundaria. Postulante: Valentina.,papeles para traslado a 5to secundaria postulante valentina,ADMIS_REQUIS_DOC,papel traslado 5to secundario postulante valentín
Email,"ESTIMADOS, QUISIERA SABER LOS PAGOS DE SECUNDARIA PARA MI HIJO ANA.",estimados quisiera saber los pagos de secundaria para mi hijo ana,ADMIS_COSTOS,estimado querer pago secundaria hijo án
Email,"Estimados, quisiera saber los costos de 6to primaria para mi hijo Camila.",estimados quisiera saber los costos de 6to primaria para mi hijo camila,ADMIS_COSTOS,estimado querer costo 6to primario hijo camilar
WhatsApp,Saber si hay lugares en inicial 4 años para Lucia. Gracias.,saber si hay lugares en inicial 4 anos para lucia gracias,ADMIS_VACANTES,lugar inicial ano lucia gracias
Email,<p><b>Solicito información de pagos y detalles para inicial 4 años. Atte: Camila.</b></p>,solicito informacion de pagos y detalles para inicial 4 anos atte camila,ADMIS_COSTOS,solicitar informacion pago detalle inicial ano attir camilar
Web,entrevistas de admision para inicial 4 años. Mi menor es Lucia.,entrevistas de admision para inicial 4 anos mi menor es lucia,ADMIS_CITAS,entrevista admision inicial ano menor lucia
Email,Solicito información de precios y detalles para primer año. Atte: Lucia.,solicito informacion de precios y detalles para primer ano atte lucia,ADMIS_COSTOS,solicitar informacion precio detalle ano attir lucia
Web,<p><b>reunión de admision para 5to secundaria. Mi menor es Gabriel.</b></p>,reunion de admision para 5to secundaria mi menor es gabriel,ADMIS_CITAS,reunion admision 5to secundario menor gabriel
Email,"<p><b>Estimados, quisiera saber los pagos de inicial 5 años para mi hijo Ana.</b></p>",estimados quisiera saber los pagos de inicial 5 anos para mi hijo ana,ADMIS_COSTOS,estimado querer pago inicial ano hijo án
WhatsApp,Saber si hay disponibilidad de ingreso en 1ero primaria para Sebastian. Gracias.,saber si hay disponibilidad de ingreso en 1ero primaria para sebastian gracias,ADMIS_VACANTES,disponibilidad ingreso 1ero primario sebastiar gracias
Email,<p><b>Solicito información de cuotas y detalles para inicial 3 años. Atte: Gabriel.</b></p>,solicito informacion de cuotas y detalles para inicial 3 anos atte gabriel,ADMIS_COSTOS,solicitar informacion cuota detalle inicial anos atte gabriel
WhatsApp,Hola hay espacios para inicial 4 años? Mi niño se llama Juan.,hola hay espacios para inicial 4 anos mi nino se llama juan,ADMIS_VACANTES,holar espacio inicial ano nino llamar juan
WhatsApp,<p><b>Saber si hay cupos en 5to secundaria para Lucia. Gracias.</b></p>,saber si hay cupos en 5to secundaria para lucia gracias,ADMIS_VACANTES,cupo 5to secundario lucia gracias
Web,<p><b>reunión de admision para 1ero secundaria. Mi menor es Gabriel.</b></p>,reunion de admision para 1ero secundaria mi menor es gabriel,ADMIS_CITAS,reunion admision 1ero secundario menor gabriel
Email,"Estimados, quisiera saber los pagos de inicial 4 años para mi hijo Pedro.",estimados quisiera saber los pagos de inicial 4 anos para mi hijo pedro,ADMIS_COSTOS,estimado querer pago inicial ano hijo pedro
Email,Solicito información de cuotas y detalles para 1ero secundaria. Atte: Valentina.,solicito informacion de cuotas y detalles para 1ero secundaria atte valentina,ADMIS_COSTOS,solicitar informacion cuota detalle 1ero secundario atte valentín
Email,Solicito información de cuotas y detalles para 1ero primaria. Atte: Sofia.,solicito informacion de cuotas y detalles para 1ero primaria atte sofia,ADMIS_COSTOS,solicitar informacion cuota detalle 1ero primario atte sofia
Email,"Estimados, quisiera saber los pagos de inicial 4 años para mi hijo Gabriel.",estimados quisiera saber los pagos de inicial 4 anos para mi hijo gabriel,ADMIS_COSTOS,estimado querer pago inicial ano hijo gabriel
Web,documentos para traslado a secundaria. Postulante: Ana.,documentos para traslado a secundaria postulante ana,ADMIS_REQUIS_DOC,documento traslado secundario postulante ana
Email,<p><b>Solicito información de cuotas y detalles para inicial 3 años. Atte: Maria.</b></p>,solicito informacion de cuotas y detalles para inicial 3 anos atte maria,ADMIS_COSTOS,solicitar informacion cuota detalle inicial anos atte mario
Web,reunión de admision para secundaria. Mi menor es Elena.,reunion de admision para secundaria mi menor es elena,ADMIS_CITAS,reunion admision secundario menor elén
Email,SOLICITO INFORMACIÓN DE PAGOS Y DETALLES PARA INICIAL 5 AÑOS. ATTE: LUCIA.,solicito informacion de pagos y detalles para inicial 5 anos atte lucia,ADMIS_COSTOS,solicitar informacion pago detalle inicial anos attir lucia
Email,SOLICITO INFORMACIÓN DE CUOTAS Y DETALLES PARA INICIAL 4 AÑOS. ATTE: VALENTINA.,solicito informacion de cuotas y detalles para inicial 4 anos atte valentina,ADMIS_COSTOS,solicitar informacion cuota detalle inicial anos atte valentín
Email,"<p><b>Estimados, quisiera saber los cuotas de primer grado para mi hijo Luis.</b></p>",estimados quisiera saber los cuotas de primer grado para mi hijo luis,ADMIS_COSTOS,estimado querer cuota grado hijo luis
WhatsApp,<p><b>Hola hay espacios para 1ero primaria? Mi niño se llama Gabriel.</b></p>,hola hay espacios para 1ero primaria mi nino se llama gabriel,ADMIS_VACANTES,holar espacio 1ero primario nino llamar gabriel
Email,"Estimados, quisiera saber los mensualidad de inicial 5 años para mi hijo Sebastian.",estimados quisiera saber los mensualidad de inicial 5 anos para mi hijo sebastian,ADMIS_COSTOS,estimado querer mensualidad inicial ano hijo sebastiar
Email,<p><b>Solicito información de costos y detalles para primer año. Atte: Luis.</b></p>,solicito informacion de costos y detalles para primer ano atte luis,ADMIS_COSTOS,solicitar informacion costo detalle ano atte luis
WhatsApp,<p><b>Saber si hay espacios en secundaria para Elena. Gracias.</b></p>,saber si hay espacios en secundaria para elena gracias,ADMIS_VACANTES,espacio secundaria elena gracias
Email,"<p><b>Estimados, quisiera saber los mensualidad de 1ero secundaria para mi hijo Sebastian.</b></p>",estimados quisiera saber los mensualidad de 1ero secundaria para mi hijo sebastian,ADMIS_COSTOS,estimado querer mensualidad 1ero secundario hijo sebastiar
Email,SOLICITO INFORMACIÓN DE MENSUALIDAD Y DETALLES PARA SECUNDARIA. ATTE: LUCIA.,solicito informacion de mensualidad y detalles para secundaria atte lucia,ADMIS_COSTOS,solicitar informacion mensualidad detalle secundario atte lucia
Email,Solicito información de precios y detalles para 6to primaria. Atte: Camila.,solicito informacion de precios y detalles para 6to primaria atte camila,ADMIS_COSTOS,solicitar informacion precio detalle 6to primaria attar camilar
Email,"Estimados, quisiera saber los costos de 1ero secundaria para mi hijo Valentina.",estimados quisiera saber los costos de 1ero secundaria para mi hijo valentina,ADMIS_COSTOS,estimado querer costo 1ero secundario hijo valentín
Web,reunión de admision para secundaria. Mi menor es Ana.,reunion de admision para secundaria mi menor es ana,ADMIS_CITAS,reunion admision secundario menor án
Email,"Estimados, quisiera saber los precios de 6to primaria para mi hijo Luis.",estimados quisiera saber los precios de 6to primaria para mi hijo luis,ADMIS_COSTOS,estimado querer precio 6to primario hijo luis
Email,"<p><b>Estimados, quisiera saber los pensiones de primer grado para mi hijo Thiago.</b></p>",estimados quisiera saber los pensiones de primer grado para mi hijo thiago,ADMIS_COSTOS,estimado querer pensión grado hijo thiago
Email,"Estimados, quisiera saber los cuotas de inicial 5 años para mi hijo Elena.",estimados quisiera saber los cuotas de inicial 5 anos para mi hijo elena,ADMIS_COSTOS,estimado querer cuota inicial ano hijo elena
WhatsApp,HOLA HAY LUGARES PARA INICIAL 5 AÑOS? MI NIÑO SE LLAMA LUIS.,hola hay lugares para inicial 5 anos mi nino se llama luis,ADMIS_VACANTES,holar lugar inicial ano nino llamar luis
WhatsApp,SABER SI HAY LUGARES EN 1ERO PRIMARIA PARA SEBASTIAN. GRACIAS.,saber si hay lugares en 1ero primaria para sebastian gracias,ADMIS_VACANTES,lugar 1ero primario sebastiar gracias
WhatsApp,<p><b>Hola hay espacios para inicial 4 años? Mi niño se llama Elena.</b></p>,hola hay espacios para inicial 4 anos mi nino se llama elena,ADMIS_VACANTES,holar espacio inicial ano nino llamar elena
Web,<p><b>citas de admision para inicial 4 años. Mi menor es Valentina.</b></p>,citas de admision para inicial 4 anos mi menor es valentina,ADMIS_CITAS,cita admision inicial ano menor valentín
WhatsApp,Hola hay vacantes para inicial 5 años? Mi niño se llama Ana.,hola hay vacantes para inicial 5 anos mi nino se llama ana,ADMIS_VACANTES,holar vacante inicial ano nino llamar án
Email,"ESTIMADOS, QUISIERA SABER LOS PRECIOS DE 6TO PRIMARIA PARA MI HIJO ANA.",estimados quisiera saber los precios de 6to primaria para mi hijo ana,ADMIS_COSTOS,estimado querer precio 6to primario hijo án
Email,<p><b>Solicito información de pensiones y detalles para 1ero secundaria. Atte: Camila.</b></p>,solicito informacion de pensiones y detalles para 1ero secundaria atte camila,ADMIS_COSTOS,solicitar informacion pensión detalle 1ero secundario atte camilar
Web,ENTREVISTAS DE ADMISION PARA PRIMER AÑO. MI MENOR ES PEDRO.,entrevistas de admision para primer ano mi menor es pedro,ADMIS_CITAS,entrevista admision ano menor pedro
WhatsApp,Saber si hay disponibilidad de ingreso en 1ero secundaria para Juan. Gracias.,saber si hay disponibilidad de ingreso en 1ero secundaria para juan gracias,ADMIS_VACANTES,disponibilidad ingreso 1ero secundario juan gracias
WhatsApp,<p><b>Hola hay cupos para 1ero primaria? Mi niño se llama Juan.</b></p>,hola hay cupos para 1ero primaria mi nino se llama juan,ADMIS_VACANTES,holar cupo 1ero primario nino llamar juan
Email,"Estimados, quisiera saber los pensiones de 1ero primaria para mi hijo Maria.",estimados quisiera saber los pensiones de 1ero primaria para mi hijo maria,ADMIS_COSTOS,estimado querer pensión 1ero primario hijo mario
WhatsApp,Hola hay espacios para secundaria? Mi niño se llama Pedro.,hola hay espacios para secundaria mi nino se llama pedro,ADMIS_VACANTES,holar espacio secundario nino llamar pedro
Web,partidas para traslado a 5to secundaria. Postulante: Thiago.,partidas para traslado a 5to secundaria postulante thiago,ADMIS_REQUIS_DOC,partida traslado 5to secundario postulante thiago
WhatsApp,Hola hay vacantes para 1ero primaria? Mi niño se llama Pedro.,hola hay vacantes para 1ero primaria mi nino se llama pedro,ADMIS_VACANTES,holar vacante 1ero primario nino llamar pedro
Web,CITAS DE ADMISION PARA 6TO PRIMARIA. MI MENOR ES NICOLAS.,citas de admision para 6to primaria mi menor es nicolas,ADMIS_CITAS,cita admision 6to primario menor nicola
Email,Solicito información de pensiones y detalles para secundaria. Atte: Valentina.,solicito informacion de pensiones y detalles para secundaria atte valentina,ADMIS_COSTOS,solicitar informacion pensión detalle secundario atte valentín
WhatsApp,<p><b>Hola hay disponibilidad de ingreso para primer año? Mi niño se llama Maria.</b></p>,hola hay disponibilidad de ingreso para primer ano mi nino se llama maria,ADMIS_VACANTES,holar disponibilidad ingreso ano nino llamar mario
Web,<p><b>papeles para traslado a primer año. Postulante: Mateo.</b></p>,papeles para traslado a primer ano postulante mateo,ADMIS_REQUIS_DOC,papel traslado ano postulante mateo
Email,Solicito información de pensiones y detalles para secundaria. Atte: Mateo.,solicito informacion de pensiones y detalles para secundaria atte mateo,ADMIS_COSTOS,solicitar informacion pensión detalle secundario atte mateo
WhatsApp,Saber si hay disponibilidad de ingreso en primer año para Thiago. Gracias.,saber si hay disponibilidad de ingreso en primer ano para thiago gracias,ADMIS_VACANTES,disponibilidad ingreso ano thiago gracias
WhatsApp,Hola hay espacios para primer grado? Mi niño se llama Gabriel.,hola hay espacios para primer grado mi nino se llama gabriel,ADMIS_VACANTES,holar espacio grado nino llamar gabriel
WhatsApp,Hola hay vacantes para 1ero secundaria? Mi niño se llama Valentina.,hola hay vacantes para 1ero secundaria mi nino se llama valentina,ADMIS_VACANTES,holar vacante 1ero secundario nino llamar valentina
WhatsApp,Hola hay cupos para inicial 3 años? Mi niño se llama Luis.,hola hay cupos para inicial 3 anos mi nino se llama luis,ADMIS_VACANTES,holar cupo inicial ano nino llamar luis
Email,"ESTIMADOS, QUISIERA SABER LOS MENSUALIDAD DE 1ERO SECUNDARIA PARA MI HIJO CAMILA.",estimados quisiera saber los mensualidad de 1ero secundaria para mi hijo camila,ADMIS_COSTOS,estimado querer mensualidad 1ero secundario hijo camilar
WhatsApp,<p><b>Saber si hay disponibilidad de ingreso en 6to primaria para Sofia. Gracias.</b></p>,saber si hay disponibilidad de ingreso en 6to primaria para sofia gracias,ADMIS_VACANTES,disponibilidad ingreso 6to primario sofia gracias
WhatsApp,<p><b>Hola hay espacios para inicial 5 años? Mi niño se llama Juan.</b></p>,hola hay espacios para inicial 5 anos mi nino se llama juan,ADMIS_VACANTES,holar espacio inicial ano nino llamar juan
Web,<p><b>partidas para traslado a 6to primaria. Postulante: Thiago.</b></p>,partidas para traslado a 6to primaria postulante thiago,ADMIS_REQUIS_DOC,partida traslado 6to primaria postulante thiago
Email,"Estimados, quisiera saber los precios de 1ero primaria para mi hijo Maria.",estimados quisiera saber los precios de 1ero primaria para mi hijo maria,ADMIS_COSTOS,estimado querer precio 1ero primario hijo mario
Web,<p><b>documentación para traslado a inicial 3 años. Postulante: Luis.</b></p>,documentacion para traslado a inicial 3 anos postulante luis,ADMIS_REQUIS_DOC,documentacion traslado inicial ano postulante luis
Email,"Estimados, quisiera saber los costos de primer año para mi hijo Sebastian.",estimados quisiera saber los costos de primer ano para mi hijo sebastian,ADMIS_COSTOS,estimado querer costo ano hijo sebastiar
WhatsApp,Saber si hay cupos en secundaria para Pedro. Gracias.,saber si hay cupos en secundaria para pedro gracias,ADMIS_VACANTES,cupo secundaria pedro gracias
Web,papeles para traslado a inicial 3 años. Postulante: Ana.,papeles para traslado a inicial 3 anos postulante ana,ADMIS_REQUIS_DOC,papel traslado inicial ano postulante ana
WhatsApp,Hola hay espacios para 1ero secundaria? Mi niño se llama Valentina.,hola hay espacios para 1ero secundaria mi nino se llama valentina,ADMIS_VACANTES,holar espacio 1ero secundario nino llamar valentina
WhatsApp,Saber si hay lugares en inicial 3 años para Lucia. Gracias.,saber si hay lugares en inicial 3 anos para lucia gracias,ADMIS_VACANTES,lugar inicial ano lucia gracias
Web,citas de admision para 6to primaria. Mi menor es Ana.,citas de admision para 6to primaria mi menor es ana,ADMIS_CITAS,cita admision 6to primario menor án
WhatsApp,Hola hay cupos para inicial 3 años? Mi niño se llama Gabriel.,hola hay cupos para inicial 3 anos mi nino se llama gabriel,ADMIS_VACANTES,holar cupo inicial ano nino llamar gabriel
Email,<p><b>Solicito información de costos y detalles para inicial 5 años. Atte: Juan.</b></p>,solicito informacion de costos y detalles para inicial 5 anos atte juan,ADMIS_COSTOS,solicitar informacion costo detalle inicial anos atte juan
Email,"<p><b>Estimados, quisiera saber los costos de inicial 4 años para mi hijo Camila.</b></p>",estimados quisiera saber los costos de inicial 4 anos para mi hijo camila,ADMIS_COSTOS,estimado querer costo inicial ano hijo camilar
WhatsApp,HOLA HAY VACANTES PARA INICIAL 4 AÑOS? MI NIÑO SE LLAMA VALENTINA.,hola hay vacantes para inicial 4 anos mi nino se llama valentina,ADMIS_VACANTES,holar vacante inicial ano nino llamar valentina
Web,requisitos para traslado a 1ero primaria. Postulante: Luis.,requisitos para traslado a 1ero primaria postulante luis,ADMIS_REQUIS_DOC,requisito traslado 1ero primaria postulante luis
Web,DOCUMENTOS PARA TRASLADO A 1ERO PRIMARIA. POSTULANTE: JUAN.,documentos para traslado a 1ero primaria postulante juan,ADMIS_REQUIS_DOC,documento traslado 1ero primaria postulante juan
Web,documentos para traslado a 1ero secundaria. Postulante: Luis.,documentos para traslado a 1ero secundaria postulante luis,ADMIS_REQUIS_DOC,documento traslado 1ero secundario postulante luis
Email,Solicito información de costos y detalles para inicial 5 años. Atte: Pedro.,solicito informacion de costos y detalles para inicial 5 anos atte pedro,ADMIS_COSTOS,solicitar informacion costo detalle inicial anos atte pedro
Web,<p><b>documentación para traslado a 1ero primaria. Postulante: Mateo.</b></p>,documentacion para traslado a 1ero primaria postulante mateo,ADMIS_REQUIS_DOC,documentacion traslado 1ero primaria postulante mateo
Web,cronograma de admision para inicial 5 años. Mi menor es Camila.,cronograma de admision para inicial 5 anos mi menor es camila,ADMIS_CITAS,cronograma admision inicial ano menor camila
Web,<p><b>documentación para traslado a 6to primaria. Postulante: Sebastian.</b></p>,documentacion para traslado a 6to primaria postulante sebastian,ADMIS_REQUIS_DOC,documentacion traslado 6to primaria postulante sebastiar
Email,"ESTIMADOS, QUISIERA SABER LOS PAGOS DE 1ERO SECUNDARIA PARA MI HIJO GABRIEL.",estimados quisiera saber los pagos de 1ero secundaria para mi hijo gabriel,ADMIS_COSTOS,estimado querer pago 1ero secundario hijo gabriel
Email,"Estimados, quisiera saber los precios de inicial 3 años para mi hijo Maria.",estimados quisiera saber los precios de inicial 3 anos para mi hijo maria,ADMIS_COSTOS,estimado querer precio inicial ano hijo mario
Web,citas de admision para 5to secundaria. Mi menor es Camila.,citas de admision para 5to secundaria mi menor es camila,ADMIS_CITAS,cita admision 5to secundario menor camila
Email,Solicito información de precios y detalles para 1ero secundaria. Atte: Camila.,solicito informacion de precios y detalles para 1ero secundaria atte camila,ADMIS_COSTOS,solicitar informacion precio detalle 1ero secundario atte camilar
WhatsApp,<p><b>Hola hay cupos para 5to secundaria? Mi niño se llama Sofia.</b></p>,hola hay cupos para 5to secundaria mi nino se llama sofia,ADMIS_VACANTES,holar cupo 5to secundario nino llamar sofia
Email,Solicito información de cuotas y detalles para inicial 3 años. Atte: Juan.,solicito informacion de cuotas y detalles para inicial 3 anos atte juan,ADMIS_COSTOS,solicitar informacion cuota detalle inicial anos atte juan
Email,"Estimados, quisiera saber los costos de 1ero secundaria para mi hijo Camila.",estimados quisiera saber los costos de 1ero secundaria para mi hijo camila,ADMIS_COSTOS,estimado querer costo 1ero secundario hijo camilar
Email,"Estimados, quisiera saber los pagos de primer año para mi hijo Mateo.",estimados quisiera saber los pagos de primer ano para mi hijo mateo,ADMIS_COSTOS,estimado querer pago ano hijo mateo
Web,<p><b>citas de admision para primer año. Mi menor es Thiago.</b></p>,citas de admision para primer ano mi menor es thiago,ADMIS_CITAS,cita admision ano menor thiago
Email,"Estimados, quisiera saber los costos de inicial 5 años para mi hijo Ana.",estimados quisiera saber los costos de inicial 5 anos para mi hijo ana,ADMIS_COSTOS,estimado querer costo inicial ano hijo án
WhatsApp,Hola hay lugares para secundaria? Mi niño se llama Sebastian.,hola hay lugares para secundaria mi nino se llama sebastian,ADMIS_VACANTES,holar lugar secundario nino llamar sebastian
Web,reunión de admision para 1ero primaria. Mi menor es Luis.,reunion de admision para 1ero primaria mi menor es luis,ADMIS_CITAS,reunion admision 1ero primario menor luis
Web,documentación para traslado a 5to secundaria. Postulante: Mateo.,documentacion para traslado a 5to secundaria postulante mateo,ADMIS_REQUIS_DOC,documentacion traslado 5to secundario postulante mateo
Web,reunión de admision para inicial 3 años. Mi menor es Luis.,reunion de admision para inicial 3 anos mi menor es luis,ADMIS_CITAS,reunion admision inicial ano menor luis
Email,<p><b>Solicito información de cuotas y detalles para primer año. Atte: Nicolas.</b></p>,solicito informacion de cuotas y detalles para primer ano atte nicolas,ADMIS_COSTOS,solicitar informacion cuota detalle ano attar nicola
Email,"ESTIMADOS, QUISIERA SABER LOS PRECIOS DE SECUNDARIA PARA MI HIJO GABRIEL.",estimados quisiera saber los precios de secundaria para mi hijo gabriel,ADMIS_COSTOS,estimado querer precio secundaria hijo gabriel
WhatsApp,Hola hay lugares para primer grado? Mi niño se llama Ana.,hola hay lugares para primer grado mi nino se llama ana,ADMIS_VACANTES,holar lugar grado nino llamar án
Web,documentos para traslado a inicial 5 años. Postulante: Camila.,documentos para traslado a inicial 5 anos postulante camila,ADMIS_REQUIS_DOC,documento traslado inicial ano postulante camilar
WhatsApp,Hola hay espacios para inicial 5 años? Mi niño se llama Lucia.,hola hay espacios para inicial 5 anos mi nino se llama lucia,ADMIS_VACANTES,holar espacio inicial ano nino llamar lucia
Web,<p><b>requisitos para traslado a inicial 4 años. Postulante: Sebastian.</b></p>,requisitos para traslado a inicial 4 anos postulante sebastian,ADMIS_REQUIS_DOC,requisito traslado inicial ano postulante sebastiar
Web,<p><b>cronograma de admision para 5to secundaria. Mi menor es Camila.</b></p>,cronograma de admision para 5to secundaria mi menor es camila,ADMIS_CITAS,cronograma admision 5to secundario menor camila
Web,PAPELES PARA TRASLADO A PRIMER GRADO. POSTULANTE: SEBASTIAN.,papeles para traslado a primer grado postulante sebastian,ADMIS_REQUIS_DOC,papel traslado grado postulante sebastiar
Email,"<p><b>Estimados, quisiera saber los pensiones de primer grado para mi hijo Valentina.</b></p>",estimados quisiera saber los pensiones de primer grado para mi hijo valentina,ADMIS_COSTOS,estimado querer pensión grado hijo valentín
Email,"Estimados, quisiera saber los precios de primer año para mi hijo Pedro.",estimados quisiera saber los precios de primer ano para mi hijo pedro,ADMIS_COSTOS,estimado querer precio ano hijo pedro
WhatsApp,Saber si hay espacios en inicial 5 años para Luis. Gracias.,saber si hay espacios en inicial 5 anos para luis gracias,ADMIS_VACANTES,espacio inicial ano luis gracias
Web,cronograma de admision para 6to primaria. Mi menor es Nicolas.,cronograma de admision para 6to primaria mi menor es nicolas,ADMIS_CITAS,cronograma admision 6to primario menor nicola
Web,documentos para traslado a primer año. Postulante: Ana.,documentos para traslado a primer ano postulante ana,ADMIS_REQUIS_DOC,documento traslado ano postulante ana
Web,DOCUMENTACIÓN PARA TRASLADO A INICIAL 5 AÑOS. POSTULANTE: VALENTINA.,documentacion para traslado a inicial 5 anos postulante valentina,ADMIS_REQUIS_DOC,documentacion traslado inicial ano postulante valentín
WhatsApp,SABER SI HAY CUPOS EN SECUNDARIA PARA THIAGO. GRACIAS.,saber si hay cupos en secundaria para thiago gracias,ADMIS_VACANTES,cupo secundaria thiago gracias
Email,<p><b>Solicito información de costos y detalles para primer año. Atte: Juan.</b></p>,solicito informacion de costos y detalles para primer ano atte juan,ADMIS_COSTOS,solicitar informacion costo detalle ano atte juan
WhatsApp,<p><b>Hola hay disponibilidad de ingreso para inicial 4 años? Mi niño se llama Mateo.</b></p>,hola hay disponibilidad de ingreso para inicial 4 anos mi nino se llama mateo,ADMIS_VACANTES,holar disponibilidad ingreso inicial ano nino llamar mateo
Web,papeles para traslado a 5to secundaria. Postulante: Mateo.,papeles para traslado a 5to secundaria postulante mateo,ADMIS_REQUIS_DOC,papel traslado 5to secundario postulante mateo
Email,"ESTIMADOS, QUISIERA SABER LOS MENSUALIDAD DE 1ERO PRIMARIA PARA MI HIJO SEBASTIAN.",estimados quisiera saber los mensualidad de 1ero primaria para mi hijo sebastian,ADMIS_COSTOS,estimado querer mensualidad 1ero primario hijo sebastiar
Web,partidas para traslado a 1ero primaria. Postulante: Nicolas.,partidas para traslado a 1ero primaria postulante nicolas,ADMIS_REQUIS_DOC,partida traslado 1ero primaria postulante nicola
Web,ENTREVISTAS DE ADMISION PARA INICIAL 3 AÑOS. MI MENOR ES JUAN.,entrevistas de admision para inicial 3 anos mi menor es juan,ADMIS_CITAS,entrevista admision inicial ano menor juan
Web,<p><b>reunión de admision para secundaria. Mi menor es Pedro.</b></p>,reunion de admision para secundaria mi menor es pedro,ADMIS_CITAS,reunion admision secundario menor pedro
Email,"<p><b>Estimados, quisiera saber los mensualidad de primer grado para mi hijo Pedro.</b></p>",estimados quisiera saber los mensualidad de primer grado para mi hijo pedro,ADMIS_COSTOS,estimado querer mensualidad grado hijo pedro
Email,"<p><b>Estimados, quisiera saber los mensualidad de primer grado para mi hijo Elena.</b></p>",estimados quisiera saber los mensualidad de primer grado para mi hijo elena,ADMIS_COSTOS,estimado querer mensualidad grado hijo elena
Email,Solicito información de mensualidad y detalles para 1ero primaria. Atte: Nicolas.,solicito informacion de mensualidad y detalles para 1ero primaria atte nicolas,ADMIS_COSTOS,solicitar informacion mensualidad detalle 1ero primario attar nicola
WhatsApp,<p><b>Hola hay vacantes para 1ero secundaria? Mi niño se llama Sofia.</b></p>,hola hay vacantes para 1ero secundaria mi nino se llama sofia,ADMIS_VACANTES,holar vacante 1ero secundario nino llamar sofia
Email,SOLICITO INFORMACIÓN DE CUOTAS Y DETALLES PARA INICIAL 3 AÑOS. ATTE: ANA.,solicito informacion de cuotas y detalles para inicial 3 anos atte ana,ADMIS_COSTOS,solicitar informacion cuota detalle inicial anos attir ana
Email,"<p><b>Estimados, quisiera saber los mensualidad de primer año para mi hijo Camila.</b></p>",estimados quisiera saber los mensualidad de primer ano para mi hijo camila,ADMIS_COSTOS,estimado querer mensualidad ano hijo camilar
Email,"<p><b>Estimados, quisiera saber los cuotas de 1ero secundaria para mi hijo Nicolas.</b></p>",estimados quisiera saber los cuotas de 1ero secundaria para mi hijo nicolas,ADMIS_COSTOS,estimado querer cuota 1ero secundario hijo nicola
WhatsApp,Saber si hay disponibilidad de ingreso en primer año para Pedro. Gracias.,saber si hay disponibilidad de ingreso en primer ano para pedro gracias,ADMIS_VACANTES,disponibilidad ingreso ano pedro gracias
WhatsApp,SABER SI HAY VACANTES EN 6TO PRIMARIA PARA ELENA. GRACIAS.,saber si hay vacantes en 6to primaria para elena gracias,ADMIS_VACANTES,vacante 6to primario elena gracias
WhatsApp,HOLA HAY CUPOS PARA SECUNDARIA? MI NIÑO SE LLAMA LUCIA.,hola hay cupos para secundaria mi nino se llama lucia,ADMIS_VACANTES,holar cupo secundario nino llamar lucia
Web,entrevistas de admision para 6to primaria. Mi menor es Elena.,entrevistas de admision para 6to primaria mi menor es elena,ADMIS_CITAS,entrevista admision 6to primario menor elén
Email,"Estimados, quisiera saber los costos de 6to primaria para mi hijo Elena.",estimados quisiera saber los costos de 6to primaria para mi hijo elena,ADMIS_COSTOS,estimado querer costo 6to primario hijo elena
WhatsApp,Hola hay cupos para primer grado? Mi niño se llama Camila.,hola hay cupos para primer grado mi nino se llama camila,ADMIS_VACANTES,holar cupo grado nino llamar camila
Email,"Estimados, quisiera saber los mensualidad de 6to primaria para mi hijo Ana.",estimados quisiera saber los mensualidad de 6to primaria para mi hijo ana,ADMIS_COSTOS,estimado querer mensualidad 6to primario hijo án
WhatsApp,Saber si hay cupos en secundaria para Luis. Gracias.,saber si hay cupos en secundaria para luis gracias,ADMIS_VACANTES,cupo secundaria luis gracias
Web,cronograma de admision para 5to secundaria. Mi menor es Mateo.,cronograma de admision para 5to secundaria mi menor es mateo,ADMIS_CITAS,cronograma admision 5to secundario menor mateo
Email,Solicito información de precios y detalles para primer grado. Atte: Lucia.,solicito informacion de precios y detalles para primer grado atte lucia,ADMIS_COSTOS,solicitar informacion precio detalle grado attar lucia
Web,citas de admision para inicial 4 años. Mi menor es Sebastian.,citas de admision para inicial 4 anos mi menor es sebastian,ADMIS_CITAS,cita admision inicial ano menor sebastiar
Web,reunión de admision para inicial 4 años. Mi menor es Lucia.,reunion de admision para inicial 4 anos mi menor es lucia,ADMIS_CITAS,reunion admision inicial ano menor lucia
Web,<p><b>documentación para traslado a 1ero secundaria. Postulante: Valentina.</b></p>,documentacion para traslado a 1ero secundaria postulante valentina,ADMIS_REQUIS_DOC,documentacion traslado 1ero secundario postulante valentín
WhatsApp,<p><b>Saber si hay disponibilidad de ingreso en inicial 5 años para Gabriel. Gracias.</b></p>,saber si hay disponibilidad de ingreso en inicial 5 anos para gabriel gracias,ADMIS_VACANTES,disponibilidad ingreso inicial ano gabriel gracias
WhatsApp,Saber si hay vacantes en inicial 4 años para Camila. Gracias.,saber si hay vacantes en inicial 4 anos para camila gracias,ADMIS_VACANTES,vacante inicial ano camilar gracias
Email,Solicito información de pagos y detalles para inicial 3 años. Atte: Sofia.,solicito informacion de pagos y detalles para inicial 3 anos atte sofia,ADMIS_COSTOS,solicitar informacion pago detalle inicial anos atte sofia
Email,Solicito información de precios y detalles para inicial 3 años. Atte: Nicolas.,solicito informacion de precios y detalles para inicial 3 anos atte nicolas,ADMIS_COSTOS,solicitar informacion precio detalle inicial ano attar nicola
WhatsApp,HOLA HAY LUGARES PARA PRIMER GRADO? MI NIÑO SE LLAMA JUAN.,hola hay lugares para primer grado mi nino se llama juan,ADMIS_VACANTES,holar lugar grado nino llamar juan
WhatsApp,HOLA HAY DISPONIBILIDAD DE INGRESO PARA INICIAL 5 AÑOS? MI NIÑO SE LLAMA LUCIA.,hola hay disponibilidad de ingreso para inicial 5 anos mi nino se llama lucia,ADMIS_VACANTES,holar disponibilidad ingreso inicial ano nino llamar lucia
Email,"Estimados, quisiera saber los pagos de inicial 3 años para mi hijo Lucia.",estimados quisiera saber los pagos de inicial 3 anos para mi hijo lucia,ADMIS_COSTOS,estimado querer pago inicial ano hijo lucia
Email,Solicito información de pensiones y detalles para 6to primaria. Atte: Sofia.,solicito informacion de pensiones y detalles para 6to primaria atte sofia,ADMIS_COSTOS,solicitar informacion pensión detalle 6to primaria atte sofia
WhatsApp,Saber si hay vacantes en primer grado para Luis. Gracias.,saber si hay vacantes en primer grado para luis gracias,ADMIS_VACANTES,vacante grado luis gracias
Email,"Estimados, quisiera saber los pagos de inicial 5 años para mi hijo Camila.",estimados quisiera saber los pagos de inicial 5 anos para mi hijo camila,ADMIS_COSTOS,estimado querer pago inicial ano hijo camilar
Email,Solicito información de precios y detalles para 1ero primaria. Atte: Luis.,solicito informacion de precios y detalles para 1ero primaria atte luis,ADMIS_COSTOS,solicitar informacion precio detalle 1ero primario atte luis
Web,documentación para traslado a 1ero secundaria. Postulante: Nicolas.,documentacion para traslado a 1ero secundaria postulante nicolas,ADMIS_REQUIS_DOC,documentacion traslado 1ero secundario postulante nicola
Web,citas de admision para inicial 4 años. Mi menor es Juan.,citas de admision para inicial 4 anos mi menor es juan,ADMIS_CITAS,cita admision inicial ano menor juan
Web,requisitos para traslado a inicial 3 años. Postulante: Camila.,requisitos para traslado a inicial 3 anos postulante camila,ADMIS_REQUIS_DOC,requisito traslado inicial ano postulante camilar
Email,"<p><b>Estimados, quisiera saber los pagos de primer año para mi hijo Camila.</b></p>",estimados quisiera saber los pagos de primer ano para mi hijo camila,ADMIS_COSTOS,estimado querer pago ano hijo camilar
Email,Solicito información de precios y detalles para 5to secundaria. Atte: Lucia.,solicito informacion de precios y detalles para 5to secundaria atte lucia,ADMIS_COSTOS,solicitar informacion precio detalle 5to secundario atte lucia
Email,"Estimados, quisiera saber los pagos de inicial 3 años para mi hijo Maria.",estimados quisiera saber los pagos de inicial 3 anos para mi hijo maria,ADMIS_COSTOS,estimado querer pago inicial ano hijo mario
Email,"ESTIMADOS, QUISIERA SABER LOS PRECIOS DE PRIMER AÑO PARA MI HIJO JUAN.",estimados quisiera saber los precios de primer ano para mi hijo juan,ADMIS_COSTOS,estimado querer precio ano hijo juan
Email,Solicito información de cuotas y detalles para primer año. Atte: Gabriel.,solicito informacion de cuotas y detalles para primer ano atte gabriel,ADMIS_COSTOS,solicitar informacion cuota detalle ano atte gabriel
Web,<p><b>cronograma de admision para 5to secundaria. Mi menor es Sofia.</b></p>,cronograma de admision para 5to secundaria mi menor es sofia,ADMIS_CITAS,cronograma admision 5to secundario menor sofia
WhatsApp,Saber si hay lugares en inicial 3 años para Luis. Gracias.,saber si hay lugares en inicial 3 anos para luis gracias,ADMIS_VACANTES,lugar inicial ano luis gracias
Web,ficha de matrícula para traslado a inicial 5 años. Postulante: Juan.,ficha de matricula para traslado a inicial 5 anos postulante juan,ADMIS_REQUIS_DOC,ficha matricula traslado inicial ano postulante juan
WhatsApp,SABER SI HAY VACANTES EN PRIMER GRADO PARA ELENA. GRACIAS.,saber si hay vacantes en primer grado para elena gracias,ADMIS_VACANTES,vacante grado elena gracias
Email,"Estimados, quisiera saber los costos de 1ero secundaria para mi hijo Gabriel.",estimados quisiera saber los costos de 1ero secundaria para mi hijo gabriel,ADMIS_COSTOS,estimado querer costo 1ero secundario hijo gabriel
Web,entrevistas de admision para secundaria. Mi menor es Camila.,entrevistas de admision para secundaria mi menor es camila,ADMIS_CITAS,entrevista admision secundario menor camila
Web,CRONOGRAMA DE ADMISION PARA 1ERO SECUNDARIA. MI MENOR ES JUAN.,cronograma de admision para 1ero secundaria mi menor es juan,ADMIS_CITAS,cronograma admision 1ero secundario menor juan
Email,Solicito información de precios y detalles para inicial 3 años. Atte: Luis.,solicito informacion de precios y detalles para inicial 3 anos atte luis,ADMIS_COSTOS,solicitar informacion precio detalle inicial anos atte luis
Email,Solicito información de pagos y detalles para inicial 5 años. Atte: Maria.,solicito informacion de pagos y detalles para inicial 5 anos atte maria,ADMIS_COSTOS,solicitar informacion pago detalle inicial anos atte maria
Web,citas de admision para 1ero secundaria. Mi menor es Nicolas.,citas de admision para 1ero secundaria mi menor es nicolas,ADMIS_CITAS,cita admision 1ero secundario menor nicola
Email,<p><b>Solicito información de costos y detalles para 5to secundaria. Atte: Camila.</b></p>,solicito informacion de costos y detalles para 5to secundaria atte camila,ADMIS_COSTOS,solicitar informacion costo detalle 5to secundario atte camilar
Web,requisitos para traslado a 1ero primaria. Postulante: Valentina.,requisitos para traslado a 1ero primaria postulante valentina,ADMIS_REQUIS_DOC,requisito traslado 1ero primaria postulante valentín
WhatsApp,Hola hay disponibilidad de ingreso para inicial 5 años? Mi niño se llama Mateo.,hola hay disponibilidad de ingreso para inicial 5 anos mi nino se llama mateo,ADMIS_VACANTES,holar disponibilidad ingreso inicial ano nino llamar mateo
Web,<p><b>charlas de admision para 6to primaria. Mi menor es Sebastian.</b></p>,charlas de admision para 6to primaria mi menor es sebastian,ADMIS_CITAS,charla admision 6to primario menor sebastiar
Web,entrevistas de admision para secundaria. Mi menor es Juan.,entrevistas de admision para secundaria mi menor es juan,ADMIS_CITAS,entrevista admision secundario menor juan
Email,"Estimados, quisiera saber los precios de inicial 3 años para mi hijo Thiago.",estimados quisiera saber los precios de inicial 3 anos para mi hijo thiago,ADMIS_COSTOS,estimado querer precio inicial ano hijo thiago
WhatsApp,Saber si hay vacantes en primer grado para Valentina. Gracias.,saber si hay vacantes en primer grado para valentina gracias,ADMIS_VACANTES,vacante grado valentina gracias
Email,"Estimados, quisiera saber los mensualidad de 5to secundaria para mi hijo Mateo.",estimados quisiera saber los mensualidad de 5to secundaria para mi hijo mateo,ADMIS_COSTOS,estimado querer mensualidad 5to secundario hijo mateo
Web,entrevistas de admision para 1ero secundaria. Mi menor es Lucia.,entrevistas de admision para 1ero secundaria mi menor es lucia,ADMIS_CITAS,entrevista admision 1ero secundario menor lucia
Web,documentos para traslado a secundaria. Postulante: Luis.,documentos para traslado a secundaria postulante luis,ADMIS_REQUIS_DOC,documento traslado secundaria postulante luis
WhatsApp,Saber si hay espacios en inicial 3 años para Sebastian. Gracias.,saber si hay espacios en inicial 3 anos para sebastian gracias,ADMIS_VACANTES,espacio inicial ano sebastiar gracias
Email,SOLICITO INFORMACIÓN DE PRECIOS Y DETALLES PARA PRIMER AÑO. ATTE: MARIA.,solicito informacion de precios y detalles para primer ano atte maria,ADMIS_COSTOS,solicitar informacion precio detalle ano atte maria
Web,reunión de admision para inicial 4 años. Mi menor es Pedro.,reunion de admision para inicial 4 anos mi menor es pedro,ADMIS_CITAS,reunion admision inicial ano menor pedro
Email,"Estimados, quisiera saber los mensualidad de inicial 5 años para mi hijo Pedro.",estimados quisiera saber los mensualidad de inicial 5 anos para mi hijo pedro,ADMIS_COSTOS,estimado querer mensualidad inicial ano hijo pedro
Web,ficha de matrícula para traslado a 1ero secundaria. Postulante: Maria.,ficha de matricula para traslado a 1ero secundaria postulante maria,ADMIS_REQUIS_DOC,ficha matricula traslado 1ero secundario postulante mario
WhatsApp,Saber si hay lugares en 6to primaria para Camila. Gracias.,saber si hay lugares en 6to primaria para camila gracias,ADMIS_VACANTES,lugar 6to primario camila gracias
Web,<p><b>documentos para traslado a 6to primaria. Postulante: Nicolas.</b></p>,documentos para traslado a 6to primaria postulante nicolas,ADMIS_REQUIS_DOC,documento traslado 6to primaria postulante nicola
Email,"ESTIMADOS, QUISIERA SABER LOS CUOTAS DE INICIAL 4 AÑOS PARA MI HIJO ELENA.",estimados quisiera saber los cuotas de inicial 4 anos para mi hijo elena,ADMIS_COSTOS,estimado querer cuota inicial ano hijo elena
Email,"<p><b>Estimados, quisiera saber los cuotas de 1ero secundaria para mi hijo Mateo.</b></p>",estimados quisiera saber los cuotas de 1ero secundaria para mi hijo mateo,ADMIS_COSTOS,estimado querer cuota 1ero secundario hijo mateo
Email,"Estimados, quisiera saber los precios de 1ero secundaria para mi hijo Nicolas.",estimados quisiera saber los precios de 1ero secundaria para mi hijo nicolas,ADMIS_COSTOS,estimado querer precio 1ero secundario hijo nicola
Web,documentos para traslado a secundaria. Postulante: Valentina.,documentos para traslado a secundaria postulante valentina,ADMIS_REQUIS_DOC,documento traslado secundaria postulante valentín
Web,<p><b>charlas de admision para 1ero secundaria. Mi menor es Ana.</b></p>,charlas de admision para 1ero secundaria mi menor es ana,ADMIS_CITAS,charla admision 1ero secundario menor án
Web,documentos para traslado a primer año. Postulante: Juan.,documentos para traslado a primer ano postulante juan,ADMIS_REQUIS_DOC,documento traslado ano postulante juan
WhatsApp,Hola hay lugares para secundaria? Mi niño se llama Ana.,hola hay lugares para secundaria mi nino se llama ana,ADMIS_VACANTES,holar lugar secundario nino llamar án
Email,"Estimados, quisiera saber los cuotas de primer año para mi hijo Pedro.",estimados quisiera saber los cuotas de primer ano para mi hijo pedro,ADMIS_COSTOS,estimado querer cuota ano hijo pedro
WhatsApp,Hola hay espacios para primer año? Mi niño se llama Ana.,hola hay espacios para primer ano mi nino se llama ana,ADMIS_VACANTES,holar espacio ano nino llamar án
Web,charlas de admision para 1ero secundaria. Mi menor es Gabriel.,charlas de admision para 1ero secundaria mi menor es gabriel,ADMIS_CITAS,charla admision 1ero secundario menor gabriel
Email,"Estimados, quisiera saber los costos de primer grado para mi hijo Pedro.",estimados quisiera saber los costos de primer grado para mi hijo pedro,ADMIS_COSTOS,estimado querer costo grado hijo pedro
Web,charlas de admision para 1ero secundaria. Mi menor es Luis.,charlas de admision para 1ero secundaria mi menor es luis,ADMIS_CITAS,charla admision 1ero secundario menor luis
Email,Solicito información de cuotas y detalles para primer grado. Atte: Nicolas.,solicito informacion de cuotas y detalles para primer grado atte nicolas,ADMIS_COSTOS,solicitar informacion cuota detalle grado attar nicola
Web,documentación para traslado a 1ero secundaria. Postulante: Lucia.,documentacion para traslado a 1ero secundaria postulante lucia,ADMIS_REQUIS_DOC,documentacion traslado 1ero secundario postulante lucia
WhatsApp,<p><b>Hola hay cupos para inicial 5 años? Mi niño se llama Maria.</b></p>,hola hay cupos para inicial 5 anos mi nino se llama maria,ADMIS_VACANTES,holar cupo inicial ano nino llamar mario
Email,SOLICITO INFORMACIÓN DE MENSUALIDAD Y DETALLES PARA 1ERO PRIMARIA. ATTE: MATEO.,solicito informacion de mensualidad y detalles para 1ero primaria atte mateo,ADMIS_COSTOS,solicitar informacion mensualidad detalle 1ero primario atte mateo
Email,SOLICITO INFORMACIÓN DE PAGOS Y DETALLES PARA INICIAL 4 AÑOS. ATTE: NICOLAS.,solicito informacion de pagos y detalles para inicial 4 anos atte nicolas,ADMIS_COSTOS,solicitar informacion pago detalle inicial anos attar nicola
WhatsApp,Saber si hay espacios en 1ero secundaria para Lucia. Gracias.,saber si hay espacios en 1ero secundaria para lucia gracias,ADMIS_VACANTES,espacio 1ero secundario lucia gracias
WhatsApp,Hola hay disponibilidad de ingreso para 1ero primaria? Mi niño se llama Ana.,hola hay disponibilidad de ingreso para 1ero primaria mi nino se llama ana,ADMIS_VACANTES,holar disponibilidad ingreso 1ero primario nino llamar án
Web,documentación para traslado a inicial 5 años. Postulante: Sofia.,documentacion para traslado a inicial 5 anos postulante sofia,ADMIS_REQUIS_DOC,documentacion traslado inicial ano postulante sofia
WhatsApp,Hola hay vacantes para primer año? Mi niño se llama Valentina.,hola hay vacantes para primer ano mi nino se llama valentina,ADMIS_VACANTES,holar vacante ano nino llamar valentina
Web,partidas para traslado a primer grado. Postulante: Juan.,partidas para traslado a primer grado postulante juan,ADMIS_REQUIS_DOC,partida traslado grado postulante juan
WhatsApp,Saber si hay espacios en inicial 5 años para Sofia. Gracias.,saber si hay espacios en inicial 5 anos para sofia gracias,ADMIS_VACANTES,espacio inicial ano sofia gracias
Web,cronograma de admision para inicial 5 años. Mi menor es Thiago.,cronograma de admision para inicial 5 anos mi menor es thiago,ADMIS_CITAS,cronograma admision inicial ano menor thiago
Web,<p><b>partidas para traslado a inicial 4 años. Postulante: Pedro.</b></p>,partidas para traslado a inicial 4 anos postulante pedro,ADMIS_REQUIS_DOC,partida traslado inicial ano postulante pedro
Email,"Estimados, quisiera saber los costos de 1ero primaria para mi hijo Maria.",estimados quisiera saber los costos de 1ero primaria para mi hijo maria,ADMIS_COSTOS,estimado querer costo 1ero primario hijo mario
WhatsApp,Hola hay cupos para inicial 3 años? Mi niño se llama Pedro.,hola hay cupos para inicial 3 anos mi nino se llama pedro,ADMIS_VACANTES,holar cupo inicial ano nino llamar pedro
Email,Solicito información de pagos y detalles para inicial 5 años. Atte: Luis.,solicito informacion de pagos y detalles para inicial 5 anos atte luis,ADMIS_COSTOS,solicitar informacion pago detalle inicial anos atte luis
WhatsApp,Saber si hay vacantes en 5to secundaria para Nicolas. Gracias.,saber si hay vacantes en 5to secundaria para nicolas gracias,ADMIS_VACANTES,vacante 5to secundario nico él gracia
Email,"Estimados, quisiera saber los pagos de inicial 4 años para mi hijo Lucia.",estimados quisiera saber los pagos de inicial 4 anos para mi hijo lucia,ADMIS_COSTOS,estimado querer pago inicial ano hijo lucia
Email,"Estimados, quisiera saber los costos de secundaria para mi hijo Ana.",estimados quisiera saber los costos de secundaria para mi hijo ana,ADMIS_COSTOS,estimado querer costo secundaria hijo án
WhatsApp,SABER SI HAY DISPONIBILIDAD DE INGRESO EN SECUNDARIA PARA VALENTINA. GRACIAS.,saber si hay disponibilidad de ingreso en secundaria para valentina gracias,ADMIS_VACANTES,disponibilidad ingreso secundaria valentina gracias
WhatsApp,Saber si hay espacios en 6to primaria para Elena. Gracias.,saber si hay espacios en 6to primaria para elena gracias,ADMIS_VACANTES,espacio 6to primario elena gracias
Web,documentos para traslado a primer año. Postulante: Sofia.,documentos para traslado a primer ano postulante sofia,ADMIS_REQUIS_DOC,documento traslado ano postulante sofia
WhatsApp,Hola hay disponibilidad de ingreso para inicial 5 años? Mi niño se llama Camila.,hola hay disponibilidad de ingreso para inicial 5 anos mi nino se llama camila,ADMIS_VACANTES,holar disponibilidad ingreso inicial ano nino llamar camila
Email,"<p><b>Estimados, quisiera saber los precios de 1ero secundaria para mi hijo Ana.</b></p>",estimados quisiera saber los precios de 1ero secundaria para mi hijo ana,ADMIS_COSTOS,estimado querer precio 1ero secundario hijo án
Email,<p><b>Solicito información de costos y detalles para primer grado. Atte: Gabriel.</b></p>,solicito informacion de costos y detalles para primer grado atte gabriel,ADMIS_COSTOS,solicitar informacion costo detalle grado atte gabriel
WhatsApp,Saber si hay cupos en 1ero primaria para Sebastian. Gracias.,saber si hay cupos en 1ero primaria para sebastian gracias,ADMIS_VACANTES,cupo 1ero primario sebastiar gracias
Email,Solicito información de pagos y detalles para secundaria. Atte: Ana.,solicito informacion de pagos y detalles para secundaria atte ana,ADMIS_COSTOS,solicitar informacion pago detalle secundario atte ana
Email,"Estimados, quisiera saber los pagos de inicial 4 años para mi hijo Nicolas.",estimados quisiera saber los pagos de inicial 4 anos para mi hijo nicolas,ADMIS_COSTOS,estimado querer pago inicial ano hijo nicola
Web,ficha de matrícula para traslado a inicial 5 años. Postulante: Mateo.,ficha de matricula para traslado a inicial 5 anos postulante mateo,ADMIS_REQUIS_DOC,ficha matricula traslado inicial ano postulante mateo
Email,"<p><b>Estimados, quisiera saber los pensiones de secundaria para mi hijo Gabriel.</b></p>",estimados quisiera saber los pensiones de secundaria para mi hijo gabriel,ADMIS_COSTOS,estimado querer pensión secundaria hijo gabriel
WhatsApp,Hola hay cupos para inicial 5 años? Mi niño se llama Camila.,hola hay cupos para inicial 5 anos mi nino se llama camila,ADMIS_VACANTES,holar cupo inicial ano nino llamar camila
WhatsApp,Saber si hay vacantes en 6to primaria para Ana. Gracias.,saber si hay vacantes en 6to primaria para ana gracias,ADMIS_VACANTES,vacante 6to primario ana gracias
Web,cronograma de admision para 5to secundaria. Mi menor es Thiago.,cronograma de admision para 5to secundaria mi menor es thiago,ADMIS_CITAS,cronograma admision 5to secundario menor thiago
Web,<p><b>entrevistas de admision para primer grado. Mi menor es Lucia.</b></p>,entrevistas de admision para primer grado mi menor es lucia,ADMIS_CITAS,entrevista admision grado menor lucia
Web,requisitos para traslado a primer grado. Postulante: Valentina.,requisitos para traslado a primer grado postulante valentina,ADMIS_REQUIS_DOC,requisito traslado grado postulante valentín
Web,FICHA DE MATRÍCULA PARA TRASLADO A INICIAL 3 AÑOS. POSTULANTE: VALENTINA.,ficha de matricula para traslado a inicial 3 anos postulante valentina,ADMIS_REQUIS_DOC,ficha matricula traslado inicial ano postulante valentín
WhatsApp,Saber si hay vacantes en primer grado para Juan. Gracias.,saber si hay vacantes en primer grado para juan gracias,ADMIS_VACANTES,vacante grado juan gracias
Web,requisitos para traslado a 5to secundaria. Postulante: Juan.,requisitos para traslado a 5to secundaria postulante juan,ADMIS_REQUIS_DOC,requisito traslado 5to secundario postulante juan
Email,Solicito información de precios y detalles para primer año. Atte: Pedro.,solicito informacion de precios y detalles para primer ano atte pedro,ADMIS_COSTOS,solicitar informacion precio detalle ano atte pedro
Email,"Estimados, quisiera saber los mensualidad de inicial 5 años para mi hijo Thiago.",estimados quisiera saber los mensualidad de inicial 5 anos para mi hijo thiago,ADMIS_COSTOS,estimado querer mensualidad inicial ano hijo thiago
Web,requisitos para traslado a inicial 4 años. Postulante: Elena.,requisitos para traslado a inicial 4 anos postulante elena,ADMIS_REQUIS_DOC,requisito traslado inicial ano postulante elén
WhatsApp,<p><b>Hola hay cupos para primer grado? Mi niño se llama Pedro.</b></p>,hola hay cupos para primer grado mi nino se llama pedro,ADMIS_VACANTES,holar cupo grado nino llamar pedro
Web,PARTIDAS PARA TRASLADO A INICIAL 5 AÑOS. POSTULANTE: MATEO.,partidas para traslado a inicial 5 anos postulante mateo,ADMIS_REQUIS_DOC,partida traslado inicial ano postulante mateo
Email,"<p><b>Estimados, quisiera saber los costos de inicial 5 años para mi hijo Maria.</b></p>",estimados quisiera saber los costos de inicial 5 anos para mi hijo maria,ADMIS_COSTOS,estimado querer costo inicial ano hijo mario
Web,partidas para traslado a primer año. Postulante: Lucia.,partidas para traslado a primer ano postulante lucia,ADMIS_REQUIS_DOC,partida traslado ano postulante lucia
Email,"Estimados, quisiera saber los precios de primer grado para mi hijo Sofia.",estimados quisiera saber los precios de primer grado para mi hijo sofia,ADMIS_COSTOS,estimado querer precio grado hijo sofia
Web,<p><b>ficha de matrícula para traslado a 6to primaria. Postulante: Juan.</b></p>,ficha de matricula para traslado a 6to primaria postulante juan,ADMIS_REQUIS_DOC,ficha matricula traslado 6to primaria postulante juan
WhatsApp,Hola hay cupos para secundaria? Mi niño se llama Gabriel.,hola hay cupos para secundaria mi nino se llama gabriel,ADMIS_VACANTES,holar cupo secundario nino llamar gabriel
Web,documentación para traslado a inicial 4 años. Postulante: Pedro.,documentacion para traslado a inicial 4 anos postulante pedro,ADMIS_REQUIS_DOC,documentacion traslado inicial ano postulante pedro
Web,documentación para traslado a primer año. Postulante: Elena.,documentacion para traslado a primer ano postulante elena,ADMIS_REQUIS_DOC,documentacion traslado ano postulante elén
Email,Solicito información de precios y detalles para inicial 4 años. Atte: Elena.,solicito informacion de precios y detalles para inicial 4 anos atte elena,ADMIS_COSTOS,solicitar informacion precio detalle inicial anos atte elén
Web,reunión de admision para inicial 3 años. Mi menor es Mateo.,reunion de admision para inicial 3 anos mi menor es mateo,ADMIS_CITAS,reunion admision inicial ano menor mateo
Email,Solicito información de mensualidad y detalles para primer grado. Atte: Sofia.,solicito informacion de mensualidad y detalles para primer grado atte sofia,ADMIS_COSTOS,solicitar informacion mensualidad detalle grado atte sofia
Web,DOCUMENTACIÓN PARA TRASLADO A 1ERO SECUNDARIA. POSTULANTE: THIAGO.,documentacion para traslado a 1ero secundaria postulante thiago,ADMIS_REQUIS_DOC,documentacion traslado 1ero secundario postulante thiago
Email,"<p><b>Estimados, quisiera saber los cuotas de primer año para mi hijo Elena.</b></p>",estimados quisiera saber los cuotas de primer ano para mi hijo elena,ADMIS_COSTOS,estimado querer cuota ano hijo elena
WhatsApp,<p><b>Hola hay vacantes para primer grado? Mi niño se llama Ana.</b></p>,hola hay vacantes para primer grado mi nino se llama ana,ADMIS_VACANTES,holar vacante grado nino llamar án
Email,Solicito información de mensualidad y detalles para secundaria. Atte: Elena.,solicito informacion de mensualidad y detalles para secundaria atte elena,ADMIS_COSTOS,solicitar informacion mensualidad detalle secundario atte elén
WhatsApp,Hola hay cupos para primer año? Mi niño se llama Nicolas.,hola hay cupos para primer ano mi nino se llama nicolas,ADMIS_VACANTES,holar cupo ano nino llamar nicola
Email,"Estimados, quisiera saber los precios de 6to primaria para mi hijo Sebastian.",estimados quisiera saber los precios de 6to primaria para mi hijo sebastian,ADMIS_COSTOS,estimado querer precio 6to primario hijo sebastiar
Email,"Estimados, quisiera saber los precios de primer grado para mi hijo Nicolas.",estimados quisiera saber los precios de primer grado para mi hijo nicolas,ADMIS_COSTOS,estimado querer precio grado hijo nicola
Email,Solicito información de costos y detalles para 1ero primaria. Atte: Elena.,solicito informacion de costos y detalles para 1ero primaria atte elena,ADMIS_COSTOS,solicitar informacion costo detalle 1ero primario atte elén
Web,DOCUMENTACIÓN PARA TRASLADO A 1ERO SECUNDARIA. POSTULANTE: CAMILA.,documentacion para traslado a 1ero secundaria postulante camila,ADMIS_REQUIS_DOC,documentacion traslado 1ero secundario postulante camilar
WhatsApp,Saber si hay disponibilidad de ingreso en 5to secundaria para Juan. Gracias.,saber si hay disponibilidad de ingreso en 5to secundaria para juan gracias,ADMIS_VACANTES,disponibilidad ingreso 5to secundario juan gracias
WhatsApp,<p><b>Saber si hay espacios en primer año para Sebastian. Gracias.</b></p>,saber si hay espacios en primer ano para sebastian gracias,ADMIS_VACANTES,espacio ano sebastiar gracias
WhatsApp,Saber si hay disponibilidad de ingreso en inicial 5 años para Ana. Gracias.,saber si hay disponibilidad de ingreso en inicial 5 anos para ana gracias,ADMIS_VACANTES,disponibilidad ingreso inicial ano ana gracias
Email,Solicito información de costos y detalles para 5to secundaria. Atte: Maria.,solicito informacion de costos y detalles para 5to secundaria atte maria,ADMIS_COSTOS,solicitar informacion costo detalle 5to secundario atte mario
WhatsApp,HOLA HAY CUPOS PARA 1ERO PRIMARIA? MI NIÑO SE LLAMA LUIS.,hola hay cupos para 1ero primaria mi nino se llama luis,ADMIS_VACANTES,holar cupo 1ero primario nino llamar luis
Email,"Estimados, quisiera saber los pagos de primer grado para mi hijo Valentina.",estimados quisiera saber los pagos de primer grado para mi hijo valentina,ADMIS_COSTOS,estimado querer pago grado hijo valentín
Web,citas de admision para 6to primaria. Mi menor es Pedro.,citas de admision para 6to primaria mi menor es pedro,ADMIS_CITAS,cita admision 6to primario menor pedro
Email,<p><b>Solicito información de pagos y detalles para 1ero secundaria. Atte: Sofia.</b></p>,solicito informacion de pagos y detalles para 1ero secundaria atte sofia,ADMIS_COSTOS,solicitar informacion pago detalle 1ero secundario atte sofia
Web,documentos para traslado a 6to primaria. Postulante: Pedro.,documentos para traslado a 6to primaria postulante pedro,ADMIS_REQUIS_DOC,documento traslado 6to primaria postulante pedro
Email,"Estimados, quisiera saber los cuotas de secundaria para mi hijo Gabriel.",estimados quisiera saber los cuotas de secundaria para mi hijo gabriel,ADMIS_COSTOS,estimado querer cuota secundaria hijo gabriel
Web,<p><b>cronograma de admision para 6to primaria. Mi menor es Camila.</b></p>,cronograma de admision para 6to primaria mi menor es camila,ADMIS_CITAS,cronograma admision 6to primario menor camila
Email,SOLICITO INFORMACIÓN DE COSTOS Y DETALLES PARA INICIAL 3 AÑOS. ATTE: LUIS.,solicito informacion de costos y detalles para inicial 3 anos atte luis,ADMIS_COSTOS,solicitar informacion costo detalle inicial anos atte luis
Web,requisitos para traslado a inicial 4 años. Postulante: Mateo.,requisitos para traslado a inicial 4 anos postulante mateo,ADMIS_REQUIS_DOC,requisito traslado inicial ano postulante mateo
WhatsApp,Hola hay disponibilidad de ingreso para inicial 3 años? Mi niño se llama Sofia.,hola hay disponibilidad de ingreso para inicial 3 anos mi nino se llama sofia,ADMIS_VACANTES,holar disponibilidad ingreso inicial ano nino llamar sofia
Email,"Estimados, quisiera saber los cuotas de secundaria para mi hijo Maria.",estimados quisiera saber los cuotas de secundaria para mi hijo maria,ADMIS_COSTOS,estimado querer cuota secundaria hijo mario
Web,papeles para traslado a 5to secundaria. Postulante: Elena.,papeles para traslado a 5to secundaria postulante elena,ADMIS_REQUIS_DOC,papel traslado 5to secundario postulante elén
WhatsApp,<p><b>Hola hay cupos para 6to primaria? Mi niño se llama Nicolas.</b></p>,hola hay cupos para 6to primaria mi nino se llama nicolas,ADMIS_VACANTES,holar cupo 6to primaria nino llamar nicola
Email,"Estimados, quisiera saber los mensualidad de inicial 4 años para mi hijo Camila.",estimados quisiera saber los mensualidad de inicial 4 anos para mi hijo camila,ADMIS_COSTOS,estimado querer mensualidad inicial ano hijo camilar
WhatsApp,<p><b>Saber si hay cupos en primer grado para Camila. Gracias.</b></p>,saber si hay cupos en primer grado para camila gracias,ADMIS_VACANTES,cupo grado camilar gracias
Email,"ESTIMADOS, QUISIERA SABER LOS COSTOS DE SECUNDARIA PARA MI HIJO ELENA.",estimados quisiera saber los costos de secundaria para mi hijo elena,ADMIS_COSTOS,estimado querer costo secundaria hijo elena
Email,"Estimados, quisiera saber los mensualidad de 6to primaria para mi hijo Luis.",estimados quisiera saber los mensualidad de 6to primaria para mi hijo luis,ADMIS_COSTOS,estimado querer mensualidad 6to primario hijo luis
Web,REQUISITOS PARA TRASLADO A INICIAL 3 AÑOS. POSTULANTE: PEDRO.,requisitos para traslado a inicial 3 anos postulante pedro,ADMIS_REQUIS_DOC,requisito traslado inicial ano postulante pedro
Web,citas de admision para 5to secundaria. Mi menor es Luis.,citas de admision para 5to secundaria mi menor es luis,ADMIS_CITAS,cita admision 5to secundario menor luis
Web,cronograma de admision para inicial 3 años. Mi menor es Ana.,cronograma de admision para inicial 3 anos mi menor es ana,ADMIS_CITAS,cronograma admision inicial ano menor án
WhatsApp,Hola hay lugares para inicial 3 años? Mi niño se llama Nicolas.,hola hay lugares para inicial 3 anos mi nino se llama nicolas,ADMIS_VACANTES,holar lugar inicial ano nino llamar nicola
WhatsApp,Saber si hay lugares en inicial 4 años para Sebastian. Gracias.,saber si hay lugares en inicial 4 anos para sebastian gracias,ADMIS_VACANTES,lugar inicial ano sebastiar gracias
Email,Solicito información de pagos y detalles para 6to primaria. Atte: Gabriel.,solicito informacion de pagos y detalles para 6to primaria atte gabriel,ADMIS_COSTOS,solicitar informacion pago detalle 6to primaria atte gabriel
Email,"Estimados, quisiera saber los mensualidad de 1ero secundaria para mi hijo Pedro.",estimados quisiera saber los mensualidad de 1ero secundaria para mi hijo pedro,ADMIS_COSTOS,estimado querer mensualidad 1ero secundario hijo pedro
Web,FICHA DE MATRÍCULA PARA TRASLADO A INICIAL 4 AÑOS. POSTULANTE: CAMILA.,ficha de matricula para traslado a inicial 4 anos postulante camila,ADMIS_REQUIS_DOC,ficha matricula traslado inicial ano postulante camilar
WhatsApp,Saber si hay disponibilidad de ingreso en 6to primaria para Luis. Gracias.,saber si hay disponibilidad de ingreso en 6to primaria para luis gracias,ADMIS_VACANTES,disponibilidad ingreso 6to primario luis gracias
Email,"Estimados, quisiera saber los pagos de inicial 3 años para mi hijo Sofia.",estimados quisiera saber los pagos de inicial 3 anos para mi hijo sofia,ADMIS_COSTOS,estimado querer pago inicial ano hijo sofia
Web,DOCUMENTOS PARA TRASLADO A PRIMER GRADO. POSTULANTE: SEBASTIAN.,documentos para traslado a primer grado postulante sebastian,ADMIS_REQUIS_DOC,documento traslado grado postulante sebastiar
WhatsApp,<p><b>Hola hay espacios para 5to secundaria? Mi niño se llama Mateo.</b></p>,hola hay espacios para 5to secundaria mi nino se llama mateo,ADMIS_VACANTES,holar espacio 5to secundario nino llamar mateo
WhatsApp,Hola hay cupos para inicial 3 años? Mi niño se llama Sofia.,hola hay cupos para inicial 3 anos mi nino se llama sofia,ADMIS_VACANTES,holar cupo inicial ano nino llamar sofia
Email,"Estimados, quisiera saber los mensualidad de primer año para mi hijo Gabriel.",estimados quisiera saber los mensualidad de primer ano para mi hijo gabriel,ADMIS_COSTOS,estimado querer mensualidad ano hijo gabriel
Web,cronograma de admision para primer año. Mi menor es Lucia.,cronograma de admision para primer ano mi menor es lucia,ADMIS_CITAS,cronograma admision ano menor lucia
WhatsApp,Hola hay disponibilidad de ingreso para inicial 4 años? Mi niño se llama Ana.,hola hay disponibilidad de ingreso para inicial 4 anos mi nino se llama ana,ADMIS_VACANTES,holar disponibilidad ingreso inicial ano nino llamar án
WhatsApp,Saber si hay cupos en secundaria para Sofia. Gracias.,saber si hay cupos en secundaria para sofia gracias,ADMIS_VACANTES,cupo secundaria sofia gracias
Web,documentos para traslado a 1ero secundaria. Postulante: Lucia.,documentos para traslado a 1ero secundaria postulante lucia,ADMIS_REQUIS_DOC,documento traslado 1ero secundario postulante lucia
Email,"<p><b>Estimados, quisiera saber los cuotas de 1ero primaria para mi hijo Thiago.</b></p>",estimados quisiera saber los cuotas de 1ero primaria para mi hijo thiago,ADMIS_COSTOS,estimado querer cuota 1ero primario hijo thiago
Email,"Estimados, quisiera saber los cuotas de secundaria para mi hijo Luis.",estimados quisiera saber los cuotas de secundaria para mi hijo luis,ADMIS_COSTOS,estimado querer cuota secundaria hijo luis
Web,charlas de admision para 5to secundaria. Mi menor es Camila.,charlas de admision para 5to secundaria mi menor es camila,ADMIS_CITAS,charla admision 5to secundario menor camila
WhatsApp,<p><b>Saber si hay lugares en 1ero primaria para Pedro. Gracias.</b></p>,saber si hay lugares en 1ero primaria para pedro gracias,ADMIS_VACANTES,lugar 1ero primario pedro gracias
Email,"Estimados, quisiera saber los costos de inicial 3 años para mi hijo Gabriel.",estimados quisiera saber los costos de inicial 3 anos para mi hijo gabriel,ADMIS_COSTOS,estimado querer costo inicial ano hijo gabriel
WhatsApp,Saber si hay disponibilidad de ingreso en inicial 3 años para Thiago. Gracias.,saber si hay disponibilidad de ingreso en inicial 3 anos para thiago gracias,ADMIS_VACANTES,disponibilidad ingreso inicial ano thiago gracias
WhatsApp,HOLA HAY CUPOS PARA 6TO PRIMARIA? MI NIÑO SE LLAMA MARIA.,hola hay cupos para 6to primaria mi nino se llama maria,ADMIS_VACANTES,holar cupo 6to primaria nino llamar mario
Email,"<p><b>Estimados, quisiera saber los pagos de 6to primaria para mi hijo Pedro.</b></p>",estimados quisiera saber los pagos de 6to primaria para mi hijo pedro,ADMIS_COSTOS,estimado querer pago 6to primario hijo pedro
Web,documentos para traslado a primer grado. Postulante: Maria.,documentos para traslado a primer grado postulante maria,ADMIS_REQUIS_DOC,documento traslado grado postulante mario
Email,"Estimados, quisiera saber los cuotas de 1ero primaria para mi hijo Luis.",estimados quisiera saber los cuotas de 1ero primaria para mi hijo luis,ADMIS_COSTOS,estimado querer cuota 1ero primario hijo luis
Web,cronograma de admision para 1ero primaria. Mi menor es Lucia.,cronograma de admision para 1ero primaria mi menor es lucia,ADMIS_CITAS,cronograma admision 1ero primario menor lucia
Email,"<p><b>Estimados, quisiera saber los costos de primer año para mi hijo Nicolas.</b></p>",estimados quisiera saber los costos de primer ano para mi hijo nicolas,ADMIS_COSTOS,estimado querer costo ano hijo nicola
Web,CHARLAS DE ADMISION PARA INICIAL 4 AÑOS. MI MENOR ES MARIA.,charlas de admision para inicial 4 anos mi menor es maria,ADMIS_CITAS,charla admision inicial ano menor mario
Web,DOCUMENTACIÓN PARA TRASLADO A 5TO SECUNDARIA. POSTULANTE: LUIS.,documentacion para traslado a 5to secundaria postulante luis,ADMIS_REQUIS_DOC,documentacion traslado 5to secundario postulante luis
Email,<p><b>Solicito información de pagos y detalles para 1ero primaria. Atte: Sebastian.</b></p>,solicito informacion de pagos y detalles para 1ero primaria atte sebastian,ADMIS_COSTOS,solicitar informacion pago detalle 1ero primario atte sebastiar
WhatsApp,Hola hay cupos para 1ero primaria? Mi niño se llama Sebastian.,hola hay cupos para 1ero primaria mi nino se llama sebastian,ADMIS_VACANTES,holar cupo 1ero primario nino llamar sebastian
Web,charlas de admision para 1ero secundaria. Mi menor es Mateo.,charlas de admision para 1ero secundaria mi menor es mateo,ADMIS_CITAS,charla admision 1ero secundario menor mateo
WhatsApp,<p><b>Saber si hay vacantes en primer grado para Lucia. Gracias.</b></p>,saber si hay vacantes en primer grado para lucia gracias,ADMIS_VACANTES,vacante grado lucia gracias
Web,charlas de admision para inicial 3 años. Mi menor es Thiago.,charlas de admision para inicial 3 anos mi menor es thiago,ADMIS_CITAS,charla admision inicial ano menor thiago
Email,"Estimados, quisiera saber los precios de primer grado para mi hijo Gabriel.",estimados quisiera saber los precios de primer grado para mi hijo gabriel,ADMIS_COSTOS,estimado querer precio grado hijo gabriel
Email,"Estimados, quisiera saber los mensualidad de primer grado para mi hijo Valentina.",estimados quisiera saber los mensualidad de primer grado para mi hijo valentina,ADMIS_COSTOS,estimado querer mensualidad grado hijo valentín
Web,<p><b>documentos para traslado a inicial 5 años. Postulante: Nicolas.</b></p>,documentos para traslado a inicial 5 anos postulante nicolas,ADMIS_REQUIS_DOC,documento traslado inicial ano postulante nico él
WhatsApp,<p><b>Saber si hay disponibilidad de ingreso en inicial 5 años para Pedro. Gracias.</b></p>,saber si hay disponibilidad de ingreso en inicial 5 anos para pedro gracias,ADMIS_VACANTES,disponibilidad ingreso inicial ano pedro gracias
Email,"<p><b>Estimados, quisiera saber los costos de primer grado para mi hijo Luis.</b></p>",estimados quisiera saber los costos de primer grado para mi hijo luis,ADMIS_COSTOS,estimado querer costo grado hijo luis
Email,"ESTIMADOS, QUISIERA SABER LOS PRECIOS DE 1ERO PRIMARIA PARA MI HIJO SOFIA.",estimados quisiera saber los precios de 1ero primaria para mi hijo sofia,ADMIS_COSTOS,estimado querer precio 1ero primario hijo sofia
Email,"Estimados, quisiera saber los mensualidad de 1ero secundaria para mi hijo Mateo.",estimados quisiera saber los mensualidad de 1ero secundaria para mi hijo mateo,ADMIS_COSTOS,estimado querer mensualidad 1ero secundario hijo mateo
WhatsApp,Saber si hay lugares en secundaria para Camila. Gracias.,saber si hay lugares en secundaria para camila gracias,ADMIS_VACANTES,lugar secundaria camila gracias
Web,citas de admision para 5to secundaria. Mi menor es Ana.,citas de admision para 5to secundaria mi menor es ana,ADMIS_CITAS,cita admision 5to secundario menor án
WhatsApp,Hola hay lugares para 5to secundaria? Mi niño se llama Mateo.,hola hay lugares para 5to secundaria mi nino se llama mateo,ADMIS_VACANTES,holar lugar 5to secundario nino llamar mateo
Email,Solicito información de cuotas y detalles para inicial 5 años. Atte: Sofia.,solicito informacion de cuotas y detalles para inicial 5 anos atte sofia,ADMIS_COSTOS,solicitar informacion cuota detalle inicial anos atte sofia
Email,"Estimados, quisiera saber los pagos de primer año para mi hijo Pedro.",estimados quisiera saber los pagos de primer ano para mi hijo pedro,ADMIS_COSTOS,estimado querer pago ano hijo pedro
WhatsApp,<p><b>Hola hay vacantes para primer grado? Mi niño se llama Thiago.</b></p>,hola hay vacantes para primer grado mi nino se llama thiago,ADMIS_VACANTES,holar vacante grado nino llamar thiago
Email,"ESTIMADOS, QUISIERA SABER LOS PENSIONES DE PRIMER AÑO PARA MI HIJO MARIA.",estimados quisiera saber los pensiones de primer ano para mi hijo maria,ADMIS_COSTOS,estimado querer pensión ano hijo mario
WhatsApp,Hola hay lugares para 5to secundaria? Mi niño se llama Pedro.,hola hay lugares para 5to secundaria mi nino se llama pedro,ADMIS_VACANTES,holar lugar 5to secundario nino llamar pedro
Email,<p><b>Solicito información de pagos y detalles para primer año. Atte: Pedro.</b></p>,solicito informacion de pagos y detalles para primer ano atte pedro,ADMIS_COSTOS,solicitar informacion pago detalle ano atte pedro
Email,"Estimados, quisiera saber los pensiones de primer año para mi hijo Camila.",estimados quisiera saber los pensiones de primer ano para mi hijo camila,ADMIS_COSTOS,estimado querer pensión ano hijo camilar
Email,Solicito información de costos y detalles para 1ero secundaria. Atte: Mateo.,solicito informacion de costos y detalles para 1ero secundaria atte mateo,ADMIS_COSTOS,solicitar informacion costo detalle 1ero secundario atte mateo
Email,"Estimados, quisiera saber los precios de 5to secundaria para mi hijo Sebastian.",estimados quisiera saber los precios de 5to secundaria para mi hijo sebastian,ADMIS_COSTOS,estimado querer precio 5to secundario hijo sebastiar
Web,CRONOGRAMA DE ADMISION PARA PRIMER GRADO. MI MENOR ES ELENA.,cronograma de admision para primer grado mi menor es elena,ADMIS_CITAS,cronograma admision grado menor elén
Web,<p><b>reunión de admision para 5to secundaria. Mi menor es Nicolas.</b></p>,reunion de admision para 5to secundaria mi menor es nicolas,ADMIS_CITAS,reunion admision 5to secundario menor nicola
Web,<p><b>citas de admision para secundaria. Mi menor es Maria.</b></p>,citas de admision para secundaria mi menor es maria,ADMIS_CITAS,cita admision secundario menor mario
Web,requisitos para traslado a inicial 5 años. Postulante: Pedro.,requisitos para traslado a inicial 5 anos postulante pedro,ADMIS_REQUIS_DOC,requisito traslado inicial ano postulante pedro
Email,Solicito información de pensiones y detalles para inicial 4 años. Atte: Elena.,solicito informacion de pensiones y detalles para inicial 4 anos atte elena,ADMIS_COSTOS,solicitar informacion pensión detalle inicial anos atte elén
Web,partidas para traslado a inicial 4 años. Postulante: Thiago.,partidas para traslado a inicial 4 anos postulante thiago,ADMIS_REQUIS_DOC,partida traslado inicial ano postulante thiago
Web,<p><b>entrevistas de admision para 1ero secundaria. Mi menor es Maria.</b></p>,entrevistas de admision para 1ero secundaria mi menor es maria,ADMIS_CITAS,entrevista admision 1ero secundario menor mario
WhatsApp,Hola hay espacios para primer año? Mi niño se llama Gabriel.,hola hay espacios para primer ano mi nino se llama gabriel,ADMIS_VACANTES,holar espacio ano nino llamar gabriel
WhatsApp,HOLA HAY LUGARES PARA 1ERO PRIMARIA? MI NIÑO SE LLAMA THIAGO.,hola hay lugares para 1ero primaria mi nino se llama thiago,ADMIS_VACANTES,holar lugar 1ero primario nino llamar thiago
WhatsApp,Saber si hay espacios en inicial 5 años para Thiago. Gracias.,saber si hay espacios en inicial 5 anos para thiago gracias,ADMIS_VACANTES,espacio inicial ano thiago gracias
Web,papeles para traslado a 6to primaria. Postulante: Nicolas.,papeles para traslado a 6to primaria postulante nicolas,ADMIS_REQUIS_DOC,papel traslado 6to primaria postulante nicola
WhatsApp,Saber si hay vacantes en inicial 3 años para Nicolas. Gracias.,saber si hay vacantes en inicial 3 anos para nicolas gracias,ADMIS_VACANTES,vacante inicial ano nico él gracia
Web,requisitos para traslado a inicial 4 años. Postulante: Luis.,requisitos para traslado a inicial 4 anos postulante luis,ADMIS_REQUIS_DOC,requisito traslado inicial ano postulante luis
Web,cronograma de admision para 5to secundaria. Mi menor es Ana.,cronograma de admision para 5to secundaria mi menor es ana,ADMIS_CITAS,cronograma admision 5to secundario menor án
WhatsApp,<p><b>Saber si hay lugares en primer año para Camila. Gracias.</b></p>,saber si hay lugares en primer ano para camila gracias,ADMIS_VACANTES,lugar ano camilar gracias
Web,papeles para traslado a 1ero secundaria. Postulante: Gabriel.,papeles para traslado a 1ero secundaria postulante gabriel,ADMIS_REQUIS_DOC,papel traslado 1ero secundario postulante gabriel
Web,documentación para traslado a 5to secundaria. Postulante: Valentina.,documentacion para traslado a 5to secundaria postulante valentina,ADMIS_REQUIS_DOC,documentacion traslado 5to secundario postulante valentín
Web,<p><b>cronograma de admision para 1ero secundaria. Mi menor es Maria.</b></p>,cronograma de admision para 1ero secundaria mi menor es maria,ADMIS_CITAS,cronograma admision 1ero secundario menor mario
WhatsApp,<p><b>Hola hay cupos para 5to secundaria? Mi niño se llama Maria.</b></p>,hola hay cupos para 5to secundaria mi nino se llama maria,ADMIS_VACANTES,holar cupo 5to secundario nino llamar mario
Email,Solicito información de costos y detalles para 1ero secundaria. Atte: Pedro.,solicito informacion de costos y detalles para 1ero secundaria atte pedro,ADMIS_COSTOS,solicitar informacion costo detalle 1ero secundario atte pedro
Web,documentación para traslado a 6to primaria. Postulante: Luis.,documentacion para traslado a 6to primaria postulante luis,ADMIS_REQUIS_DOC,documentacion traslado 6to primaria postulante luis
Email,"ESTIMADOS, QUISIERA SABER LOS PAGOS DE INICIAL 5 AÑOS PARA MI HIJO JUAN.",estimados quisiera saber los pagos de inicial 5 anos para mi hijo juan,ADMIS_COSTOS,estimado querer pago inicial ano hijo juan
Web,PARTIDAS PARA TRASLADO A SECUNDARIA. POSTULANTE: PEDRO.,partidas para traslado a secundaria postulante pedro,ADMIS_REQUIS_DOC,partida traslado secundaria postulante pedro
Web,<p><b>entrevistas de admision para 5to secundaria. Mi menor es Nicolas.</b></p>,entrevistas de admision para 5to secundaria mi menor es nicolas,ADMIS_CITAS,entrevista admision 5to secundario menor nicola
Email,"Estimados, quisiera saber los mensualidad de 5to secundaria para mi hijo Elena.",estimados quisiera saber los mensualidad de 5to secundaria para mi hijo elena,ADMIS_COSTOS,estimado querer mensualidad 5to secundario hijo elena
Web,papeles para traslado a 6to primaria. Postulante: Valentina.,papeles para traslado a 6to primaria postulante valentina,ADMIS_REQUIS_DOC,papel traslado 6to primaria postulante valentín
Web,citas de admision para inicial 3 años. Mi menor es Pedro.,citas de admision para inicial 3 anos mi menor es pedro,ADMIS_CITAS,cita admision inicial ano menor pedro
WhatsApp,Saber si hay cupos en secundaria para Lucia. Gracias.,saber si hay cupos en secundaria para lucia gracias,ADMIS_VACANTES,cupo secundaria lucia gracias
WhatsApp,<p><b>Hola hay lugares para 5to secundaria? Mi niño se llama Lucia.</b></p>,hola hay lugares para 5to secundaria mi nino se llama lucia,ADMIS_VACANTES,holar lugar 5to secundario nino llamar lucia
Email,<p><b>Solicito información de pensiones y detalles para 5to secundaria. Atte: Sebastian.</b></p>,solicito informacion de pensiones y detalles para 5to secundaria atte sebastian,ADMIS_COSTOS,solicitar informacion pensión detalle 5to secundario atte sebastiar
Email,"<p><b>Estimados, quisiera saber los pagos de 1ero secundaria para mi hijo Lucia.</b></p>",estimados quisiera saber los pagos de 1ero secundaria para mi hijo lucia,ADMIS_COSTOS,estimado querer pago 1ero secundario hijo lucia
Web,reunión de admision para 5to secundaria. Mi menor es Luis.,reunion de admision para 5to secundaria mi menor es luis,ADMIS_CITAS,reunion admision 5to secundario menor luis
Web,reunión de admision para 6to primaria. Mi menor es Nicolas.,reunion de admision para 6to primaria mi menor es nicolas,ADMIS_CITAS,reunion admision 6to primario menor nicola
WhatsApp,Hola hay espacios para inicial 4 años? Mi niño se llama Sofia.,hola hay espacios para inicial 4 anos mi nino se llama sofia,ADMIS_VACANTES,holar espacio inicial ano nino llamar sofia
WhatsApp,<p><b>Hola hay disponibilidad de ingreso para inicial 4 años? Mi niño se llama Pedro.</b></p>,hola hay disponibilidad de ingreso para inicial 4 anos mi nino se llama pedro,ADMIS_VACANTES,holar disponibilidad ingreso inicial ano nino llamar pedro
Web,CHARLAS DE ADMISION PARA PRIMER AÑO. MI MENOR ES LUCIA.,charlas de admision para primer ano mi menor es lucia,ADMIS_CITAS,charla admision ano menor lucia
Email,Solicito información de mensualidad y detalles para secundaria. Atte: Luis.,solicito informacion de mensualidad y detalles para secundaria atte luis,ADMIS_COSTOS,solicitar informacion mensualidad detalle secundario atte luis
Email,Solicito información de pensiones y detalles para inicial 3 años. Atte: Valentina.,solicito informacion de pensiones y detalles para inicial 3 anos atte valentina,ADMIS_COSTOS,solicitar informacion pensión detalle inicial anos atte valentín
Email,Solicito información de cuotas y detalles para 1ero primaria. Atte: Gabriel.,solicito informacion de cuotas y detalles para 1ero primaria atte gabriel,ADMIS_COSTOS,solicitar informacion cuota detalle 1ero primario atte gabriel
WhatsApp,Saber si hay espacios en primer grado para Sebastian. Gracias.,saber si hay espacios en primer grado para sebastian gracias,ADMIS_VACANTES,espacio grado sebastiar gracias
WhatsApp,Saber si hay lugares en primer año para Sebastian. Gracias.,saber si hay lugares en primer ano para sebastian gracias,ADMIS_VACANTES,lugar ano sebastiar gracias
Web,entrevistas de admision para 1ero secundaria. Mi menor es Valentina.,entrevistas de admision para 1ero secundaria mi menor es valentina,ADMIS_CITAS,entrevista admision 1ero secundario menor valentín
Email,"ESTIMADOS, QUISIERA SABER LOS PAGOS DE INICIAL 3 AÑOS PARA MI HIJO THIAGO.",estimados quisiera saber los pagos de inicial 3 anos para mi hijo thiago,ADMIS_COSTOS,estimado querer pago inicial ano hijo thiago
Email,"<p><b>Estimados, quisiera saber los pagos de 6to primaria para mi hijo Ana.</b></p>",estimados quisiera saber los pagos de 6to primaria para mi hijo ana,ADMIS_COSTOS,estimado querer pago 6to primario hijo án
Web,<p><b>citas de admision para inicial 4 años. Mi menor es Luis.</b></p>,citas de admision para inicial 4 anos mi menor es luis,ADMIS_CITAS,cita admision inicial ano menor luis
WhatsApp,HOLA HAY LUGARES PARA INICIAL 3 AÑOS? MI NIÑO SE LLAMA GABRIEL.,hola hay lugares para inicial 3 anos mi nino se llama gabriel,ADMIS_VACANTES,holar lugar inicial ano nino llamar gabriel
WhatsApp,Hola hay cupos para 1ero secundaria? Mi niño se llama Gabriel.,hola hay cupos para 1ero secundaria mi nino se llama gabriel,ADMIS_VACANTES,holar cupo 1ero secundario nino llamar gabriel
Email,"ESTIMADOS, QUISIERA SABER LOS MENSUALIDAD DE PRIMER GRADO PARA MI HIJO CAMILA.",estimados quisiera saber los mensualidad de primer grado para mi hijo camila,ADMIS_COSTOS,estimado querer mensualidad grado hijo camilar
Email,"Estimados, quisiera saber los costos de secundaria para mi hijo Sofia.",estimados quisiera saber los costos de secundaria para mi hijo sofia,ADMIS_COSTOS,estimado querer costo secundaria hijo sofia
Web,documentos para traslado a inicial 4 años. Postulante: Nicolas.,documentos para traslado a inicial 4 anos postulante nicolas,ADMIS_REQUIS_DOC,documento traslado inicial ano postulante nico él
Web,citas de admision para primer grado. Mi menor es Nicolas.,citas de admision para primer grado mi menor es nicolas,ADMIS_CITAS,cita admision grado menor nicola
Web,<p><b>charlas de admision para inicial 3 años. Mi menor es Valentina.</b></p>,charlas de admision para inicial 3 anos mi menor es valentina,ADMIS_CITAS,charla admision inicial ano menor valentín
Web,papeles para traslado a inicial 3 años. Postulante: Valentina.,papeles para traslado a inicial 3 anos postulante valentina,ADMIS_REQUIS_DOC,papel traslado inicial ano postulante valentín
Email,Solicito información de precios y detalles para 5to secundaria. Atte: Pedro.,solicito informacion de precios y detalles para 5to secundaria atte pedro,ADMIS_COSTOS,solicitar informacion precio detalle 5to secundario atte pedro
WhatsApp,SABER SI HAY ESPACIOS EN 1ERO PRIMARIA PARA ELENA. GRACIAS.,saber si hay espacios en 1ero primaria para elena gracias,ADMIS_VACANTES,espacio 1ero primario elena gracias
Email,Solicito información de cuotas y detalles para inicial 5 años. Atte: Nicolas.,solicito informacion de cuotas y detalles para inicial 5 anos atte nicolas,ADMIS_COSTOS,solicitar informacion cuota detalle inicial anos attar nicola
Email,SOLICITO INFORMACIÓN DE PRECIOS Y DETALLES PARA 5TO SECUNDARIA. ATTE: ANA.,solicito informacion de precios y detalles para 5to secundaria atte ana,ADMIS_COSTOS,solicitar informacion precio detalle 5to secundario atte ana
Email,"Estimados, quisiera saber los pensiones de 1ero secundaria para mi hijo Camila.",estimados quisiera saber los pensiones de 1ero secundaria para mi hijo camila,ADMIS_COSTOS,estimado querer pensión 1ero secundario hijo camilar
Email,<p><b>Solicito información de cuotas y detalles para 6to primaria. Atte: Ana.</b></p>,solicito informacion de cuotas y detalles para 6to primaria atte ana,ADMIS_COSTOS,solicitar informacion cuota detalle 6to primaria attar ana
Web,documentación para traslado a primer grado. Postulante: Sebastian.,documentacion para traslado a primer grado postulante sebastian,ADMIS_REQUIS_DOC,documentacion traslado grado postulante sebastiar
Email,SOLICITO INFORMACIÓN DE PAGOS Y DETALLES PARA SECUNDARIA. ATTE: GABRIEL.,solicito informacion de pagos y detalles para secundaria atte gabriel,ADMIS_COSTOS,solicitar informacion pago detalle secundario atte gabriel
Email,"Estimados, quisiera saber los precios de primer grado para mi hijo Maria.",estimados quisiera saber los precios de primer grado para mi hijo maria,ADMIS_COSTOS,estimado querer precio grado hijo mario
Web,<p><b>ficha de matrícula para traslado a 1ero primaria. Postulante: Mateo.</b></p>,ficha de matricula para traslado a 1ero primaria postulante mateo,ADMIS_REQUIS_DOC,ficha matricula traslado 1ero primaria postulante mateo
Email,Solicito información de pagos y detalles para inicial 5 años. Atte: Mateo.,solicito informacion de pagos y detalles para inicial 5 anos atte mateo,ADMIS_COSTOS,solicitar informacion pago detalle inicial anos atte mateo
WhatsApp,<p><b>Hola hay lugares para inicial 5 años? Mi niño se llama Juan.</b></p>,hola hay lugares para inicial 5 anos mi nino se llama juan,ADMIS_VACANTES,holar lugar inicial ano nino llamar juan
Email,Solicito información de costos y detalles para secundaria. Atte: Maria.,solicito informacion de costos y detalles para secundaria atte maria,ADMIS_COSTOS,solicitar informacion costo detalle secundario atte mario
WhatsApp,Hola hay vacantes para primer grado? Mi niño se llama Sebastian.,hola hay vacantes para primer grado mi nino se llama sebastian,ADMIS_VACANTES,holar vacante grado nino llamar sebastian
Web,<p><b>documentos para traslado a inicial 3 años. Postulante: Gabriel.</b></p>,documentos para traslado a inicial 3 anos postulante gabriel,ADMIS_REQUIS_DOC,documento traslado inicial ano postulante gabriel
Email,"Estimados, quisiera saber los pensiones de 5to secundaria para mi hijo Ana.",estimados quisiera saber los pensiones de 5to secundaria para mi hijo ana,ADMIS_COSTOS,estimado querer pensión 5to secundario hijo án
WhatsApp,SABER SI HAY VACANTES EN SECUNDARIA PARA CAMILA. GRACIAS.,saber si hay vacantes en secundaria para camila gracias,ADMIS_VACANTES,vacante secundaria camila gracias
Email,"Estimados, quisiera saber los precios de inicial 3 años para mi hijo Pedro.",estimados quisiera saber los precios de inicial 3 anos para mi hijo pedro,ADMIS_COSTOS,estimado querer precio inicial ano hijo pedro
Email,"Estimados, quisiera saber los mensualidad de 5to secundaria para mi hijo Luis.",estimados quisiera saber los mensualidad de 5to secundaria para mi hijo luis,ADMIS_COSTOS,estimado querer mensualidad 5to secundario hijo luis
Email,SOLICITO INFORMACIÓN DE CUOTAS Y DETALLES PARA 5TO SECUNDARIA. ATTE: LUIS.,solicito informacion de cuotas y detalles para 5to secundaria atte luis,ADMIS_COSTOS,solicitar informacion cuota detalle 5to secundario atte luis
Email,"Estimados, quisiera saber los cuotas de 6to primaria para mi hijo Nicolas.",estimados quisiera saber los cuotas de 6to primaria para mi hijo nicolas,ADMIS_COSTOS,estimado querer cuota 6to primario hijo nicola
Web,requisitos para traslado a inicial 5 años. Postulante: Thiago.,requisitos para traslado a inicial 5 anos postulante thiago,ADMIS_REQUIS_DOC,requisito traslado inicial ano postulante thiago
Web,entrevistas de admision para primer año. Mi menor es Camila.,entrevistas de admision para primer ano mi menor es camila,ADMIS_CITAS,entrevista admision ano menor camila
WhatsApp,Hola hay lugares para primer año? Mi niño se llama Nicolas.,hola hay lugares para primer ano mi nino se llama nicolas,ADMIS_VACANTES,holar lugar ano nino llamar nicola
WhatsApp,Hola hay espacios para 5to secundaria? Mi niño se llama Gabriel.,hola hay espacios para 5to secundaria mi nino se llama gabriel,ADMIS_VACANTES,holar espacio 5to secundario nino llamar gabriel
Email,"Estimados, quisiera saber los precios de 1ero secundaria para mi hijo Valentina.",estimados quisiera saber los precios de 1ero secundaria para mi hijo valentina,ADMIS_COSTOS,estimado querer precio 1ero secundario hijo valentín
Email,Solicito información de pagos y detalles para inicial 3 años. Atte: Pedro.,solicito informacion de pagos y detalles para inicial 3 anos atte pedro,ADMIS_COSTOS,solicitar informacion pago detalle inicial anos atte pedro
WhatsApp,Hola hay disponibilidad de ingreso para 5to secundaria? Mi niño se llama Elena.,hola hay disponibilidad de ingreso para 5to secundaria mi nino se llama elena,ADMIS_VACANTES,holar disponibilidad ingreso 5to secundario nino llamar elena
Email,"Estimados, quisiera saber los pensiones de inicial 3 años para mi hijo Thiago.",estimados quisiera saber los pensiones de inicial 3 anos para mi hijo thiago,ADMIS_COSTOS,estimado querer pensión inicial ano hijo thiago
WhatsApp,Saber si hay cupos en 1ero primaria para Valentina. Gracias.,saber si hay cupos en 1ero primaria para valentina gracias,ADMIS_VACANTES,cupo 1ero primario valentina gracias
Email,<p><b>Solicito información de precios y detalles para 1ero primaria. Atte: Mateo.</b></p>,solicito informacion de precios y detalles para 1ero primaria atte mateo,ADMIS_COSTOS,solicitar informacion precio detalle 1ero primario atte mateo
WhatsApp,HOLA HAY CUPOS PARA SECUNDARIA? MI NIÑO SE LLAMA CAMILA.,hola hay cupos para secundaria mi nino se llama camila,ADMIS_VACANTES,holar cupo secundario nino llamar camila
Email,SOLICITO INFORMACIÓN DE COSTOS Y DETALLES PARA INICIAL 5 AÑOS. ATTE: NICOLAS.,solicito informacion de costos y detalles para inicial 5 anos atte nicolas,ADMIS_COSTOS,solicitar informacion costo detalle inicial anos attar nicola
WhatsApp,HOLA HAY VACANTES PARA INICIAL 3 AÑOS? MI NIÑO SE LLAMA LUCIA.,hola hay vacantes para inicial 3 anos mi nino se llama lucia,ADMIS_VACANTES,holar vacante inicial ano nino llamar lucia
Web,PARTIDAS PARA TRASLADO A 1ERO SECUNDARIA. POSTULANTE: MARIA.,partidas para traslado a 1ero secundaria postulante maria,ADMIS_REQUIS_DOC,partida traslado 1ero secundario postulante mario
Web,charlas de admision para inicial 4 años. Mi menor es Thiago.,charlas de admision para inicial 4 anos mi menor es thiago,ADMIS_CITAS,charla admision inicial ano menor thiago
Email,Solicito información de precios y detalles para inicial 5 años. Atte: Sebastian.,solicito informacion de precios y detalles para inicial 5 anos atte sebastian,ADMIS_COSTOS,solicitar informacion precio detalle inicial anos atte sebastiar
Web,reunión de admision para inicial 5 años. Mi menor es Luis.,reunion de admision para inicial 5 anos mi menor es luis,ADMIS_CITAS,reunion admision inicial ano menor luis
Email,SOLICITO INFORMACIÓN DE PRECIOS Y DETALLES PARA PRIMER AÑO. ATTE: ELENA.,solicito informacion de precios y detalles para primer ano atte elena,ADMIS_COSTOS,solicitar informacion precio detalle ano atte elena
Web,DOCUMENTOS PARA TRASLADO A SECUNDARIA. POSTULANTE: LUCIA.,documentos para traslado a secundaria postulante lucia,ADMIS_REQUIS_DOC,documento traslado secundaria postulante lucia
WhatsApp,<p><b>Hola hay vacantes para primer año? Mi niño se llama Mateo.</b></p>,hola hay vacantes para primer ano mi nino se llama mateo,ADMIS_VACANTES,holar vacante ano nino llamar mateo
Email,"Estimados, quisiera saber los pensiones de inicial 3 años para mi hijo Gabriel.",estimados quisiera saber los pensiones de inicial 3 anos para mi hijo gabriel,ADMIS_COSTOS,estimado querer pensión inicial ano hijo gabriel
Web,entrevistas de admision para secundaria. Mi menor es Maria.,entrevistas de admision para secundaria mi menor es maria,ADMIS_CITAS,entrevista admision secundario menor mario
WhatsApp,Saber si hay vacantes en 5to secundaria para Lucia. Gracias.,saber si hay vacantes en 5to secundaria para lucia gracias,ADMIS_VACANTES,vacante 5to secundario lucia gracias
WhatsApp,Hola hay espacios para 6to primaria? Mi niño se llama Juan.,hola hay espacios para 6to primaria mi nino se llama juan,ADMIS_VACANTES,holar espacio 6to primario nino llamar juan
WhatsApp,<p><b>Saber si hay lugares en inicial 5 años para Mateo. Gracias.</b></p>,saber si hay lugares en inicial 5 anos para mateo gracias,ADMIS_VACANTES,lugar inicial ano mateo gracias
Email,Solicito información de cuotas y detalles para primer año. Atte: Pedro.,solicito informacion de cuotas y detalles para primer ano atte pedro,ADMIS_COSTOS,solicitar informacion cuota detalle ano atte pedro
Email,Solicito información de precios y detalles para 1ero primaria. Atte: Maria.,solicito informacion de precios y detalles para 1ero primaria atte maria,ADMIS_COSTOS,solicitar informacion precio detalle 1ero primario atte mario
Web,<p><b>entrevistas de admision para primer grado. Mi menor es Nicolas.</b></p>,entrevistas de admision para primer grado mi menor es nicolas,ADMIS_CITAS,entrevista admision grado menor nicola
Email,Solicito información de precios y detalles para inicial 5 años. Atte: Nicolas.,solicito informacion de precios y detalles para inicial 5 anos atte nicolas,ADMIS_COSTOS,solicitar informacion precio detalle inicial anos attar nicola
WhatsApp,Hola hay espacios para secundaria? Mi niño se llama Thiago.,hola hay espacios para secundaria mi nino se llama thiago,ADMIS_VACANTES,holar espacio secundario nino llamar thiago
WhatsApp,<p><b>Hola hay espacios para inicial 4 años? Mi niño se llama Valentina.</b></p>,hola hay espacios para inicial 4 anos mi nino se llama valentina,ADMIS_VACANTES,holar espacio inicial ano nino llamar valentina
Web,CITAS DE ADMISION PARA 1ERO SECUNDARIA. MI MENOR ES MARIA.,citas de admision para 1ero secundaria mi menor es maria,ADMIS_CITAS,cita admision 1ero secundario menor mario
WhatsApp,Hola hay espacios para primer año? Mi niño se llama Thiago.,hola hay espacios para primer ano mi nino se llama thiago,ADMIS_VACANTES,holar espacio ano nino llamar thiago
Web,charlas de admision para secundaria. Mi menor es Juan.,charlas de admision para secundaria mi menor es juan,ADMIS_CITAS,charla admision secundario menor juan
WhatsApp,<p><b>Saber si hay espacios en 5to secundaria para Pedro. Gracias.</b></p>,saber si hay espacios en 5to secundaria para pedro gracias,ADMIS_VACANTES,espacio 5to secundario pedro gracias
Web,requisitos para traslado a inicial 4 años. Postulante: Ana.,requisitos para traslado a inicial 4 anos postulante ana,ADMIS_REQUIS_DOC,requisito traslado inicial ano postulante ana
Email,"Estimados, quisiera saber los mensualidad de inicial 5 años para mi hijo Ana.",estimados quisiera saber los mensualidad de inicial 5 anos para mi hijo ana,ADMIS_COSTOS,estimado querer mensualidad inicial ano hijo án
Web,entrevistas de admision para 5to secundaria. Mi menor es Lucia.,entrevistas de admision para 5to secundaria mi menor es lucia,ADMIS_CITAS,entrevista admision 5to secundario menor lucia
WhatsApp,HOLA HAY LUGARES PARA 1ERO PRIMARIA? MI NIÑO SE LLAMA ANA.,hola hay lugares para 1ero primaria mi nino se llama ana,ADMIS_VACANTES,holar lugar 1ero primario nino llamar án
Email,Solicito información de pagos y detalles para inicial 4 años. Atte: Gabriel.,solicito informacion de pagos y detalles para inicial 4 anos atte gabriel,ADMIS_COSTOS,solicitar informacion pago detalle inicial anos atte gabriel
Email,"Estimados, quisiera saber los pensiones de 6to primaria para mi hijo Thiago.",estimados quisiera saber los pensiones de 6to primaria para mi hijo thiago,ADMIS_COSTOS,estimado querer pensión 6to primario hijo thiago
WhatsApp,Hola hay disponibilidad de ingreso para primer año? Mi niño se llama Sofia.,hola hay disponibilidad de ingreso para primer ano mi nino se llama sofia,ADMIS_VACANTES,holar disponibilidad ingreso ano nino llamar sofia
Email,"Estimados, quisiera saber los cuotas de secundaria para mi hijo Pedro.",estimados quisiera saber los cuotas de secundaria para mi hijo pedro,ADMIS_COSTOS,estimado querer cuota secundaria hijo pedro
WhatsApp,<p><b>Saber si hay cupos en 1ero secundaria para Elena. Gracias.</b></p>,saber si hay cupos en 1ero secundaria para elena gracias,ADMIS_VACANTES,cupo 1ero secundario elena gracias
Email,"<p><b>Estimados, quisiera saber los cuotas de 5to secundaria para mi hijo Nicolas.</b></p>",estimados quisiera saber los cuotas de 5to secundaria para mi hijo nicolas,ADMIS_COSTOS,estimado querer cuota 5to secundario hijo nicola
WhatsApp,<p><b>Hola hay espacios para primer grado? Mi niño se llama Camila.</b></p>,hola hay espacios para primer grado mi nino se llama camila,ADMIS_VACANTES,holar espacio grado nino llamar camila
WhatsApp,Saber si hay cupos en inicial 3 años para Maria. Gracias.,saber si hay cupos en inicial 3 anos para maria gracias,ADMIS_VACANTES,cupo inicial ano maria gracias
Email,Solicito información de pensiones y detalles para inicial 3 años. Atte: Sofia.,solicito informacion de pensiones y detalles para inicial 3 anos atte sofia,ADMIS_COSTOS,solicitar informacion pensión detalle inicial anos atte sofia
WhatsApp,<p><b>Hola hay cupos para primer año? Mi niño se llama Lucia.</b></p>,hola hay cupos para primer ano mi nino se llama lucia,ADMIS_VACANTES,holar cupo ano nino llamar lucia
Web,CITAS DE ADMISION PARA PRIMER GRADO. MI MENOR ES VALENTINA.,citas de admision para primer grado mi menor es valentina,ADMIS_CITAS,cita admision grado menor valentín
Web,<p><b>partidas para traslado a 1ero primaria. Postulante: Thiago.</b></p>,partidas para traslado a 1ero primaria postulante thiago,ADMIS_REQUIS_DOC,partida traslado 1ero primaria postulante thiago
Web,entrevistas de admision para primer grado. Mi menor es Luis.,entrevistas de admision para primer grado mi menor es luis,ADMIS_CITAS,entrevista admision grado menor luis
Email,"Estimados, quisiera saber los pagos de 6to primaria para mi hijo Elena.",estimados quisiera saber los pagos de 6to primaria para mi hijo elena,ADMIS_COSTOS,estimado querer pago 6to primario hijo elena
WhatsApp,Saber si hay disponibilidad de ingreso en 1ero primaria para Mateo. Gracias.,saber si hay disponibilidad de ingreso en 1ero primaria para mateo gracias,ADMIS_VACANTES,disponibilidad ingreso 1ero primario mateo gracias
Email,<p><b>Solicito información de precios y detalles para primer grado. Atte: Camila.</b></p>,solicito informacion de precios y detalles para primer grado atte camila,ADMIS_COSTOS,solicitar informacion precio detalle grado attar camilar
Email,Solicito información de costos y detalles para inicial 5 años. Atte: Mateo.,solicito informacion de costos y detalles para inicial 5 anos atte mateo,ADMIS_COSTOS,solicitar informacion costo detalle inicial anos atte mateo
Web,DOCUMENTOS PARA TRASLADO A 1ERO SECUNDARIA. POSTULANTE: THIAGO.,documentos para traslado a 1ero secundaria postulante thiago,ADMIS_REQUIS_DOC,documento traslado 1ero secundario postulante thiago
WhatsApp,HOLA HAY CUPOS PARA 1ERO SECUNDARIA? MI NIÑO SE LLAMA THIAGO.,hola hay cupos para 1ero secundaria mi nino se llama thiago,ADMIS_VACANTES,holar cupo 1ero secundario nino llamar thiago
Web,entrevistas de admision para 1ero primaria. Mi menor es Lucia.,entrevistas de admision para 1ero primaria mi menor es lucia,ADMIS_CITAS,entrevista admision 1ero primario menor lucia
Web,documentos para traslado a inicial 5 años. Postulante: Elena.,documentos para traslado a inicial 5 anos postulante elena,ADMIS_REQUIS_DOC,documento traslado inicial ano postulante elén
WhatsApp,Saber si hay lugares en 6to primaria para Mateo. Gracias.,saber si hay lugares en 6to primaria para mateo gracias,ADMIS_VACANTES,lugar 6to primario mateo gracias
Web,citas de admision para primer año. Mi menor es Valentina.,citas de admision para primer ano mi menor es valentina,ADMIS_CITAS,cita admision ano menor valentín
WhatsApp,Hola hay vacantes para 5to secundaria? Mi niño se llama Luis.,hola hay vacantes para 5to secundaria mi nino se llama luis,ADMIS_VACANTES,holar vacante 5to secundario nino llamar luis
Email,Solicito información de costos y detalles para 1ero secundaria. Atte: Luis.,solicito informacion de costos y detalles para 1ero secundaria atte luis,ADMIS_COSTOS,solicitar informacion costo detalle 1ero secundario atte luis
Web,requisitos para traslado a 1ero primaria. Postulante: Maria.,requisitos para traslado a 1ero primaria postulante maria,ADMIS_REQUIS_DOC,requisito traslado 1ero primaria postulante mario
WhatsApp,<p><b>Saber si hay espacios en primer año para Gabriel. Gracias.</b></p>,saber si hay espacios en primer ano para gabriel gracias,ADMIS_VACANTES,espacio ano gabriel gracias
Web,entrevistas de admision para 1ero primaria. Mi menor es Mateo.,entrevistas de admision para 1ero primaria mi menor es mateo,ADMIS_CITAS,entrevista admision 1ero primario menor mateo
Web,entrevistas de admision para inicial 4 años. Mi menor es Valentina.,entrevistas de admision para inicial 4 anos mi menor es valentina,ADMIS_CITAS,entrevista admision inicial ano menor valentín
Web,papeles para traslado a secundaria. Postulante: Luis.,papeles para traslado a secundaria postulante luis,ADMIS_REQUIS_DOC,papel traslado secundaria postulante luis
Email,"<p><b>Estimados, quisiera saber los mensualidad de inicial 4 años para mi hijo Sebastian.</b></p>",estimados quisiera saber los mensualidad de inicial 4 anos para mi hijo sebastian,ADMIS_COSTOS,estimado querer mensualidad inicial ano hijo sebastiar
WhatsApp,Saber si hay vacantes en inicial 3 años para Camila. Gracias.,saber si hay vacantes en inicial 3 anos para camila gracias,ADMIS_VACANTES,vacante inicial ano camilar gracias
WhatsApp,Saber si hay lugares en primer grado para Elena. Gracias.,saber si hay lugares en primer grado para elena gracias,ADMIS_VACANTES,lugar grado elena gracias
Web,reunión de admision para secundaria. Mi menor es Nicolas.,reunion de admision para secundaria mi menor es nicolas,ADMIS_CITAS,reunion admision secundario menor nicola
Web,CRONOGRAMA DE ADMISION PARA 1ERO SECUNDARIA. MI MENOR ES ELENA.,cronograma de admision para 1ero secundaria mi menor es elena,ADMIS_CITAS,cronograma admision 1ero secundario menor elén
Email,Solicito información de precios y detalles para inicial 3 años. Atte: Lucia.,solicito informacion de precios y detalles para inicial 3 anos atte lucia,ADMIS_COSTOS,solicitar informacion precio detalle inicial ano attir lucia
WhatsApp,Hola hay espacios para 1ero secundaria? Mi niño se llama Sebastian.,hola hay espacios para 1ero secundaria mi nino se llama sebastian,ADMIS_VACANTES,holar espacio 1ero secundario nino llamar sebastian
Email,Solicito información de cuotas y detalles para 1ero primaria. Atte: Maria.,solicito informacion de cuotas y detalles para 1ero primaria atte maria,ADMIS_COSTOS,solicitar informacion cuota detalle 1ero primario atte mario
Web,citas de admision para inicial 4 años. Mi menor es Gabriel.,citas de admision para inicial 4 anos mi menor es gabriel,ADMIS_CITAS,cita admision inicial ano menor gabriel
Web,<p><b>charlas de admision para 6to primaria. Mi menor es Maria.</b></p>,charlas de admision para 6to primaria mi menor es maria,ADMIS_CITAS,charla admision 6to primario menor mario
WhatsApp,<p><b>Saber si hay espacios en primer grado para Thiago. Gracias.</b></p>,saber si hay espacios en primer grado para thiago gracias,ADMIS_VACANTES,espacio grado thiago gracias
Web,FICHA DE MATRÍCULA PARA TRASLADO A INICIAL 5 AÑOS. POSTULANTE: LUIS.,ficha de matricula para traslado a inicial 5 anos postulante luis,ADMIS_REQUIS_DOC,ficha matricula traslado inicial ano postulante luis
WhatsApp,<p><b>Hola hay disponibilidad de ingreso para inicial 5 años? Mi niño se llama Thiago.</b></p>,hola hay disponibilidad de ingreso para inicial 5 anos mi nino se llama thiago,ADMIS_VACANTES,holar disponibilidad ingreso inicial ano nino llamar thiago
WhatsApp,HOLA HAY CUPOS PARA 6TO PRIMARIA? MI NIÑO SE LLAMA JUAN.,hola hay cupos para 6to primaria mi nino se llama juan,ADMIS_VACANTES,holar cupo 6to primaria nino llamar juan
Email,"ESTIMADOS, QUISIERA SABER LOS COSTOS DE 1ERO SECUNDARIA PARA MI HIJO LUCIA.",estimados quisiera saber los costos de 1ero secundaria para mi hijo lucia,ADMIS_COSTOS,estimado querer costo 1ero secundario hijo lucia
WhatsApp,Saber si hay cupos en primer año para Camila. Gracias.,saber si hay cupos en primer ano para camila gracias,ADMIS_VACANTES,cupo ano camilar gracias
Email,<p><b>Solicito información de cuotas y detalles para primer año. Atte: Juan.</b></p>,solicito informacion de cuotas y detalles para primer ano atte juan,ADMIS_COSTOS,solicitar informacion cuota detalle ano atte juan
Web,charlas de admision para secundaria. Mi menor es Sofia.,charlas de admision para secundaria mi menor es sofia,ADMIS_CITAS,charla admision secundario menor sofia
Email,"Estimados, quisiera saber los cuotas de 1ero secundaria para mi hijo Maria.",estimados quisiera saber los cuotas de 1ero secundaria para mi hijo maria,ADMIS_COSTOS,estimado querer cuota 1ero secundario hijo mario
Email,"Estimados, quisiera saber los costos de primer grado para mi hijo Elena.",estimados quisiera saber los costos de primer grado para mi hijo elena,ADMIS_COSTOS,estimado querer costo grado hijo elena
Web,partidas para traslado a inicial 4 años. Postulante: Gabriel.,partidas para traslado a inicial 4 anos postulante gabriel,ADMIS_REQUIS_DOC,partida traslado inicial ano postulante gabriel
WhatsApp,Hola hay cupos para 6to primaria? Mi niño se llama Camila.,hola hay cupos para 6to primaria mi nino se llama camila,ADMIS_VACANTES,holar cupo 6to primaria nino llamar camila
Web,requisitos para traslado a primer grado. Postulante: Lucia.,requisitos para traslado a primer grado postulante lucia,ADMIS_REQUIS_DOC,requisito traslado grado postulante lucia
Web,CRONOGRAMA DE ADMISION PARA 1ERO PRIMARIA. MI MENOR ES SOFIA.,cronograma de admision para 1ero primaria mi menor es sofia,ADMIS_CITAS,cronograma admision 1ero primario menor sofia
WhatsApp,Saber si hay vacantes en primer año para Elena. Gracias.,saber si hay vacantes en primer ano para elena gracias,ADMIS_VACANTES,vacante ano elena gracias
Web,<p><b>partidas para traslado a secundaria. Postulante: Gabriel.</b></p>,partidas para traslado a secundaria postulante gabriel,ADMIS_REQUIS_DOC,partida traslado secundaria postulante gabriel
Email,"Estimados, quisiera saber los precios de primer año para mi hijo Lucia.",estimados quisiera saber los precios de primer ano para mi hijo lucia,ADMIS_COSTOS,estimado querer precio ano hijo lucia
Email,"Estimados, quisiera saber los pagos de 1ero primaria para mi hijo Lucia.",estimados quisiera saber los pagos de 1ero primaria para mi hijo lucia,ADMIS_COSTOS,estimado querer pago 1ero primario hijo lucia
WhatsApp,Hola hay lugares para 1ero secundaria? Mi niño se llama Camila.,hola hay lugares para 1ero secundaria mi nino se llama camila,ADMIS_VACANTES,holar lugar 1ero secundario nino llamar camila
Web,ficha de matrícula para traslado a secundaria. Postulante: Luis.,ficha de matricula para traslado a secundaria postulante luis,ADMIS_REQUIS_DOC,ficha matricula traslado secundaria postulante luis
Web,<p><b>requisitos para traslado a 1ero secundaria. Postulante: Gabriel.</b></p>,requisitos para traslado a 1ero secundaria postulante gabriel,ADMIS_REQUIS_DOC,requisito traslado 1ero secundario postulante gabriel
Web,charlas de admision para inicial 5 años. Mi menor es Elena.,charlas de admision para inicial 5 anos mi menor es elena,ADMIS_CITAS,charla admision inicial ano menor elén
WhatsApp,Hola hay lugares para primer año? Mi niño se llama Elena.,hola hay lugares para primer ano mi nino se llama elena,ADMIS_VACANTES,holar lugar ano nino llamar elena
Web,ENTREVISTAS DE ADMISION PARA 5TO SECUNDARIA. MI MENOR ES ANA.,entrevistas de admision para 5to secundaria mi menor es ana,ADMIS_CITAS,entrevista admision 5to secundario menor án
WhatsApp,<p><b>Hola hay lugares para inicial 3 años? Mi niño se llama Camila.</b></p>,hola hay lugares para inicial 3 anos mi nino se llama camila,ADMIS_VACANTES,holar lugar inicial ano nino llamar camila
Email,SOLICITO INFORMACIÓN DE PRECIOS Y DETALLES PARA SECUNDARIA. ATTE: VALENTINA.,solicito informacion de precios y detalles para secundaria atte valentina,ADMIS_COSTOS,solicitar informacion precio detalle secundario atte valentín
WhatsApp,Hola hay espacios para 1ero secundaria? Mi niño se llama Juan.,hola hay espacios para 1ero secundaria mi nino se llama juan,ADMIS_VACANTES,holar espacio 1ero secundario nino llamar juan
Web,partidas para traslado a primer grado. Postulante: Thiago.,partidas para traslado a primer grado postulante thiago,ADMIS_REQUIS_DOC,partida traslado grado postulante thiago
Email,SOLICITO INFORMACIÓN DE MENSUALIDAD Y DETALLES PARA SECUNDARIA. ATTE: JUAN.,solicito informacion de mensualidad y detalles para secundaria atte juan,ADMIS_COSTOS,solicitar informacion mensualidad detalle secundario atte juan
Web,<p><b>requisitos para traslado a 5to secundaria. Postulante: Ana.</b></p>,requisitos para traslado a 5to secundaria postulante ana,ADMIS_REQUIS_DOC,requisito traslado 5to secundario postulante ana
WhatsApp,<p><b>Hola hay vacantes para 1ero primaria? Mi niño se llama Lucia.</b></p>,hola hay vacantes para 1ero primaria mi nino se llama lucia,ADMIS_VACANTES,holar vacante 1ero primario nino llamar lucia
WhatsApp,Saber si hay espacios en secundaria para Valentina. Gracias.,saber si hay espacios en secundaria para valentina gracias,ADMIS_VACANTES,espacio secundaria valentina gracias
Email,Solicito información de mensualidad y detalles para 1ero primaria. Atte: Valentina.,solicito informacion de mensualidad y detalles para 1ero primaria atte valentina,ADMIS_COSTOS,solicitar informacion mensualidad detalle 1ero primario atte valentín
Web,reunión de admision para inicial 4 años. Mi menor es Valentina.,reunion de admision para inicial 4 anos mi menor es valentina,ADMIS_CITAS,reunion admision inicial ano menor valentín
WhatsApp,Saber si hay cupos en inicial 4 años para Pedro. Gracias.,saber si hay cupos en inicial 4 anos para pedro gracias,ADMIS_VACANTES,cupo inicial ano pedro gracias
WhatsApp,Hola hay lugares para inicial 4 años? Mi niño se llama Camila.,hola hay lugares para inicial 4 anos mi nino se llama camila,ADMIS_VACANTES,holar lugar inicial ano nino llamar camila
Web,<p><b>reunión de admision para inicial 5 años. Mi menor es Pedro.</b></p>,reunion de admision para inicial 5 anos mi menor es pedro,ADMIS_CITAS,reunion admision inicial ano menor pedro
WhatsApp,Saber si hay vacantes en inicial 5 años para Thiago. Gracias.,saber si hay vacantes en inicial 5 anos para thiago gracias,ADMIS_VACANTES,vacante inicial ano thiago gracias
Email,"<p><b>Estimados, quisiera saber los pagos de inicial 5 años para mi hijo Sebastian.</b></p>",estimados quisiera saber los pagos de inicial 5 anos para mi hijo sebastian,ADMIS_COSTOS,estimado querer pago inicial ano hijo sebastiar
Email,Solicito información de pagos y detalles para primer año. Atte: Lucia.,solicito informacion de pagos y detalles para primer ano atte lucia,ADMIS_COSTOS,solicitar informacion pago detalle ano attir lucia
WhatsApp,Saber si hay disponibilidad de ingreso en inicial 3 años para Maria. Gracias.,saber si hay disponibilidad de ingreso en inicial 3 anos para maria gracias,ADMIS_VACANTES,disponibilidad ingreso inicial ano maria gracias
WhatsApp,SABER SI HAY LUGARES EN PRIMER AÑO PARA JUAN. GRACIAS.,saber si hay lugares en primer ano para juan gracias,ADMIS_VACANTES,lugar ano juan gracias
WhatsApp,<p><b>Hola hay vacantes para inicial 4 años? Mi niño se llama Elena.</b></p>,hola hay vacantes para inicial 4 anos mi nino se llama elena,ADMIS_VACANTES,holar vacante inicial ano nino llamar elena
WhatsApp,Saber si hay cupos en 6to primaria para Pedro. Gracias.,saber si hay cupos en 6to primaria para pedro gracias,ADMIS_VACANTES,cupo 6to primario pedro gracias
Web,documentos para traslado a secundaria. Postulante: Sebastian.,documentos para traslado a secundaria postulante sebastian,ADMIS_REQUIS_DOC,documento traslado secundaria postulante sebastiar
Web,documentación para traslado a 6to primaria. Postulante: Gabriel.,documentacion para traslado a 6to primaria postulante gabriel,ADMIS_REQUIS_DOC,documentacion traslado 6to primaria postulante gabriel
WhatsApp,SABER SI HAY ESPACIOS EN INICIAL 4 AÑOS PARA ELENA. GRACIAS.,saber si hay espacios en inicial 4 anos para elena gracias,ADMIS_VACANTES,espacio inicial ano elena gracias
Email,"Estimados, quisiera saber los pagos de primer grado para mi hijo Lucia.",estimados quisiera saber los pagos de primer grado para mi hijo lucia,ADMIS_COSTOS,estimado querer pago grado hijo lucia
WhatsApp,HOLA HAY VACANTES PARA 6TO PRIMARIA? MI NIÑO SE LLAMA CAMILA.,hola hay vacantes para 6to primaria mi nino se llama camila,ADMIS_VACANTES,holar vacante 6to primaria nino llamar camila
Email,Solicito información de pagos y detalles para secundaria. Atte: Nicolas.,solicito informacion de pagos y detalles para secundaria atte nicolas,ADMIS_COSTOS,solicitar informacion pago detalle secundario atte nicola
WhatsApp,Hola hay cupos para inicial 4 años? Mi niño se llama Ana.,hola hay cupos para inicial 4 anos mi nino se llama ana,ADMIS_VACANTES,holar cupo inicial ano nino llamar án
Web,<p><b>cronograma de admision para 5to secundaria. Mi menor es Valentina.</b></p>,cronograma de admision para 5to secundaria mi menor es valentina,ADMIS_CITAS,cronograma admision 5to secundario menor valentín
Web,entrevistas de admision para inicial 5 años. Mi menor es Sebastian.,entrevistas de admision para inicial 5 anos mi menor es sebastian,ADMIS_CITAS,entrevista admision inicial ano menor sebastiar
Email,"ESTIMADOS, QUISIERA SABER LOS PAGOS DE INICIAL 5 AÑOS PARA MI HIJO THIAGO.",estimados quisiera saber los pagos de inicial 5 anos para mi hijo thiago,ADMIS_COSTOS,estimado querer pago inicial ano hijo thiago
Email,"<p><b>Estimados, quisiera saber los pagos de 1ero secundaria para mi hijo Luis.</b></p>",estimados quisiera saber los pagos de 1ero secundaria para mi hijo luis,ADMIS_COSTOS,estimado querer pago 1ero secundario hijo luis
Email,Solicito información de pensiones y detalles para secundaria. Atte: Juan.,solicito informacion de pensiones y detalles para secundaria atte juan,ADMIS_COSTOS,solicitar informacion pensión detalle secundario atte juan
Email,"Estimados, quisiera saber los pagos de inicial 3 años para mi hijo Pedro.",estimados quisiera saber los pagos de inicial 3 anos para mi hijo pedro,ADMIS_COSTOS,estimado querer pago inicial ano hijo pedro
Web,entrevistas de admision para primer grado. Mi menor es Mateo.,entrevistas de admision para primer grado mi menor es mateo,ADMIS_CITAS,entrevista admision grado menor mateo
Email,<p><b>Solicito información de precios y detalles para inicial 4 años. Atte: Sebastian.</b></p>,solicito informacion de precios y detalles para inicial 4 anos atte sebastian,ADMIS_COSTOS,solicitar informacion precio detalle inicial anos atte sebastiar
Web,charlas de admision para 1ero primaria. Mi menor es Nicolas.,charlas de admision para 1ero primaria mi menor es nicolas,ADMIS_CITAS,charla admision 1ero primario menor nicola
Email,Solicito información de pagos y detalles para inicial 5 años. Atte: Thiago.,solicito informacion de pagos y detalles para inicial 5 anos atte thiago,ADMIS_COSTOS,solicitar informacion pago detalle inicial anos attar thiago
WhatsApp,Saber si hay lugares en primer grado para Thiago. Gracias.,saber si hay lugares en primer grado para thiago gracias,ADMIS_VACANTES,lugar grado thiago gracias
WhatsApp,HOLA HAY VACANTES PARA 5TO SECUNDARIA? MI NIÑO SE LLAMA SEBASTIAN.,hola hay vacantes para 5to secundaria mi nino se llama sebastian,ADMIS_VACANTES,holar vacante 5to secundario nino llamar sebastian
Email,"Estimados, quisiera saber los precios de inicial 5 años para mi hijo Juan.",estimados quisiera saber los precios de inicial 5 anos para mi hijo juan,ADMIS_COSTOS,estimado querer precio inicial ano hijo juan
Web,<p><b>citas de admision para 1ero primaria. Mi menor es Nicolas.</b></p>,citas de admision para 1ero primaria mi menor es nicolas,ADMIS_CITAS,cita admision 1ero primario menor nicola
Web,citas de admision para inicial 5 años. Mi menor es Elena.,citas de admision para inicial 5 anos mi menor es elena,ADMIS_CITAS,cita admision inicial ano menor elén
Email,"Estimados, quisiera saber los pensiones de 5to secundaria para mi hijo Sebastian.",estimados quisiera saber los pensiones de 5to secundaria para mi hijo sebastian,ADMIS_COSTOS,estimado querer pensión 5to secundario hijo sebastiar
Email,Solicito información de mensualidad y detalles para inicial 3 años. Atte: Luis.,solicito informacion de mensualidad y detalles para inicial 3 anos atte luis,ADMIS_COSTOS,solicitar informacion mensualidad detalle inicial anos atte luis
WhatsApp,<p><b>Saber si hay cupos en inicial 4 años para Luis. Gracias.</b></p>,saber si hay cupos en inicial 4 anos para luis gracias,ADMIS_VACANTES,cupo inicial ano luis gracias
Web,requisitos para traslado a inicial 5 años. Postulante: Mateo.,requisitos para traslado a inicial 5 anos postulante mateo,ADMIS_REQUIS_DOC,requisito traslado inicial ano postulante mateo
Email,"Estimados, quisiera saber los pensiones de primer año para mi hijo Ana.",estimados quisiera saber los pensiones de primer ano para mi hijo ana,ADMIS_COSTOS,estimado querer pensión ano hijo án
Web,papeles para traslado a 1ero secundaria. Postulante: Sebastian.,papeles para traslado a 1ero secundaria postulante sebastian,ADMIS_REQUIS_DOC,papel traslado 1ero secundario postulante sebastiar
WhatsApp,Saber si hay cupos en 6to primaria para Gabriel. Gracias.,saber si hay cupos en 6to primaria para gabriel gracias,ADMIS_VACANTES,cupo 6to primario gabriel gracias
Email,Solicito información de costos y detalles para 1ero secundaria. Atte: Juan.,solicito informacion de costos y detalles para 1ero secundaria atte juan,ADMIS_COSTOS,solicitar informacion costo detalle 1ero secundario atte juan
Web,documentación para traslado a 5to secundaria. Postulante: Maria.,documentacion para traslado a 5to secundaria postulante maria,ADMIS_REQUIS_DOC,documentacion traslado 5to secundario postulante mario
Web,documentos para traslado a inicial 5 años. Postulante: Ana.,documentos para traslado a inicial 5 anos postulante ana,ADMIS_REQUIS_DOC,documento traslado inicial ano postulante ana
Web,PAPELES PARA TRASLADO A SECUNDARIA. POSTULANTE: THIAGO.,papeles para traslado a secundaria postulante thiago,ADMIS_REQUIS_DOC,papel traslado secundaria postulante thiago
WhatsApp,HOLA HAY LUGARES PARA INICIAL 4 AÑOS? MI NIÑO SE LLAMA ELENA.,hola hay lugares para inicial 4 anos mi nino se llama elena,ADMIS_VACANTES,holar lugar inicial ano nino llamar elena
WhatsApp,Hola hay disponibilidad de ingreso para 5to secundaria? Mi niño se llama Mateo.,hola hay disponibilidad de ingreso para 5to secundaria mi nino se llama mateo,ADMIS_VACANTES,holar disponibilidad ingreso 5to secundario nino llamar mateo
Web,partidas para traslado a 1ero primaria. Postulante: Mateo.,partidas para traslado a 1ero primaria postulante mateo,ADMIS_REQUIS_DOC,partida traslado 1ero primaria postulante mateo
Web,partidas para traslado a 1ero secundaria. Postulante: Lucia.,partidas para traslado a 1ero secundaria postulante lucia,ADMIS_REQUIS_DOC,partida traslado 1ero secundario postulante lucia
Web,partidas para traslado a 1ero primaria. Postulante: Valentina.,partidas para traslado a 1ero primaria postulante valentina,ADMIS_REQUIS_DOC,partida traslado 1ero primaria postulante valentín
Email,"Estimados, quisiera saber los mensualidad de secundaria para mi hijo Sebastian.",estimados quisiera saber los mensualidad de secundaria para mi hijo sebastian,ADMIS_COSTOS,estimado querer mensualidad secundaria hijo sebastiar
Email,SOLICITO INFORMACIÓN DE CUOTAS Y DETALLES PARA 1ERO PRIMARIA. ATTE: ANA.,solicito informacion de cuotas y detalles para 1ero primaria atte ana,ADMIS_COSTOS,solicitar informacion cuota detalle 1ero primario attar ana
Email,Solicito información de costos y detalles para inicial 4 años. Atte: Mateo.,solicito informacion de costos y detalles para inicial 4 anos atte mateo,ADMIS_COSTOS,solicitar informacion costo detalle inicial anos atte mateo
Email,Solicito información de mensualidad y detalles para inicial 5 años. Atte: Sofia.,solicito informacion de mensualidad y detalles para inicial 5 anos atte sofia,ADMIS_COSTOS,solicitar informacion mensualidad detalle inicial anos atte sofia
Web,documentación para traslado a 5to secundaria. Postulante: Sebastian.,documentacion para traslado a 5to secundaria postulante sebastian,ADMIS_REQUIS_DOC,documentacion traslado 5to secundario postulante sebastiar
WhatsApp,HOLA HAY LUGARES PARA INICIAL 5 AÑOS? MI NIÑO SE LLAMA PEDRO.,hola hay lugares para inicial 5 anos mi nino se llama pedro,ADMIS_VACANTES,holar lugar inicial ano nino llamar pedro
Web,CRONOGRAMA DE ADMISION PARA 1ERO SECUNDARIA. MI MENOR ES MATEO.,cronograma de admision para 1ero secundaria mi menor es mateo,ADMIS_CITAS,cronograma admision 1ero secundario menor mateo
Email,Solicito información de pagos y detalles para inicial 5 años. Atte: Ana.,solicito informacion de pagos y detalles para inicial 5 anos atte ana,ADMIS_COSTOS,solicitar informacion pago detalle inicial anos attir ana
Email,Solicito información de pensiones y detalles para inicial 3 años. Atte: Pedro.,solicito informacion de pensiones y detalles para inicial 3 anos atte pedro,ADMIS_COSTOS,solicitar informacion pensión detalle inicial anos atte pedro
WhatsApp,Saber si hay lugares en secundaria para Luis. Gracias.,saber si hay lugares en secundaria para luis gracias,ADMIS_VACANTES,lugar secundaria luis gracias
Web,<p><b>ficha de matrícula para traslado a primer grado. Postulante: Lucia.</b></p>,ficha de matricula para traslado a primer grado postulante lucia,ADMIS_REQUIS_DOC,ficha matricula traslado grado postulante lucia
Email,Solicito información de cuotas y detalles para 5to secundaria. Atte: Pedro.,solicito informacion de cuotas y detalles para 5to secundaria atte pedro,ADMIS_COSTOS,solicitar informacion cuota detalle 5to secundario atte pedro
WhatsApp,<p><b>Saber si hay espacios en inicial 4 años para Gabriel. Gracias.</b></p>,saber si hay espacios en inicial 4 anos para gabriel gracias,ADMIS_VACANTES,espacio inicial ano gabriel gracias
Web,<p><b>entrevistas de admision para inicial 4 años. Mi menor es Thiago.</b></p>,entrevistas de admision para inicial 4 anos mi menor es thiago,ADMIS_CITAS,entrevista admision inicial ano menor thiago
Web,CHARLAS DE ADMISION PARA INICIAL 4 AÑOS. MI MENOR ES PEDRO.,charlas de admision para inicial 4 anos mi menor es pedro,ADMIS_CITAS,charla admision inicial ano menor pedro
Email,Solicito información de pagos y detalles para inicial 4 años. Atte: Elena.,solicito informacion de pagos y detalles para inicial 4 anos atte elena,ADMIS_COSTOS,solicitar informacion pago detalle inicial anos atte elén
WhatsApp,Saber si hay vacantes en 5to secundaria para Sofia. Gracias.,saber si hay vacantes en 5to secundaria para sofia gracias,ADMIS_VACANTES,vacante 5to secundario sofia gracias
Web,partidas para traslado a inicial 3 años. Postulante: Gabriel.,partidas para traslado a inicial 3 anos postulante gabriel,ADMIS_REQUIS_DOC,partida traslado inicial ano postulante gabriel
WhatsApp,Hola hay disponibilidad de ingreso para 1ero secundaria? Mi niño se llama Elena.,hola hay disponibilidad de ingreso para 1ero secundaria mi nino se llama elena,ADMIS_VACANTES,holar disponibilidad ingreso 1ero secundario nino llamar elena
Email,"Estimados, quisiera saber los cuotas de inicial 4 años para mi hijo Lucia.",estimados quisiera saber los cuotas de inicial 4 anos para mi hijo lucia,ADMIS_COSTOS,estimado querer cuota inicial ano hijo lucia
Email,Solicito información de pagos y detalles para 1ero secundaria. Atte: Camila.,solicito informacion de pagos y detalles para 1ero secundaria atte camila,ADMIS_COSTOS,solicitar informacion pago detalle 1ero secundario atte camilar
Email,"ESTIMADOS, QUISIERA SABER LOS MENSUALIDAD DE 6TO PRIMARIA PARA MI HIJO LUCIA.",estimados quisiera saber los mensualidad de 6to primaria para mi hijo lucia,ADMIS_COSTOS,estimado querer mensualidad 6to primario hijo lucia
Email,"Estimados, quisiera saber los costos de 1ero primaria para mi hijo Gabriel.",estimados quisiera saber los costos de 1ero primaria para mi hijo gabriel,ADMIS_COSTOS,estimado querer costo 1ero primario hijo gabriel
WhatsApp,Hola hay cupos para primer grado? Mi niño se llama Valentina.,hola hay cupos para primer grado mi nino se llama valentina,ADMIS_VACANTES,holar cupo grado nino llamar valentina
WhatsApp,Saber si hay cupos en inicial 3 años para Valentina. Gracias.,saber si hay cupos en inicial 3 anos para valentina gracias,ADMIS_VACANTES,cupo inicial ano valentina gracias
Email,"Estimados, quisiera saber los cuotas de 6to primaria para mi hijo Juan.",estimados quisiera saber los cuotas de 6to primaria para mi hijo juan,ADMIS_COSTOS,estimado querer cuota 6to primario hijo juan
Web,charlas de admision para primer año. Mi menor es Sofia.,charlas de admision para primer ano mi menor es sofia,ADMIS_CITAS,charla admision ano menor sofia
Web,charlas de admision para primer año. Mi menor es Thiago.,charlas de admision para primer ano mi menor es thiago,ADMIS_CITAS,charla admision ano menor thiago
Web,documentación para traslado a 6to primaria. Postulante: Lucia.,documentacion para traslado a 6to primaria postulante lucia,ADMIS_REQUIS_DOC,documentacion traslado 6to primaria postulante lucia
Web,cronograma de admision para inicial 3 años. Mi menor es Lucia.,cronograma de admision para inicial 3 anos mi menor es lucia,ADMIS_CITAS,cronograma admision inicial ano menor lucia
Email,Solicito información de pensiones y detalles para secundaria. Atte: Thiago.,solicito informacion de pensiones y detalles para secundaria atte thiago,ADMIS_COSTOS,solicitar informacion pensión detalle secundario atte thiago
WhatsApp,HOLA HAY LUGARES PARA 6TO PRIMARIA? MI NIÑO SE LLAMA THIAGO.,hola hay lugares para 6to primaria mi nino se llama thiago,ADMIS_VACANTES,holar lugar 6to primario nino llamar thiago
Web,documentos para traslado a inicial 3 años. Postulante: Ana.,documentos para traslado a inicial 3 anos postulante ana,ADMIS_REQUIS_DOC,documento traslado inicial ano postulante ana
Email,"Estimados, quisiera saber los pensiones de inicial 5 años para mi hijo Mateo.",estimados quisiera saber los pensiones de inicial 5 anos para mi hijo mateo,ADMIS_COSTOS,estimado querer pensión inicial ano hijo mateo
Web,documentos para traslado a 5to secundaria. Postulante: Thiago.,documentos para traslado a 5to secundaria postulante thiago,ADMIS_REQUIS_DOC,documento traslado 5to secundario postulante thiago
Email,"ESTIMADOS, QUISIERA SABER LOS MENSUALIDAD DE 5TO SECUNDARIA PARA MI HIJO SEBASTIAN.",estimados quisiera saber los mensualidad de 5to secundaria para mi hijo sebastian,ADMIS_COSTOS,estimado querer mensualidad 5to secundario hijo sebastiar
Email,SOLICITO INFORMACIÓN DE PRECIOS Y DETALLES PARA INICIAL 3 AÑOS. ATTE: SOFIA.,solicito informacion de precios y detalles para inicial 3 anos atte sofia,ADMIS_COSTOS,solicitar informacion precio detalle inicial anos atte sofia
WhatsApp,SABER SI HAY CUPOS EN INICIAL 4 AÑOS PARA JUAN. GRACIAS.,saber si hay cupos en inicial 4 anos para juan gracias,ADMIS_VACANTES,cupo inicial ano juan gracias
Web,entrevistas de admision para inicial 4 años. Mi menor es Camila.,entrevistas de admision para inicial 4 anos mi menor es camila,ADMIS_CITAS,entrevista admision inicial ano menor camila
Email,"Estimados, quisiera saber los pensiones de 6to primaria para mi hijo Ana.",estimados quisiera saber los pensiones de 6to primaria para mi hijo ana,ADMIS_COSTOS,estimado querer pensión 6to primario hijo án
Web,ENTREVISTAS DE ADMISION PARA 5TO SECUNDARIA. MI MENOR ES MARIA.,entrevistas de admision para 5to secundaria mi menor es maria,ADMIS_CITAS,entrevista admision 5to secundario menor mario
Email,"Estimados, quisiera saber los costos de 5to secundaria para mi hijo Gabriel.",estimados quisiera saber los costos de 5to secundaria para mi hijo gabriel,ADMIS_COSTOS,estimado querer costo 5to secundario hijo gabriel
Email,<p><b>Solicito información de mensualidad y detalles para 1ero secundaria. Atte: Sofia.</b></p>,solicito informacion de mensualidad y detalles para 1ero secundaria atte sofia,ADMIS_COSTOS,solicitar informacion mensualidad detalle 1ero secundario atte sofia
Email,Solicito información de costos y detalles para inicial 3 años. Atte: Sebastian.,solicito informacion de costos y detalles para inicial 3 anos atte sebastian,ADMIS_COSTOS,solicitar informacion costo detalle inicial anos atte sebastiar
Web,partidas para traslado a inicial 5 años. Postulante: Gabriel.,partidas para traslado a inicial 5 anos postulante gabriel,ADMIS_REQUIS_DOC,partida traslado inicial ano postulante gabriel
Web,partidas para traslado a 1ero primaria. Postulante: Luis.,partidas para traslado a 1ero primaria postulante luis,ADMIS_REQUIS_DOC,partida traslado 1ero primaria postulante luis
Email,Solicito información de precios y detalles para inicial 5 años. Atte: Elena.,solicito informacion de precios y detalles para inicial 5 anos atte elena,ADMIS_COSTOS,solicitar informacion precio detalle inicial anos atte elén
Email,"ESTIMADOS, QUISIERA SABER LOS PENSIONES DE INICIAL 3 AÑOS PARA MI HIJO CAMILA.",estimados quisiera saber los pensiones de inicial 3 anos para mi hijo camila,ADMIS_COSTOS,estimado querer pensión inicial ano hijo camilar
Email,<p><b>Solicito información de cuotas y detalles para primer grado. Atte: Gabriel.</b></p>,solicito informacion de cuotas y detalles para primer grado atte gabriel,ADMIS_COSTOS,solicitar informacion cuota detalle grado atte gabriel
WhatsApp,<p><b>Hola hay cupos para 6to primaria? Mi niño se llama Gabriel.</b></p>,hola hay cupos para 6to primaria mi nino se llama gabriel,ADMIS_VACANTES,holar cupo 6to primaria nino llamar gabriel
Email,SOLICITO INFORMACIÓN DE MENSUALIDAD Y DETALLES PARA INICIAL 5 AÑOS. ATTE: VALENTINA.,solicito informacion de mensualidad y detalles para inicial 5 anos atte valentina,ADMIS_COSTOS,solicitar informacion mensualidad detalle inicial anos atte valentín
Email,Solicito información de cuotas y detalles para secundaria. Atte: Gabriel.,solicito informacion de cuotas y detalles para secundaria atte gabriel,ADMIS_COSTOS,solicitar informacion cuota detalle secundario atte gabriel
WhatsApp,Hola hay espacios para 6to primaria? Mi niño se llama Ana.,hola hay espacios para 6to primaria mi nino se llama ana,ADMIS_VACANTES,holar espacio 6to primario nino llamar án
WhatsApp,Saber si hay vacantes en 5to secundaria para Thiago. Gracias.,saber si hay vacantes en 5to secundaria para thiago gracias,ADMIS_VACANTES,vacante 5to secundario thiago gracias
Web,PARTIDAS PARA TRASLADO A 6TO PRIMARIA. POSTULANTE: NICOLAS.,partidas para traslado a 6to primaria postulante nicolas,ADMIS_REQUIS_DOC,partida traslado 6to primaria postulante nicola
Email,"Estimados, quisiera saber los pagos de inicial 4 años para mi hijo Mateo.",estimados quisiera saber los pagos de inicial 4 anos para mi hijo mateo,ADMIS_COSTOS,estimado querer pago inicial ano hijo mateo
WhatsApp,Saber si hay vacantes en inicial 5 años para Sofia. Gracias.,saber si hay vacantes en inicial 5 anos para sofia gracias,ADMIS_VACANTES,vacante inicial ano sofia gracias
Web,charlas de admision para 1ero primaria. Mi menor es Gabriel.,charlas de admision para 1ero primaria mi menor es gabriel,ADMIS_CITAS,charla admision 1ero primario menor gabriel
Email,"<p><b>Estimados, quisiera saber los mensualidad de primer año para mi hijo Nicolas.</b></p>",estimados quisiera saber los mensualidad de primer ano para mi hijo nicolas,ADMIS_COSTOS,estimado querer mensualidad ano hijo nicola
WhatsApp,Saber si hay cupos en primer grado para Sebastian. Gracias.,saber si hay cupos en primer grado para sebastian gracias,ADMIS_VACANTES,cupo grado sebastiar gracias
Email,<p><b>Solicito información de precios y detalles para inicial 3 años. Atte: Mateo.</b></p>,solicito informacion de precios y detalles para inicial 3 anos atte mateo,ADMIS_COSTOS,solicitar informacion precio detalle inicial anos atte mateo
Web,reunión de admision para inicial 3 años. Mi menor es Nicolas.,reunion de admision para inicial 3 anos mi menor es nicolas,ADMIS_CITAS,reunion admision inicial ano menor nicola
Web,REUNIÓN DE ADMISION PARA 1ERO PRIMARIA. MI MENOR ES MARIA.,reunion de admision para 1ero primaria mi menor es maria,ADMIS_CITAS,reunion admision 1ero primario menor mario
Email,"Estimados, quisiera saber los mensualidad de primer año para mi hijo Mateo.",estimados quisiera saber los mensualidad de primer ano para mi hijo mateo,ADMIS_COSTOS,estimado querer mensualidad ano hijo mateo
Email,"Estimados, quisiera saber los pagos de 6to primaria para mi hijo Sebastian.",estimados quisiera saber los pagos de 6to primaria para mi hijo sebastian,ADMIS_COSTOS,estimado querer pago 6to primario hijo sebastiar
Email,Solicito información de pensiones y detalles para primer año. Atte: Mateo.,solicito informacion de pensiones y detalles para primer ano atte mateo,ADMIS_COSTOS,solicitar informacion pensión detalle ano atte mateo
Web,REQUISITOS PARA TRASLADO A INICIAL 5 AÑOS. POSTULANTE: GABRIEL.,requisitos para traslado a inicial 5 anos postulante gabriel,ADMIS_REQUIS_DOC,requisito traslado inicial ano postulante gabriel
Email,"Estimados, quisiera saber los costos de inicial 3 años para mi hijo Mateo.",estimados quisiera saber los costos de inicial 3 anos para mi hijo mateo,ADMIS_COSTOS,estimado querer costo inicial ano hijo mateo
Email,<p><b>Solicito información de cuotas y detalles para inicial 5 años. Atte: Valentina.</b></p>,solicito informacion de cuotas y detalles para inicial 5 anos atte valentina,ADMIS_COSTOS,solicitar informacion cuota detalle inicial anos atte valentín
Email,"Estimados, quisiera saber los pagos de secundaria para mi hijo Nicolas.",estimados quisiera saber los pagos de secundaria para mi hijo nicolas,ADMIS_COSTOS,estimado querer pago secundaria hijo nicola
Web,documentación para traslado a inicial 5 años. Postulante: Pedro.,documentacion para traslado a inicial 5 anos postulante pedro,ADMIS_REQUIS_DOC,documentacion traslado inicial ano postulante pedro
Web,entrevistas de admision para inicial 3 años. Mi menor es Mateo.,entrevistas de admision para inicial 3 anos mi menor es mateo,ADMIS_CITAS,entrevista admision inicial ano menor mateo
Email,Solicito información de pagos y detalles para primer grado. Atte: Sebastian.,solicito informacion de pagos y detalles para primer grado atte sebastian,ADMIS_COSTOS,solicitar informacion pago detalle grado atte sebastiar
Web,partidas para traslado a primer grado. Postulante: Valentina.,partidas para traslado a primer grado postulante valentina,ADMIS_REQUIS_DOC,partida traslado grado postulante valentín
WhatsApp,Saber si hay espacios en primer año para Elena. Gracias.,saber si hay espacios en primer ano para elena gracias,ADMIS_VACANTES,espacio ano elena gracias
Web,charlas de admision para secundaria. Mi menor es Sebastian.,charlas de admision para secundaria mi menor es sebastian,ADMIS_CITAS,charla admision secundario menor sebastiar
Web,papeles para traslado a inicial 5 años. Postulante: Gabriel.,papeles para traslado a inicial 5 anos postulante gabriel,ADMIS_REQUIS_DOC,papel traslado inicial ano postulante gabriel
Email,"Estimados, quisiera saber los precios de 5to secundaria para mi hijo Sofia.",estimados quisiera saber los precios de 5to secundaria para mi hijo sofia,ADMIS_COSTOS,estimado querer precio 5to secundario hijo sofia
Email,Solicito información de mensualidad y detalles para inicial 3 años. Atte: Lucia.,solicito informacion de mensualidad y detalles para inicial 3 anos atte lucia,ADMIS_COSTOS,solicitar informacion mensualidad detalle inicial ano attir lucia
WhatsApp,Saber si hay espacios en primer grado para Lucia. Gracias.,saber si hay espacios en primer grado para lucia gracias,ADMIS_VACANTES,espacio grado lucia gracias
Email,"ESTIMADOS, QUISIERA SABER LOS CUOTAS DE INICIAL 3 AÑOS PARA MI HIJO JUAN.",estimados quisiera saber los cuotas de inicial 3 anos para mi hijo juan,ADMIS_COSTOS,estimado querer cuota inicial ano hijo juan
WhatsApp,Hola hay espacios para secundaria? Mi niño se llama Ana.,hola hay espacios para secundaria mi nino se llama ana,ADMIS_VACANTES,holar espacio secundario nino llamar án
WhatsApp,Saber si hay lugares en primer grado para Sebastian. Gracias.,saber si hay lugares en primer grado para sebastian gracias,ADMIS_VACANTES,lugar grado sebastiar gracias
WhatsApp,HOLA HAY LUGARES PARA 6TO PRIMARIA? MI NIÑO SE LLAMA LUCIA.,hola hay lugares para 6to primaria mi nino se llama lucia,ADMIS_VACANTES,holar lugar 6to primario nino llamar lucia
Web,REUNIÓN DE ADMISION PARA PRIMER GRADO. MI MENOR ES CAMILA.,reunion de admision para primer grado mi menor es camila,ADMIS_CITAS,reunion admision grado menor camila
Email,"Estimados, quisiera saber los cuotas de primer año para mi hijo Valentina.",estimados quisiera saber los cuotas de primer ano para mi hijo valentina,ADMIS_COSTOS,estimado querer cuota ano hijo valentín
WhatsApp,Hola hay espacios para primer grado? Mi niño se llama Thiago.,hola hay espacios para primer grado mi nino se llama thiago,ADMIS_VACANTES,holar espacio grado nino llamar thiago
Email,"ESTIMADOS, QUISIERA SABER LOS PENSIONES DE INICIAL 3 AÑOS PARA MI HIJO SEBASTIAN.",estimados quisiera saber los pensiones de inicial 3 anos para mi hijo sebastian,ADMIS_COSTOS,estimado querer pensión inicial ano hijo sebastiar
WhatsApp,Hola hay cupos para 1ero primaria? Mi niño se llama Ana.,hola hay cupos para 1ero primaria mi nino se llama ana,ADMIS_VACANTES,holar cupo 1ero primario nino llamar án
Web,partidas para traslado a secundaria. Postulante: Maria.,partidas para traslado a secundaria postulante maria,ADMIS_REQUIS_DOC,partida traslado secundario postulante mario
WhatsApp,<p><b>Hola hay vacantes para primer grado? Mi niño se llama Elena.</b></p>,hola hay vacantes para primer grado mi nino se llama elena,ADMIS_VACANTES,holar vacante grado nino llamar elena
Web,cronograma de admision para inicial 5 años. Mi menor es Mateo.,cronograma de admision para inicial 5 anos mi menor es mateo,ADMIS_CITAS,cronograma admision inicial ano menor mateo
Email,Solicito información de precios y detalles para inicial 4 años. Atte: Ana.,solicito informacion de precios y detalles para inicial 4 anos atte ana,ADMIS_COSTOS,solicitar informacion precio detalle inicial anos attir ana
Email,"<p><b>Estimados, quisiera saber los mensualidad de 1ero secundaria para mi hijo Valentina.</b></p>",estimados quisiera saber los mensualidad de 1ero secundaria para mi hijo valentina,ADMIS_COSTOS,estimado querer mensualidad 1ero secundario hijo valentín
Web,papeles para traslado a inicial 5 años. Postulante: Valentina.,papeles para traslado a inicial 5 anos postulante valentina,ADMIS_REQUIS_DOC,papel traslado inicial ano postulante valentín
WhatsApp,Saber si hay vacantes en inicial 5 años para Luis. Gracias.,saber si hay vacantes en inicial 5 anos para luis gracias,ADMIS_VACANTES,vacante inicial ano luis gracias
Email,"<p><b>Estimados, quisiera saber los precios de inicial 4 años para mi hijo Lucia.</b></p>",estimados quisiera saber los precios de inicial 4 anos para mi hijo lucia,ADMIS_COSTOS,estimado querer precio inicial ano hijo lucia
Email,Solicito información de pagos y detalles para secundaria. Atte: Elena.,solicito informacion de pagos y detalles para secundaria atte elena,ADMIS_COSTOS,solicitar informacion pago detalle secundario atte elén
WhatsApp,Saber si hay espacios en 1ero secundaria para Valentina. Gracias.,saber si hay espacios en 1ero secundaria para valentina gracias,ADMIS_VACANTES,espacio 1ero secundario valentina gracias
WhatsApp,Saber si hay vacantes en 1ero secundaria para Gabriel. Gracias.,saber si hay vacantes en 1ero secundaria para gabriel gracias,ADMIS_VACANTES,vacante 1ero secundario gabriel gracias
WhatsApp,Hola hay vacantes para 5to secundaria? Mi niño se llama Juan.,hola hay vacantes para 5to secundaria mi nino se llama juan,ADMIS_VACANTES,holar vacante 5to secundario nino llamar juan
Web,papeles para traslado a inicial 4 años. Postulante: Gabriel.,papeles para traslado a inicial 4 anos postulante gabriel,ADMIS_REQUIS_DOC,papel traslado inicial ano postulante gabriel
Web,charlas de admision para primer grado. Mi menor es Sebastian.,charlas de admision para primer grado mi menor es sebastian,ADMIS_CITAS,charla admision grado menor sebastiar
WhatsApp,<p><b>Saber si hay lugares en secundaria para Lucia. Gracias.</b></p>,saber si hay lugares en secundaria para lucia gracias,ADMIS_VACANTES,lugar secundaria lucia gracias
WhatsApp,<p><b>Saber si hay lugares en 1ero primaria para Valentina. Gracias.</b></p>,saber si hay lugares en 1ero primaria para valentina gracias,ADMIS_VACANTES,lugar 1ero primario valentina gracias
WhatsApp,SABER SI HAY DISPONIBILIDAD DE INGRESO EN 1ERO PRIMARIA PARA LUCIA. GRACIAS.,saber si hay disponibilidad de ingreso en 1ero primaria para lucia gracias,ADMIS_VACANTES,disponibilidad ingreso 1ero primario lucia gracias
WhatsApp,<p><b>Saber si hay disponibilidad de ingreso en 6to primaria para Elena. Gracias.</b></p>,saber si hay disponibilidad de ingreso en 6to primaria para elena gracias,ADMIS_VACANTES,disponibilidad ingreso 6to primario elena gracias
WhatsApp,Saber si hay cupos en inicial 5 años para Lucia. Gracias.,saber si hay cupos en inicial 5 anos para lucia gracias,ADMIS_VACANTES,cupo inicial ano lucia gracias
WhatsApp,HOLA HAY VACANTES PARA SECUNDARIA? MI NIÑO SE LLAMA ANA.,hola hay vacantes para secundaria mi nino se llama ana,ADMIS_VACANTES,holar vacante secundario nino llamar án
Email,"Estimados, quisiera saber los precios de inicial 3 años para mi hijo Nicolas.",estimados quisiera saber los precios de inicial 3 anos para mi hijo nicolas,ADMIS_COSTOS,estimado querer precio inicial ano hijo nicola
WhatsApp,<p><b>Hola hay lugares para secundaria? Mi niño se llama Pedro.</b></p>,hola hay lugares para secundaria mi nino se llama pedro,ADMIS_VACANTES,holar lugar secundario nino llamar pedro
Email,"Estimados, quisiera saber los precios de secundaria para mi hijo Thiago.",estimados quisiera saber los precios de secundaria para mi hijo thiago,ADMIS_COSTOS,estimado querer precio secundaria hijo thiago
Email,Solicito información de costos y detalles para secundaria. Atte: Valentina.,solicito informacion de costos y detalles para secundaria atte valentina,ADMIS_COSTOS,solicitar informacion costo detalle secundario atte valentín
Email,<p><b>Solicito información de precios y detalles para 1ero secundaria. Atte: Pedro.</b></p>,solicito informacion de precios y detalles para 1ero secundaria atte pedro,ADMIS_COSTOS,solicitar informacion precio detalle 1ero secundario atte pedro
Email,"Estimados, quisiera saber los mensualidad de 1ero primaria para mi hijo Camila.",estimados quisiera saber los mensualidad de 1ero primaria para mi hijo camila,ADMIS_COSTOS,estimado querer mensualidad 1ero primario hijo camilar
WhatsApp,Hola hay espacios para inicial 5 años? Mi niño se llama Sofia.,hola hay espacios para inicial 5 anos mi nino se llama sofia,ADMIS_VACANTES,holar espacio inicial ano nino llamar sofia
Web,partidas para traslado a secundaria. Postulante: Mateo.,partidas para traslado a secundaria postulante mateo,ADMIS_REQUIS_DOC,partida traslado secundario postulante mateo
Email,<p><b>Solicito información de pagos y detalles para primer grado. Atte: Valentina.</b></p>,solicito informacion de pagos y detalles para primer grado atte valentina,ADMIS_COSTOS,solicitar informacion pago detalle grado attar valentín
WhatsApp,SABER SI HAY DISPONIBILIDAD DE INGRESO EN PRIMER AÑO PARA NICOLAS. GRACIAS.,saber si hay disponibilidad de ingreso en primer ano para nicolas gracias,ADMIS_VACANTES,disponibilidad ingreso ano nico él gracia
Web,<p><b>ficha de matrícula para traslado a inicial 3 años. Postulante: Camila.</b></p>,ficha de matricula para traslado a inicial 3 anos postulante camila,ADMIS_REQUIS_DOC,ficha matricula traslado inicial ano postulante camilar
WhatsApp,SABER SI HAY LUGARES EN SECUNDARIA PARA JUAN. GRACIAS.,saber si hay lugares en secundaria para juan gracias,ADMIS_VACANTES,lugar secundaria juan gracias
Web,cronograma de admision para primer año. Mi menor es Nicolas.,cronograma de admision para primer ano mi menor es nicolas,ADMIS_CITAS,cronograma admision ano menor nicola
Email,Solicito información de pensiones y detalles para 1ero secundaria. Atte: Thiago.,solicito informacion de pensiones y detalles para 1ero secundaria atte thiago,ADMIS_COSTOS,solicitar informacion pensión detalle 1ero secundario atte thiago
Email,"ESTIMADOS, QUISIERA SABER LOS PENSIONES DE 1ERO PRIMARIA PARA MI HIJO NICOLAS.",estimados quisiera saber los pensiones de 1ero primaria para mi hijo nicolas,ADMIS_COSTOS,estimado querer pensión 1ero primario hijo nicola
Web,documentos para traslado a 5to secundaria. Postulante: Sofia.,documentos para traslado a 5to secundaria postulante sofia,ADMIS_REQUIS_DOC,documento traslado 5to secundario postulante sofia
Web,documentos para traslado a inicial 5 años. Postulante: Pedro.,documentos para traslado a inicial 5 anos postulante pedro,ADMIS_REQUIS_DOC,documento traslado inicial ano postulante pedro
Web,ENTREVISTAS DE ADMISION PARA 1ERO SECUNDARIA. MI MENOR ES THIAGO.,entrevistas de admision para 1ero secundaria mi menor es thiago,ADMIS_CITAS,entrevista admision 1ero secundario menor thiago
WhatsApp,Saber si hay cupos en inicial 3 años para Gabriel. Gracias.,saber si hay cupos en inicial 3 anos para gabriel gracias,ADMIS_VACANTES,cupo inicial ano gabriel gracias
Web,requisitos para traslado a secundaria. Postulante: Ana.,requisitos para traslado a secundaria postulante ana,ADMIS_REQUIS_DOC,requisito traslado secundario postulante ana
Email,"Estimados, quisiera saber los precios de secundaria para mi hijo Ana.",estimados quisiera saber los precios de secundaria para mi hijo ana,ADMIS_COSTOS,estimado querer precio secundaria hijo án
Web,cronograma de admision para 1ero secundaria. Mi menor es Pedro.,cronograma de admision para 1ero secundaria mi menor es pedro,ADMIS_CITAS,cronograma admision 1ero secundario menor pedro
Email,<p><b>Solicito información de cuotas y detalles para primer año. Atte: Elena.</b></p>,solicito informacion de cuotas y detalles para primer ano atte elena,ADMIS_COSTOS,solicitar informacion cuota detalle ano atte elena
Web,requisitos para traslado a secundaria. Postulante: Luis.,requisitos para traslado a secundaria postulante luis,ADMIS_REQUIS_DOC,requisito traslado secundaria postulante luis
Web,citas de admision para 1ero secundaria. Mi menor es Thiago.,citas de admision para 1ero secundaria mi menor es thiago,ADMIS_CITAS,cita admision 1ero secundario menor thiago
Email,Solicito información de costos y detalles para 1ero primaria. Atte: Nicolas.,solicito informacion de costos y detalles para 1ero primaria atte nicolas,ADMIS_COSTOS,solicitar informacion costo detalle 1ero primario attar nicola
WhatsApp,Saber si hay disponibilidad de ingreso en primer año para Luis. Gracias.,saber si hay disponibilidad de ingreso en primer ano para luis gracias,ADMIS_VACANTES,disponibilidad ingreso ano luis gracias
Email,<p><b>Solicito información de costos y detalles para inicial 3 años. Atte: Lucia.</b></p>,solicito informacion de costos y detalles para inicial 3 anos atte lucia,ADMIS_COSTOS,solicitar informacion costo detalle inicial ano attir lucia
Web,requisitos para traslado a primer año. Postulante: Sebastian.,requisitos para traslado a primer ano postulante sebastian,ADMIS_REQUIS_DOC,requisito traslado ano postulante sebastiar
WhatsApp,<p><b>Hola hay cupos para 5to secundaria? Mi niño se llama Gabriel.</b></p>,hola hay cupos para 5to secundaria mi nino se llama gabriel,ADMIS_VACANTES,holar cupo 5to secundario nino llamar gabriel
WhatsApp,Saber si hay cupos en inicial 3 años para Nicolas. Gracias.,saber si hay cupos en inicial 3 anos para nicolas gracias,ADMIS_VACANTES,cupo inicial ano nico él gracia
Email,"ESTIMADOS, QUISIERA SABER LOS COSTOS DE 5TO SECUNDARIA PARA MI HIJO MATEO.",estimados quisiera saber los costos de 5to secundaria para mi hijo mateo,ADMIS_COSTOS,estimado querer costo 5to secundario hijo mateo
Web,entrevistas de admision para primer año. Mi menor es Lucia.,entrevistas de admision para primer ano mi menor es lucia,ADMIS_CITAS,entrevista admision ano menor lucia
Email,"Estimados, quisiera saber los precios de inicial 4 años para mi hijo Juan.",estimados quisiera saber los precios de inicial 4 anos para mi hijo juan,ADMIS_COSTOS,estimado querer precio inicial ano hijo juan
Web,<p><b>documentación para traslado a inicial 3 años. Postulante: Sebastian.</b></p>,documentacion para traslado a inicial 3 anos postulante sebastian,ADMIS_REQUIS_DOC,documentacion traslado inicial ano postulante sebastiar
WhatsApp,<p><b>Hola hay disponibilidad de ingreso para inicial 4 años? Mi niño se llama Luis.</b></p>,hola hay disponibilidad de ingreso para inicial 4 anos mi nino se llama luis,ADMIS_VACANTES,holar disponibilidad ingreso inicial ano nino llamar luis
WhatsApp,Hola hay vacantes para secundaria? Mi niño se llama Gabriel.,hola hay vacantes para secundaria mi nino se llama gabriel,ADMIS_VACANTES,holar vacante secundario nino llamar gabriel
WhatsApp,Saber si hay espacios en primer año para Pedro. Gracias.,saber si hay espacios en primer ano para pedro gracias,ADMIS_VACANTES,espacio ano pedro gracias
Web,charlas de admision para 5to secundaria. Mi menor es Elena.,charlas de admision para 5to secundaria mi menor es elena,ADMIS_CITAS,charla admision 5to secundario menor elén
Email,Solicito información de costos y detalles para 5to secundaria. Atte: Nicolas.,solicito informacion de costos y detalles para 5to secundaria atte nicolas,ADMIS_COSTOS,solicitar informacion costo detalle 5to secundario atte nicola
Email,"Estimados, quisiera saber los pensiones de inicial 5 años para mi hijo Sofia.",estimados quisiera saber los pensiones de inicial 5 anos para mi hijo sofia,ADMIS_COSTOS,estimado querer pensión inicial ano hijo sofia
WhatsApp,Hola hay cupos para primer grado? Mi niño se llama Maria.,hola hay cupos para primer grado mi nino se llama maria,ADMIS_VACANTES,holar cupo grado nino llamar mario
WhatsApp,Saber si hay cupos en inicial 4 años para Sebastian. Gracias.,saber si hay cupos en inicial 4 anos para sebastian gracias,ADMIS_VACANTES,cupo inicial ano sebastiar gracias
WhatsApp,Hola hay vacantes para secundaria? Mi niño se llama Pedro.,hola hay vacantes para secundaria mi nino se llama pedro,ADMIS_VACANTES,holar vacante secundario nino llamar pedro
Email,Solicito información de pagos y detalles para inicial 3 años. Atte: Camila.,solicito informacion de pagos y detalles para inicial 3 anos atte camila,ADMIS_COSTOS,solicitar informacion pago detalle inicial ano atte camilar
Web,reunión de admision para 1ero secundaria. Mi menor es Pedro.,reunion de admision para 1ero secundaria mi menor es pedro,ADMIS_CITAS,reunion admision 1ero secundario menor pedro
WhatsApp,Hola hay cupos para primer grado? Mi niño se llama Nicolas.,hola hay cupos para primer grado mi nino se llama nicolas,ADMIS_VACANTES,holar cupo grado nino llamar nicola
WhatsApp,Hola hay lugares para secundaria? Mi niño se llama Thiago.,hola hay lugares para secundaria mi nino se llama thiago,ADMIS_VACANTES,holar lugar secundario nino llamar thiago
WhatsApp,Hola hay lugares para primer año? Mi niño se llama Camila.,hola hay lugares para primer ano mi nino se llama camila,ADMIS_VACANTES,holar lugar ano nino llamar camila
Email,<p><b>Solicito información de pensiones y detalles para primer grado. Atte: Thiago.</b></p>,solicito informacion de pensiones y detalles para primer grado atte thiago,ADMIS_COSTOS,solicitar informacion pensión detalle grado attar thiago
Email,Solicito información de cuotas y detalles para secundaria. Atte: Luis.,solicito informacion de cuotas y detalles para secundaria atte luis,ADMIS_COSTOS,solicitar informacion cuota detalle secundario atte luis
Web,papeles para traslado a 1ero primaria. Postulante: Nicolas.,papeles para traslado a 1ero primaria postulante nicolas,ADMIS_REQUIS_DOC,papel traslado 1ero primaria postulante nicola
Web,citas de admision para 1ero secundaria. Mi menor es Elena.,citas de admision para 1ero secundaria mi menor es elena,ADMIS_CITAS,cita admision 1ero secundario menor elén
Web,documentación para traslado a inicial 3 años. Postulante: Maria.,documentacion para traslado a inicial 3 anos postulante maria,ADMIS_REQUIS_DOC,documentacion traslado inicial ano postulante mario
Web,charlas de admision para primer año. Mi menor es Elena.,charlas de admision para primer ano mi menor es elena,ADMIS_CITAS,charla admision ano menor elén
WhatsApp,<p><b>Hola hay lugares para primer año? Mi niño se llama Maria.</b></p>,hola hay lugares para primer ano mi nino se llama maria,ADMIS_VACANTES,holar lugar ano nino llamar mario
Email,Solicito información de precios y detalles para primer grado. Atte: Valentina.,solicito informacion de precios y detalles para primer grado atte valentina,ADMIS_COSTOS,solicitar informacion precio detalle grado attar valentín
Web,charlas de admision para 6to primaria. Mi menor es Gabriel.,charlas de admision para 6to primaria mi menor es gabriel,ADMIS_CITAS,charla admision 6to primario menor gabriel
WhatsApp,Saber si hay cupos en 5to secundaria para Pedro. Gracias.,saber si hay cupos en 5to secundaria para pedro gracias,ADMIS_VACANTES,cupo 5to secundario pedro gracias
WhatsApp,<p><b>Hola hay cupos para inicial 5 años? Mi niño se llama Ana.</b></p>,hola hay cupos para inicial 5 anos mi nino se llama ana,ADMIS_VACANTES,holar cupo inicial ano nino llamar án
WhatsApp,Hola hay vacantes para inicial 5 años? Mi niño se llama Sebastian.,hola hay vacantes para inicial 5 anos mi nino se llama sebastian,ADMIS_VACANTES,holar vacante inicial ano nino llamar sebastian
WhatsApp,Hola hay lugares para primer grado? Mi niño se llama Gabriel.,hola hay lugares para primer grado mi nino se llama gabriel,ADMIS_VACANTES,holar lugar grado nino llamar gabriel
Email,Solicito información de pagos y detalles para 5to secundaria. Atte: Elena.,solicito informacion de pagos y detalles para 5to secundaria atte elena,ADMIS_COSTOS,solicitar informacion pago detalle 5to secundario atte elén
Email,<p><b>Solicito información de pagos y detalles para primer año. Atte: Valentina.</b></p>,solicito informacion de pagos y detalles para primer ano atte valentina,ADMIS_COSTOS,solicitar informacion pago detalle ano attar valentín
Email,"Estimados, quisiera saber los pagos de primer grado para mi hijo Pedro.",estimados quisiera saber los pagos de primer grado para mi hijo pedro,ADMIS_COSTOS,estimado querer pago grado hijo pedro
Email,Solicito información de precios y detalles para primer año. Atte: Mateo.,solicito informacion de precios y detalles para primer ano atte mateo,ADMIS_COSTOS,solicitar informacion precio detalle ano atte mateo
Web,ficha de matrícula para traslado a inicial 3 años. Postulante: Elena.,ficha de matricula para traslado a inicial 3 anos postulante elena,ADMIS_REQUIS_DOC,ficha matricula traslado inicial ano postulante elén
Web,REQUISITOS PARA TRASLADO A INICIAL 5 AÑOS. POSTULANTE: NICOLAS.,requisitos para traslado a inicial 5 anos postulante nicolas,ADMIS_REQUIS_DOC,requisito traslado inicial ano postulante nico él
WhatsApp,Hola hay espacios para 1ero primaria? Mi niño se llama Luis.,hola hay espacios para 1ero primaria mi nino se llama luis,ADMIS_VACANTES,holar espacio 1ero primario nino llamar luis
WhatsApp,Hola hay vacantes para secundaria? Mi niño se llama Thiago.,hola hay vacantes para secundaria mi nino se llama thiago,ADMIS_VACANTES,holar vacante secundario nino llamar thiago
Email,Solicito información de pagos y detalles para 1ero primaria. Atte: Camila.,solicito informacion de pagos y detalles para 1ero primaria atte camila,ADMIS_COSTOS,solicitar informacion pago detalle 1ero primario attar camilar
Email,"Estimados, quisiera saber los mensualidad de inicial 5 años para mi hijo Gabriel.",estimados quisiera saber los mensualidad de inicial 5 anos para mi hijo gabriel,ADMIS_COSTOS,estimado querer mensualidad inicial ano hijo gabriel
WhatsApp,HOLA HAY ESPACIOS PARA INICIAL 5 AÑOS? MI NIÑO SE LLAMA THIAGO.,hola hay espacios para inicial 5 anos mi nino se llama thiago,ADMIS_VACANTES,holar espacio inicial ano nino llamar thiago
Web,reunión de admision para primer grado. Mi menor es Luis.,reunion de admision para primer grado mi menor es luis,ADMIS_CITAS,reunion admision grado menor luis
WhatsApp,Saber si hay lugares en primer grado para Gabriel. Gracias.,saber si hay lugares en primer grado para gabriel gracias,ADMIS_VACANTES,lugar grado gabriel gracias
WhatsApp,<p><b>Hola hay espacios para 1ero secundaria? Mi niño se llama Mateo.</b></p>,hola hay espacios para 1ero secundaria mi nino se llama mateo,ADMIS_VACANTES,holar espacio 1ero secundario nino llamar mateo
Web,papeles para traslado a primer grado. Postulante: Lucia.,papeles para traslado a primer grado postulante lucia,ADMIS_REQUIS_DOC,papel traslado grado postulante lucia
Web,citas de admision para primer grado. Mi menor es Thiago.,citas de admision para primer grado mi menor es thiago,ADMIS_CITAS,cita admision grado menor thiago
WhatsApp,Saber si hay espacios en inicial 3 años para Maria. Gracias.,saber si hay espacios en inicial 3 anos para maria gracias,ADMIS_VACANTES,espacio inicial ano maria gracias
Email,Solicito información de cuotas y detalles para 6to primaria. Atte: Camila.,solicito informacion de cuotas y detalles para 6to primaria atte camila,ADMIS_COSTOS,solicitar informacion cuota detalle 6to primaria attar camilar
Email,Solicito información de mensualidad y detalles para primer año. Atte: Juan.,solicito informacion de mensualidad y detalles para primer ano atte juan,ADMIS_COSTOS,solicitar informacion mensualidad detalle ano atte juan
WhatsApp,HOLA HAY ESPACIOS PARA 1ERO PRIMARIA? MI NIÑO SE LLAMA JUAN.,hola hay espacios para 1ero primaria mi nino se llama juan,ADMIS_VACANTES,holar espacio 1ero primario nino llamar juan
WhatsApp,HOLA HAY CUPOS PARA 5TO SECUNDARIA? MI NIÑO SE LLAMA JUAN.,hola hay cupos para 5to secundaria mi nino se llama juan,ADMIS_VACANTES,holar cupo 5to secundario nino llamar juan
WhatsApp,<p><b>Hola hay disponibilidad de ingreso para secundaria? Mi niño se llama Gabriel.</b></p>,hola hay disponibilidad de ingreso para secundaria mi nino se llama gabriel,ADMIS_VACANTES,holar disponibilidad ingreso secundario nino llamar gabriel
Web,partidas para traslado a inicial 5 años. Postulante: Nicolas.,partidas para traslado a inicial 5 anos postulante nicolas,ADMIS_REQUIS_DOC,partida traslado inicial ano postulante nico él
Web,reunión de admision para inicial 4 años. Mi menor es Thiago.,reunion de admision para inicial 4 anos mi menor es thiago,ADMIS_CITAS,reunion admision inicial ano menor thiago
WhatsApp,<p><b>Hola hay vacantes para 1ero primaria? Mi niño se llama Mateo.</b></p>,hola hay vacantes para 1ero primaria mi nino se llama mateo,ADMIS_VACANTES,holar vacante 1ero primario nino llamar mateo
Web,partidas para traslado a 1ero primaria. Postulante: Lucia.,partidas para traslado a 1ero primaria postulante lucia,ADMIS_REQUIS_DOC,partida traslado 1ero primaria postulante lucia
WhatsApp,Hola hay lugares para inicial 3 años? Mi niño se llama Lucia.,hola hay lugares para inicial 3 anos mi nino se llama lucia,ADMIS_VACANTES,holar lugar inicial ano nino llamar lucia
Web,<p><b>documentación para traslado a inicial 4 años. Postulante: Thiago.</b></p>,documentacion para traslado a inicial 4 anos postulante thiago,ADMIS_REQUIS_DOC,documentacion traslado inicial ano postulante thiago
WhatsApp,Hola hay lugares para secundaria? Mi niño se llama Maria.,hola hay lugares para secundaria mi nino se llama maria,ADMIS_VACANTES,holar lugar secundario nino llamar mario
Email,SOLICITO INFORMACIÓN DE PRECIOS Y DETALLES PARA 1ERO SECUNDARIA. ATTE: GABRIEL.,solicito informacion de precios y detalles para 1ero secundaria atte gabriel,ADMIS_COSTOS,solicitar informacion precio detalle 1ero secundario atte gabriel
WhatsApp,SABER SI HAY CUPOS EN INICIAL 5 AÑOS PARA GABRIEL. GRACIAS.,saber si hay cupos en inicial 5 anos para gabriel gracias,ADMIS_VACANTES,cupo inicial ano gabriel gracias
Web,documentación para traslado a 1ero secundaria. Postulante: Juan.,documentacion para traslado a 1ero secundaria postulante juan,ADMIS_REQUIS_DOC,documentacion traslado 1ero secundario postulante juan
WhatsApp,HOLA HAY DISPONIBILIDAD DE INGRESO PARA INICIAL 5 AÑOS? MI NIÑO SE LLAMA SEBASTIAN.,hola hay disponibilidad de ingreso para inicial 5 anos mi nino se llama sebastian,ADMIS_VACANTES,holar disponibilidad ingreso inicial ano nino llamar sebastian
Email,"Estimados, quisiera saber los pensiones de inicial 5 años para mi hijo Camila.",estimados quisiera saber los pensiones de inicial 5 anos para mi hijo camila,ADMIS_COSTOS,estimado querer pensión inicial ano hijo camilar
Email,"Estimados, quisiera saber los pensiones de inicial 3 años para mi hijo Lucia.",estimados quisiera saber los pensiones de inicial 3 anos para mi hijo lucia,ADMIS_COSTOS,estimado querer pensión inicial ano hijo lucia
Web,reunión de admision para secundaria. Mi menor es Gabriel.,reunion de admision para secundaria mi menor es gabriel,ADMIS_CITAS,reunion admision secundario menor gabriel
WhatsApp,SABER SI HAY VACANTES EN INICIAL 5 AÑOS PARA SEBASTIAN. GRACIAS.,saber si hay vacantes en inicial 5 anos para sebastian gracias,ADMIS_VACANTES,vacante inicial ano sebastiar gracias
Email,"ESTIMADOS, QUISIERA SABER LOS MENSUALIDAD DE PRIMER AÑO PARA MI HIJO SOFIA.",estimados quisiera saber los mensualidad de primer ano para mi hijo sofia,ADMIS_COSTOS,estimado querer mensualidad ano hijo sofia
WhatsApp,SABER SI HAY VACANTES EN SECUNDARIA PARA JUAN. GRACIAS.,saber si hay vacantes en secundaria para juan gracias,ADMIS_VACANTES,vacante secundaria juan gracias
Email,"Estimados, quisiera saber los mensualidad de secundaria para mi hijo Ana.",estimados quisiera saber los mensualidad de secundaria para mi hijo ana,ADMIS_COSTOS,estimado querer mensualidad secundaria hijo án
WhatsApp,<p><b>Hola hay disponibilidad de ingreso para 1ero primaria? Mi niño se llama Thiago.</b></p>,hola hay disponibilidad de ingreso para 1ero primaria mi nino se llama thiago,ADMIS_VACANTES,holar disponibilidad ingreso 1ero primario nino llamar thiago
Web,reunión de admision para 6to primaria. Mi menor es Maria.,reunion de admision para 6to primaria mi menor es maria,ADMIS_CITAS,reunion admision 6to primario menor mario
Email,Solicito información de costos y detalles para primer año. Atte: Maria.,solicito informacion de costos y detalles para primer ano atte maria,ADMIS_COSTOS,solicitar informacion costo detalle ano atte maria
Email,"Estimados, quisiera saber los costos de inicial 4 años para mi hijo Mateo.",estimados quisiera saber los costos de inicial 4 anos para mi hijo mateo,ADMIS_COSTOS,estimado querer costo inicial ano hijo mateo
Web,<p><b>ficha de matrícula para traslado a inicial 4 años. Postulante: Thiago.</b></p>,ficha de matricula para traslado a inicial 4 anos postulante thiago,ADMIS_REQUIS_DOC,ficha matricula traslado inicial ano postulante thiago
WhatsApp,HOLA HAY VACANTES PARA PRIMER GRADO? MI NIÑO SE LLAMA JUAN.,hola hay vacantes para primer grado mi nino se llama juan,ADMIS_VACANTES,holar vacante grado nino llamar juan
Email,"Estimados, quisiera saber los precios de primer grado para mi hijo Lucia.",estimados quisiera saber los precios de primer grado para mi hijo lucia,ADMIS_COSTOS,estimado querer precio grado hijo lucia
WhatsApp,Hola hay cupos para inicial 5 años? Mi niño se llama Elena.,hola hay cupos para inicial 5 anos mi nino se llama elena,ADMIS_VACANTES,holar cupo inicial ano nino llamar elena
Email,Solicito información de mensualidad y detalles para primer año. Atte: Valentina.,solicito informacion de mensualidad y detalles para primer ano atte valentina,ADMIS_COSTOS,solicitar informacion mensualidad detalle ano attar valentín
WhatsApp,Hola hay cupos para inicial 4 años? Mi niño se llama Maria.,hola hay cupos para inicial 4 anos mi nino se llama maria,ADMIS_VACANTES,holar cupo inicial ano nino llamar mario
WhatsApp,<p><b>Saber si hay disponibilidad de ingreso en inicial 3 años para Elena. Gracias.</b></p>,saber si hay disponibilidad de ingreso en inicial 3 anos para elena gracias,ADMIS_VACANTES,disponibilidad ingreso inicial ano elena gracias
Email,Solicito información de costos y detalles para primer grado. Atte: Thiago.,solicito informacion de costos y detalles para primer grado atte thiago,ADMIS_COSTOS,solicitar informacion costo detalle grado attar thiago
WhatsApp,SABER SI HAY CUPOS EN 5TO SECUNDARIA PARA LUIS. GRACIAS.,saber si hay cupos en 5to secundaria para luis gracias,ADMIS_VACANTES,cupo 5to secundario luis gracias
Email,<p><b>Solicito información de pagos y detalles para 1ero primaria. Atte: Valentina.</b></p>,solicito informacion de pagos y detalles para 1ero primaria atte valentina,ADMIS_COSTOS,solicitar informacion pago detalle 1ero primario atte valentín
WhatsApp,Hola hay vacantes para inicial 3 años? Mi niño se llama Valentina.,hola hay vacantes para inicial 3 anos mi nino se llama valentina,ADMIS_VACANTES,holar vacante inicial ano nino llamar valentina
Email,SOLICITO INFORMACIÓN DE CUOTAS Y DETALLES PARA INICIAL 5 AÑOS. ATTE: LUIS.,solicito informacion de cuotas y detalles para inicial 5 anos atte luis,ADMIS_COSTOS,solicitar informacion cuota detalle inicial anos atte luis
WhatsApp,Saber si hay cupos en primer grado para Thiago. Gracias.,saber si hay cupos en primer grado para thiago gracias,ADMIS_VACANTES,cupo grado thiago gracias
Email,Solicito información de mensualidad y detalles para secundaria. Atte: Maria.,solicito informacion de mensualidad y detalles para secundaria atte maria,ADMIS_COSTOS,solicitar informacion mensualidad detalle secundario atte mario
Email,"<p><b>Estimados, quisiera saber los cuotas de inicial 4 años para mi hijo Luis.</b></p>",estimados quisiera saber los cuotas de inicial 4 anos para mi hijo luis,ADMIS_COSTOS,estimado querer cuota inicial ano hijo luis
Web,<p><b>ficha de matrícula para traslado a 5to secundaria. Postulante: Valentina.</b></p>,ficha de matricula para traslado a 5to secundaria postulante valentina,ADMIS_REQUIS_DOC,ficha matricula traslado 5to secundario postulante valentín
Web,cronograma de admision para inicial 4 años. Mi menor es Valentina.,cronograma de admision para inicial 4 anos mi menor es valentina,ADMIS_CITAS,cronograma admision inicial ano menor valentín
Email,SOLICITO INFORMACIÓN DE PRECIOS Y DETALLES PARA SECUNDARIA. ATTE: JUAN.,solicito informacion de precios y detalles para secundaria atte juan,ADMIS_COSTOS,solicitar informacion precio detalle secundario atte juan
Web,<p><b>ficha de matrícula para traslado a 1ero secundaria. Postulante: Nicolas.</b></p>,ficha de matricula para traslado a 1ero secundaria postulante nicolas,ADMIS_REQUIS_DOC,ficha matricula traslado 1ero secundario postulante nicola
WhatsApp,Saber si hay espacios en 1ero secundaria para Nicolas. Gracias.,saber si hay espacios en 1ero secundaria para nicolas gracias,ADMIS_VACANTES,espacio 1ero secundario nico él gracia
Web,citas de admision para secundaria. Mi menor es Juan.,citas de admision para secundaria mi menor es juan,ADMIS_CITAS,cita admision secundario menor juan
Web,papeles para traslado a inicial 4 años. Postulante: Elena.,papeles para traslado a inicial 4 anos postulante elena,ADMIS_REQUIS_DOC,papel traslado inicial ano postulante elén
Web,papeles para traslado a 5to secundaria. Postulante: Sofia.,papeles para traslado a 5to secundaria postulante sofia,ADMIS_REQUIS_DOC,papel traslado 5to secundario postulante sofia
Email,Solicito información de cuotas y detalles para 1ero primaria. Atte: Mateo.,solicito informacion de cuotas y detalles para 1ero primaria atte mateo,ADMIS_COSTOS,solicitar informacion cuota detalle 1ero primario atte mateo
Email,"Estimados, quisiera saber los costos de 1ero secundaria para mi hijo Nicolas.",estimados quisiera saber los costos de 1ero secundaria para mi hijo nicolas,ADMIS_COSTOS,estimado querer costo 1ero secundario hijo nicola
Email,"<p><b>Estimados, quisiera saber los costos de inicial 4 años para mi hijo Gabriel.</b></p>",estimados quisiera saber los costos de inicial 4 anos para mi hijo gabriel,ADMIS_COSTOS,estimado querer costo inicial ano hijo gabriel
Email,Solicito información de pensiones y detalles para 1ero secundaria. Atte: Sofia.,solicito informacion de pensiones y detalles para 1ero secundaria atte sofia,ADMIS_COSTOS,solicitar informacion pensión detalle 1ero secundario atte sofia
WhatsApp,Hola hay cupos para secundaria? Mi niño se llama Luis.,hola hay cupos para secundaria mi nino se llama luis,ADMIS_VACANTES,holar cupo secundario nino llamar luis
Email,SOLICITO INFORMACIÓN DE PENSIONES Y DETALLES PARA 5TO SECUNDARIA. ATTE: CAMILA.,solicito informacion de pensiones y detalles para 5to secundaria atte camila,ADMIS_COSTOS,solicitar informacion pensión detalle 5to secundario atte camilar
Email,"<p><b>Estimados, quisiera saber los pensiones de secundaria para mi hijo Sofia.</b></p>",estimados quisiera saber los pensiones de secundaria para mi hijo sofia,ADMIS_COSTOS,estimado querer pensión secundaria hijo sofia
Web,<p><b>papeles para traslado a 5to secundaria. Postulante: Sebastian.</b></p>,papeles para traslado a 5to secundaria postulante sebastian,ADMIS_REQUIS_DOC,papel traslado 5to secundario postulante sebastiar
WhatsApp,Hola hay lugares para inicial 3 años? Mi niño se llama Pedro.,hola hay lugares para inicial 3 anos mi nino se llama pedro,ADMIS_VACANTES,holar lugar inicial ano nino llamar pedro
WhatsApp,SABER SI HAY LUGARES EN 1ERO PRIMARIA PARA SOFIA. GRACIAS.,saber si hay lugares en 1ero primaria para sofia gracias,ADMIS_VACANTES,lugar 1ero primario sofia gracias
WhatsApp,HOLA HAY ESPACIOS PARA INICIAL 3 AÑOS? MI NIÑO SE LLAMA ANA.,hola hay espacios para inicial 3 anos mi nino se llama ana,ADMIS_VACANTES,holar espacio inicial ano nino llamar án
Email,"Estimados, quisiera saber los costos de 1ero secundaria para mi hijo Maria.",estimados quisiera saber los costos de 1ero secundaria para mi hijo maria,ADMIS_COSTOS,estimado querer costo 1ero secundario hijo mario
Email,"Estimados, quisiera saber los pagos de inicial 5 años para mi hijo Elena.",estimados quisiera saber los pagos de inicial 5 anos para mi hijo elena,ADMIS_COSTOS,estimado querer pago inicial ano hijo elena
WhatsApp,Hola hay lugares para inicial 5 años? Mi niño se llama Camila.,hola hay lugares para inicial 5 anos mi nino se llama camila,ADMIS_VACANTES,holar lugar inicial ano nino llamar camila
Web,PARTIDAS PARA TRASLADO A INICIAL 4 AÑOS. POSTULANTE: LUCIA.,partidas para traslado a inicial 4 anos postulante lucia,ADMIS_REQUIS_DOC,partida traslado inicial ano postulante lucia
Email,"Estimados, quisiera saber los pensiones de 6to primaria para mi hijo Luis.",estimados quisiera saber los pensiones de 6to primaria para mi hijo luis,ADMIS_COSTOS,estimado querer pensión 6to primario hijo luis
Email,Solicito información de costos y detalles para 1ero primaria. Atte: Ana.,solicito informacion de costos y detalles para 1ero primaria atte ana,ADMIS_COSTOS,solicitar informacion costo detalle 1ero primario attar ana
WhatsApp,<p><b>Saber si hay espacios en primer grado para Sofia. Gracias.</b></p>,saber si hay espacios en primer grado para sofia gracias,ADMIS_VACANTES,espacio grado sofia gracias
WhatsApp,HOLA HAY CUPOS PARA 6TO PRIMARIA? MI NIÑO SE LLAMA MATEO.,hola hay cupos para 6to primaria mi nino se llama mateo,ADMIS_VACANTES,holar cupo 6to primaria nino llamar mateo
WhatsApp,Hola hay vacantes para secundaria? Mi niño se llama Mateo.,hola hay vacantes para secundaria mi nino se llama mateo,ADMIS_VACANTES,holar vacante secundario nino llamar mateo
Email,"Estimados, quisiera saber los mensualidad de inicial 3 años para mi hijo Nicolas.",estimados quisiera saber los mensualidad de inicial 3 anos para mi hijo nicolas,ADMIS_COSTOS,estimado querer mensualidad inicial ano hijo nicola
Email,"<p><b>Estimados, quisiera saber los pensiones de inicial 5 años para mi hijo Luis.</b></p>",estimados quisiera saber los pensiones de inicial 5 anos para mi hijo luis,ADMIS_COSTOS,estimado querer pensión inicial ano hijo luis
Email,"Estimados, quisiera saber los mensualidad de secundaria para mi hijo Juan.",estimados quisiera saber los mensualidad de secundaria para mi hijo juan,ADMIS_COSTOS,estimado querer mensualidad secundaria hijo juan
Web,cronograma de admision para secundaria. Mi menor es Luis.,cronograma de admision para secundaria mi menor es luis,ADMIS_CITAS,cronograma admision secundario menor luis
Web,<p><b>papeles para traslado a inicial 5 años. Postulante: Ana.</b></p>,papeles para traslado a inicial 5 anos postulante ana,ADMIS_REQUIS_DOC,papel traslado inicial ano postulante ana
Email,"Estimados, quisiera saber los pensiones de primer grado para mi hijo Ana.",estimados quisiera saber los pensiones de primer grado para mi hijo ana,ADMIS_COSTOS,estimado querer pensión grado hijo án
Web,CITAS DE ADMISION PARA 1ERO SECUNDARIA. MI MENOR ES VALENTINA.,citas de admision para 1ero secundaria mi menor es valentina,ADMIS_CITAS,cita admision 1ero secundario menor valentín
WhatsApp,Saber si hay espacios en 5to secundaria para Sofia. Gracias.,saber si hay espacios en 5to secundaria para sofia gracias,ADMIS_VACANTES,espacio 5to secundario sofia gracias
Email,"Estimados, quisiera saber los cuotas de inicial 5 años para mi hijo Valentina.",estimados quisiera saber los cuotas de inicial 5 anos para mi hijo valentina,ADMIS_COSTOS,estimado querer cuota inicial ano hijo valentín
Email,"Estimados, quisiera saber los cuotas de inicial 3 años para mi hijo Valentina.",estimados quisiera saber los cuotas de inicial 3 anos para mi hijo valentina,ADMIS_COSTOS,estimado querer cuota inicial ano hijo valentín
WhatsApp,<p><b>Hola hay disponibilidad de ingreso para 1ero secundaria? Mi niño se llama Camila.</b></p>,hola hay disponibilidad de ingreso para 1ero secundaria mi nino se llama camila,ADMIS_VACANTES,holar disponibilidad ingreso 1ero secundario nino llamar camila
WhatsApp,SABER SI HAY LUGARES EN 5TO SECUNDARIA PARA SEBASTIAN. GRACIAS.,saber si hay lugares en 5to secundaria para sebastian gracias,ADMIS_VACANTES,lugar 5to secundario sebastiar gracias
Email,"Estimados, quisiera saber los pagos de secundaria para mi hijo Thiago.",estimados quisiera saber los pagos de secundaria para mi hijo thiago,ADMIS_COSTOS,estimado querer pago secundaria hijo thiago
Email,"Estimados, quisiera saber los cuotas de inicial 3 años para mi hijo Maria.",estimados quisiera saber los cuotas de inicial 3 anos para mi hijo maria,ADMIS_COSTOS,estimado querer cuota inicial ano hijo mario
Web,ficha de matrícula para traslado a inicial 4 años. Postulante: Mateo.,ficha de matricula para traslado a inicial 4 anos postulante mateo,ADMIS_REQUIS_DOC,ficha matricula traslado inicial ano postulante mateo
Email,<p><b>Solicito información de mensualidad y detalles para 5to secundaria. Atte: Luis.</b></p>,solicito informacion de mensualidad y detalles para 5to secundaria atte luis,ADMIS_COSTOS,solicitar informacion mensualidad detalle 5to secundario atte luis
Email,"ESTIMADOS, QUISIERA SABER LOS PENSIONES DE 6TO PRIMARIA PARA MI HIJO MATEO.",estimados quisiera saber los pensiones de 6to primaria para mi hijo mateo,ADMIS_COSTOS,estimado querer pensión 6to primario hijo mateo
Email,Solicito información de cuotas y detalles para 5to secundaria. Atte: Sebastian.,solicito informacion de cuotas y detalles para 5to secundaria atte sebastian,ADMIS_COSTOS,solicitar informacion cuota detalle 5to secundario atte sebastiar
Web,<p><b>requisitos para traslado a 6to primaria. Postulante: Juan.</b></p>,requisitos para traslado a 6to primaria postulante juan,ADMIS_REQUIS_DOC,requisito traslado 6to primaria postulante juan
WhatsApp,HOLA HAY LUGARES PARA SECUNDARIA? MI NIÑO SE LLAMA VALENTINA.,hola hay lugares para secundaria mi nino se llama valentina,ADMIS_VACANTES,holar lugar secundario nino llamar valentina
Web,entrevistas de admision para primer grado. Mi menor es Maria.,entrevistas de admision para primer grado mi menor es maria,ADMIS_CITAS,entrevista admision grado menor mario
Email,Solicito información de pagos y detalles para 5to secundaria. Atte: Pedro.,solicito informacion de pagos y detalles para 5to secundaria atte pedro,ADMIS_COSTOS,solicitar informacion pago detalle 5to secundario atte pedro
WhatsApp,<p><b>Saber si hay espacios en primer grado para Pedro. Gracias.</b></p>,saber si hay espacios en primer grado para pedro gracias,ADMIS_VACANTES,espacio grado pedro gracias
WhatsApp,Hola hay lugares para 1ero secundaria? Mi niño se llama Nicolas.,hola hay lugares para 1ero secundaria mi nino se llama nicolas,ADMIS_VACANTES,holar lugar 1ero secundario nino llamar nicola
Web,<p><b>partidas para traslado a inicial 4 años. Postulante: Maria.</b></p>,partidas para traslado a inicial 4 anos postulante maria,ADMIS_REQUIS_DOC,partida traslado inicial ano postulante mario
WhatsApp,Hola hay disponibilidad de ingreso para secundaria? Mi niño se llama Valentina.,hola hay disponibilidad de ingreso para secundaria mi nino se llama valentina,ADMIS_VACANTES,holar disponibilidad ingreso secundario nino llamar valentina
WhatsApp,Hola hay disponibilidad de ingreso para primer grado? Mi niño se llama Pedro.,hola hay disponibilidad de ingreso para primer grado mi nino se llama pedro,ADMIS_VACANTES,holar disponibilidad ingreso grado nino llamar pedro
Web,charlas de admision para 1ero primaria. Mi menor es Luis.,charlas de admision para 1ero primaria mi menor es luis,ADMIS_CITAS,charla admision 1ero primario menor luis
Email,Solicito información de pagos y detalles para 1ero primaria. Atte: Thiago.,solicito informacion de pagos y detalles para 1ero primaria atte thiago,ADMIS_COSTOS,solicitar informacion pago detalle 1ero primario attar thiago
Email,"Estimados, quisiera saber los pensiones de primer grado para mi hijo Lucia.",estimados quisiera saber los pensiones de primer grado para mi hijo lucia,ADMIS_COSTOS,estimado querer pensión grado hijo lucia
WhatsApp,<p><b>Saber si hay disponibilidad de ingreso en 1ero secundaria para Lucia. Gracias.</b></p>,saber si hay disponibilidad de ingreso en 1ero secundaria para lucia gracias,ADMIS_VACANTES,disponibilidad ingreso 1ero secundario lucia gracias
Web,CRONOGRAMA DE ADMISION PARA INICIAL 4 AÑOS. MI MENOR ES MARIA.,cronograma de admision para inicial 4 anos mi menor es maria,ADMIS_CITAS,cronograma admision inicial ano menor mario
Email,"Estimados, quisiera saber los mensualidad de 6to primaria para mi hijo Maria.",estimados quisiera saber los mensualidad de 6to primaria para mi hijo maria,ADMIS_COSTOS,estimado querer mensualidad 6to primario hijo mario
WhatsApp,Hola hay espacios para primer grado? Mi niño se llama Lucia.,hola hay espacios para primer grado mi nino se llama lucia,ADMIS_VACANTES,holar espacio grado nino llamar lucia
WhatsApp,Hola hay lugares para inicial 3 años? Mi niño se llama Maria.,hola hay lugares para inicial 3 anos mi nino se llama maria,ADMIS_VACANTES,holar lugar inicial ano nino llamar mario
Email,"<p><b>Estimados, quisiera saber los pagos de primer año para mi hijo Sofia.</b></p>",estimados quisiera saber los pagos de primer ano para mi hijo sofia,ADMIS_COSTOS,estimado querer pago ano hijo sofia
Web,documentos para traslado a secundaria. Postulante: Mateo.,documentos para traslado a secundaria postulante mateo,ADMIS_REQUIS_DOC,documento traslado secundario postulante mateo
WhatsApp,HOLA HAY VACANTES PARA PRIMER GRADO? MI NIÑO SE LLAMA LUIS.,hola hay vacantes para primer grado mi nino se llama luis,ADMIS_VACANTES,holar vacante grado nino llamar luis
Email,SOLICITO INFORMACIÓN DE PENSIONES Y DETALLES PARA 5TO SECUNDARIA. ATTE: JUAN.,solicito informacion de pensiones y detalles para 5to secundaria atte juan,ADMIS_COSTOS,solicitar informacion pensión detalle 5to secundario atte juan
Email,Solicito información de pagos y detalles para 5to secundaria. Atte: Camila.,solicito informacion de pagos y detalles para 5to secundaria atte camila,ADMIS_COSTOS,solicitar informacion pago detalle 5to secundario atte camilar
Email,"Estimados, quisiera saber los pensiones de 1ero primaria para mi hijo Valentina.",estimados quisiera saber los pensiones de 1ero primaria para mi hijo valentina,ADMIS_COSTOS,estimado querer pensión 1ero primario hijo valentín
Web,CRONOGRAMA DE ADMISION PARA 1ERO PRIMARIA. MI MENOR ES LUIS.,cronograma de admision para 1ero primaria mi menor es luis,ADMIS_CITAS,cronograma admision 1ero primario menor luis
Email,Solicito información de mensualidad y detalles para secundaria. Atte: Ana.,solicito informacion de mensualidad y detalles para secundaria atte ana,ADMIS_COSTOS,solicitar informacion mensualidad detalle secundario atte ana
WhatsApp,Hola hay vacantes para 1ero primaria? Mi niño se llama Sebastian.,hola hay vacantes para 1ero primaria mi nino se llama sebastian,ADMIS_VACANTES,holar vacante 1ero primario nino llamar sebastian
Email,"Estimados, quisiera saber los precios de inicial 4 años para mi hijo Camila.",estimados quisiera saber los precios de inicial 4 anos para mi hijo camila,ADMIS_COSTOS,estimado querer precio inicial ano hijo camilar
Web,partidas para traslado a primer año. Postulante: Gabriel.,partidas para traslado a primer ano postulante gabriel,ADMIS_REQUIS_DOC,partida traslado ano postulante gabriel
Email,Solicito información de pagos y detalles para 1ero primaria. Atte: Pedro.,solicito informacion de pagos y detalles para 1ero primaria atte pedro,ADMIS_COSTOS,solicitar informacion pago detalle 1ero primario atte pedro
Web,CRONOGRAMA DE ADMISION PARA SECUNDARIA. MI MENOR ES NICOLAS.,cronograma de admision para secundaria mi menor es nicolas,ADMIS_CITAS,cronograma admision secundario menor nicola
Web,<p><b>cronograma de admision para 1ero secundaria. Mi menor es Sebastian.</b></p>,cronograma de admision para 1ero secundaria mi menor es sebastian,ADMIS_CITAS,cronograma admision 1ero secundario menor sebastiar
Web,<p><b>charlas de admision para inicial 4 años. Mi menor es Sebastian.</b></p>,charlas de admision para inicial 4 anos mi menor es sebastian,ADMIS_CITAS,charla admision inicial ano menor sebastiar
Web,FICHA DE MATRÍCULA PARA TRASLADO A INICIAL 4 AÑOS. POSTULANTE: NICOLAS.,ficha de matricula para traslado a inicial 4 anos postulante nicolas,ADMIS_REQUIS_DOC,ficha matricula traslado inicial ano postulante nico él
WhatsApp,Saber si hay espacios en primer grado para Mateo. Gracias.,saber si hay espacios en primer grado para mateo gracias,ADMIS_VACANTES,espacio grado mateo gracias
Web,reunión de admision para 1ero secundaria. Mi menor es Nicolas.,reunion de admision para 1ero secundaria mi menor es nicolas,ADMIS_CITAS,reunion admision 1ero secundario menor nicola
WhatsApp,Saber si hay disponibilidad de ingreso en 1ero secundaria para Thiago. Gracias.,saber si hay disponibilidad de ingreso en 1ero secundaria para thiago gracias,ADMIS_VACANTES,disponibilidad ingreso 1ero secundario thiago gracias
Web,PARTIDAS PARA TRASLADO A SECUNDARIA. POSTULANTE: SOFIA.,partidas para traslado a secundaria postulante sofia,ADMIS_REQUIS_DOC,partida traslado secundaria postulante sofia
Web,citas de admision para 6to primaria. Mi menor es Thiago.,citas de admision para 6to primaria mi menor es thiago,ADMIS_CITAS,cita admision 6to primario menor thiago
Email,Solicito información de mensualidad y detalles para inicial 4 años. Atte: Nicolas.,solicito informacion de mensualidad y detalles para inicial 4 anos atte nicolas,ADMIS_COSTOS,solicitar informacion mensualidad detalle inicial anos attar nicola
Email,"Estimados, quisiera saber los costos de 5to secundaria para mi hijo Juan.",estimados quisiera saber los costos de 5to secundaria para mi hijo juan,ADMIS_COSTOS,estimado querer costo 5to secundario hijo juan
Email,Solicito información de cuotas y detalles para inicial 4 años. Atte: Camila.,solicito informacion de cuotas y detalles para inicial 4 anos atte camila,ADMIS_COSTOS,solicitar informacion cuota detalle inicial ano attir camilar
Email,SOLICITO INFORMACIÓN DE PENSIONES Y DETALLES PARA 1ERO PRIMARIA. ATTE: SOFIA.,solicito informacion de pensiones y detalles para 1ero primaria atte sofia,ADMIS_COSTOS,solicitar informacion pensión detalle 1ero primario atte sofia
Web,<p><b>entrevistas de admision para inicial 5 años. Mi menor es Thiago.</b></p>,entrevistas de admision para inicial 5 anos mi menor es thiago,ADMIS_CITAS,entrevista admision inicial ano menor thiago
Web,CRONOGRAMA DE ADMISION PARA 1ERO PRIMARIA. MI MENOR ES GABRIEL.,cronograma de admision para 1ero primaria mi menor es gabriel,ADMIS_CITAS,cronograma admision 1ero primario menor gabriel
Email,Solicito información de pensiones y detalles para inicial 3 años. Atte: Gabriel.,solicito informacion de pensiones y detalles para inicial 3 anos atte gabriel,ADMIS_COSTOS,solicitar informacion pensión detalle inicial anos atte gabriel
Email,"Estimados, quisiera saber los cuotas de primer grado para mi hijo Elena.",estimados quisiera saber los cuotas de primer grado para mi hijo elena,ADMIS_COSTOS,estimado querer cuota grado hijo elena
Web,charlas de admision para primer año. Mi menor es Luis.,charlas de admision para primer ano mi menor es luis,ADMIS_CITAS,charla admision ano menor luis
Email,Solicito información de pagos y detalles para primer grado. Atte: Ana.,solicito informacion de pagos y detalles para primer grado atte ana,ADMIS_COSTOS,solicitar informacion pago detalle grado attar ana
Web,<p><b>entrevistas de admision para 1ero primaria. Mi menor es Nicolas.</b></p>,entrevistas de admision para 1ero primaria mi menor es nicolas,ADMIS_CITAS,entrevista admision 1ero primario menor nicola
Web,reunión de admision para primer año. Mi menor es Thiago.,reunion de admision para primer ano mi menor es thiago,ADMIS_CITAS,reunion admision ano menor thiago
Web,citas de admision para inicial 5 años. Mi menor es Camila.,citas de admision para inicial 5 anos mi menor es camila,ADMIS_CITAS,cita admision inicial ano menor camila
WhatsApp,Saber si hay espacios en inicial 4 años para Ana. Gracias.,saber si hay espacios en inicial 4 anos para ana gracias,ADMIS_VACANTES,espacio inicial ano ana gracias
Email,"Estimados, quisiera saber los pensiones de 5to secundaria para mi hijo Lucia.",estimados quisiera saber los pensiones de 5to secundaria para mi hijo lucia,ADMIS_COSTOS,estimado querer pensión 5to secundario hijo lucia
Web,papeles para traslado a primer grado. Postulante: Camila.,papeles para traslado a primer grado postulante camila,ADMIS_REQUIS_DOC,papel traslado grado postulante camilar
Email,SOLICITO INFORMACIÓN DE COSTOS Y DETALLES PARA PRIMER GRADO. ATTE: ELENA.,solicito informacion de costos y detalles para primer grado atte elena,ADMIS_COSTOS,solicitar informacion costo detalle grado atte elén
Web,partidas para traslado a 6to primaria. Postulante: Mateo.,partidas para traslado a 6to primaria postulante mateo,ADMIS_REQUIS_DOC,partida traslado 6to primaria postulante mateo
Email,Solicito información de pensiones y detalles para primer grado. Atte: Sebastian.,solicito informacion de pensiones y detalles para primer grado atte sebastian,ADMIS_COSTOS,solicitar informacion pensión detalle grado atte sebastiar
Web,<p><b>reunión de admision para inicial 4 años. Mi menor es Juan.</b></p>,reunion de admision para inicial 4 anos mi menor es juan,ADMIS_CITAS,reunion admision inicial ano menor juan
Email,Solicito información de pensiones y detalles para 1ero secundaria. Atte: Pedro.,solicito informacion de pensiones y detalles para 1ero secundaria atte pedro,ADMIS_COSTOS,solicitar informacion pensión detalle 1ero secundario atte pedro
WhatsApp,Hola hay cupos para inicial 3 años? Mi niño se llama Sebastian.,hola hay cupos para inicial 3 anos mi nino se llama sebastian,ADMIS_VACANTES,holar cupo inicial ano nino llamar sebastian
WhatsApp,Hola hay disponibilidad de ingreso para 6to primaria? Mi niño se llama Luis.,hola hay disponibilidad de ingreso para 6to primaria mi nino se llama luis,ADMIS_VACANTES,holar disponibilidad ingreso 6to primario nino llamar luis
Email,"<p><b>Estimados, quisiera saber los pensiones de secundaria para mi hijo Pedro.</b></p>",estimados quisiera saber los pensiones de secundaria para mi hijo pedro,ADMIS_COSTOS,estimado querer pensión secundaria hijo pedro
Web,documentos para traslado a primer año. Postulante: Elena.,documentos para traslado a primer ano postulante elena,ADMIS_REQUIS_DOC,documento traslado ano postulante elén
Web,requisitos para traslado a 1ero secundaria. Postulante: Elena.,requisitos para traslado a 1ero secundaria postulante elena,ADMIS_REQUIS_DOC,requisito traslado 1ero secundario postulante elén
WhatsApp,<p><b>Hola hay disponibilidad de ingreso para 6to primaria? Mi niño se llama Camila.</b></p>,hola hay disponibilidad de ingreso para 6to primaria mi nino se llama camila,ADMIS_VACANTES,holar disponibilidad ingreso 6to primario nino llamar camila
WhatsApp,Hola hay cupos para inicial 3 años? Mi niño se llama Valentina.,hola hay cupos para inicial 3 anos mi nino se llama valentina,ADMIS_VACANTES,holar cupo inicial ano nino llamar valentina
WhatsApp,Saber si hay lugares en secundaria para Valentina. Gracias.,saber si hay lugares en secundaria para valentina gracias,ADMIS_VACANTES,lugar secundaria valentina gracias
WhatsApp,Saber si hay lugares en primer año para Mateo. Gracias.,saber si hay lugares en primer ano para mateo gracias,ADMIS_VACANTES,lugar ano mateo gracias
Web,partidas para traslado a inicial 3 años. Postulante: Sofia.,partidas para traslado a inicial 3 anos postulante sofia,ADMIS_REQUIS_DOC,partida traslado inicial ano postulante sofia
Web,partidas para traslado a 5to secundaria. Postulante: Ana.,partidas para traslado a 5to secundaria postulante ana,ADMIS_REQUIS_DOC,partida traslado 5to secundario postulante ana
Email,Solicito información de pagos y detalles para 5to secundaria. Atte: Thiago.,solicito informacion de pagos y detalles para 5to secundaria atte thiago,ADMIS_COSTOS,solicitar informacion pago detalle 5to secundario atte thiago
Web,requisitos para traslado a inicial 4 años. Postulante: Thiago.,requisitos para traslado a inicial 4 anos postulante thiago,ADMIS_REQUIS_DOC,requisito traslado inicial ano postulante thiago
WhatsApp,<p><b>Hola hay espacios para 1ero secundaria? Mi niño se llama Camila.</b></p>,hola hay espacios para 1ero secundaria mi nino se llama camila,ADMIS_VACANTES,holar espacio 1ero secundario nino llamar camila
WhatsApp,Saber si hay disponibilidad de ingreso en 5to secundaria para Thiago. Gracias.,saber si hay disponibilidad de ingreso en 5to secundaria para thiago gracias,ADMIS_VACANTES,disponibilidad ingreso 5to secundario thiago gracias
WhatsApp,HOLA HAY LUGARES PARA INICIAL 3 AÑOS? MI NIÑO SE LLAMA VALENTINA.,hola hay lugares para inicial 3 anos mi nino se llama valentina,ADMIS_VACANTES,holar lugar inicial ano nino llamar valentina
WhatsApp,Hola hay cupos para inicial 3 años? Mi niño se llama Elena.,hola hay cupos para inicial 3 anos mi nino se llama elena,ADMIS_VACANTES,holar cupo inicial ano nino llamar elena
Web,<p><b>charlas de admision para secundaria. Mi menor es Mateo.</b></p>,charlas de admision para secundaria mi menor es mateo,ADMIS_CITAS,charla admision secundario menor mateo
Email,Solicito información de cuotas y detalles para inicial 3 años. Atte: Sebastian.,solicito informacion de cuotas y detalles para inicial 3 anos atte sebastian,ADMIS_COSTOS,solicitar informacion cuota detalle inicial anos atte sebastiar
WhatsApp,Saber si hay disponibilidad de ingreso en inicial 4 años para Sofia. Gracias.,saber si hay disponibilidad de ingreso en inicial 4 anos para sofia gracias,ADMIS_VACANTES,disponibilidad ingreso inicial ano sofia gracias
WhatsApp,Saber si hay disponibilidad de ingreso en 1ero secundaria para Sebastian. Gracias.,saber si hay disponibilidad de ingreso en 1ero secundaria para sebastian gracias,ADMIS_VACANTES,disponibilidad ingreso 1ero secundario sebastiar gracias
WhatsApp,<p><b>Saber si hay espacios en primer grado para Nicolas. Gracias.</b></p>,saber si hay espacios en primer grado para nicolas gracias,ADMIS_VACANTES,espacio grado nico él gracia
Web,FICHA DE MATRÍCULA PARA TRASLADO A INICIAL 4 AÑOS. POSTULANTE: JUAN.,ficha de matricula para traslado a inicial 4 anos postulante juan,ADMIS_REQUIS_DOC,ficha matricula traslado inicial ano postulante juan
WhatsApp,Hola hay lugares para 1ero primaria? Mi niño se llama Juan.,hola hay lugares para 1ero primaria mi nino se llama juan,ADMIS_VACANTES,holar lugar 1ero primario nino llamar juan
Email,"Estimados, quisiera saber los mensualidad de 1ero primaria para mi hijo Gabriel.",estimados quisiera saber los mensualidad de 1ero primaria para mi hijo gabriel,ADMIS_COSTOS,estimado querer mensualidad 1ero primario hijo gabriel
WhatsApp,Hola hay disponibilidad de ingreso para primer año? Mi niño se llama Nicolas.,hola hay disponibilidad de ingreso para primer ano mi nino se llama nicolas,ADMIS_VACANTES,holar disponibilidad ingreso ano nino llamar nicola
Web,partidas para traslado a inicial 3 años. Postulante: Nicolas.,partidas para traslado a inicial 3 anos postulante nicolas,ADMIS_REQUIS_DOC,partida traslado inicial ano postulante nico él
Web,<p><b>reunión de admision para 1ero primaria. Mi menor es Sofia.</b></p>,reunion de admision para 1ero primaria mi menor es sofia,ADMIS_CITAS,reunion admision 1ero primario menor sofia
Email,Solicito información de mensualidad y detalles para inicial 5 años. Atte: Thiago.,solicito informacion de mensualidad y detalles para inicial 5 anos atte thiago,ADMIS_COSTOS,solicitar informacion mensualidad detalle inicial anos attar thiago
Email,"Estimados, quisiera saber los precios de 5to secundaria para mi hijo Maria.",estimados quisiera saber los precios de 5to secundaria para mi hijo maria,ADMIS_COSTOS,estimado querer precio 5to secundario hijo mario
Email,"ESTIMADOS, QUISIERA SABER LOS COSTOS DE 1ERO PRIMARIA PARA MI HIJO JUAN.",estimados quisiera saber los costos de 1ero primaria para mi hijo juan,ADMIS_COSTOS,estimado querer costo 1ero primario hijo juan
Email,SOLICITO INFORMACIÓN DE PENSIONES Y DETALLES PARA 1ERO PRIMARIA. ATTE: ELENA.,solicito informacion de pensiones y detalles para 1ero primaria atte elena,ADMIS_COSTOS,solicitar informacion pensión detalle 1ero primario atte elén
Email,"Estimados, quisiera saber los costos de 1ero secundaria para mi hijo Ana.",estimados quisiera saber los costos de 1ero secundaria para mi hijo ana,ADMIS_COSTOS,estimado querer costo 1ero secundario hijo án
Email,"Estimados, quisiera saber los cuotas de primer grado para mi hijo Sebastian.",estimados quisiera saber los cuotas de primer grado para mi hijo sebastian,ADMIS_COSTOS,estimado querer cuota grado hijo sebastiar
Email,"Estimados, quisiera saber los costos de primer año para mi hijo Sofia.",estimados quisiera saber los costos de primer ano para mi hijo sofia,ADMIS_COSTOS,estimado querer costo ano hijo sofia
Web,partidas para traslado a inicial 4 años. Postulante: Valentina.,partidas para traslado a inicial 4 anos postulante valentina,ADMIS_REQUIS_DOC,partida traslado inicial ano postulante valentín
WhatsApp,Saber si hay disponibilidad de ingreso en inicial 4 años para Gabriel. Gracias.,saber si hay disponibilidad de ingreso en inicial 4 anos para gabriel gracias,ADMIS_VACANTES,disponibilidad ingreso inicial ano gabriel gracias
Web,citas de admision para inicial 3 años. Mi menor es Ana.,citas de admision para inicial 3 anos mi menor es ana,ADMIS_CITAS,cita admision inicial ano menor án
Email,Solicito información de costos y detalles para primer grado. Atte: Mateo.,solicito informacion de costos y detalles para primer grado atte mateo,ADMIS_COSTOS,solicitar informacion costo detalle grado atte mateo
Email,"<p><b>Estimados, quisiera saber los costos de primer grado para mi hijo Nicolas.</b></p>",estimados quisiera saber los costos de primer grado para mi hijo nicolas,ADMIS_COSTOS,estimado querer costo grado hijo nicola
Web,papeles para traslado a 6to primaria. Postulante: Maria.,papeles para traslado a 6to primaria postulante maria,ADMIS_REQUIS_DOC,papel traslado 6to primaria postulante mario
Web,<p><b>partidas para traslado a secundaria. Postulante: Juan.</b></p>,partidas para traslado a secundaria postulante juan,ADMIS_REQUIS_DOC,partida traslado secundario postulante juan
WhatsApp,<p><b>Hola hay espacios para 5to secundaria? Mi niño se llama Juan.</b></p>,hola hay espacios para 5to secundaria mi nino se llama juan,ADMIS_VACANTES,holar espacio 5to secundario nino llamar juan
WhatsApp,<p><b>Hola hay lugares para inicial 5 años? Mi niño se llama Elena.</b></p>,hola hay lugares para inicial 5 anos mi nino se llama elena,ADMIS_VACANTES,holar lugar inicial ano nino llamar elena
Web,<p><b>partidas para traslado a primer año. Postulante: Mateo.</b></p>,partidas para traslado a primer ano postulante mateo,ADMIS_REQUIS_DOC,partida traslado ano postulante mateo
WhatsApp,<p><b>Saber si hay vacantes en inicial 4 años para Nicolas. Gracias.</b></p>,saber si hay vacantes en inicial 4 anos para nicolas gracias,ADMIS_VACANTES,vacante inicial ano nico él gracia
WhatsApp,Hola hay lugares para 5to secundaria? Mi niño se llama Gabriel.,hola hay lugares para 5to secundaria mi nino se llama gabriel,ADMIS_VACANTES,holar lugar 5to secundario nino llamar gabriel
WhatsApp,Saber si hay vacantes en 6to primaria para Mateo. Gracias.,saber si hay vacantes en 6to primaria para mateo gracias,ADMIS_VACANTES,vacante 6to primario mateo gracias
Email,"<p><b>Estimados, quisiera saber los precios de primer año para mi hijo Mateo.</b></p>",estimados quisiera saber los precios de primer ano para mi hijo mateo,ADMIS_COSTOS,estimado querer precio ano hijo mateo
WhatsApp,Hola hay vacantes para inicial 5 años? Mi niño se llama Camila.,hola hay vacantes para inicial 5 anos mi nino se llama camila,ADMIS_VACANTES,holar vacante inicial ano nino llamar camila
WhatsApp,Hola hay cupos para 1ero primaria? Mi niño se llama Elena.,hola hay cupos para 1ero primaria mi nino se llama elena,ADMIS_VACANTES,holar cupo 1ero primario nino llamar elena
WhatsApp,Hola hay lugares para 1ero secundaria? Mi niño se llama Gabriel.,hola hay lugares para 1ero secundaria mi nino se llama gabriel,ADMIS_VACANTES,holar lugar 1ero secundario nino llamar gabriel
Email,Solicito información de precios y detalles para primer año. Atte: Sofia.,solicito informacion de precios y detalles para primer ano atte sofia,ADMIS_COSTOS,solicitar informacion precio detalle ano attar sofia
WhatsApp,Saber si hay espacios en 1ero secundaria para Juan. Gracias.,saber si hay espacios en 1ero secundaria para juan gracias,ADMIS_VACANTES,espacio 1ero secundario juan gracias
Email,"Estimados, quisiera saber los precios de 1ero primaria para mi hijo Nicolas.",estimados quisiera saber los precios de 1ero primaria para mi hijo nicolas,ADMIS_COSTOS,estimado querer precio 1ero primario hijo nicola
WhatsApp,Saber si hay cupos en 1ero secundaria para Gabriel. Gracias.,saber si hay cupos en 1ero secundaria para gabriel gracias,ADMIS_VACANTES,cupo 1ero secundario gabriel gracias
WhatsApp,Saber si hay vacantes en secundaria para Gabriel. Gracias.,saber si hay vacantes en secundaria para gabriel gracias,ADMIS_VACANTES,vacante secundaria gabriel gracias
Web,citas de admision para primer grado. Mi menor es Sofia.,citas de admision para primer grado mi menor es sofia,ADMIS_CITAS,cita admision grado menor sofia
Email,"ESTIMADOS, QUISIERA SABER LOS PAGOS DE SECUNDARIA PARA MI HIJO LUIS.",estimados quisiera saber los pagos de secundaria para mi hijo luis,ADMIS_COSTOS,estimado querer pago secundaria hijo luis
Web,charlas de admision para primer grado. Mi menor es Elena.,charlas de admision para primer grado mi menor es elena,ADMIS_CITAS,charla admision grado menor elén
WhatsApp,Hola hay disponibilidad de ingreso para inicial 3 años? Mi niño se llama Nicolas.,hola hay disponibilidad de ingreso para inicial 3 anos mi nino se llama nicolas,ADMIS_VACANTES,holar disponibilidad ingreso inicial ano nino llamar nicola
Web,CRONOGRAMA DE ADMISION PARA PRIMER AÑO. MI MENOR ES MATEO.,cronograma de admision para primer ano mi menor es mateo,ADMIS_CITAS,cronograma admision ano menor mateo
Web,partidas para traslado a secundaria. Postulante: Nicolas.,partidas para traslado a secundaria postulante nicolas,ADMIS_REQUIS_DOC,partida traslado secundaria postulante nico él
WhatsApp,Saber si hay cupos en primer grado para Gabriel. Gracias.,saber si hay cupos en primer grado para gabriel gracias,ADMIS_VACANTES,cupo grado gabriel gracias
Email,Solicito información de cuotas y detalles para secundaria. Atte: Ana.,solicito informacion de cuotas y detalles para secundaria atte ana,ADMIS_COSTOS,solicitar informacion cuota detalle secundario atte ana
WhatsApp,<p><b>Saber si hay disponibilidad de ingreso en secundaria para Ana. Gracias.</b></p>,saber si hay disponibilidad de ingreso en secundaria para ana gracias,ADMIS_VACANTES,disponibilidad ingreso secundaria ana gracias
Email,"Estimados, quisiera saber los mensualidad de secundaria para mi hijo Pedro.",estimados quisiera saber los mensualidad de secundaria para mi hijo pedro,ADMIS_COSTOS,estimado querer mensualidad secundaria hijo pedro
Email,<p><b>Solicito información de costos y detalles para secundaria. Atte: Nicolas.</b></p>,solicito informacion de costos y detalles para secundaria atte nicolas,ADMIS_COSTOS,solicitar informacion costo detalle secundario atte nicola
WhatsApp,Saber si hay espacios en primer año para Maria. Gracias.,saber si hay espacios en primer ano para maria gracias,ADMIS_VACANTES,espacio ano maria gracias
Email,"Estimados, quisiera saber los cuotas de 5to secundaria para mi hijo Pedro.",estimados quisiera saber los cuotas de 5to secundaria para mi hijo pedro,ADMIS_COSTOS,estimado querer cuota 5to secundario hijo pedro
WhatsApp,HOLA HAY LUGARES PARA 1ERO PRIMARIA? MI NIÑO SE LLAMA LUIS.,hola hay lugares para 1ero primaria mi nino se llama luis,ADMIS_VACANTES,holar lugar 1ero primario nino llamar luis
Email,<p><b>Solicito información de pensiones y detalles para 5to secundaria. Atte: Gabriel.</b></p>,solicito informacion de pensiones y detalles para 5to secundaria atte gabriel,ADMIS_COSTOS,solicitar informacion pensión detalle 5to secundario atte gabriel
Web,<p><b>documentos para traslado a primer grado. Postulante: Pedro.</b></p>,documentos para traslado a primer grado postulante pedro,ADMIS_REQUIS_DOC,documento traslado grado postulante pedro
WhatsApp,Hola hay espacios para 6to primaria? Mi niño se llama Valentina.,hola hay espacios para 6to primaria mi nino se llama valentina,ADMIS_VACANTES,holar espacio 6to primario nino llamar valentina
Email,"Estimados, quisiera saber los costos de secundaria para mi hijo Nicolas.",estimados quisiera saber los costos de secundaria para mi hijo nicolas,ADMIS_COSTOS,estimado querer costo secundaria hijo nicola
Web,cronograma de admision para inicial 4 años. Mi menor es Pedro.,cronograma de admision para inicial 4 anos mi menor es pedro,ADMIS_CITAS,cronograma admision inicial ano menor pedro
Web,entrevistas de admision para inicial 4 años. Mi menor es Ana.,entrevistas de admision para inicial 4 anos mi menor es ana,ADMIS_CITAS,entrevista admision inicial ano menor án
Email,SOLICITO INFORMACIÓN DE PAGOS Y DETALLES PARA PRIMER GRADO. ATTE: MARIA.,solicito informacion de pagos y detalles para primer grado atte maria,ADMIS_COSTOS,solicitar informacion pago detalle grado atte mario
Email,Solicito información de costos y detalles para 1ero secundaria. Atte: Maria.,solicito informacion de costos y detalles para 1ero secundaria atte maria,ADMIS_COSTOS,solicitar informacion costo detalle 1ero secundario atte mario
Email,Solicito información de precios y detalles para inicial 5 años. Atte: Lucia.,solicito informacion de precios y detalles para inicial 5 anos atte lucia,ADMIS_COSTOS,solicitar informacion precio detalle inicial anos attir lucia
WhatsApp,HOLA HAY CUPOS PARA PRIMER AÑO? MI NIÑO SE LLAMA JUAN.,hola hay cupos para primer ano mi nino se llama juan,ADMIS_VACANTES,holar cupo ano nino llamar juan
Email,"<p><b>Estimados, quisiera saber los mensualidad de inicial 3 años para mi hijo Elena.</b></p>",estimados quisiera saber los mensualidad de inicial 3 anos para mi hijo elena,ADMIS_COSTOS,estimado querer mensualidad inicial ano hijo elena
Email,"Estimados, quisiera saber los precios de secundaria para mi hijo Camila.",estimados quisiera saber los precios de secundaria para mi hijo camila,ADMIS_COSTOS,estimado querer precio secundaria hijo camilar
Web,<p><b>papeles para traslado a inicial 3 años. Postulante: Thiago.</b></p>,papeles para traslado a inicial 3 anos postulante thiago,ADMIS_REQUIS_DOC,papel traslado inicial ano postulante thiago
WhatsApp,<p><b>Saber si hay espacios en primer grado para Elena. Gracias.</b></p>,saber si hay espacios en primer grado para elena gracias,ADMIS_VACANTES,espacio grado elena gracias
WhatsApp,SABER SI HAY CUPOS EN PRIMER AÑO PARA MATEO. GRACIAS.,saber si hay cupos en primer ano para mateo gracias,ADMIS_VACANTES,cupo ano mateo gracias
Web,reunión de admision para secundaria. Mi menor es Mateo.,reunion de admision para secundaria mi menor es mateo,ADMIS_CITAS,reunion admision secundario menor mateo
Email,Solicito información de pensiones y detalles para 5to secundaria. Atte: Elena.,solicito informacion de pensiones y detalles para 5to secundaria atte elena,ADMIS_COSTOS,solicitar informacion pensión detalle 5to secundario atte elén
WhatsApp,Hola hay lugares para inicial 3 años? Mi niño se llama Thiago.,hola hay lugares para inicial 3 anos mi nino se llama thiago,ADMIS_VACANTES,holar lugar inicial ano nino llamar thiago
Email,Solicito información de mensualidad y detalles para secundaria. Atte: Nicolas.,solicito informacion de mensualidad y detalles para secundaria atte nicolas,ADMIS_COSTOS,solicitar informacion mensualidad detalle secundario atte nicola
WhatsApp,SABER SI HAY ESPACIOS EN 1ERO PRIMARIA PARA LUIS. GRACIAS.,saber si hay espacios en 1ero primaria para luis gracias,ADMIS_VACANTES,espacio 1ero primario luis gracias
Web,<p><b>partidas para traslado a primer año. Postulante: Valentina.</b></p>,partidas para traslado a primer ano postulante valentina,ADMIS_REQUIS_DOC,partida traslado ano postulante valentín
Web,<p><b>documentación para traslado a secundaria. Postulante: Nicolas.</b></p>,documentacion para traslado a secundaria postulante nicolas,ADMIS_REQUIS_DOC,documentacion traslado secundaria postulante nico él
Email,"Estimados, quisiera saber los cuotas de 1ero primaria para mi hijo Gabriel.",estimados quisiera saber los cuotas de 1ero primaria para mi hijo gabriel,ADMIS_COSTOS,estimado querer cuota 1ero primario hijo gabriel
Email,Solicito información de precios y detalles para 5to secundaria. Atte: Maria.,solicito informacion de precios y detalles para 5to secundaria atte maria,ADMIS_COSTOS,solicitar informacion precio detalle 5to secundario atte mario
WhatsApp,Hola hay espacios para 6to primaria? Mi niño se llama Luis.,hola hay espacios para 6to primaria mi nino se llama luis,ADMIS_VACANTES,holar espacio 6to primario nino llamar luis
Email,Solicito información de cuotas y detalles para inicial 4 años. Atte: Sofia.,solicito informacion de cuotas y detalles para inicial 4 anos atte sofia,ADMIS_COSTOS,solicitar informacion cuota detalle inicial anos atte sofia
Email,Solicito información de mensualidad y detalles para 1ero primaria. Atte: Lucia.,solicito informacion de mensualidad y detalles para 1ero primaria atte lucia,ADMIS_COSTOS,solicitar informacion mensualidad detalle 1ero primario attar lucia
WhatsApp,Saber si hay disponibilidad de ingreso en 1ero secundaria para Pedro. Gracias.,saber si hay disponibilidad de ingreso en 1ero secundaria para pedro gracias,ADMIS_VACANTES,disponibilidad ingreso 1ero secundario pedro gracias
Email,"ESTIMADOS, QUISIERA SABER LOS PENSIONES DE INICIAL 4 AÑOS PARA MI HIJO JUAN.",estimados quisiera saber los pensiones de inicial 4 anos para mi hijo juan,ADMIS_COSTOS,estimado querer pensión inicial ano hijo juan
Web,documentos para traslado a primer año. Postulante: Sebastian.,documentos para traslado a primer ano postulante sebastian,ADMIS_REQUIS_DOC,documento traslado ano postulante sebastiar
Web,<p><b>documentación para traslado a inicial 5 años. Postulante: Juan.</b></p>,documentacion para traslado a inicial 5 anos postulante juan,ADMIS_REQUIS_DOC,documentacion traslado inicial ano postulante juan
WhatsApp,<p><b>Hola hay lugares para 6to primaria? Mi niño se llama Gabriel.</b></p>,hola hay lugares para 6to primaria mi nino se llama gabriel,ADMIS_VACANTES,holar lugar 6to primario nino llamar gabriel
WhatsApp,Hola hay disponibilidad de ingreso para primer grado? Mi niño se llama Valentina.,hola hay disponibilidad de ingreso para primer grado mi nino se llama valentina,ADMIS_VACANTES,holar disponibilidad ingreso grado nino llamar valentina
WhatsApp,<p><b>Hola hay cupos para primer grado? Mi niño se llama Sofia.</b></p>,hola hay cupos para primer grado mi nino se llama sofia,ADMIS_VACANTES,holar cupo grado nino llamar sofia
Web,DOCUMENTOS PARA TRASLADO A INICIAL 4 AÑOS. POSTULANTE: LUIS.,documentos para traslado a inicial 4 anos postulante luis,ADMIS_REQUIS_DOC,documento traslado inicial ano postulante luis
Web,CRONOGRAMA DE ADMISION PARA INICIAL 3 AÑOS. MI MENOR ES VALENTINA.,cronograma de admision para inicial 3 anos mi menor es valentina,ADMIS_CITAS,cronograma admision inicial ano menor valentín
WhatsApp,<p><b>Hola hay vacantes para 1ero primaria? Mi niño se llama Valentina.</b></p>,hola hay vacantes para 1ero primaria mi nino se llama valentina,ADMIS_VACANTES,holar vacante 1ero primario nino llamar valentina
Email,"ESTIMADOS, QUISIERA SABER LOS COSTOS DE INICIAL 5 AÑOS PARA MI HIJO GABRIEL.",estimados quisiera saber los costos de inicial 5 anos para mi hijo gabriel,ADMIS_COSTOS,estimado querer costo inicial ano hijo gabriel
WhatsApp,HOLA HAY DISPONIBILIDAD DE INGRESO PARA 5TO SECUNDARIA? MI NIÑO SE LLAMA MARIA.,hola hay disponibilidad de ingreso para 5to secundaria mi nino se llama maria,ADMIS_VACANTES,holar disponibilidad ingreso 5to secundario nino llamar mario
Email,Solicito información de costos y detalles para inicial 4 años. Atte: Elena.,solicito informacion de costos y detalles para inicial 4 anos atte elena,ADMIS_COSTOS,solicitar informacion costo detalle inicial anos atte elén
Email,<p><b>Solicito información de pagos y detalles para primer grado. Atte: Mateo.</b></p>,solicito informacion de pagos y detalles para primer grado atte mateo,ADMIS_COSTOS,solicitar informacion pago detalle grado atte mateo
Email,"Estimados, quisiera saber los mensualidad de primer grado para mi hijo Ana.",estimados quisiera saber los mensualidad de primer grado para mi hijo ana,ADMIS_COSTOS,estimado querer mensualidad grado hijo án
WhatsApp,Saber si hay disponibilidad de ingreso en primer grado para Pedro. Gracias.,saber si hay disponibilidad de ingreso en primer grado para pedro gracias,ADMIS_VACANTES,disponibilidad ingreso grado pedro gracias
WhatsApp,HOLA HAY LUGARES PARA INICIAL 4 AÑOS? MI NIÑO SE LLAMA JUAN.,hola hay lugares para inicial 4 anos mi nino se llama juan,ADMIS_VACANTES,holar lugar inicial ano nino llamar juan
WhatsApp,SABER SI HAY ESPACIOS EN SECUNDARIA PARA LUIS. GRACIAS.,saber si hay espacios en secundaria para luis gracias,ADMIS_VACANTES,espacio secundaria luis gracias
Email,SOLICITO INFORMACIÓN DE PENSIONES Y DETALLES PARA PRIMER AÑO. ATTE: SOFIA.,solicito informacion de pensiones y detalles para primer ano atte sofia,ADMIS_COSTOS,solicitar informacion pensión detalle ano attar sofia
Email,Solicito información de precios y detalles para 6to primaria. Atte: Nicolas.,solicito informacion de precios y detalles para 6to primaria atte nicolas,ADMIS_COSTOS,solicitar informacion precio detalle 6to primaria attar nicola
Web,documentos para traslado a 5to secundaria. Postulante: Elena.,documentos para traslado a 5to secundaria postulante elena,ADMIS_REQUIS_DOC,documento traslado 5to secundario postulante elén
WhatsApp,<p><b>Hola hay disponibilidad de ingreso para 1ero primaria? Mi niño se llama Valentina.</b></p>,hola hay disponibilidad de ingreso para 1ero primaria mi nino se llama valentina,ADMIS_VACANTES,holar disponibilidad ingreso 1ero primario nino llamar valentina
WhatsApp,Hola hay vacantes para 1ero secundaria? Mi niño se llama Maria.,hola hay vacantes para 1ero secundaria mi nino se llama maria,ADMIS_VACANTES,holar vacante 1ero secundario nino llamar mario
Web,documentos para traslado a primer grado. Postulante: Gabriel.,documentos para traslado a primer grado postulante gabriel,ADMIS_REQUIS_DOC,documento traslado grado postulante gabriel
Web,requisitos para traslado a inicial 3 años. Postulante: Ana.,requisitos para traslado a inicial 3 anos postulante ana,ADMIS_REQUIS_DOC,requisito traslado inicial ano postulante ana
Email,"<p><b>Estimados, quisiera saber los precios de primer año para mi hijo Luis.</b></p>",estimados quisiera saber los precios de primer ano para mi hijo luis,ADMIS_COSTOS,estimado querer precio ano hijo luis
Web,cronograma de admision para 6to primaria. Mi menor es Pedro.,cronograma de admision para 6to primaria mi menor es pedro,ADMIS_CITAS,cronograma admision 6to primario menor pedro
Email,"Estimados, quisiera saber los cuotas de 1ero primaria para mi hijo Mateo.",estimados quisiera saber los cuotas de 1ero primaria para mi hijo mateo,ADMIS_COSTOS,estimado querer cuota 1ero primario hijo mateo
WhatsApp,SABER SI HAY VACANTES EN 5TO SECUNDARIA PARA CAMILA. GRACIAS.,saber si hay vacantes en 5to secundaria para camila gracias,ADMIS_VACANTES,vacante 5to secundario camila gracias
WhatsApp,SABER SI HAY DISPONIBILIDAD DE INGRESO EN 6TO PRIMARIA PARA THIAGO. GRACIAS.,saber si hay disponibilidad de ingreso en 6to primaria para thiago gracias,ADMIS_VACANTES,disponibilidad ingreso 6to primario thiago gracias
WhatsApp,Hola hay cupos para 1ero primaria? Mi niño se llama Lucia.,hola hay cupos para 1ero primaria mi nino se llama lucia,ADMIS_VACANTES,holar cupo 1ero primario nino llamar lucia
Web,documentos para traslado a 5to secundaria. Postulante: Mateo.,documentos para traslado a 5to secundaria postulante mateo,ADMIS_REQUIS_DOC,documento traslado 5to secundario postulante mateo
WhatsApp,Saber si hay cupos en primer grado para Valentina. Gracias.,saber si hay cupos en primer grado para valentina gracias,ADMIS_VACANTES,cupo grado valentina gracias
Email,SOLICITO INFORMACIÓN DE COSTOS Y DETALLES PARA 5TO SECUNDARIA. ATTE: MATEO.,solicito informacion de costos y detalles para 5to secundaria atte mateo,ADMIS_COSTOS,solicitar informacion costo detalle 5to secundario atte mateo
Email,"Estimados, quisiera saber los pagos de secundaria para mi hijo Sofia.",estimados quisiera saber los pagos de secundaria para mi hijo sofia,ADMIS_COSTOS,estimado querer pago secundaria hijo sofia
Web,entrevistas de admision para primer año. Mi menor es Gabriel.,entrevistas de admision para primer ano mi menor es gabriel,ADMIS_CITAS,entrevista admision ano menor gabriel
WhatsApp,Hola hay lugares para primer año? Mi niño se llama Juan.,hola hay lugares para primer ano mi nino se llama juan,ADMIS_VACANTES,holar lugar ano nino llamar juan
Web,<p><b>requisitos para traslado a inicial 3 años. Postulante: Gabriel.</b></p>,requisitos para traslado a inicial 3 anos postulante gabriel,ADMIS_REQUIS_DOC,requisito traslado inicial ano postulante gabriel
Email,Solicito información de costos y detalles para 6to primaria. Atte: Valentina.,solicito informacion de costos y detalles para 6to primaria atte valentina,ADMIS_COSTOS,solicitar informacion costo detalle 6to primaria atte valentín
Email,Solicito información de precios y detalles para primer grado. Atte: Maria.,solicito informacion de precios y detalles para primer grado atte maria,ADMIS_COSTOS,solicitar informacion precio detalle grado atte mario
Web,requisitos para traslado a 5to secundaria. Postulante: Lucia.,requisitos para traslado a 5to secundaria postulante lucia,ADMIS_REQUIS_DOC,requisito traslado 5to secundario postulante lucia
Email,<p><b>Solicito información de cuotas y detalles para inicial 5 años. Atte: Elena.</b></p>,solicito informacion de cuotas y detalles para inicial 5 anos atte elena,ADMIS_COSTOS,solicitar informacion cuota detalle inicial anos atte elén
WhatsApp,Saber si hay lugares en inicial 4 años para Ana. Gracias.,saber si hay lugares en inicial 4 anos para ana gracias,ADMIS_VACANTES,lugar inicial ano ana gracias
Web,PAPELES PARA TRASLADO A 5TO SECUNDARIA. POSTULANTE: ANA.,papeles para traslado a 5to secundaria postulante ana,ADMIS_REQUIS_DOC,papel traslado 5to secundario postulante ana
Email,Solicito información de pensiones y detalles para inicial 5 años. Atte: Sebastian.,solicito informacion de pensiones y detalles para inicial 5 anos atte sebastian,ADMIS_COSTOS,solicitar informacion pensión detalle inicial anos atte sebastiar
Web,entrevistas de admision para inicial 3 años. Mi menor es Sebastian.,entrevistas de admision para inicial 3 anos mi menor es sebastian,ADMIS_CITAS,entrevista admision inicial ano menor sebastiar
WhatsApp,Saber si hay espacios en inicial 3 años para Nicolas. Gracias.,saber si hay espacios en inicial 3 anos para nicolas gracias,ADMIS_VACANTES,espacio inicial ano nico él gracia
WhatsApp,Hola hay lugares para 6to primaria? Mi niño se llama Luis.,hola hay lugares para 6to primaria mi nino se llama luis,ADMIS_VACANTES,holar lugar 6to primario nino llamar luis
WhatsApp,Hola hay lugares para inicial 3 años? Mi niño se llama Mateo.,hola hay lugares para inicial 3 anos mi nino se llama mateo,ADMIS_VACANTES,holar lugar inicial ano nino llamar mateo
Web,PARTIDAS PARA TRASLADO A 5TO SECUNDARIA. POSTULANTE: MATEO.,partidas para traslado a 5to secundaria postulante mateo,ADMIS_REQUIS_DOC,partida traslado 5to secundario postulante mateo
WhatsApp,Saber si hay lugares en primer año para Gabriel. Gracias.,saber si hay lugares en primer ano para gabriel gracias,ADMIS_VACANTES,lugar ano gabriel gracias
Email,Solicito información de costos y detalles para 1ero primaria. Atte: Sebastian.,solicito informacion de costos y detalles para 1ero primaria atte sebastian,ADMIS_COSTOS,solicitar informacion costo detalle 1ero primario atte sebastiar
Email,"<p><b>Estimados, quisiera saber los costos de inicial 5 años para mi hijo Lucia.</b></p>",estimados quisiera saber los costos de inicial 5 anos para mi hijo lucia,ADMIS_COSTOS,estimado querer costo inicial ano hijo lucia
WhatsApp,Hola hay cupos para 6to primaria? Mi niño se llama Valentina.,hola hay cupos para 6to primaria mi nino se llama valentina,ADMIS_VACANTES,holar cupo 6to primaria nino llamar valentina
Email,<p><b>Solicito información de cuotas y detalles para secundaria. Atte: Juan.</b></p>,solicito informacion de cuotas y detalles para secundaria atte juan,ADMIS_COSTOS,solicitar informacion cuota detalle secundario atte juan
WhatsApp,<p><b>Hola hay cupos para 1ero secundaria? Mi niño se llama Pedro.</b></p>,hola hay cupos para 1ero secundaria mi nino se llama pedro,ADMIS_VACANTES,holar cupo 1ero secundario nino llamar pedro
Web,papeles para traslado a inicial 3 años. Postulante: Pedro.,papeles para traslado a inicial 3 anos postulante pedro,ADMIS_REQUIS_DOC,papel traslado inicial ano postulante pedro
Email,SOLICITO INFORMACIÓN DE PRECIOS Y DETALLES PARA INICIAL 5 AÑOS. ATTE: MATEO.,solicito informacion de precios y detalles para inicial 5 anos atte mateo,ADMIS_COSTOS,solicitar informacion precio detalle inicial anos atte mateo
Email,"Estimados, quisiera saber los cuotas de 1ero primaria para mi hijo Juan.",estimados quisiera saber los cuotas de 1ero primaria para mi hijo juan,ADMIS_COSTOS,estimado querer cuota 1ero primario hijo juan
Web,cronograma de admision para 1ero primaria. Mi menor es Mateo.,cronograma de admision para 1ero primaria mi menor es mateo,ADMIS_CITAS,cronograma admision 1ero primario menor mateo
WhatsApp,Saber si hay espacios en 1ero secundaria para Sofia. Gracias.,saber si hay espacios en 1ero secundaria para sofia gracias,ADMIS_VACANTES,espacio 1ero secundario sofia gracias
Email,"Estimados, quisiera saber los cuotas de primer año para mi hijo Sofia.",estimados quisiera saber los cuotas de primer ano para mi hijo sofia,ADMIS_COSTOS,estimado querer cuota ano hijo sofia
Email,"Estimados, quisiera saber los mensualidad de inicial 3 años para mi hijo Thiago.",estimados quisiera saber los mensualidad de inicial 3 anos para mi hijo thiago,ADMIS_COSTOS,estimado querer mensualidad inicial ano hijo thiago
WhatsApp,HOLA HAY DISPONIBILIDAD DE INGRESO PARA SECUNDARIA? MI NIÑO SE LLAMA LUCIA.,hola hay disponibilidad de ingreso para secundaria mi nino se llama lucia,ADMIS_VACANTES,holar disponibilidad ingreso secundario nino llamar lucia
WhatsApp,Saber si hay disponibilidad de ingreso en 1ero primaria para Sofia. Gracias.,saber si hay disponibilidad de ingreso en 1ero primaria para sofia gracias,ADMIS_VACANTES,disponibilidad ingreso 1ero primario sofia gracias
Web,reunión de admision para primer grado. Mi menor es Elena.,reunion de admision para primer grado mi menor es elena,ADMIS_CITAS,reunion admision grado menor elén
Web,documentación para traslado a inicial 4 años. Postulante: Sofia.,documentacion para traslado a inicial 4 anos postulante sofia,ADMIS_REQUIS_DOC,documentacion traslado inicial ano postulante sofia
Email,SOLICITO INFORMACIÓN DE MENSUALIDAD Y DETALLES PARA 6TO PRIMARIA. ATTE: LUIS.,solicito informacion de mensualidad y detalles para 6to primaria atte luis,ADMIS_COSTOS,solicitar informacion mensualidad detalle 6to primaria atte luis
Email,"Estimados, quisiera saber los precios de inicial 5 años para mi hijo Ana.",estimados quisiera saber los precios de inicial 5 anos para mi hijo ana,ADMIS_COSTOS,estimado querer precio inicial ano hijo án
Email,"<p><b>Estimados, quisiera saber los costos de 1ero primaria para mi hijo Ana.</b></p>",estimados quisiera saber los costos de 1ero primaria para mi hijo ana,ADMIS_COSTOS,estimado querer costo 1ero primario hijo án
WhatsApp,Hola hay vacantes para inicial 5 años? Mi niño se llama Gabriel.,hola hay vacantes para inicial 5 anos mi nino se llama gabriel,ADMIS_VACANTES,holar vacante inicial ano nino llamar gabriel
Web,reunión de admision para primer año. Mi menor es Sofia.,reunion de admision para primer ano mi menor es sofia,ADMIS_CITAS,reunion admision ano menor sofia
Web,citas de admision para primer año. Mi menor es Maria.,citas de admision para primer ano mi menor es maria,ADMIS_CITAS,cita admision ano menor mario
Email,Solicito información de precios y detalles para 6to primaria. Atte: Pedro.,solicito informacion de precios y detalles para 6to primaria atte pedro,ADMIS_COSTOS,solicitar informacion precio detalle 6to primaria atte pedro
WhatsApp,<p><b>Saber si hay espacios en 1ero primaria para Pedro. Gracias.</b></p>,saber si hay espacios en 1ero primaria para pedro gracias,ADMIS_VACANTES,espacio 1ero primario pedro gracias
Email,SOLICITO INFORMACIÓN DE COSTOS Y DETALLES PARA PRIMER AÑO. ATTE: MATEO.,solicito informacion de costos y detalles para primer ano atte mateo,ADMIS_COSTOS,solicitar informacion costo detalle ano atte mateo
Email,Solicito información de pensiones y detalles para secundaria. Atte: Gabriel.,solicito informacion de pensiones y detalles para secundaria atte gabriel,ADMIS_COSTOS,solicitar informacion pensión detalle secundario atte gabriel
Web,documentos para traslado a primer grado. Postulante: Luis.,documentos para traslado a primer grado postulante luis,ADMIS_REQUIS_DOC,documento traslado grado postulante luis
Web,CITAS DE ADMISION PARA 1ERO PRIMARIA. MI MENOR ES THIAGO.,citas de admision para 1ero primaria mi menor es thiago,ADMIS_CITAS,cita admision 1ero primario menor thiago
WhatsApp,Hola hay cupos para primer grado? Mi niño se llama Gabriel.,hola hay cupos para primer grado mi nino se llama gabriel,ADMIS_VACANTES,holar cupo grado nino llamar gabriel
WhatsApp,Hola hay lugares para secundaria? Mi niño se llama Mateo.,hola hay lugares para secundaria mi nino se llama mateo,ADMIS_VACANTES,holar lugar secundario nino llamar mateo
Email,Solicito información de cuotas y detalles para 5to secundaria. Atte: Maria.,solicito informacion de cuotas y detalles para 5to secundaria atte maria,ADMIS_COSTOS,solicitar informacion cuota detalle 5to secundario atte mario
WhatsApp,Hola hay lugares para primer grado? Mi niño se llama Elena.,hola hay lugares para primer grado mi nino se llama elena,ADMIS_VACANTES,holar lugar grado nino llamar elena
Web,DOCUMENTACIÓN PARA TRASLADO A INICIAL 4 AÑOS. POSTULANTE: MARIA.,documentacion para traslado a inicial 4 anos postulante maria,ADMIS_REQUIS_DOC,documentacion traslado inicial ano postulante mario
Web,PAPELES PARA TRASLADO A PRIMER AÑO. POSTULANTE: SEBASTIAN.,papeles para traslado a primer ano postulante sebastian,ADMIS_REQUIS_DOC,papel traslado ano postulante sebastiar
WhatsApp,SABER SI HAY CUPOS EN INICIAL 3 AÑOS PARA ELENA. GRACIAS.,saber si hay cupos en inicial 3 anos para elena gracias,ADMIS_VACANTES,cupo inicial ano elena gracias
Web,entrevistas de admision para 1ero primaria. Mi menor es Juan.,entrevistas de admision para 1ero primaria mi menor es juan,ADMIS_CITAS,entrevista admision 1ero primario menor juan
Web,papeles para traslado a 1ero secundaria. Postulante: Valentina.,papeles para traslado a 1ero secundaria postulante valentina,ADMIS_REQUIS_DOC,papel traslado 1ero secundario postulante valentín
Web,citas de admision para secundaria. Mi menor es Mateo.,citas de admision para secundaria mi menor es mateo,ADMIS_CITAS,cita admision secundario menor mateo
Web,<p><b>ficha de matrícula para traslado a 1ero primaria. Postulante: Ana.</b></p>,ficha de matricula para traslado a 1ero primaria postulante ana,ADMIS_REQUIS_DOC,ficha matricula traslado 1ero primaria postulante ana
Email,SOLICITO INFORMACIÓN DE COSTOS Y DETALLES PARA SECUNDARIA. ATTE: MATEO.,solicito informacion de costos y detalles para secundaria atte mateo,ADMIS_COSTOS,solicitar informacion costo detalle secundario atte mateo
Email,SOLICITO INFORMACIÓN DE PENSIONES Y DETALLES PARA INICIAL 5 AÑOS. ATTE: LUCIA.,solicito informacion de pensiones y detalles para inicial 5 anos atte lucia,ADMIS_COSTOS,solicitar informacion pensión detalle inicial anos attir lucia
Email,Solicito información de pagos y detalles para inicial 3 años. Atte: Sebastian.,solicito informacion de pagos y detalles para inicial 3 anos atte sebastian,ADMIS_COSTOS,solicitar informacion pago detalle inicial anos atte sebastiar
WhatsApp,SABER SI HAY ESPACIOS EN INICIAL 5 AÑOS PARA SEBASTIAN. GRACIAS.,saber si hay espacios en inicial 5 anos para sebastian gracias,ADMIS_VACANTES,espacio inicial ano sebastiar gracias
Email,Solicito información de mensualidad y detalles para primer grado. Atte: Ana.,solicito informacion de mensualidad y detalles para primer grado atte ana,ADMIS_COSTOS,solicitar informacion mensualidad detalle grado attar ana
WhatsApp,Saber si hay lugares en inicial 5 años para Nicolas. Gracias.,saber si hay lugares en inicial 5 anos para nicolas gracias,ADMIS_VACANTES,lugar inicial ano nico él gracia
Web,REUNIÓN DE ADMISION PARA 5TO SECUNDARIA. MI MENOR ES SOFIA.,reunion de admision para 5to secundaria mi menor es sofia,ADMIS_CITAS,reunion admision 5to secundario menor sofia
Web,requisitos para traslado a 6to primaria. Postulante: Pedro.,requisitos para traslado a 6to primaria postulante pedro,ADMIS_REQUIS_DOC,requisito traslado 6to primaria postulante pedro
WhatsApp,SABER SI HAY DISPONIBILIDAD DE INGRESO EN 6TO PRIMARIA PARA CAMILA. GRACIAS.,saber si hay disponibilidad de ingreso en 6to primaria para camila gracias,ADMIS_VACANTES,disponibilidad ingreso 6to primario camila gracias
Web,CRONOGRAMA DE ADMISION PARA 6TO PRIMARIA. MI MENOR ES LUCIA.,cronograma de admision para 6to primaria mi menor es lucia,ADMIS_CITAS,cronograma admision 6to primario menor lucia
Web,ficha de matrícula para traslado a inicial 5 años. Postulante: Gabriel.,ficha de matricula para traslado a inicial 5 anos postulante gabriel,ADMIS_REQUIS_DOC,ficha matricula traslado inicial ano postulante gabriel
Web,CRONOGRAMA DE ADMISION PARA 1ERO PRIMARIA. MI MENOR ES PEDRO.,cronograma de admision para 1ero primaria mi menor es pedro,ADMIS_CITAS,cronograma admision 1ero primario menor pedro
Web,CHARLAS DE ADMISION PARA PRIMER GRADO. MI MENOR ES JUAN.,charlas de admision para primer grado mi menor es juan,ADMIS_CITAS,charla admision grado menor juan
Email,"Estimados, quisiera saber los cuotas de secundaria para mi hijo Ana.",estimados quisiera saber los cuotas de secundaria para mi hijo ana,ADMIS_COSTOS,estimado querer cuota secundaria hijo án
Web,ficha de matrícula para traslado a secundaria. Postulante: Sebastian.,ficha de matricula para traslado a secundaria postulante sebastian,ADMIS_REQUIS_DOC,ficha matricula traslado secundaria postulante sebastiar
Web,CITAS DE ADMISION PARA 1ERO PRIMARIA. MI MENOR ES LUCIA.,citas de admision para 1ero primaria mi menor es lucia,ADMIS_CITAS,cita admision 1ero primario menor lucia
Web,papeles para traslado a primer grado. Postulante: Sofia.,papeles para traslado a primer grado postulante sofia,ADMIS_REQUIS_DOC,papel traslado grado postulante sofia
Email,<p><b>Solicito información de mensualidad y detalles para inicial 4 años. Atte: Thiago.</b></p>,solicito informacion de mensualidad y detalles para inicial 4 anos atte thiago,ADMIS_COSTOS,solicitar informacion mensualidad detalle inicial anos attar thiago
Web,entrevistas de admision para 6to primaria. Mi menor es Juan.,entrevistas de admision para 6to primaria mi menor es juan,ADMIS_CITAS,entrevista admision 6to primario menor juan
WhatsApp,Hola hay disponibilidad de ingreso para secundaria? Mi niño se llama Sofia.,hola hay disponibilidad de ingreso para secundaria mi nino se llama sofia,ADMIS_VACANTES,holar disponibilidad ingreso secundario nino llamar sofia
Web,papeles para traslado a 1ero secundaria. Postulante: Camila.,papeles para traslado a 1ero secundaria postulante camila,ADMIS_REQUIS_DOC,papel traslado 1ero secundario postulante camilar
Email,"<p><b>Estimados, quisiera saber los mensualidad de inicial 4 años para mi hijo Ana.</b></p>",estimados quisiera saber los mensualidad de inicial 4 anos para mi hijo ana,ADMIS_COSTOS,estimado querer mensualidad inicial ano hijo án
WhatsApp,SABER SI HAY CUPOS EN 6TO PRIMARIA PARA SEBASTIAN. GRACIAS.,saber si hay cupos en 6to primaria para sebastian gracias,ADMIS_VACANTES,cupo 6to primario sebastiar gracias
Email,Solicito información de mensualidad y detalles para 1ero secundaria. Atte: Elena.,solicito informacion de mensualidad y detalles para 1ero secundaria atte elena,ADMIS_COSTOS,solicitar informacion mensualidad detalle 1ero secundario atte elén
Email,"<p><b>Estimados, quisiera saber los pagos de 5to secundaria para mi hijo Luis.</b></p>",estimados quisiera saber los pagos de 5to secundaria para mi hijo luis,ADMIS_COSTOS,estimado querer pago 5to secundario hijo luis
Email,SOLICITO INFORMACIÓN DE COSTOS Y DETALLES PARA 1ERO PRIMARIA. ATTE: SOFIA.,solicito informacion de costos y detalles para 1ero primaria atte sofia,ADMIS_COSTOS,solicitar informacion costo detalle 1ero primario atte sofia
WhatsApp,Hola hay cupos para 1ero secundaria? Mi niño se llama Mateo.,hola hay cupos para 1ero secundaria mi nino se llama mateo,ADMIS_VACANTES,holar cupo 1ero secundario nino llamar mateo
Email,"Estimados, quisiera saber los pagos de primer año para mi hijo Lucia.",estimados quisiera saber los pagos de primer ano para mi hijo lucia,ADMIS_COSTOS,estimado querer pago ano hijo lucia
Web,documentos para traslado a 5to secundaria. Postulante: Gabriel.,documentos para traslado a 5to secundaria postulante gabriel,ADMIS_REQUIS_DOC,documento traslado 5to secundario postulante gabriel
Email,"Estimados, quisiera saber los pagos de inicial 4 años para mi hijo Luis.",estimados quisiera saber los pagos de inicial 4 anos para mi hijo luis,ADMIS_COSTOS,estimado querer pago inicial ano hijo luis
WhatsApp,HOLA HAY DISPONIBILIDAD DE INGRESO PARA INICIAL 3 AÑOS? MI NIÑO SE LLAMA GABRIEL.,hola hay disponibilidad de ingreso para inicial 3 anos mi nino se llama gabriel,ADMIS_VACANTES,holar disponibilidad ingreso inicial ano nino llamar gabriel
Email,Solicito información de pagos y detalles para inicial 3 años. Atte: Lucia.,solicito informacion de pagos y detalles para inicial 3 anos atte lucia,ADMIS_COSTOS,solicitar informacion pago detalle inicial ano attir lucia
Web,documentos para traslado a 1ero primaria. Postulante: Lucia.,documentos para traslado a 1ero primaria postulante lucia,ADMIS_REQUIS_DOC,documento traslado 1ero primaria postulante lucia
WhatsApp,HOLA HAY DISPONIBILIDAD DE INGRESO PARA PRIMER GRADO? MI NIÑO SE LLAMA ELENA.,hola hay disponibilidad de ingreso para primer grado mi nino se llama elena,ADMIS_VACANTES,holar disponibilidad ingreso grado nino llamar elena
Email,Solicito información de pensiones y detalles para 1ero primaria. Atte: Gabriel.,solicito informacion de pensiones y detalles para 1ero primaria atte gabriel,ADMIS_COSTOS,solicitar informacion pensión detalle 1ero primario atte gabriel
Email,"Estimados, quisiera saber los mensualidad de secundaria para mi hijo Gabriel.",estimados quisiera saber los mensualidad de secundaria para mi hijo gabriel,ADMIS_COSTOS,estimado querer mensualidad secundaria hijo gabriel
Web,ficha de matrícula para traslado a 6to primaria. Postulante: Valentina.,ficha de matricula para traslado a 6to primaria postulante valentina,ADMIS_REQUIS_DOC,ficha matricula traslado 6to primaria postulante valentín
Email,Solicito información de costos y detalles para 1ero primaria. Atte: Valentina.,solicito informacion de costos y detalles para 1ero primaria atte valentina,ADMIS_COSTOS,solicitar informacion costo detalle 1ero primario atte valentín
Email,Solicito información de mensualidad y detalles para primer grado. Atte: Mateo.,solicito informacion de mensualidad y detalles para primer grado atte mateo,ADMIS_COSTOS,solicitar informacion mensualidad detalle grado atte mateo
WhatsApp,<p><b>Hola hay lugares para inicial 5 años? Mi niño se llama Thiago.</b></p>,hola hay lugares para inicial 5 anos mi nino se llama thiago,ADMIS_VACANTES,holar lugar inicial ano nino llamar thiago
Email,"<p><b>Estimados, quisiera saber los pagos de 5to secundaria para mi hijo Ana.</b></p>",estimados quisiera saber los pagos de 5to secundaria para mi hijo ana,ADMIS_COSTOS,estimado querer pago 5to secundario hijo án
Email,<p><b>Solicito información de precios y detalles para secundaria. Atte: Pedro.</b></p>,solicito informacion de precios y detalles para secundaria atte pedro,ADMIS_COSTOS,solicitar informacion precio detalle secundario atte pedro
Email,"<p><b>Estimados, quisiera saber los pagos de 5to secundaria para mi hijo Valentina.</b></p>",estimados quisiera saber los pagos de 5to secundaria para mi hijo valentina,ADMIS_COSTOS,estimado querer pago 5to secundario hijo valentín
Email,SOLICITO INFORMACIÓN DE MENSUALIDAD Y DETALLES PARA PRIMER AÑO. ATTE: CAMILA.,solicito informacion de mensualidad y detalles para primer ano atte camila,ADMIS_COSTOS,solicitar informacion mensualidad detalle ano attar camilar
WhatsApp,Saber si hay disponibilidad de ingreso en primer año para Mateo. Gracias.,saber si hay disponibilidad de ingreso en primer ano para mateo gracias,ADMIS_VACANTES,disponibilidad ingreso ano mateo gracias
WhatsApp,Saber si hay lugares en inicial 3 años para Gabriel. Gracias.,saber si hay lugares en inicial 3 anos para gabriel gracias,ADMIS_VACANTES,lugar inicial ano gabriel gracias
WhatsApp,Hola hay disponibilidad de ingreso para primer grado? Mi niño se llama Maria.,hola hay disponibilidad de ingreso para primer grado mi nino se llama maria,ADMIS_VACANTES,holar disponibilidad ingreso grado nino llamar mario
Web,ficha de matrícula para traslado a 6to primaria. Postulante: Maria.,ficha de matricula para traslado a 6to primaria postulante maria,ADMIS_REQUIS_DOC,ficha matricula traslado 6to primaria postulante mario
Email,SOLICITO INFORMACIÓN DE COSTOS Y DETALLES PARA INICIAL 4 AÑOS. ATTE: GABRIEL.,solicito informacion de costos y detalles para inicial 4 anos atte gabriel,ADMIS_COSTOS,solicitar informacion costo detalle inicial anos atte gabriel
Web,CRONOGRAMA DE ADMISION PARA INICIAL 5 AÑOS. MI MENOR ES ELENA.,cronograma de admision para inicial 5 anos mi menor es elena,ADMIS_CITAS,cronograma admision inicial ano menor elén
Web,DOCUMENTOS PARA TRASLADO A PRIMER GRADO. POSTULANTE: THIAGO.,documentos para traslado a primer grado postulante thiago,ADMIS_REQUIS_DOC,documento traslado grado postulante thiago
Email,SOLICITO INFORMACIÓN DE PENSIONES Y DETALLES PARA 5TO SECUNDARIA. ATTE: SOFIA.,solicito informacion de pensiones y detalles para 5to secundaria atte sofia,ADMIS_COSTOS,solicitar informacion pensión detalle 5to secundario atte sofia
Email,"<p><b>Estimados, quisiera saber los costos de inicial 5 años para mi hijo Luis.</b></p>",estimados quisiera saber los costos de inicial 5 anos para mi hijo luis,ADMIS_COSTOS,estimado querer costo inicial ano hijo luis
Web,partidas para traslado a 6to primaria. Postulante: Sofia.,partidas para traslado a 6to primaria postulante sofia,ADMIS_REQUIS_DOC,partida traslado 6to primaria postulante sofia
WhatsApp,Hola hay vacantes para primer grado? Mi niño se llama Maria.,hola hay vacantes para primer grado mi nino se llama maria,ADMIS_VACANTES,holar vacante grado nino llamar mario
Email,Solicito información de cuotas y detalles para primer año. Atte: Lucia.,solicito informacion de cuotas y detalles para primer ano atte lucia,ADMIS_COSTOS,solicitar informacion cuota detalle ano attir lucia
Email,"Estimados, quisiera saber los costos de primer año para mi hijo Juan.",estimados quisiera saber los costos de primer ano para mi hijo juan,ADMIS_COSTOS,estimado querer costo ano hijo juan
Email,Solicito información de costos y detalles para primer año. Atte: Lucia.,solicito informacion de costos y detalles para primer ano atte lucia,ADMIS_COSTOS,solicitar informacion costo detalle ano attir lucia
Web,documentación para traslado a inicial 4 años. Postulante: Sebastian.,documentacion para traslado a inicial 4 anos postulante sebastian,ADMIS_REQUIS_DOC,documentacion traslado inicial ano postulante sebastiar
Email,"Estimados, quisiera saber los pagos de 1ero secundaria para mi hijo Pedro.",estimados quisiera saber los pagos de 1ero secundaria para mi hijo pedro,ADMIS_COSTOS,estimado querer pago 1ero secundario hijo pedro
Web,partidas para traslado a 1ero primaria. Postulante: Sebastian.,partidas para traslado a 1ero primaria postulante sebastian,ADMIS_REQUIS_DOC,partida traslado 1ero primaria postulante sebastiar
Email,<p><b>Solicito información de mensualidad y detalles para 1ero secundaria. Atte: Maria.</b></p>,solicito informacion de mensualidad y detalles para 1ero secundaria atte maria,ADMIS_COSTOS,solicitar informacion mensualidad detalle 1ero secundario atte mario
WhatsApp,<p><b>Hola hay espacios para secundaria? Mi niño se llama Camila.</b></p>,hola hay espacios para secundaria mi nino se llama camila,ADMIS_VACANTES,holar espacio secundario nino llamar camila
Email,"Estimados, quisiera saber los cuotas de primer año para mi hijo Camila.",estimados quisiera saber los cuotas de primer ano para mi hijo camila,ADMIS_COSTOS,estimado querer cuota ano hijo camilar
Email,Solicito información de costos y detalles para primer año. Atte: Gabriel.,solicito informacion de costos y detalles para primer ano atte gabriel,ADMIS_COSTOS,solicitar informacion costo detalle ano atte gabriel
WhatsApp,<p><b>Hola hay espacios para 1ero primaria? Mi niño se llama Elena.</b></p>,hola hay espacios para 1ero primaria mi nino se llama elena,ADMIS_VACANTES,holar espacio 1ero primario nino llamar elena
Email,"Estimados, quisiera saber los mensualidad de secundaria para mi hijo Mateo.",estimados quisiera saber los mensualidad de secundaria para mi hijo mateo,ADMIS_COSTOS,estimado querer mensualidad secundaria hijo mateo
WhatsApp,Hola hay disponibilidad de ingreso para inicial 4 años? Mi niño se llama Nicolas.,hola hay disponibilidad de ingreso para inicial 4 anos mi nino se llama nicolas,ADMIS_VACANTES,holar disponibilidad ingreso inicial ano nino llamar nicola
WhatsApp,Hola hay vacantes para 5to secundaria? Mi niño se llama Nicolas.,hola hay vacantes para 5to secundaria mi nino se llama nicolas,ADMIS_VACANTES,holar vacante 5to secundario nino llamar nicola
WhatsApp,Saber si hay espacios en secundaria para Mateo. Gracias.,saber si hay espacios en secundaria para mateo gracias,ADMIS_VACANTES,espacio secundaria mateo gracias
WhatsApp,Hola hay disponibilidad de ingreso para 6to primaria? Mi niño se llama Mateo.,hola hay disponibilidad de ingreso para 6to primaria mi nino se llama mateo,ADMIS_VACANTES,holar disponibilidad ingreso 6to primario nino llamar mateo
Web,partidas para traslado a 1ero secundaria. Postulante: Nicolas.,partidas para traslado a 1ero secundaria postulante nicolas,ADMIS_REQUIS_DOC,partida traslado 1ero secundario postulante nicola
Email,"Estimados, quisiera saber los precios de inicial 3 años para mi hijo Elena.",estimados quisiera saber los precios de inicial 3 anos para mi hijo elena,ADMIS_COSTOS,estimado querer precio inicial ano hijo elena
Web,DOCUMENTACIÓN PARA TRASLADO A PRIMER GRADO. POSTULANTE: CAMILA.,documentacion para traslado a primer grado postulante camila,ADMIS_REQUIS_DOC,documentacion traslado grado postulante camilar
Web,ficha de matrícula para traslado a secundaria. Postulante: Lucia.,ficha de matricula para traslado a secundaria postulante lucia,ADMIS_REQUIS_DOC,ficha matricula traslado secundaria postulante lucia
WhatsApp,Saber si hay espacios en 5to secundaria para Juan. Gracias.,saber si hay espacios en 5to secundaria para juan gracias,ADMIS_VACANTES,espacio 5to secundario juan gracias
WhatsApp,SABER SI HAY CUPOS EN 5TO SECUNDARIA PARA GABRIEL. GRACIAS.,saber si hay cupos en 5to secundaria para gabriel gracias,ADMIS_VACANTES,cupo 5to secundario gabriel gracias
Web,<p><b>charlas de admision para primer grado. Mi menor es Sofia.</b></p>,charlas de admision para primer grado mi menor es sofia,ADMIS_CITAS,charla admision grado menor sofia
Web,citas de admision para inicial 3 años. Mi menor es Juan.,citas de admision para inicial 3 anos mi menor es juan,ADMIS_CITAS,cita admision inicial ano menor juan
WhatsApp,<p><b>Saber si hay disponibilidad de ingreso en primer grado para Thiago. Gracias.</b></p>,saber si hay disponibilidad de ingreso en primer grado para thiago gracias,ADMIS_VACANTES,disponibilidad ingreso grado thiago gracias
WhatsApp,HOLA HAY DISPONIBILIDAD DE INGRESO PARA SECUNDARIA? MI NIÑO SE LLAMA MARIA.,hola hay disponibilidad de ingreso para secundaria mi nino se llama maria,ADMIS_VACANTES,holar disponibilidad ingreso secundario nino llamar mario
Email,"Estimados, quisiera saber los pagos de 5to secundaria para mi hijo Camila.",estimados quisiera saber los pagos de 5to secundaria para mi hijo camila,ADMIS_COSTOS,estimado querer pago 5to secundario hijo camilar
Web,entrevistas de admision para 5to secundaria. Mi menor es Luis.,entrevistas de admision para 5to secundaria mi menor es luis,ADMIS_CITAS,entrevista admision 5to secundario menor luis
Web,documentos para traslado a inicial 4 años. Postulante: Ana.,documentos para traslado a inicial 4 anos postulante ana,ADMIS_REQUIS_DOC,documento traslado inicial ano postulante ana
Web,cronograma de admision para primer grado. Mi menor es Maria.,cronograma de admision para primer grado mi menor es maria,ADMIS_CITAS,cronograma admision grado menor mario
Email,Solicito información de cuotas y detalles para 1ero secundaria. Atte: Mateo.,solicito informacion de cuotas y detalles para 1ero secundaria atte mateo,ADMIS_COSTOS,solicitar informacion cuota detalle 1ero secundario atte mateo
WhatsApp,Saber si hay espacios en 1ero secundaria para Ana. Gracias.,saber si hay espacios en 1ero secundaria para ana gracias,ADMIS_VACANTES,espacio 1ero secundario ana gracias
Web,charlas de admision para 1ero primaria. Mi menor es Sebastian.,charlas de admision para 1ero primaria mi menor es sebastian,ADMIS_CITAS,charla admision 1ero primario menor sebastiar
Email,"Estimados, quisiera saber los mensualidad de inicial 5 años para mi hijo Maria.",estimados quisiera saber los mensualidad de inicial 5 anos para mi hijo maria,ADMIS_COSTOS,estimado querer mensualidad inicial ano hijo mario
Web,<p><b>documentación para traslado a 6to primaria. Postulante: Thiago.</b></p>,documentacion para traslado a 6to primaria postulante thiago,ADMIS_REQUIS_DOC,documentacion traslado 6to primaria postulante thiago
Email,"Estimados, quisiera saber los pagos de 6to primaria para mi hijo Nicolas.",estimados quisiera saber los pagos de 6to primaria para mi hijo nicolas,ADMIS_COSTOS,estimado querer pago 6to primario hijo nicola
Email,"Estimados, quisiera saber los pensiones de inicial 3 años para mi hijo Ana.",estimados quisiera saber los pensiones de inicial 3 anos para mi hijo ana,ADMIS_COSTOS,estimado querer pensión inicial ano hijo án
WhatsApp,SABER SI HAY VACANTES EN PRIMER AÑO PARA LUCIA. GRACIAS.,saber si hay vacantes en primer ano para lucia gracias,ADMIS_VACANTES,vacante ano lucia gracias
WhatsApp,Saber si hay vacantes en 6to primaria para Maria. Gracias.,saber si hay vacantes en 6to primaria para maria gracias,ADMIS_VACANTES,vacante 6to primario maria gracias
Web,FICHA DE MATRÍCULA PARA TRASLADO A 6TO PRIMARIA. POSTULANTE: LUCIA.,ficha de matricula para traslado a 6to primaria postulante lucia,ADMIS_REQUIS_DOC,ficha matricula traslado 6to primaria postulante lucia
WhatsApp,<p><b>Hola hay lugares para secundaria? Mi niño se llama Elena.</b></p>,hola hay lugares para secundaria mi nino se llama elena,ADMIS_VACANTES,holar lugar secundario nino llamar elena
WhatsApp,Hola hay cupos para secundaria? Mi niño se llama Elena.,hola hay cupos para secundaria mi nino se llama elena,ADMIS_VACANTES,holar cupo secundario nino llamar elena
Web,partidas para traslado a 1ero primaria. Postulante: Camila.,partidas para traslado a 1ero primaria postulante camila,ADMIS_REQUIS_DOC,partida traslado 1ero primaria postulante camilar
Email,"Estimados, quisiera saber los pagos de primer grado para mi hijo Ana.",estimados quisiera saber los pagos de primer grado para mi hijo ana,ADMIS_COSTOS,estimado querer pago grado hijo án
Email,Solicito información de costos y detalles para secundaria. Atte: Ana.,solicito informacion de costos y detalles para secundaria atte ana,ADMIS_COSTOS,solicitar informacion costo detalle secundario atte ana
Web,citas de admision para 6to primaria. Mi menor es Sebastian.,citas de admision para 6to primaria mi menor es sebastian,ADMIS_CITAS,cita admision 6to primario menor sebastiar
WhatsApp,<p><b>Saber si hay disponibilidad de ingreso en 1ero secundaria para Valentina. Gracias.</b></p>,saber si hay disponibilidad de ingreso en 1ero secundaria para valentina gracias,ADMIS_VACANTES,disponibilidad ingreso 1ero secundario valentina gracias
Web,cronograma de admision para 1ero secundaria. Mi menor es Nicolas.,cronograma de admision para 1ero secundaria mi menor es nicolas,ADMIS_CITAS,cronograma admision 1ero secundario menor nicola
Web,charlas de admision para secundaria. Mi menor es Camila.,charlas de admision para secundaria mi menor es camila,ADMIS_CITAS,charla admision secundario menor camila
WhatsApp,Saber si hay lugares en 5to secundaria para Ana. Gracias.,saber si hay lugares en 5to secundaria para ana gracias,ADMIS_VACANTES,lugar 5to secundario ana gracias
WhatsApp,Hola hay lugares para inicial 5 años? Mi niño se llama Maria.,hola hay lugares para inicial 5 anos mi nino se llama maria,ADMIS_VACANTES,holar lugar inicial ano nino llamar mario
Email,Solicito información de cuotas y detalles para primer grado. Atte: Camila.,solicito informacion de cuotas y detalles para primer grado atte camila,ADMIS_COSTOS,solicitar informacion cuota detalle grado attar camilar
WhatsApp,Hola hay disponibilidad de ingreso para 5to secundaria? Mi niño se llama Luis.,hola hay disponibilidad de ingreso para 5to secundaria mi nino se llama luis,ADMIS_VACANTES,holar disponibilidad ingreso 5to secundario nino llamar luis
Web,documentación para traslado a 1ero secundaria. Postulante: Sebastian.,documentacion para traslado a 1ero secundaria postulante sebastian,ADMIS_REQUIS_DOC,documentacion traslado 1ero secundario postulante sebastiar
Email,Solicito información de costos y detalles para secundaria. Atte: Pedro.,solicito informacion de costos y detalles para secundaria atte pedro,ADMIS_COSTOS,solicitar informacion costo detalle secundario atte pedro
Web,papeles para traslado a inicial 5 años. Postulante: Sofia.,papeles para traslado a inicial 5 anos postulante sofia,ADMIS_REQUIS_DOC,papel traslado inicial ano postulante sofia
Web,CRONOGRAMA DE ADMISION PARA PRIMER AÑO. MI MENOR ES GABRIEL.,cronograma de admision para primer ano mi menor es gabriel,ADMIS_CITAS,cronograma admision ano menor gabriel
Email,<p><b>Solicito información de pensiones y detalles para inicial 3 años. Atte: Nicolas.</b></p>,solicito informacion de pensiones y detalles para inicial 3 anos atte nicolas,ADMIS_COSTOS,solicitar informacion pensión detalle inicial ano attar nicola
Email,"Estimados, quisiera saber los pensiones de 6to primaria para mi hijo Camila.",estimados quisiera saber los pensiones de 6to primaria para mi hijo camila,ADMIS_COSTOS,estimado querer pensión 6to primario hijo camilar
Web,PAPELES PARA TRASLADO A SECUNDARIA. POSTULANTE: SOFIA.,papeles para traslado a secundaria postulante sofia,ADMIS_REQUIS_DOC,papel traslado secundaria postulante sofia
WhatsApp,<p><b>Saber si hay cupos en 1ero primaria para Camila. Gracias.</b></p>,saber si hay cupos en 1ero primaria para camila gracias,ADMIS_VACANTES,cupo 1ero primario camila gracias
WhatsApp,Hola hay vacantes para inicial 5 años? Mi niño se llama Luis.,hola hay vacantes para inicial 5 anos mi nino se llama luis,ADMIS_VACANTES,holar vacante inicial ano nino llamar luis
Email,"<p><b>Estimados, quisiera saber los precios de inicial 4 años para mi hijo Valentina.</b></p>",estimados quisiera saber los precios de inicial 4 anos para mi hijo valentina,ADMIS_COSTOS,estimado querer precio inicial ano hijo valentín
Email,"Estimados, quisiera saber los pensiones de secundaria para mi hijo Elena.",estimados quisiera saber los pensiones de secundaria para mi hijo elena,ADMIS_COSTOS,estimado querer pensión secundaria hijo elena
Web,citas de admision para primer grado. Mi menor es Elena.,citas de admision para primer grado mi menor es elena,ADMIS_CITAS,cita admision grado menor elén
Email,Solicito información de pagos y detalles para 5to secundaria. Atte: Juan.,solicito informacion de pagos y detalles para 5to secundaria atte juan,ADMIS_COSTOS,solicitar informacion pago detalle 5to secundario atte juan
Web,ficha de matrícula para traslado a primer grado. Postulante: Camila.,ficha de matricula para traslado a primer grado postulante camila,ADMIS_REQUIS_DOC,ficha matricula traslado grado postulante camilar
Web,entrevistas de admision para inicial 3 años. Mi menor es Luis.,entrevistas de admision para inicial 3 anos mi menor es luis,ADMIS_CITAS,entrevista admision inicial ano menor luis
WhatsApp,Saber si hay espacios en 5to secundaria para Gabriel. Gracias.,saber si hay espacios en 5to secundaria para gabriel gracias,ADMIS_VACANTES,espacio 5to secundario gabriel gracias
Email,SOLICITO INFORMACIÓN DE COSTOS Y DETALLES PARA PRIMER GRADO. ATTE: SEBASTIAN.,solicito informacion de costos y detalles para primer grado atte sebastian,ADMIS_COSTOS,solicitar informacion costo detalle grado atte sebastiar
Email,Solicito información de mensualidad y detalles para inicial 4 años. Atte: Sofia.,solicito informacion de mensualidad y detalles para inicial 4 anos atte sofia,ADMIS_COSTOS,solicitar informacion mensualidad detalle inicial anos atte sofia
Email,Solicito información de precios y detalles para inicial 5 años. Atte: Juan.,solicito informacion de precios y detalles para inicial 5 anos atte juan,ADMIS_COSTOS,solicitar informacion precio detalle inicial anos atte juan
WhatsApp,SABER SI HAY VACANTES EN SECUNDARIA PARA LUIS. GRACIAS.,saber si hay vacantes en secundaria para luis gracias,ADMIS_VACANTES,vacante secundaria luis gracias
Email,"Estimados, quisiera saber los mensualidad de primer año para mi hijo Juan.",estimados quisiera saber los mensualidad de primer ano para mi hijo juan,ADMIS_COSTOS,estimado querer mensualidad ano hijo juan
Web,partidas para traslado a 5to secundaria. Postulante: Juan.,partidas para traslado a 5to secundaria postulante juan,ADMIS_REQUIS_DOC,partida traslado 5to secundario postulante juan
WhatsApp,<p><b>Hola hay disponibilidad de ingreso para 1ero primaria? Mi niño se llama Sebastian.</b></p>,hola hay disponibilidad de ingreso para 1ero primaria mi nino se llama sebastian,ADMIS_VACANTES,holar disponibilidad ingreso 1ero primario nino llamar sebastian
WhatsApp,Saber si hay cupos en secundaria para Valentina. Gracias.,saber si hay cupos en secundaria para valentina gracias,ADMIS_VACANTES,cupo secundaria valentina gracias
Web,ficha de matrícula para traslado a 1ero primaria. Postulante: Thiago.,ficha de matricula para traslado a 1ero primaria postulante thiago,ADMIS_REQUIS_DOC,ficha matricula traslado 1ero primaria postulante thiago
Web,CRONOGRAMA DE ADMISION PARA 1ERO PRIMARIA. MI MENOR ES THIAGO.,cronograma de admision para 1ero primaria mi menor es thiago,ADMIS_CITAS,cronograma admision 1ero primario menor thiago
Email,"Estimados, quisiera saber los mensualidad de 6to primaria para mi hijo Juan.",estimados quisiera saber los mensualidad de 6to primaria para mi hijo juan,ADMIS_COSTOS,estimado querer mensualidad 6to primario hijo juan
WhatsApp,Hola hay lugares para primer año? Mi niño se llama Thiago.,hola hay lugares para primer ano mi nino se llama thiago,ADMIS_VACANTES,holar lugar ano nino llamar thiago
Email,"<p><b>Estimados, quisiera saber los costos de primer año para mi hijo Lucia.</b></p>",estimados quisiera saber los costos de primer ano para mi hijo lucia,ADMIS_COSTOS,estimado querer costo ano hijo lucia
Email,SOLICITO INFORMACIÓN DE PRECIOS Y DETALLES PARA 5TO SECUNDARIA. ATTE: ELENA.,solicito informacion de precios y detalles para 5to secundaria atte elena,ADMIS_COSTOS,solicitar informacion precio detalle 5to secundario atte elén
Email,Solicito información de pagos y detalles para primer grado. Atte: Sofia.,solicito informacion de pagos y detalles para primer grado atte sofia,ADMIS_COSTOS,solicitar informacion pago detalle grado atte sofia
Email,"Estimados, quisiera saber los cuotas de secundaria para mi hijo Elena.",estimados quisiera saber los cuotas de secundaria para mi hijo elena,ADMIS_COSTOS,estimado querer cuota secundaria hijo elena
Web,citas de admision para 1ero primaria. Mi menor es Valentina.,citas de admision para 1ero primaria mi menor es valentina,ADMIS_CITAS,cita admision 1ero primario menor valentín
WhatsApp,Saber si hay disponibilidad de ingreso en 5to secundaria para Mateo. Gracias.,saber si hay disponibilidad de ingreso en 5to secundaria para mateo gracias,ADMIS_VACANTES,disponibilidad ingreso 5to secundario mateo gracias
WhatsApp,<p><b>Saber si hay disponibilidad de ingreso en 1ero primaria para Thiago. Gracias.</b></p>,saber si hay disponibilidad de ingreso en 1ero primaria para thiago gracias,ADMIS_VACANTES,disponibilidad ingreso 1ero primario thiago gracias
Web,charlas de admision para 6to primaria. Mi menor es Ana.,charlas de admision para 6to primaria mi menor es ana,ADMIS_CITAS,charla admision 6to primario menor án
WhatsApp,<p><b>Saber si hay vacantes en 6to primaria para Luis. Gracias.</b></p>,saber si hay vacantes en 6to primaria para luis gracias,ADMIS_VACANTES,vacante 6to primario luis gracias
Email,<p><b>Solicito información de pagos y detalles para inicial 4 años. Atte: Maria.</b></p>,solicito informacion de pagos y detalles para inicial 4 anos atte maria,ADMIS_COSTOS,solicitar informacion pago detalle inicial anos atte maria
WhatsApp,Hola hay disponibilidad de ingreso para inicial 3 años? Mi niño se llama Ana.,hola hay disponibilidad de ingreso para inicial 3 anos mi nino se llama ana,ADMIS_VACANTES,holar disponibilidad ingreso inicial ano nino llamar án
WhatsApp,<p><b>Saber si hay cupos en primer grado para Elena. Gracias.</b></p>,saber si hay cupos en primer grado para elena gracias,ADMIS_VACANTES,cupo grado elena gracias
Email,"Estimados, quisiera saber los cuotas de 1ero secundaria para mi hijo Thiago.",estimados quisiera saber los cuotas de 1ero secundaria para mi hijo thiago,ADMIS_COSTOS,estimado querer cuota 1ero secundario hijo thiago
Email,"Estimados, quisiera saber los pagos de primer año para mi hijo Gabriel.",estimados quisiera saber los pagos de primer ano para mi hijo gabriel,ADMIS_COSTOS,estimado querer pago ano hijo gabriel
Web,documentación para traslado a 1ero secundaria. Postulante: Sofia.,documentacion para traslado a 1ero secundaria postulante sofia,ADMIS_REQUIS_DOC,documentacion traslado 1ero secundario postulante sofia
WhatsApp,Saber si hay vacantes en inicial 3 años para Pedro. Gracias.,saber si hay vacantes en inicial 3 anos para pedro gracias,ADMIS_VACANTES,vacante inicial ano pedro gracias
WhatsApp,Hola hay disponibilidad de ingreso para secundaria? Mi niño se llama Elena.,hola hay disponibilidad de ingreso para secundaria mi nino se llama elena,ADMIS_VACANTES,holar disponibilidad ingreso secundario nino llamar elena
WhatsApp,<p><b>Saber si hay vacantes en 6to primaria para Juan. Gracias.</b></p>,saber si hay vacantes en 6to primaria para juan gracias,ADMIS_VACANTES,vacante 6to primario juan gracias
Email,SOLICITO INFORMACIÓN DE PENSIONES Y DETALLES PARA INICIAL 3 AÑOS. ATTE: LUIS.,solicito informacion de pensiones y detalles para inicial 3 anos atte luis,ADMIS_COSTOS,solicitar informacion pensión detalle inicial anos atte luis
Email,Solicito información de mensualidad y detalles para 1ero secundaria. Atte: Ana.,solicito informacion de mensualidad y detalles para 1ero secundaria atte ana,ADMIS_COSTOS,solicitar informacion mensualidad detalle 1ero secundario atte ana
WhatsApp,Saber si hay espacios en 6to primaria para Sebastian. Gracias.,saber si hay espacios en 6to primaria para sebastian gracias,ADMIS_VACANTES,espacio 6to primario sebastiar gracias
Email,Solicito información de precios y detalles para 1ero primaria. Atte: Camila.,solicito informacion de precios y detalles para 1ero primaria atte camila,ADMIS_COSTOS,solicitar informacion precio detalle 1ero primario attar camilar
WhatsApp,Hola hay disponibilidad de ingreso para inicial 3 años? Mi niño se llama Pedro.,hola hay disponibilidad de ingreso para inicial 3 anos mi nino se llama pedro,ADMIS_VACANTES,holar disponibilidad ingreso inicial ano nino llamar pedro
Email,"Estimados, quisiera saber los pagos de secundaria para mi hijo Pedro.",estimados quisiera saber los pagos de secundaria para mi hijo pedro,ADMIS_COSTOS,estimado querer pago secundaria hijo pedro
WhatsApp,HOLA HAY LUGARES PARA INICIAL 4 AÑOS? MI NIÑO SE LLAMA THIAGO.,hola hay lugares para inicial 4 anos mi nino se llama thiago,ADMIS_VACANTES,holar lugar inicial ano nino llamar thiago
Email,"<p><b>Estimados, quisiera saber los costos de inicial 5 años para mi hijo Pedro.</b></p>",estimados quisiera saber los costos de inicial 5 anos para mi hijo pedro,ADMIS_COSTOS,estimado querer costo inicial ano hijo pedro
Email,Solicito información de pagos y detalles para 1ero primaria. Atte: Mateo.,solicito informacion de pagos y detalles para 1ero primaria atte mateo,ADMIS_COSTOS,solicitar informacion pago detalle 1ero primario atte mateo
Email,"Estimados, quisiera saber los cuotas de inicial 4 años para mi hijo Sofia.",estimados quisiera saber los cuotas de inicial 4 anos para mi hijo sofia,ADMIS_COSTOS,estimado querer cuota inicial ano hijo sofia
Web,documentación para traslado a inicial 3 años. Postulante: Nicolas.,documentacion para traslado a inicial 3 anos postulante nicolas,ADMIS_REQUIS_DOC,documentacion traslado inicial ano postulante nico él
Email,"Estimados, quisiera saber los cuotas de 1ero secundaria para mi hijo Sebastian.",estimados quisiera saber los cuotas de 1ero secundaria para mi hijo sebastian,ADMIS_COSTOS,estimado querer cuota 1ero secundario hijo sebastiar
WhatsApp,<p><b>Hola hay lugares para 1ero secundaria? Mi niño se llama Sofia.</b></p>,hola hay lugares para 1ero secundaria mi nino se llama sofia,ADMIS_VACANTES,holar lugar 1ero secundario nino llamar sofia
WhatsApp,Saber si hay vacantes en inicial 4 años para Sebastian. Gracias.,saber si hay vacantes en inicial 4 anos para sebastian gracias,ADMIS_VACANTES,vacante inicial ano sebastiar gracias
WhatsApp,<p><b>Hola hay cupos para inicial 4 años? Mi niño se llama Luis.</b></p>,hola hay cupos para inicial 4 anos mi nino se llama luis,ADMIS_VACANTES,holar cupo inicial ano nino llamar luis
WhatsApp,<p><b>Saber si hay lugares en inicial 3 años para Camila. Gracias.</b></p>,saber si hay lugares en inicial 3 anos para camila gracias,ADMIS_VACANTES,lugar inicial ano camilar gracias
Email,"Estimados, quisiera saber los costos de inicial 4 años para mi hijo Sofia.",estimados quisiera saber los costos de inicial 4 anos para mi hijo sofia,ADMIS_COSTOS,estimado querer costo inicial ano hijo sofia
Email,"ESTIMADOS, QUISIERA SABER LOS PRECIOS DE 6TO PRIMARIA PARA MI HIJO VALENTINA.",estimados quisiera saber los precios de 6to primaria para mi hijo valentina,ADMIS_COSTOS,estimado querer precio 6to primario hijo valentín
WhatsApp,Hola hay disponibilidad de ingreso para primer grado? Mi niño se llama Mateo.,hola hay disponibilidad de ingreso para primer grado mi nino se llama mateo,ADMIS_VACANTES,holar disponibilidad ingreso grado nino llamar mateo
WhatsApp,<p><b>Hola hay vacantes para inicial 3 años? Mi niño se llama Gabriel.</b></p>,hola hay vacantes para inicial 3 anos mi nino se llama gabriel,ADMIS_VACANTES,holar vacante inicial ano nino llamar gabriel
Email,"ESTIMADOS, QUISIERA SABER LOS PRECIOS DE 1ERO SECUNDARIA PARA MI HIJO ELENA.",estimados quisiera saber los precios de 1ero secundaria para mi hijo elena,ADMIS_COSTOS,estimado querer precio 1ero secundario hijo elena
WhatsApp,SABER SI HAY LUGARES EN SECUNDARIA PARA MARIA. GRACIAS.,saber si hay lugares en secundaria para maria gracias,ADMIS_VACANTES,lugar secundaria maria gracias
Web,papeles para traslado a 1ero primaria. Postulante: Mateo.,papeles para traslado a 1ero primaria postulante mateo,ADMIS_REQUIS_DOC,papel traslado 1ero primaria postulante mateo
WhatsApp,Saber si hay cupos en 1ero primaria para Sofia. Gracias.,saber si hay cupos en 1ero primaria para sofia gracias,ADMIS_VACANTES,cupo 1ero primario sofia gracias
WhatsApp,<p><b>Hola hay vacantes para inicial 5 años? Mi niño se llama Nicolas.</b></p>,hola hay vacantes para inicial 5 anos mi nino se llama nicolas,ADMIS_VACANTES,holar vacante inicial ano nino llamar nicola
Web,entrevistas de admision para primer grado. Mi menor es Gabriel.,entrevistas de admision para primer grado mi menor es gabriel,ADMIS_CITAS,entrevista admision grado menor gabriel
WhatsApp,Saber si hay espacios en inicial 3 años para Sofia. Gracias.,saber si hay espacios en inicial 3 anos para sofia gracias,ADMIS_VACANTES,espacio inicial ano sofia gracias
Web,documentos para traslado a inicial 3 años. Postulante: Maria.,documentos para traslado a inicial 3 anos postulante maria,ADMIS_REQUIS_DOC,documento traslado inicial ano postulante mario
WhatsApp,Saber si hay vacantes en primer año para Gabriel. Gracias.,saber si hay vacantes en primer ano para gabriel gracias,ADMIS_VACANTES,vacante ano gabriel gracias
Web,documentación para traslado a secundaria. Postulante: Ana.,documentacion para traslado a secundaria postulante ana,ADMIS_REQUIS_DOC,documentacion traslado secundario postulante ana
Email,"Estimados, quisiera saber los costos de inicial 4 años para mi hijo Juan.",estimados quisiera saber los costos de inicial 4 anos para mi hijo juan,ADMIS_COSTOS,estimado querer costo inicial ano hijo juan
Web,documentación para traslado a inicial 3 años. Postulante: Pedro.,documentacion para traslado a inicial 3 anos postulante pedro,ADMIS_REQUIS_DOC,documentacion traslado inicial ano postulante pedro
Email,Solicito información de pensiones y detalles para inicial 4 años. Atte: Thiago.,solicito informacion de pensiones y detalles para inicial 4 anos atte thiago,ADMIS_COSTOS,solicitar informacion pensión detalle inicial anos attar thiago
Email,Solicito información de pagos y detalles para primer año. Atte: Ana.,solicito informacion de pagos y detalles para primer ano atte ana,ADMIS_COSTOS,solicitar informacion pago detalle ano attar ana
Web,citas de admision para primer grado. Mi menor es Maria.,citas de admision para primer grado mi menor es maria,ADMIS_CITAS,cita admision grado menor mario
Email,SOLICITO INFORMACIÓN DE MENSUALIDAD Y DETALLES PARA 1ERO SECUNDARIA. ATTE: LUCIA.,solicito informacion de mensualidad y detalles para 1ero secundaria atte lucia,ADMIS_COSTOS,solicitar informacion mensualidad detalle 1ero secundario atte lucia
Web,documentos para traslado a 1ero primaria. Postulante: Mateo.,documentos para traslado a 1ero primaria postulante mateo,ADMIS_REQUIS_DOC,documento traslado 1ero primaria postulante mateo
WhatsApp,<p><b>Saber si hay lugares en 1ero secundaria para Thiago. Gracias.</b></p>,saber si hay lugares en 1ero secundaria para thiago gracias,ADMIS_VACANTES,lugar 1ero secundario thiago gracias
WhatsApp,Hola hay vacantes para inicial 3 años? Mi niño se llama Maria.,hola hay vacantes para inicial 3 anos mi nino se llama maria,ADMIS_VACANTES,holar vacante inicial ano nino llamar mario
Email,Solicito información de precios y detalles para 6to primaria. Atte: Thiago.,solicito informacion de precios y detalles para 6to primaria atte thiago,ADMIS_COSTOS,solicitar informacion precio detalle 6to primaria attar thiago
Email,<p><b>Solicito información de costos y detalles para secundaria. Atte: Luis.</b></p>,solicito informacion de costos y detalles para secundaria atte luis,ADMIS_COSTOS,solicitar informacion costo detalle secundario atte luis
Web,CHARLAS DE ADMISION PARA INICIAL 3 AÑOS. MI MENOR ES SOFIA.,charlas de admision para inicial 3 anos mi menor es sofia,ADMIS_CITAS,charla admision inicial ano menor sofia
Email,SOLICITO INFORMACIÓN DE PENSIONES Y DETALLES PARA 6TO PRIMARIA. ATTE: ANA.,solicito informacion de pensiones y detalles para 6to primaria atte ana,ADMIS_COSTOS,solicitar informacion pensión detalle 6to primaria attar ana
Email,SOLICITO INFORMACIÓN DE PENSIONES Y DETALLES PARA 6TO PRIMARIA. ATTE: MATEO.,solicito informacion de pensiones y detalles para 6to primaria atte mateo,ADMIS_COSTOS,solicitar informacion pensión detalle 6to primaria atte mateo
WhatsApp,HOLA HAY ESPACIOS PARA INICIAL 3 AÑOS? MI NIÑO SE LLAMA GABRIEL.,hola hay espacios para inicial 3 anos mi nino se llama gabriel,ADMIS_VACANTES,holar espacio inicial ano nino llamar gabriel
Web,CRONOGRAMA DE ADMISION PARA SECUNDARIA. MI MENOR ES ANA.,cronograma de admision para secundaria mi menor es ana,ADMIS_CITAS,cronograma admision secundario menor án
WhatsApp,SABER SI HAY DISPONIBILIDAD DE INGRESO EN 5TO SECUNDARIA PARA PEDRO. GRACIAS.,saber si hay disponibilidad de ingreso en 5to secundaria para pedro gracias,ADMIS_VACANTES,disponibilidad ingreso 5to secundario pedro gracias
WhatsApp,<p><b>Hola hay espacios para inicial 5 años? Mi niño se llama Mateo.</b></p>,hola hay espacios para inicial 5 anos mi nino se llama mateo,ADMIS_VACANTES,holar espacio inicial ano nino llamar mateo
WhatsApp,Hola hay vacantes para secundaria? Mi niño se llama Sofia.,hola hay vacantes para secundaria mi nino se llama sofia,ADMIS_VACANTES,holar vacante secundario nino llamar sofia
WhatsApp,Saber si hay disponibilidad de ingreso en inicial 3 años para Lucia. Gracias.,saber si hay disponibilidad de ingreso en inicial 3 anos para lucia gracias,ADMIS_VACANTES,disponibilidad ingreso inicial ano lucia gracias
Web,documentos para traslado a primer grado. Postulante: Camila.,documentos para traslado a primer grado postulante camila,ADMIS_REQUIS_DOC,documento traslado grado postulante camilar
WhatsApp,Hola hay cupos para 1ero primaria? Mi niño se llama Pedro.,hola hay cupos para 1ero primaria mi nino se llama pedro,ADMIS_VACANTES,holar cupo 1ero primario nino llamar pedro
WhatsApp,<p><b>Saber si hay disponibilidad de ingreso en primer año para Camila. Gracias.</b></p>,saber si hay disponibilidad de ingreso en primer ano para camila gracias,ADMIS_VACANTES,disponibilidad ingreso ano camilar gracias
WhatsApp,Saber si hay vacantes en primer año para Sofia. Gracias.,saber si hay vacantes en primer ano para sofia gracias,ADMIS_VACANTES,vacante ano sofia gracias
Email,"ESTIMADOS, QUISIERA SABER LOS CUOTAS DE 6TO PRIMARIA PARA MI HIJO CAMILA.",estimados quisiera saber los cuotas de 6to primaria para mi hijo camila,ADMIS_COSTOS,estimado querer cuota 6to primario hijo camilar
WhatsApp,Hola hay espacios para 5to secundaria? Mi niño se llama Ana.,hola hay espacios para 5to secundaria mi nino se llama ana,ADMIS_VACANTES,holar espacio 5to secundario nino llamar án
Email,"Estimados, quisiera saber los pagos de primer grado para mi hijo Luis.",estimados quisiera saber los pagos de primer grado para mi hijo luis,ADMIS_COSTOS,estimado querer pago grado hijo luis
Web,requisitos para traslado a inicial 3 años. Postulante: Luis.,requisitos para traslado a inicial 3 anos postulante luis,ADMIS_REQUIS_DOC,requisito traslado inicial ano postulante luis
Email,"ESTIMADOS, QUISIERA SABER LOS PRECIOS DE 1ERO SECUNDARIA PARA MI HIJO THIAGO.",estimados quisiera saber los precios de 1ero secundaria para mi hijo thiago,ADMIS_COSTOS,estimado querer precio 1ero secundario hijo thiago
WhatsApp,HOLA HAY DISPONIBILIDAD DE INGRESO PARA 1ERO PRIMARIA? MI NIÑO SE LLAMA ELENA.,hola hay disponibilidad de ingreso para 1ero primaria mi nino se llama elena,ADMIS_VACANTES,holar disponibilidad ingreso 1ero primario nino llamar elena
WhatsApp,Saber si hay espacios en inicial 4 años para Thiago. Gracias.,saber si hay espacios en inicial 4 anos para thiago gracias,ADMIS_VACANTES,espacio inicial ano thiago gracias
WhatsApp,Hola hay cupos para inicial 4 años? Mi niño se llama Elena.,hola hay cupos para inicial 4 anos mi nino se llama elena,ADMIS_VACANTES,holar cupo inicial ano nino llamar elena
Web,cronograma de admision para primer grado. Mi menor es Nicolas.,cronograma de admision para primer grado mi menor es nicolas,ADMIS_CITAS,cronograma admision grado menor nicola
WhatsApp,<p><b>Hola hay cupos para inicial 3 años? Mi niño se llama Juan.</b></p>,hola hay cupos para inicial 3 anos mi nino se llama juan,ADMIS_VACANTES,holar cupo inicial ano nino llamar juan
Email,Solicito información de precios y detalles para inicial 3 años. Atte: Pedro.,solicito informacion de precios y detalles para inicial 3 anos atte pedro,ADMIS_COSTOS,solicitar informacion precio detalle inicial anos atte pedro
Email,Solicito información de costos y detalles para 5to secundaria. Atte: Pedro.,solicito informacion de costos y detalles para 5to secundaria atte pedro,ADMIS_COSTOS,solicitar informacion costo detalle 5to secundario atte pedro
WhatsApp,SABER SI HAY CUPOS EN INICIAL 3 AÑOS PARA ANA. GRACIAS.,saber si hay cupos en inicial 3 anos para ana gracias,ADMIS_VACANTES,cupo inicial ano ana gracias
Email,"<p><b>Estimados, quisiera saber los cuotas de primer año para mi hijo Sebastian.</b></p>",estimados quisiera saber los cuotas de primer ano para mi hijo sebastian,ADMIS_COSTOS,estimado querer cuota ano hijo sebastiar
Web,documentos para traslado a 1ero secundaria. Postulante: Nicolas.,documentos para traslado a 1ero secundaria postulante nicolas,ADMIS_REQUIS_DOC,documento traslado 1ero secundario postulante nicola
Email,Solicito información de mensualidad y detalles para secundaria. Atte: Gabriel.,solicito informacion de mensualidad y detalles para secundaria atte gabriel,ADMIS_COSTOS,solicitar informacion mensualidad detalle secundario atte gabriel
WhatsApp,Saber si hay lugares en 1ero secundaria para Lucia. Gracias.,saber si hay lugares en 1ero secundaria para lucia gracias,ADMIS_VACANTES,lugar 1ero secundario lucia gracias
Email,Solicito información de mensualidad y detalles para 6to primaria. Atte: Camila.,solicito informacion de mensualidad y detalles para 6to primaria atte camila,ADMIS_COSTOS,solicitar informacion mensualidad detalle 6to primaria attar camilar
WhatsApp,HOLA HAY DISPONIBILIDAD DE INGRESO PARA PRIMER AÑO? MI NIÑO SE LLAMA JUAN.,hola hay disponibilidad de ingreso para primer ano mi nino se llama juan,ADMIS_VACANTES,holar disponibilidad ingreso ano nino llamar juan
Web,requisitos para traslado a 5to secundaria. Postulante: Pedro.,requisitos para traslado a 5to secundaria postulante pedro,ADMIS_REQUIS_DOC,requisito traslado 5to secundario postulante pedro
WhatsApp,Hola hay vacantes para inicial 4 años? Mi niño se llama Nicolas.,hola hay vacantes para inicial 4 anos mi nino se llama nicolas,ADMIS_VACANTES,holar vacante inicial ano nino llamar nicola
Web,<p><b>reunión de admision para primer año. Mi menor es Luis.</b></p>,reunion de admision para primer ano mi menor es luis,ADMIS_CITAS,reunion admision ano menor luis
WhatsApp,<p><b>Saber si hay vacantes en 5to secundaria para Mateo. Gracias.</b></p>,saber si hay vacantes en 5to secundaria para mateo gracias,ADMIS_VACANTES,vacante 5to secundario mateo gracias
Web,cronograma de admision para 1ero primaria. Mi menor es Valentina.,cronograma de admision para 1ero primaria mi menor es valentina,ADMIS_CITAS,cronograma admision 1ero primario menor valentín
Web,<p><b>partidas para traslado a 1ero secundaria. Postulante: Mateo.</b></p>,partidas para traslado a 1ero secundaria postulante mateo,ADMIS_REQUIS_DOC,partida traslado 1ero secundario postulante mateo
Web,papeles para traslado a 6to primaria. Postulante: Lucia.,papeles para traslado a 6to primaria postulante lucia,ADMIS_REQUIS_DOC,papel traslado 6to primaria postulante lucia
Web,entrevistas de admision para inicial 4 años. Mi menor es Maria.,entrevistas de admision para inicial 4 anos mi menor es maria,ADMIS_CITAS,entrevista admision inicial ano menor mario
Email,"Estimados, quisiera saber los costos de inicial 4 años para mi hijo Pedro.",estimados quisiera saber los costos de inicial 4 anos para mi hijo pedro,ADMIS_COSTOS,estimado querer costo inicial ano hijo pedro
Web,papeles para traslado a inicial 4 años. Postulante: Luis.,papeles para traslado a inicial 4 anos postulante luis,ADMIS_REQUIS_DOC,papel traslado inicial ano postulante luis
Web,documentos para traslado a 5to secundaria. Postulante: Camila.,documentos para traslado a 5to secundaria postulante camila,ADMIS_REQUIS_DOC,documento traslado 5to secundario postulante camilar
WhatsApp,Saber si hay espacios en 6to primaria para Lucia. Gracias.,saber si hay espacios en 6to primaria para lucia gracias,ADMIS_VACANTES,espacio 6to primario lucia gracias
Email,Solicito información de pensiones y detalles para 1ero primaria. Atte: Ana.,solicito informacion de pensiones y detalles para 1ero primaria atte ana,ADMIS_COSTOS,solicitar informacion pensión detalle 1ero primario attar ana
WhatsApp,Hola hay lugares para 1ero secundaria? Mi niño se llama Sebastian.,hola hay lugares para 1ero secundaria mi nino se llama sebastian,ADMIS_VACANTES,holar lugar 1ero secundario nino llamar sebastian
WhatsApp,Hola hay lugares para primer grado? Mi niño se llama Camila.,hola hay lugares para primer grado mi nino se llama camila,ADMIS_VACANTES,holar lugar grado nino llamar camila
Web,<p><b>partidas para traslado a inicial 3 años. Postulante: Mateo.</b></p>,partidas para traslado a inicial 3 anos postulante mateo,ADMIS_REQUIS_DOC,partida traslado inicial ano postulante mateo
Email,Solicito información de cuotas y detalles para inicial 3 años. Atte: Elena.,solicito informacion de cuotas y detalles para inicial 3 anos atte elena,ADMIS_COSTOS,solicitar informacion cuota detalle inicial anos atte elén
WhatsApp,SABER SI HAY DISPONIBILIDAD DE INGRESO EN 1ERO SECUNDARIA PARA GABRIEL. GRACIAS.,saber si hay disponibilidad de ingreso en 1ero secundaria para gabriel gracias,ADMIS_VACANTES,disponibilidad ingreso 1ero secundario gabriel gracias
Email,SOLICITO INFORMACIÓN DE MENSUALIDAD Y DETALLES PARA PRIMER AÑO. ATTE: THIAGO.,solicito informacion de mensualidad y detalles para primer ano atte thiago,ADMIS_COSTOS,solicitar informacion mensualidad detalle ano attar thiago
WhatsApp,Hola hay vacantes para primer grado? Mi niño se llama Mateo.,hola hay vacantes para primer grado mi nino se llama mateo,ADMIS_VACANTES,holar vacante grado nino llamar mateo
WhatsApp,<p><b>Hola hay vacantes para 1ero secundaria? Mi niño se llama Lucia.</b></p>,hola hay vacantes para 1ero secundaria mi nino se llama lucia,ADMIS_VACANTES,holar vacante 1ero secundario nino llamar lucia
WhatsApp,<p><b>Saber si hay espacios en 6to primaria para Ana. Gracias.</b></p>,saber si hay espacios en 6to primaria para ana gracias,ADMIS_VACANTES,espacio 6to primario ana gracias
Email,Solicito información de precios y detalles para 1ero primaria. Atte: Nicolas.,solicito informacion de precios y detalles para 1ero primaria atte nicolas,ADMIS_COSTOS,solicitar informacion precio detalle 1ero primario attar nicola
Email,Solicito información de mensualidad y detalles para 1ero secundaria. Atte: Camila.,solicito informacion de mensualidad y detalles para 1ero secundaria atte camila,ADMIS_COSTOS,solicitar informacion mensualidad detalle 1ero secundario atte camilar
Email,Solicito información de precios y detalles para inicial 3 años. Atte: Ana.,solicito informacion de precios y detalles para inicial 3 anos atte ana,ADMIS_COSTOS,solicitar informacion precio detalle inicial anos attir ana
Email,"Estimados, quisiera saber los costos de 5to secundaria para mi hijo Lucia.",estimados quisiera saber los costos de 5to secundaria para mi hijo lucia,ADMIS_COSTOS,estimado querer costo 5to secundario hijo lucia
Email,"Estimados, quisiera saber los costos de 6to primaria para mi hijo Luis.",estimados quisiera saber los costos de 6to primaria para mi hijo luis,ADMIS_COSTOS,estimado querer costo 6to primario hijo luis
Web,charlas de admision para 1ero secundaria. Mi menor es Lucia.,charlas de admision para 1ero secundaria mi menor es lucia,ADMIS_CITAS,charla admision 1ero secundario menor lucia
Web,reunión de admision para 1ero primaria. Mi menor es Pedro.,reunion de admision para 1ero primaria mi menor es pedro,ADMIS_CITAS,reunion admision 1ero primario menor pedro
WhatsApp,Hola hay cupos para 5to secundaria? Mi niño se llama Valentina.,hola hay cupos para 5to secundaria mi nino se llama valentina,ADMIS_VACANTES,holar cupo 5to secundario nino llamar valentina
Web,documentos para traslado a primer grado. Postulante: Lucia.,documentos para traslado a primer grado postulante lucia,ADMIS_REQUIS_DOC,documento traslado grado postulante lucia
Web,ficha de matrícula para traslado a inicial 3 años. Postulante: Maria.,ficha de matricula para traslado a inicial 3 anos postulante maria,ADMIS_REQUIS_DOC,ficha matricula traslado inicial ano postulante mario
WhatsApp,<p><b>Hola hay disponibilidad de ingreso para inicial 4 años? Mi niño se llama Elena.</b></p>,hola hay disponibilidad de ingreso para inicial 4 anos mi nino se llama elena,ADMIS_VACANTES,holar disponibilidad ingreso inicial ano nino llamar elena
WhatsApp,<p><b>Saber si hay espacios en inicial 4 años para Pedro. Gracias.</b></p>,saber si hay espacios en inicial 4 anos para pedro gracias,ADMIS_VACANTES,espacio inicial ano pedro gracias
WhatsApp,Saber si hay disponibilidad de ingreso en 5to secundaria para Lucia. Gracias.,saber si hay disponibilidad de ingreso en 5to secundaria para lucia gracias,ADMIS_VACANTES,disponibilidad ingreso 5to secundario lucia gracias
Email,"<p><b>Estimados, quisiera saber los cuotas de inicial 4 años para mi hijo Mateo.</b></p>",estimados quisiera saber los cuotas de inicial 4 anos para mi hijo mateo,ADMIS_COSTOS,estimado querer cuota inicial ano hijo mateo
Email,Solicito información de pagos y detalles para inicial 3 años. Atte: Juan.,solicito informacion de pagos y detalles para inicial 3 anos atte juan,ADMIS_COSTOS,solicitar informacion pago detalle inicial anos atte juan
Email,<p><b>Solicito información de precios y detalles para inicial 3 años. Atte: Thiago.</b></p>,solicito informacion de precios y detalles para inicial 3 anos atte thiago,ADMIS_COSTOS,solicitar informacion precio detalle inicial anos attar thiago
Email,Solicito información de cuotas y detalles para primer grado. Atte: Pedro.,solicito informacion de cuotas y detalles para primer grado atte pedro,ADMIS_COSTOS,solicitar informacion cuota detalle grado atte pedro
WhatsApp,<p><b>Saber si hay disponibilidad de ingreso en 6to primaria para Juan. Gracias.</b></p>,saber si hay disponibilidad de ingreso en 6to primaria para juan gracias,ADMIS_VACANTES,disponibilidad ingreso 6to primario juan gracias
Web,charlas de admision para inicial 5 años. Mi menor es Sebastian.,charlas de admision para inicial 5 anos mi menor es sebastian,ADMIS_CITAS,charla admision inicial ano menor sebastiar
WhatsApp,Hola hay espacios para secundaria? Mi niño se llama Sebastian.,hola hay espacios para secundaria mi nino se llama sebastian,ADMIS_VACANTES,holar espacio secundario nino llamar sebastian
Email,SOLICITO INFORMACIÓN DE MENSUALIDAD Y DETALLES PARA 6TO PRIMARIA. ATTE: SOFIA.,solicito informacion de mensualidad y detalles para 6to primaria atte sofia,ADMIS_COSTOS,solicitar informacion mensualidad detalle 6to primaria atte sofia
Web,partidas para traslado a 6to primaria. Postulante: Pedro.,partidas para traslado a 6to primaria postulante pedro,ADMIS_REQUIS_DOC,partida traslado 6to primaria postulante pedro
WhatsApp,Saber si hay disponibilidad de ingreso en secundaria para Mateo. Gracias.,saber si hay disponibilidad de ingreso en secundaria para mateo gracias,ADMIS_VACANTES,disponibilidad ingreso secundaria mateo gracias
WhatsApp,Saber si hay lugares en 5to secundaria para Nicolas. Gracias.,saber si hay lugares en 5to secundaria para nicolas gracias,ADMIS_VACANTES,lugar 5to secundario nico él gracia
Web,entrevistas de admision para inicial 3 años. Mi menor es Lucia.,entrevistas de admision para inicial 3 anos mi menor es lucia,ADMIS_CITAS,entrevista admision inicial ano menor lucia
WhatsApp,Saber si hay disponibilidad de ingreso en primer grado para Camila. Gracias.,saber si hay disponibilidad de ingreso en primer grado para camila gracias,ADMIS_VACANTES,disponibilidad ingreso grado camilar gracias
WhatsApp,<p><b>Hola hay vacantes para inicial 5 años? Mi niño se llama Pedro.</b></p>,hola hay vacantes para inicial 5 anos mi nino se llama pedro,ADMIS_VACANTES,holar vacante inicial ano nino llamar pedro
Web,<p><b>citas de admision para secundaria. Mi menor es Valentina.</b></p>,citas de admision para secundaria mi menor es valentina,ADMIS_CITAS,cita admision secundario menor valentín
Email,"Estimados, quisiera saber los costos de 5to secundaria para mi hijo Valentina.",estimados quisiera saber los costos de 5to secundaria para mi hijo valentina,ADMIS_COSTOS,estimado querer costo 5to secundario hijo valentín
Email,<p><b>Solicito información de cuotas y detalles para inicial 4 años. Atte: Gabriel.</b></p>,solicito informacion de cuotas y detalles para inicial 4 anos atte gabriel,ADMIS_COSTOS,solicitar informacion cuota detalle inicial anos atte gabriel
Email,Solicito información de pensiones y detalles para 5to secundaria. Atte: Nicolas.,solicito informacion de pensiones y detalles para 5to secundaria atte nicolas,ADMIS_COSTOS,solicitar informacion pensión detalle 5to secundario atte nicola
Web,papeles para traslado a 5to secundaria. Postulante: Juan.,papeles para traslado a 5to secundaria postulante juan,ADMIS_REQUIS_DOC,papel traslado 5to secundario postulante juan
Web,papeles para traslado a 1ero primaria. Postulante: Maria.,papeles para traslado a 1ero primaria postulante maria,ADMIS_REQUIS_DOC,papel traslado 1ero primaria postulante mario
Email,SOLICITO INFORMACIÓN DE COSTOS Y DETALLES PARA SECUNDARIA. ATTE: GABRIEL.,solicito informacion de costos y detalles para secundaria atte gabriel,ADMIS_COSTOS,solicitar informacion costo detalle secundario atte gabriel
WhatsApp,Hola hay vacantes para 5to secundaria? Mi niño se llama Mateo.,hola hay vacantes para 5to secundaria mi nino se llama mateo,ADMIS_VACANTES,holar vacante 5to secundario nino llamar mateo
Web,ficha de matrícula para traslado a inicial 5 años. Postulante: Pedro.,ficha de matricula para traslado a inicial 5 anos postulante pedro,ADMIS_REQUIS_DOC,ficha matricula traslado inicial ano postulante pedro
Web,<p><b>charlas de admision para inicial 3 años. Mi menor es Lucia.</b></p>,charlas de admision para inicial 3 anos mi menor es lucia,ADMIS_CITAS,charla admision inicial ano menor lucia
Email,"Estimados, quisiera saber los mensualidad de 5to secundaria para mi hijo Pedro.",estimados quisiera saber los mensualidad de 5to secundaria para mi hijo pedro,ADMIS_COSTOS,estimado querer mensualidad 5to secundario hijo pedro
Email,<p><b>Solicito información de mensualidad y detalles para 6to primaria. Atte: Valentina.</b></p>,solicito informacion de mensualidad y detalles para 6to primaria atte valentina,ADMIS_COSTOS,solicitar informacion mensualidad detalle 6to primaria atte valentín
WhatsApp,Saber si hay lugares en 1ero secundaria para Elena. Gracias.,saber si hay lugares en 1ero secundaria para elena gracias,ADMIS_VACANTES,lugar 1ero secundario elena gracias
WhatsApp,Hola hay cupos para inicial 4 años? Mi niño se llama Valentina.,hola hay cupos para inicial 4 anos mi nino se llama valentina,ADMIS_VACANTES,holar cupo inicial ano nino llamar valentina
Web,DOCUMENTOS PARA TRASLADO A INICIAL 4 AÑOS. POSTULANTE: SEBASTIAN.,documentos para traslado a inicial 4 anos postulante sebastian,ADMIS_REQUIS_DOC,documento traslado inicial ano postulante sebastiar
WhatsApp,<p><b>Saber si hay vacantes en inicial 5 años para Ana. Gracias.</b></p>,saber si hay vacantes en inicial 5 anos para ana gracias,ADMIS_VACANTES,vacante inicial ano ana gracias
Web,cronograma de admision para secundaria. Mi menor es Elena.,cronograma de admision para secundaria mi menor es elena,ADMIS_CITAS,cronograma admision secundario menor elén
Email,"Estimados, quisiera saber los pensiones de 5to secundaria para mi hijo Sofia.",estimados quisiera saber los pensiones de 5to secundaria para mi hijo sofia,ADMIS_COSTOS,estimado querer pensión 5to secundario hijo sofia
WhatsApp,Hola hay cupos para 6to primaria? Mi niño se llama Elena.,hola hay cupos para 6to primaria mi nino se llama elena,ADMIS_VACANTES,holar cupo 6to primaria nino llamar elena
Email,"Estimados, quisiera saber los costos de primer grado para mi hijo Lucia.",estimados quisiera saber los costos de primer grado para mi hijo lucia,ADMIS_COSTOS,estimado querer costo grado hijo lucia
Email,"ESTIMADOS, QUISIERA SABER LOS PENSIONES DE PRIMER AÑO PARA MI HIJO GABRIEL.",estimados quisiera saber los pensiones de primer ano para mi hijo gabriel,ADMIS_COSTOS,estimado querer pensión ano hijo gabriel
Email,Solicito información de pensiones y detalles para primer grado. Atte: Nicolas.,solicito informacion de pensiones y detalles para primer grado atte nicolas,ADMIS_COSTOS,solicitar informacion pensión detalle grado attar nicola
WhatsApp,Saber si hay vacantes en 1ero primaria para Luis. Gracias.,saber si hay vacantes en 1ero primaria para luis gracias,ADMIS_VACANTES,vacante 1ero primario luis gracias
Email,"Estimados, quisiera saber los mensualidad de 1ero secundaria para mi hijo Thiago.",estimados quisiera saber los mensualidad de 1ero secundaria para mi hijo thiago,ADMIS_COSTOS,estimado querer mensualidad 1ero secundario hijo thiago
Web,partidas para traslado a inicial 4 años. Postulante: Elena.,partidas para traslado a inicial 4 anos postulante elena,ADMIS_REQUIS_DOC,partida traslado inicial ano postulante elén
WhatsApp,<p><b>Hola hay cupos para primer grado? Mi niño se llama Thiago.</b></p>,hola hay cupos para primer grado mi nino se llama thiago,ADMIS_VACANTES,holar cupo grado nino llamar thiago
Web,<p><b>requisitos para traslado a inicial 3 años. Postulante: Sebastian.</b></p>,requisitos para traslado a inicial 3 anos postulante sebastian,ADMIS_REQUIS_DOC,requisito traslado inicial ano postulante sebastiar
Web,citas de admision para 6to primaria. Mi menor es Juan.,citas de admision para 6to primaria mi menor es juan,ADMIS_CITAS,cita admision 6to primario menor juan
Email,"Estimados, quisiera saber los costos de secundaria para mi hijo Juan.",estimados quisiera saber los costos de secundaria para mi hijo juan,ADMIS_COSTOS,estimado querer costo secundaria hijo juan
Email,"Estimados, quisiera saber los costos de 5to secundaria para mi hijo Luis.",estimados quisiera saber los costos de 5to secundaria para mi hijo luis,ADMIS_COSTOS,estimado querer costo 5to secundario hijo luis
Email,"Estimados, quisiera saber los costos de secundaria para mi hijo Camila.",estimados quisiera saber los costos de secundaria para mi hijo camila,ADMIS_COSTOS,estimado querer costo secundaria hijo camilar
Email,Solicito información de pagos y detalles para primer año. Atte: Camila.,solicito informacion de pagos y detalles para primer ano atte camila,ADMIS_COSTOS,solicitar informacion pago detalle ano attar camilar
WhatsApp,<p><b>Saber si hay lugares en 1ero primaria para Juan. Gracias.</b></p>,saber si hay lugares en 1ero primaria para juan gracias,ADMIS_VACANTES,lugar 1ero primario juan gracias
Web,ENTREVISTAS DE ADMISION PARA PRIMER GRADO. MI MENOR ES PEDRO.,entrevistas de admision para primer grado mi menor es pedro,ADMIS_CITAS,entrevista admision grado menor pedro
WhatsApp,Saber si hay cupos en inicial 5 años para Elena. Gracias.,saber si hay cupos en inicial 5 anos para elena gracias,ADMIS_VACANTES,cupo inicial ano elena gracias
Email,"Estimados, quisiera saber los costos de inicial 4 años para mi hijo Valentina.",estimados quisiera saber los costos de inicial 4 anos para mi hijo valentina,ADMIS_COSTOS,estimado querer costo inicial ano hijo valentín
Email,Solicito información de mensualidad y detalles para inicial 4 años. Atte: Lucia.,solicito informacion de mensualidad y detalles para inicial 4 anos atte lucia,ADMIS_COSTOS,solicitar informacion mensualidad detalle inicial ano attir lucia
WhatsApp,Saber si hay vacantes en inicial 3 años para Luis. Gracias.,saber si hay vacantes en inicial 3 anos para luis gracias,ADMIS_VACANTES,vacante inicial ano luis gracias
Web,ficha de matrícula para traslado a inicial 4 años. Postulante: Maria.,ficha de matricula para traslado a inicial 4 anos postulante maria,ADMIS_REQUIS_DOC,ficha matricula traslado inicial ano postulante mario
Email,"Estimados, quisiera saber los cuotas de inicial 3 años para mi hijo Mateo.",estimados quisiera saber los cuotas de inicial 3 anos para mi hijo mateo,ADMIS_COSTOS,estimado querer cuota inicial ano hijo mateo
WhatsApp,HOLA HAY CUPOS PARA 5TO SECUNDARIA? MI NIÑO SE LLAMA LUIS.,hola hay cupos para 5to secundaria mi nino se llama luis,ADMIS_VACANTES,holar cupo 5to secundario nino llamar luis
Web,<p><b>partidas para traslado a secundaria. Postulante: Sebastian.</b></p>,partidas para traslado a secundaria postulante sebastian,ADMIS_REQUIS_DOC,partida traslado secundaria postulante sebastiar
Web,requisitos para traslado a 5to secundaria. Postulante: Nicolas.,requisitos para traslado a 5to secundaria postulante nicolas,ADMIS_REQUIS_DOC,requisito traslado 5to secundario postulante nicola
Web,<p><b>documentación para traslado a 1ero secundaria. Postulante: Luis.</b></p>,documentacion para traslado a 1ero secundaria postulante luis,ADMIS_REQUIS_DOC,documentacion traslado 1ero secundario postulante luis
Web,<p><b>requisitos para traslado a primer año. Postulante: Thiago.</b></p>,requisitos para traslado a primer ano postulante thiago,ADMIS_REQUIS_DOC,requisito traslado ano postulante thiago
Email,"Estimados, quisiera saber los costos de 6to primaria para mi hijo Gabriel.",estimados quisiera saber los costos de 6to primaria para mi hijo gabriel,ADMIS_COSTOS,estimado querer costo 6to primario hijo gabriel
Email,Solicito información de mensualidad y detalles para inicial 3 años. Atte: Valentina.,solicito informacion de mensualidad y detalles para inicial 3 anos atte valentina,ADMIS_COSTOS,solicitar informacion mensualidad detalle inicial anos atte valentín
WhatsApp,HOLA HAY ESPACIOS PARA PRIMER GRADO? MI NIÑO SE LLAMA VALENTINA.,hola hay espacios para primer grado mi nino se llama valentina,ADMIS_VACANTES,holar espacio grado nino llamar valentina
WhatsApp,Saber si hay espacios en secundaria para Camila. Gracias.,saber si hay espacios en secundaria para camila gracias,ADMIS_VACANTES,espacio secundaria camila gracias
Web,papeles para traslado a inicial 5 años. Postulante: Juan.,papeles para traslado a inicial 5 anos postulante juan,ADMIS_REQUIS_DOC,papel traslado inicial ano postulante juan
WhatsApp,Saber si hay cupos en primer año para Sofia. Gracias.,saber si hay cupos en primer ano para sofia gracias,ADMIS_VACANTES,cupo ano sofia gracias
WhatsApp,Hola hay espacios para inicial 3 años? Mi niño se llama Lucia.,hola hay espacios para inicial 3 anos mi nino se llama lucia,ADMIS_VACANTES,holar espacio inicial ano nino llamar lucia
WhatsApp,<p><b>Saber si hay disponibilidad de ingreso en inicial 4 años para Valentina. Gracias.</b></p>,saber si hay disponibilidad de ingreso en inicial 4 anos para valentina gracias,ADMIS_VACANTES,disponibilidad ingreso inicial ano valentina gracias
Email,Solicito información de precios y detalles para primer grado. Atte: Gabriel.,solicito informacion de precios y detalles para primer grado atte gabriel,ADMIS_COSTOS,solicitar informacion precio detalle grado atte gabriel
Web,papeles para traslado a 6to primaria. Postulante: Camila.,papeles para traslado a 6to primaria postulante camila,ADMIS_REQUIS_DOC,papel traslado 6to primaria postulante camilar
Web,partidas para traslado a 5to secundaria. Postulante: Sebastian.,partidas para traslado a 5to secundaria postulante sebastian,ADMIS_REQUIS_DOC,partida traslado 5to secundario postulante sebastiar
Email,"Estimados, quisiera saber los precios de 5to secundaria para mi hijo Luis.",estimados quisiera saber los precios de 5to secundaria para mi hijo luis,ADMIS_COSTOS,estimado querer precio 5to secundario hijo luis
Email,"Estimados, quisiera saber los pagos de primer año para mi hijo Thiago.",estimados quisiera saber los pagos de primer ano para mi hijo thiago,ADMIS_COSTOS,estimado querer pago ano hijo thiago
WhatsApp,Saber si hay disponibilidad de ingreso en 1ero primaria para Gabriel. Gracias.,saber si hay disponibilidad de ingreso en 1ero primaria para gabriel gracias,ADMIS_VACANTES,disponibilidad ingreso 1ero primario gabriel gracias
Web,citas de admision para 1ero primaria. Mi menor es Luis.,citas de admision para 1ero primaria mi menor es luis,ADMIS_CITAS,cita admision 1ero primario menor luis
Web,<p><b>requisitos para traslado a primer año. Postulante: Luis.</b></p>,requisitos para traslado a primer ano postulante luis,ADMIS_REQUIS_DOC,requisito traslado ano postulante luis
Email,Solicito información de cuotas y detalles para 1ero secundaria. Atte: Maria.,solicito informacion de cuotas y detalles para 1ero secundaria atte maria,ADMIS_COSTOS,solicitar informacion cuota detalle 1ero secundario atte mario
Web,<p><b>requisitos para traslado a secundaria. Postulante: Lucia.</b></p>,requisitos para traslado a secundaria postulante lucia,ADMIS_REQUIS_DOC,requisito traslado secundaria postulante lucia
Email,"<p><b>Estimados, quisiera saber los pensiones de primer año para mi hijo Nicolas.</b></p>",estimados quisiera saber los pensiones de primer ano para mi hijo nicolas,ADMIS_COSTOS,estimado querer pensión ano hijo nicola
Email,Solicito información de pensiones y detalles para inicial 4 años. Atte: Pedro.,solicito informacion de pensiones y detalles para inicial 4 anos atte pedro,ADMIS_COSTOS,solicitar informacion pensión detalle inicial anos atte pedro
Email,"Estimados, quisiera saber los costos de inicial 3 años para mi hijo Thiago.",estimados quisiera saber los costos de inicial 3 anos para mi hijo thiago,ADMIS_COSTOS,estimado querer costo inicial ano hijo thiago
WhatsApp,Hola hay lugares para primer grado? Mi niño se llama Sebastian.,hola hay lugares para primer grado mi nino se llama sebastian,ADMIS_VACANTES,holar lugar grado nino llamar sebastian
Web,cronograma de admision para inicial 4 años. Mi menor es Nicolas.,cronograma de admision para inicial 4 anos mi menor es nicolas,ADMIS_CITAS,cronograma admision inicial ano menor nicola
Web,reunión de admision para primer año. Mi menor es Gabriel.,reunion de admision para primer ano mi menor es gabriel,ADMIS_CITAS,reunion admision ano menor gabriel
Email,Solicito información de pagos y detalles para 6to primaria. Atte: Luis.,solicito informacion de pagos y detalles para 6to primaria atte luis,ADMIS_COSTOS,solicitar informacion pago detalle 6to primaria atte luis
Web,ficha de matrícula para traslado a secundaria. Postulante: Gabriel.,ficha de matricula para traslado a secundaria postulante gabriel,ADMIS_REQUIS_DOC,ficha matricula traslado secundaria postulante gabriel
WhatsApp,Saber si hay espacios en inicial 4 años para Sofia. Gracias.,saber si hay espacios en inicial 4 anos para sofia gracias,ADMIS_VACANTES,espacio inicial ano sofia gracias
Web,<p><b>citas de admision para inicial 5 años. Mi menor es Lucia.</b></p>,citas de admision para inicial 5 anos mi menor es lucia,ADMIS_CITAS,cita admision inicial ano menor lucia
Web,documentos para traslado a primer año. Postulante: Luis.,documentos para traslado a primer ano postulante luis,ADMIS_REQUIS_DOC,documento traslado ano postulante luis
Web,ficha de matrícula para traslado a 1ero primaria. Postulante: Juan.,ficha de matricula para traslado a 1ero primaria postulante juan,ADMIS_REQUIS_DOC,ficha matricula traslado 1ero primaria postulante juan
Email,Solicito información de costos y detalles para inicial 4 años. Atte: Luis.,solicito informacion de costos y detalles para inicial 4 anos atte luis,ADMIS_COSTOS,solicitar informacion costo detalle inicial anos atte luis
WhatsApp,<p><b>Saber si hay lugares en primer año para Ana. Gracias.</b></p>,saber si hay lugares en primer ano para ana gracias,ADMIS_VACANTES,lugar ano ana gracias
WhatsApp,Saber si hay disponibilidad de ingreso en 1ero secundaria para Ana. Gracias.,saber si hay disponibilidad de ingreso en 1ero secundaria para ana gracias,ADMIS_VACANTES,disponibilidad ingreso 1ero secundario ana gracias
Email,Solicito información de costos y detalles para 5to secundaria. Atte: Gabriel.,solicito informacion de costos y detalles para 5to secundaria atte gabriel,ADMIS_COSTOS,solicitar informacion costo detalle 5to secundario atte gabriel
Email,Solicito información de pagos y detalles para inicial 3 años. Atte: Valentina.,solicito informacion de pagos y detalles para inicial 3 anos atte valentina,ADMIS_COSTOS,solicitar informacion pago detalle inicial anos atte valentín
Email,Solicito información de mensualidad y detalles para 1ero primaria. Atte: Sofia.,solicito informacion de mensualidad y detalles para 1ero primaria atte sofia,ADMIS_COSTOS,solicitar informacion mensualidad detalle 1ero primario atte sofia
Web,charlas de admision para 1ero secundaria. Mi menor es Sebastian.,charlas de admision para 1ero secundaria mi menor es sebastian,ADMIS_CITAS,charla admision 1ero secundario menor sebastiar
Email,Solicito información de pensiones y detalles para 1ero primaria. Atte: Nicolas.,solicito informacion de pensiones y detalles para 1ero primaria atte nicolas,ADMIS_COSTOS,solicitar informacion pensión detalle 1ero primario attar nicola
Email,<p><b>Solicito información de mensualidad y detalles para secundaria. Atte: Mateo.</b></p>,solicito informacion de mensualidad y detalles para secundaria atte mateo,ADMIS_COSTOS,solicitar informacion mensualidad detalle secundario atte mateo
Web,<p><b>entrevistas de admision para 1ero primaria. Mi menor es Maria.</b></p>,entrevistas de admision para 1ero primaria mi menor es maria,ADMIS_CITAS,entrevista admision 1ero primario menor mario
WhatsApp,<p><b>Saber si hay disponibilidad de ingreso en 1ero primaria para Camila. Gracias.</b></p>,saber si hay disponibilidad de ingreso en 1ero primaria para camila gracias,ADMIS_VACANTES,disponibilidad ingreso 1ero primario camila gracias
Web,requisitos para traslado a 6to primaria. Postulante: Sofia.,requisitos para traslado a 6to primaria postulante sofia,ADMIS_REQUIS_DOC,requisito traslado 6to primaria postulante sofia
WhatsApp,SABER SI HAY ESPACIOS EN 1ERO SECUNDARIA PARA THIAGO. GRACIAS.,saber si hay espacios en 1ero secundaria para thiago gracias,ADMIS_VACANTES,espacio 1ero secundario thiago gracias
Web,<p><b>citas de admision para secundaria. Mi menor es Camila.</b></p>,citas de admision para secundaria mi menor es camila,ADMIS_CITAS,cita admision secundario menor camila
WhatsApp,SABER SI HAY VACANTES EN PRIMER AÑO PARA VALENTINA. GRACIAS.,saber si hay vacantes en primer ano para valentina gracias,ADMIS_VACANTES,vacante ano valentina gracias
Email,"ESTIMADOS, QUISIERA SABER LOS PENSIONES DE 1ERO SECUNDARIA PARA MI HIJO VALENTINA.",estimados quisiera saber los pensiones de 1ero secundaria para mi hijo valentina,ADMIS_COSTOS,estimado querer pensión 1ero secundario hijo valentín
Web,citas de admision para secundaria. Mi menor es Luis.,citas de admision para secundaria mi menor es luis,ADMIS_CITAS,cita admision secundario menor luis
Web,documentación para traslado a 1ero primaria. Postulante: Sofia.,documentacion para traslado a 1ero primaria postulante sofia,ADMIS_REQUIS_DOC,documentacion traslado 1ero primaria postulante sofia
Email,Solicito información de pagos y detalles para primer grado. Atte: Thiago.,solicito informacion de pagos y detalles para primer grado atte thiago,ADMIS_COSTOS,solicitar informacion pago detalle grado attar thiago
WhatsApp,SABER SI HAY LUGARES EN INICIAL 4 AÑOS PARA ELENA. GRACIAS.,saber si hay lugares en inicial 4 anos para elena gracias,ADMIS_VACANTES,lugar inicial ano elena gracias
WhatsApp,Hola hay disponibilidad de ingreso para inicial 4 años? Mi niño se llama Sofia.,hola hay disponibilidad de ingreso para inicial 4 anos mi nino se llama sofia,ADMIS_VACANTES,holar disponibilidad ingreso inicial ano nino llamar sofia
Email,<p><b>Solicito información de pagos y detalles para 5to secundaria. Atte: Mateo.</b></p>,solicito informacion de pagos y detalles para 5to secundaria atte mateo,ADMIS_COSTOS,solicitar informacion pago detalle 5to secundario atte mateo
Web,documentos para traslado a 1ero primaria. Postulante: Luis.,documentos para traslado a 1ero primaria postulante luis,ADMIS_REQUIS_DOC,documento traslado 1ero primaria postulante luis
Email,Solicito información de cuotas y detalles para primer grado. Atte: Elena.,solicito informacion de cuotas y detalles para primer grado atte elena,ADMIS_COSTOS,solicitar informacion cuota detalle grado atte elén
WhatsApp,<p><b>Hola hay lugares para primer grado? Mi niño se llama Pedro.</b></p>,hola hay lugares para primer grado mi nino se llama pedro,ADMIS_VACANTES,holar lugar grado nino llamar pedro
WhatsApp,<p><b>Hola hay lugares para inicial 4 años? Mi niño se llama Valentina.</b></p>,hola hay lugares para inicial 4 anos mi nino se llama valentina,ADMIS_VACANTES,holar lugar inicial ano nino llamar valentina
Web,papeles para traslado a 5to secundaria. Postulante: Maria.,papeles para traslado a 5to secundaria postulante maria,ADMIS_REQUIS_DOC,papel traslado 5to secundario postulante mario
Email,"<p><b>Estimados, quisiera saber los pagos de 6to primaria para mi hijo Sofia.</b></p>",estimados quisiera saber los pagos de 6to primaria para mi hijo sofia,ADMIS_COSTOS,estimado querer pago 6to primario hijo sofia
WhatsApp,Hola hay disponibilidad de ingreso para 1ero secundaria? Mi niño se llama Luis.,hola hay disponibilidad de ingreso para 1ero secundaria mi nino se llama luis,ADMIS_VACANTES,holar disponibilidad ingreso 1ero secundario nino llamar luis
Email,"<p><b>Estimados, quisiera saber los pagos de 5to secundaria para mi hijo Maria.</b></p>",estimados quisiera saber los pagos de 5to secundaria para mi hijo maria,ADMIS_COSTOS,estimado querer pago 5to secundario hijo mario
WhatsApp,Saber si hay espacios en inicial 5 años para Pedro. Gracias.,saber si hay espacios en inicial 5 anos para pedro gracias,ADMIS_VACANTES,espacio inicial ano pedro gracias
Email,"ESTIMADOS, QUISIERA SABER LOS PENSIONES DE INICIAL 3 AÑOS PARA MI HIJO VALENTINA.",estimados quisiera saber los pensiones de inicial 3 anos para mi hijo valentina,ADMIS_COSTOS,estimado querer pensión inicial ano hijo valentín
Web,papeles para traslado a primer año. Postulante: Elena.,papeles para traslado a primer ano postulante elena,ADMIS_REQUIS_DOC,papel traslado ano postulante elén
Web,citas de admision para 5to secundaria. Mi menor es Maria.,citas de admision para 5to secundaria mi menor es maria,ADMIS_CITAS,cita admision 5to secundario menor mario
WhatsApp,Hola hay disponibilidad de ingreso para 5to secundaria? Mi niño se llama Nicolas.,hola hay disponibilidad de ingreso para 5to secundaria mi nino se llama nicolas,ADMIS_VACANTES,holar disponibilidad ingreso 5to secundario nino llamar nicola
Email,<p><b>Solicito información de mensualidad y detalles para 1ero primaria. Atte: Ana.</b></p>,solicito informacion de mensualidad y detalles para 1ero primaria atte ana,ADMIS_COSTOS,solicitar informacion mensualidad detalle 1ero primario attar ana
WhatsApp,Saber si hay espacios en 1ero secundaria para Mateo. Gracias.,saber si hay espacios en 1ero secundaria para mateo gracias,ADMIS_VACANTES,espacio 1ero secundario mateo gracias
Email,"<p><b>Estimados, quisiera saber los precios de 1ero secundaria para mi hijo Lucia.</b></p>",estimados quisiera saber los precios de 1ero secundaria para mi hijo lucia,ADMIS_COSTOS,estimado querer precio 1ero secundario hijo lucia
Email,"Estimados, quisiera saber los pensiones de 6to primaria para mi hijo Sofia.",estimados quisiera saber los pensiones de 6to primaria para mi hijo sofia,ADMIS_COSTOS,estimado querer pensión 6to primario hijo sofia
Email,Solicito información de mensualidad y detalles para secundaria. Atte: Pedro.,solicito informacion de mensualidad y detalles para secundaria atte pedro,ADMIS_COSTOS,solicitar informacion mensualidad detalle secundario atte pedro
WhatsApp,Hola hay disponibilidad de ingreso para primer año? Mi niño se llama Mateo.,hola hay disponibilidad de ingreso para primer ano mi nino se llama mateo,ADMIS_VACANTES,holar disponibilidad ingreso ano nino llamar mateo
WhatsApp,Hola hay vacantes para inicial 4 años? Mi niño se llama Sebastian.,hola hay vacantes para inicial 4 anos mi nino se llama sebastian,ADMIS_VACANTES,holar vacante inicial ano nino llamar sebastian
Email,"ESTIMADOS, QUISIERA SABER LOS PENSIONES DE 5TO SECUNDARIA PARA MI HIJO GABRIEL.",estimados quisiera saber los pensiones de 5to secundaria para mi hijo gabriel,ADMIS_COSTOS,estimado querer pensión 5to secundario hijo gabriel
Email,Solicito información de cuotas y detalles para 1ero primaria. Atte: Luis.,solicito informacion de cuotas y detalles para 1ero primaria atte luis,ADMIS_COSTOS,solicitar informacion cuota detalle 1ero primario atte luis
Web,REUNIÓN DE ADMISION PARA SECUNDARIA. MI MENOR ES VALENTINA.,reunion de admision para secundaria mi menor es valentina,ADMIS_CITAS,reunion admision secundario menor valentín
Web,documentación para traslado a primer grado. Postulante: Elena.,documentacion para traslado a primer grado postulante elena,ADMIS_REQUIS_DOC,documentacion traslado grado postulante elén
Email,"<p><b>Estimados, quisiera saber los pensiones de 1ero secundaria para mi hijo Mateo.</b></p>",estimados quisiera saber los pensiones de 1ero secundaria para mi hijo mateo,ADMIS_COSTOS,estimado querer pensión 1ero secundario hijo mateo
Email,"Estimados, quisiera saber los mensualidad de 6to primaria para mi hijo Pedro.",estimados quisiera saber los mensualidad de 6to primaria para mi hijo pedro,ADMIS_COSTOS,estimado querer mensualidad 6to primario hijo pedro
WhatsApp,Hola hay espacios para 1ero secundaria? Mi niño se llama Elena.,hola hay espacios para 1ero secundaria mi nino se llama elena,ADMIS_VACANTES,holar espacio 1ero secundario nino llamar elena
Email,"Estimados, quisiera saber los precios de 1ero primaria para mi hijo Juan.",estimados quisiera saber los precios de 1ero primaria para mi hijo juan,ADMIS_COSTOS,estimado querer precio 1ero primario hijo juan
WhatsApp,<p><b>Hola hay espacios para 1ero secundaria? Mi niño se llama Pedro.</b></p>,hola hay espacios para 1ero secundaria mi nino se llama pedro,ADMIS_VACANTES,holar espacio 1ero secundario nino llamar pedro
Web,citas de admision para 1ero primaria. Mi menor es Pedro.,citas de admision para 1ero primaria mi menor es pedro,ADMIS_CITAS,cita admision 1ero primario menor pedro
WhatsApp,Hola hay vacantes para secundaria? Mi niño se llama Nicolas.,hola hay vacantes para secundaria mi nino se llama nicolas,ADMIS_VACANTES,holar vacante secundario nino llamar nicola
Web,requisitos para traslado a 6to primaria. Postulante: Maria.,requisitos para traslado a 6to primaria postulante maria,ADMIS_REQUIS_DOC,requisito traslado 6to primaria postulante mario
WhatsApp,Saber si hay cupos en 1ero primaria para Elena. Gracias.,saber si hay cupos en 1ero primaria para elena gracias,ADMIS_VACANTES,cupo 1ero primario elena gracias
WhatsApp,SABER SI HAY CUPOS EN INICIAL 3 AÑOS PARA LUIS. GRACIAS.,saber si hay cupos en inicial 3 anos para luis gracias,ADMIS_VACANTES,cupo inicial ano luis gracias
Web,reunión de admision para 6to primaria. Mi menor es Ana.,reunion de admision para 6to primaria mi menor es ana,ADMIS_CITAS,reunion admision 6to primario menor án
WhatsApp,<p><b>Hola hay vacantes para 6to primaria? Mi niño se llama Sofia.</b></p>,hola hay vacantes para 6to primaria mi nino se llama sofia,ADMIS_VACANTES,holar vacante 6to primaria nino llamar sofia
WhatsApp,Hola hay cupos para 1ero primaria? Mi niño se llama Nicolas.,hola hay cupos para 1ero primaria mi nino se llama nicolas,ADMIS_VACANTES,holar cupo 1ero primario nino llamar nicola
Web,documentación para traslado a secundaria. Postulante: Juan.,documentacion para traslado a secundaria postulante juan,ADMIS_REQUIS_DOC,documentacion traslado secundario postulante juan
Web,citas de admision para inicial 5 años. Mi menor es Sebastian.,citas de admision para inicial 5 anos mi menor es sebastian,ADMIS_CITAS,cita admision inicial ano menor sebastiar
Email,<p><b>Solicito información de precios y detalles para primer año. Atte: Luis.</b></p>,solicito informacion de precios y detalles para primer ano atte luis,ADMIS_COSTOS,solicitar informacion precio detalle ano atte luis
WhatsApp,Hola hay cupos para inicial 4 años? Mi niño se llama Sofia.,hola hay cupos para inicial 4 anos mi nino se llama sofia,ADMIS_VACANTES,holar cupo inicial ano nino llamar sofia
Email,Solicito información de pensiones y detalles para 5to secundaria. Atte: Mateo.,solicito informacion de pensiones y detalles para 5to secundaria atte mateo,ADMIS_COSTOS,solicitar informacion pensión detalle 5to secundario atte mateo
Web,<p><b>partidas para traslado a 1ero secundaria. Postulante: Camila.</b></p>,partidas para traslado a 1ero secundaria postulante camila,ADMIS_REQUIS_DOC,partida traslado 1ero secundario postulante camilar
Email,<p><b>Solicito información de costos y detalles para inicial 3 años. Atte: Maria.</b></p>,solicito informacion de costos y detalles para inicial 3 anos atte maria,ADMIS_COSTOS,solicitar informacion costo detalle inicial anos atte mario
Web,charlas de admision para inicial 4 años. Mi menor es Nicolas.,charlas de admision para inicial 4 anos mi menor es nicolas,ADMIS_CITAS,charla admision inicial ano menor nicola
WhatsApp,Saber si hay disponibilidad de ingreso en 1ero primaria para Pedro. Gracias.,saber si hay disponibilidad de ingreso en 1ero primaria para pedro gracias,ADMIS_VACANTES,disponibilidad ingreso 1ero primario pedro gracias
WhatsApp,<p><b>Saber si hay espacios en 1ero primaria para Valentina. Gracias.</b></p>,saber si hay espacios en 1ero primaria para valentina gracias,ADMIS_VACANTES,espacio 1ero primario valentina gracias
Web,papeles para traslado a inicial 3 años. Postulante: Luis.,papeles para traslado a inicial 3 anos postulante luis,ADMIS_REQUIS_DOC,papel traslado inicial ano postulante luis
Email,"Estimados, quisiera saber los cuotas de inicial 4 años para mi hijo Maria.",estimados quisiera saber los cuotas de inicial 4 anos para mi hijo maria,ADMIS_COSTOS,estimado querer cuota inicial ano hijo mario
Email,SOLICITO INFORMACIÓN DE PENSIONES Y DETALLES PARA PRIMER AÑO. ATTE: LUCIA.,solicito informacion de pensiones y detalles para primer ano atte lucia,ADMIS_COSTOS,solicitar informacion pensión detalle ano attir lucia
Web,ficha de matrícula para traslado a secundaria. Postulante: Elena.,ficha de matricula para traslado a secundaria postulante elena,ADMIS_REQUIS_DOC,ficha matricula traslado secundaria postulante elén
Web,papeles para traslado a inicial 4 años. Postulante: Ana.,papeles para traslado a inicial 4 anos postulante ana,ADMIS_REQUIS_DOC,papel traslado inicial ano postulante ana
Email,<p><b>Solicito información de mensualidad y detalles para 6to primaria. Atte: Thiago.</b></p>,solicito informacion de mensualidad y detalles para 6to primaria atte thiago,ADMIS_COSTOS,solicitar informacion mensualidad detalle 6to primaria attar thiago
WhatsApp,Hola hay espacios para 1ero primaria? Mi niño se llama Maria.,hola hay espacios para 1ero primaria mi nino se llama maria,ADMIS_VACANTES,holar espacio 1ero primario nino llamar mario
WhatsApp,<p><b>Saber si hay espacios en secundaria para Nicolas. Gracias.</b></p>,saber si hay espacios en secundaria para nicolas gracias,ADMIS_VACANTES,espacio secundaria nico él gracia
WhatsApp,<p><b>Hola hay vacantes para 6to primaria? Mi niño se llama Nicolas.</b></p>,hola hay vacantes para 6to primaria mi nino se llama nicolas,ADMIS_VACANTES,holar vacante 6to primaria nino llamar nicola
Email,Solicito información de cuotas y detalles para 1ero secundaria. Atte: Camila.,solicito informacion de cuotas y detalles para 1ero secundaria atte camila,ADMIS_COSTOS,solicitar informacion cuota detalle 1ero secundario atte camilar
Web,papeles para traslado a 1ero primaria. Postulante: Thiago.,papeles para traslado a 1ero primaria postulante thiago,ADMIS_REQUIS_DOC,papel traslado 1ero primaria postulante thiago
Email,"Estimados, quisiera saber los pensiones de secundaria para mi hijo Mateo.",estimados quisiera saber los pensiones de secundaria para mi hijo mateo,ADMIS_COSTOS,estimado querer pensión secundaria hijo mateo
WhatsApp,<p><b>Saber si hay vacantes en primer grado para Thiago. Gracias.</b></p>,saber si hay vacantes en primer grado para thiago gracias,ADMIS_VACANTES,vacante grado thiago gracias
Email,<p><b>Solicito información de precios y detalles para inicial 4 años. Atte: Gabriel.</b></p>,solicito informacion de precios y detalles para inicial 4 anos atte gabriel,ADMIS_COSTOS,solicitar informacion precio detalle inicial anos atte gabriel
Web,cronograma de admision para inicial 4 años. Mi menor es Lucia.,cronograma de admision para inicial 4 anos mi menor es lucia,ADMIS_CITAS,cronograma admision inicial ano menor lucia
Email,Solicito información de costos y detalles para 1ero secundaria. Atte: Thiago.,solicito informacion de costos y detalles para 1ero secundaria atte thiago,ADMIS_COSTOS,solicitar informacion costo detalle 1ero secundario atte thiago
Email,Solicito información de precios y detalles para inicial 4 años. Atte: Nicolas.,solicito informacion de precios y detalles para inicial 4 anos atte nicolas,ADMIS_COSTOS,solicitar informacion precio detalle inicial anos attar nicola
WhatsApp,Hola hay lugares para primer grado? Mi niño se llama Maria.,hola hay lugares para primer grado mi nino se llama maria,ADMIS_VACANTES,holar lugar grado nino llamar mario
Web,<p><b>papeles para traslado a inicial 5 años. Postulante: Nicolas.</b></p>,papeles para traslado a inicial 5 anos postulante nicolas,ADMIS_REQUIS_DOC,papel traslado inicial ano postulante nico él
WhatsApp,Saber si hay vacantes en 6to primaria para Gabriel. Gracias.,saber si hay vacantes en 6to primaria para gabriel gracias,ADMIS_VACANTES,vacante 6to primario gabriel gracias
Email,"Estimados, quisiera saber los pagos de inicial 5 años para mi hijo Valentina.",estimados quisiera saber los pagos de inicial 5 anos para mi hijo valentina,ADMIS_COSTOS,estimado querer pago inicial ano hijo valentín
Email,Solicito información de cuotas y detalles para inicial 3 años. Atte: Thiago.,solicito informacion de cuotas y detalles para inicial 3 anos atte thiago,ADMIS_COSTOS,solicitar informacion cuota detalle inicial anos attar thiago
Web,REQUISITOS PARA TRASLADO A 1ERO SECUNDARIA. POSTULANTE: MARIA.,requisitos para traslado a 1ero secundaria postulante maria,ADMIS_REQUIS_DOC,requisito traslado 1ero secundario postulante mario
Web,<p><b>charlas de admision para inicial 3 años. Mi menor es Sebastian.</b></p>,charlas de admision para inicial 3 anos mi menor es sebastian,ADMIS_CITAS,charla admision inicial ano menor sebastiar
Email,Solicito información de mensualidad y detalles para 5to secundaria. Atte: Thiago.,solicito informacion de mensualidad y detalles para 5to secundaria atte thiago,ADMIS_COSTOS,solicitar informacion mensualidad detalle 5to secundario atte thiago
Web,<p><b>reunión de admision para primer año. Mi menor es Pedro.</b></p>,reunion de admision para primer ano mi menor es pedro,ADMIS_CITAS,reunion admision ano menor pedro
WhatsApp,Hola hay lugares para primer grado? Mi niño se llama Lucia.,hola hay lugares para primer grado mi nino se llama lucia,ADMIS_VACANTES,holar lugar grado nino llamar lucia
Email,"<p><b>Estimados, quisiera saber los precios de primer grado para mi hijo Pedro.</b></p>",estimados quisiera saber los precios de primer grado para mi hijo pedro,ADMIS_COSTOS,estimado querer precio grado hijo pedro
WhatsApp,SABER SI HAY ESPACIOS EN PRIMER GRADO PARA LUIS. GRACIAS.,saber si hay espacios en primer grado para luis gracias,ADMIS_VACANTES,espacio grado luis gracias
Email,SOLICITO INFORMACIÓN DE PENSIONES Y DETALLES PARA 1ERO PRIMARIA. ATTE: MATEO.,solicito informacion de pensiones y detalles para 1ero primaria atte mateo,ADMIS_COSTOS,solicitar informacion pensión detalle 1ero primario atte mateo
WhatsApp,Saber si hay cupos en primer grado para Lucia. Gracias.,saber si hay cupos en primer grado para lucia gracias,ADMIS_VACANTES,cupo grado lucia gracias
WhatsApp,Saber si hay lugares en primer grado para Camila. Gracias.,saber si hay lugares en primer grado para camila gracias,ADMIS_VACANTES,lugar grado camilar gracias
WhatsApp,Saber si hay lugares en inicial 5 años para Maria. Gracias.,saber si hay lugares en inicial 5 anos para maria gracias,ADMIS_VACANTES,lugar inicial ano maria gracias
Web,cronograma de admision para inicial 3 años. Mi menor es Maria.,cronograma de admision para inicial 3 anos mi menor es maria,ADMIS_CITAS,cronograma admision inicial ano menor mario
Email,Solicito información de costos y detalles para 6to primaria. Atte: Nicolas.,solicito informacion de costos y detalles para 6to primaria atte nicolas,ADMIS_COSTOS,solicitar informacion costo detalle 6to primaria attar nicola
WhatsApp,Hola hay espacios para 5to secundaria? Mi niño se llama Lucia.,hola hay espacios para 5to secundaria mi nino se llama lucia,ADMIS_VACANTES,holar espacio 5to secundario nino llamar lucia
Web,documentos para traslado a primer grado. Postulante: Valentina.,documentos para traslado a primer grado postulante valentina,ADMIS_REQUIS_DOC,documento traslado grado postulante valentín
WhatsApp,SABER SI HAY LUGARES EN INICIAL 4 AÑOS PARA NICOLAS. GRACIAS.,saber si hay lugares en inicial 4 anos para nicolas gracias,ADMIS_VACANTES,lugar inicial ano nico él gracia
Email,Solicito información de precios y detalles para 5to secundaria. Atte: Juan.,solicito informacion de precios y detalles para 5to secundaria atte juan,ADMIS_COSTOS,solicitar informacion precio detalle 5to secundario atte juan
Email,<p><b>Solicito información de mensualidad y detalles para inicial 5 años. Atte: Gabriel.</b></p>,solicito informacion de mensualidad y detalles para inicial 5 anos atte gabriel,ADMIS_COSTOS,solicitar informacion mensualidad detalle inicial anos atte gabriel
Web,PAPELES PARA TRASLADO A 5TO SECUNDARIA. POSTULANTE: THIAGO.,papeles para traslado a 5to secundaria postulante thiago,ADMIS_REQUIS_DOC,papel traslado 5to secundario postulante thiago
Email,<p><b>Solicito información de mensualidad y detalles para inicial 4 años. Atte: Ana.</b></p>,solicito informacion de mensualidad y detalles para inicial 4 anos atte ana,ADMIS_COSTOS,solicitar informacion mensualidad detalle inicial anos attir ana
WhatsApp,Hola hay disponibilidad de ingreso para inicial 5 años? Mi niño se llama Pedro.,hola hay disponibilidad de ingreso para inicial 5 anos mi nino se llama pedro,ADMIS_VACANTES,holar disponibilidad ingreso inicial ano nino llamar pedro
Email,"Estimados, quisiera saber los pensiones de inicial 5 años para mi hijo Ana.",estimados quisiera saber los pensiones de inicial 5 anos para mi hijo ana,ADMIS_COSTOS,estimado querer pensión inicial ano hijo án
Web,entrevistas de admision para inicial 4 años. Mi menor es Sebastian.,entrevistas de admision para inicial 4 anos mi menor es sebastian,ADMIS_CITAS,entrevista admision inicial ano menor sebastiar
WhatsApp,HOLA HAY DISPONIBILIDAD DE INGRESO PARA 1ERO PRIMARIA? MI NIÑO SE LLAMA NICOLAS.,hola hay disponibilidad de ingreso para 1ero primaria mi nino se llama nicolas,ADMIS_VACANTES,holar disponibilidad ingreso 1ero primario nino llamar nicola
Email,"<p><b>Estimados, quisiera saber los cuotas de inicial 3 años para mi hijo Thiago.</b></p>",estimados quisiera saber los cuotas de inicial 3 anos para mi hijo thiago,ADMIS_COSTOS,estimado querer cuota inicial ano hijo thiago
Web,charlas de admision para primer año. Mi menor es Camila.,charlas de admision para primer ano mi menor es camila,ADMIS_CITAS,charla admision ano menor camila
WhatsApp,Hola hay cupos para 1ero primaria? Mi niño se llama Maria.,hola hay cupos para 1ero primaria mi nino se llama maria,ADMIS_VACANTES,holar cupo 1ero primario nino llamar mario
WhatsApp,SABER SI HAY DISPONIBILIDAD DE INGRESO EN SECUNDARIA PARA NICOLAS. GRACIAS.,saber si hay disponibilidad de ingreso en secundaria para nicolas gracias,ADMIS_VACANTES,disponibilidad ingreso secundaria nico él gracia
WhatsApp,Hola hay vacantes para 6to primaria? Mi niño se llama Gabriel.,hola hay vacantes para 6to primaria mi nino se llama gabriel,ADMIS_VACANTES,holar vacante 6to primaria nino llamar gabriel
Email,SOLICITO INFORMACIÓN DE COSTOS Y DETALLES PARA 6TO PRIMARIA. ATTE: MATEO.,solicito informacion de costos y detalles para 6to primaria atte mateo,ADMIS_COSTOS,solicitar informacion costo detalle 6to primaria atte mateo
WhatsApp,SABER SI HAY LUGARES EN INICIAL 3 AÑOS PARA MATEO. GRACIAS.,saber si hay lugares en inicial 3 anos para mateo gracias,ADMIS_VACANTES,lugar inicial ano mateo gracias
Web,reunión de admision para inicial 5 años. Mi menor es Thiago.,reunion de admision para inicial 5 anos mi menor es thiago,ADMIS_CITAS,reunion admision inicial ano menor thiago
WhatsApp,<p><b>Hola hay espacios para secundaria? Mi niño se llama Juan.</b></p>,hola hay espacios para secundaria mi nino se llama juan,ADMIS_VACANTES,holar espacio secundario nino llamar juan
WhatsApp,Hola hay vacantes para primer año? Mi niño se llama Gabriel.,hola hay vacantes para primer ano mi nino se llama gabriel,ADMIS_VACANTES,holar vacante ano nino llamar gabriel
Email,SOLICITO INFORMACIÓN DE COSTOS Y DETALLES PARA INICIAL 4 AÑOS. ATTE: NICOLAS.,solicito informacion de costos y detalles para inicial 4 anos atte nicolas,ADMIS_COSTOS,solicitar informacion costo detalle inicial anos attar nicola
Web,<p><b>requisitos para traslado a inicial 4 años. Postulante: Juan.</b></p>,requisitos para traslado a inicial 4 anos postulante juan,ADMIS_REQUIS_DOC,requisito traslado inicial ano postulante juan
Web,papeles para traslado a 1ero secundaria. Postulante: Pedro.,papeles para traslado a 1ero secundaria postulante pedro,ADMIS_REQUIS_DOC,papel traslado 1ero secundario postulante pedro
Email,"Estimados, quisiera saber los precios de 1ero primaria para mi hijo Ana.",estimados quisiera saber los precios de 1ero primaria para mi hijo ana,ADMIS_COSTOS,estimado querer precio 1ero primario hijo án
Email,"Estimados, quisiera saber los pensiones de 6to primaria para mi hijo Pedro.",estimados quisiera saber los pensiones de 6to primaria para mi hijo pedro,ADMIS_COSTOS,estimado querer pensión 6to primario hijo pedro
WhatsApp,Hola hay vacantes para primer año? Mi niño se llama Luis.,hola hay vacantes para primer ano mi nino se llama luis,ADMIS_VACANTES,holar vacante ano nino llamar luis
Web,<p><b>partidas para traslado a 6to primaria. Postulante: Luis.</b></p>,partidas para traslado a 6to primaria postulante luis,ADMIS_REQUIS_DOC,partida traslado 6to primaria postulante luis
WhatsApp,Saber si hay cupos en inicial 4 años para Camila. Gracias.,saber si hay cupos en inicial 4 anos para camila gracias,ADMIS_VACANTES,cupo inicial ano camilar gracias
WhatsApp,Hola hay vacantes para secundaria? Mi niño se llama Luis.,hola hay vacantes para secundaria mi nino se llama luis,ADMIS_VACANTES,holar vacante secundario nino llamar luis
Email,"ESTIMADOS, QUISIERA SABER LOS CUOTAS DE 6TO PRIMARIA PARA MI HIJO MARIA.",estimados quisiera saber los cuotas de 6to primaria para mi hijo maria,ADMIS_COSTOS,estimado querer cuota 6to primario hijo mario
Email,<p><b>Solicito información de pagos y detalles para inicial 4 años. Atte: Sebastian.</b></p>,solicito informacion de pagos y detalles para inicial 4 anos atte sebastian,ADMIS_COSTOS,solicitar informacion pago detalle inicial anos atte sebastiar
Web,<p><b>ficha de matrícula para traslado a 6to primaria. Postulante: Elena.</b></p>,ficha de matricula para traslado a 6to primaria postulante elena,ADMIS_REQUIS_DOC,ficha matricula traslado 6to primaria postulante elén
WhatsApp,Saber si hay lugares en 5to secundaria para Lucia. Gracias.,saber si hay lugares en 5to secundaria para lucia gracias,ADMIS_VACANTES,lugar 5to secundario lucia gracias
Email,"Estimados, quisiera saber los mensualidad de 6to primaria para mi hijo Mateo.",estimados quisiera saber los mensualidad de 6to primaria para mi hijo mateo,ADMIS_COSTOS,estimado querer mensualidad 6to primario hijo mateo
WhatsApp,HOLA HAY ESPACIOS PARA PRIMER AÑO? MI NIÑO SE LLAMA MATEO.,hola hay espacios para primer ano mi nino se llama mateo,ADMIS_VACANTES,holar espacio ano nino llamar mateo
Web,citas de admision para 1ero primaria. Mi menor es Elena.,citas de admision para 1ero primaria mi menor es elena,ADMIS_CITAS,cita admision 1ero primario menor elén
Email,Solicito información de pagos y detalles para 1ero secundaria. Atte: Luis.,solicito informacion de pagos y detalles para 1ero secundaria atte luis,ADMIS_COSTOS,solicitar informacion pago detalle 1ero secundario atte luis
Email,Solicito información de cuotas y detalles para inicial 3 años. Atte: Pedro.,solicito informacion de cuotas y detalles para inicial 3 anos atte pedro,ADMIS_COSTOS,solicitar informacion cuota detalle inicial anos atte pedro
Web,<p><b>requisitos para traslado a 1ero primaria. Postulante: Nicolas.</b></p>,requisitos para traslado a 1ero primaria postulante nicolas,ADMIS_REQUIS_DOC,requisito traslado 1ero primaria postulante nicola
Web,entrevistas de admision para 1ero primaria. Mi menor es Elena.,entrevistas de admision para 1ero primaria mi menor es elena,ADMIS_CITAS,entrevista admision 1ero primario menor elén
Email,<p><b>Solicito información de precios y detalles para inicial 5 años. Atte: Gabriel.</b></p>,solicito informacion de precios y detalles para inicial 5 anos atte gabriel,ADMIS_COSTOS,solicitar informacion precio detalle inicial anos atte gabriel
WhatsApp,<p><b>Saber si hay vacantes en 1ero secundaria para Lucia. Gracias.</b></p>,saber si hay vacantes en 1ero secundaria para lucia gracias,ADMIS_VACANTES,vacante 1ero secundario lucia gracias
WhatsApp,Hola hay disponibilidad de ingreso para primer grado? Mi niño se llama Sebastian.,hola hay disponibilidad de ingreso para primer grado mi nino se llama sebastian,ADMIS_VACANTES,holar disponibilidad ingreso grado nino llamar sebastian
WhatsApp,Saber si hay lugares en 1ero secundaria para Camila. Gracias.,saber si hay lugares en 1ero secundaria para camila gracias,ADMIS_VACANTES,lugar 1ero secundario camila gracias
WhatsApp,Hola hay espacios para 1ero primaria? Mi niño se llama Valentina.,hola hay espacios para 1ero primaria mi nino se llama valentina,ADMIS_VACANTES,holar espacio 1ero primario nino llamar valentina
Web,<p><b>partidas para traslado a 1ero secundaria. Postulante: Thiago.</b></p>,partidas para traslado a 1ero secundaria postulante thiago,ADMIS_REQUIS_DOC,partida traslado 1ero secundario postulante thiago
Email,<p><b>Solicito información de mensualidad y detalles para inicial 4 años. Atte: Pedro.</b></p>,solicito informacion de mensualidad y detalles para inicial 4 anos atte pedro,ADMIS_COSTOS,solicitar informacion mensualidad detalle inicial anos atte pedro
Email,"<p><b>Estimados, quisiera saber los cuotas de 1ero secundaria para mi hijo Ana.</b></p>",estimados quisiera saber los cuotas de 1ero secundaria para mi hijo ana,ADMIS_COSTOS,estimado querer cuota 1ero secundario hijo án
Web,<p><b>partidas para traslado a primer grado. Postulante: Mateo.</b></p>,partidas para traslado a primer grado postulante mateo,ADMIS_REQUIS_DOC,partida traslado grado postulante mateo
Web,documentación para traslado a secundaria. Postulante: Luis.,documentacion para traslado a secundaria postulante luis,ADMIS_REQUIS_DOC,documentacion traslado secundaria postulante luis
Email,"<p><b>Estimados, quisiera saber los precios de secundaria para mi hijo Lucia.</b></p>",estimados quisiera saber los precios de secundaria para mi hijo lucia,ADMIS_COSTOS,estimado querer precio secundaria hijo lucia
WhatsApp,Hola hay disponibilidad de ingreso para 5to secundaria? Mi niño se llama Sebastian.,hola hay disponibilidad de ingreso para 5to secundaria mi nino se llama sebastian,ADMIS_VACANTES,holar disponibilidad ingreso 5to secundario nino llamar sebastian
Web,requisitos para traslado a inicial 5 años. Postulante: Sofia.,requisitos para traslado a inicial 5 anos postulante sofia,ADMIS_REQUIS_DOC,requisito traslado inicial ano postulante sofia
Email,Solicito información de pagos y detalles para 1ero secundaria. Atte: Lucia.,solicito informacion de pagos y detalles para 1ero secundaria atte lucia,ADMIS_COSTOS,solicitar informacion pago detalle 1ero secundario atte lucia
Web,papeles para traslado a primer año. Postulante: Ana.,papeles para traslado a primer ano postulante ana,ADMIS_REQUIS_DOC,papel traslado ano postulante ana
Email,"<p><b>Estimados, quisiera saber los mensualidad de inicial 4 años para mi hijo Elena.</b></p>",estimados quisiera saber los mensualidad de inicial 4 anos para mi hijo elena,ADMIS_COSTOS,estimado querer mensualidad inicial ano hijo elena
Email,"Estimados, quisiera saber los pagos de 1ero primaria para mi hijo Camila.",estimados quisiera saber los pagos de 1ero primaria para mi hijo camila,ADMIS_COSTOS,estimado querer pago 1ero primario hijo camilar
Web,<p><b>requisitos para traslado a 6to primaria. Postulante: Lucia.</b></p>,requisitos para traslado a 6to primaria postulante lucia,ADMIS_REQUIS_DOC,requisito traslado 6to primaria postulante lucia
Email,Solicito información de pensiones y detalles para inicial 3 años. Atte: Juan.,solicito informacion de pensiones y detalles para inicial 3 anos atte juan,ADMIS_COSTOS,solicitar informacion pensión detalle inicial anos atte juan
Email,Solicito información de costos y detalles para primer año. Atte: Thiago.,solicito informacion de costos y detalles para primer ano atte thiago,ADMIS_COSTOS,solicitar informacion costo detalle ano attar thiago
WhatsApp,Saber si hay espacios en 6to primaria para Pedro. Gracias.,saber si hay espacios en 6to primaria para pedro gracias,ADMIS_VACANTES,espacio 6to primario pedro gracias
Email,Solicito información de pensiones y detalles para primer grado. Atte: Gabriel.,solicito informacion de pensiones y detalles para primer grado atte gabriel,ADMIS_COSTOS,solicitar informacion pensión detalle grado atte gabriel
Web,<p><b>ficha de matrícula para traslado a 5to secundaria. Postulante: Elena.</b></p>,ficha de matricula para traslado a 5to secundaria postulante elena,ADMIS_REQUIS_DOC,ficha matricula traslado 5to secundario postulante elén
WhatsApp,Hola hay espacios para inicial 5 años? Mi niño se llama Gabriel.,hola hay espacios para inicial 5 anos mi nino se llama gabriel,ADMIS_VACANTES,holar espacio inicial ano nino llamar gabriel
WhatsApp,Hola hay espacios para inicial 3 años? Mi niño se llama Thiago.,hola hay espacios para inicial 3 anos mi nino se llama thiago,ADMIS_VACANTES,holar espacio inicial ano nino llamar thiago
WhatsApp,Hola hay lugares para 1ero primaria? Mi niño se llama Lucia.,hola hay lugares para 1ero primaria mi nino se llama lucia,ADMIS_VACANTES,holar lugar 1ero primario nino llamar lucia
Web,documentación para traslado a inicial 4 años. Postulante: Gabriel.,documentacion para traslado a inicial 4 anos postulante gabriel,ADMIS_REQUIS_DOC,documentacion traslado inicial ano postulante gabriel
Email,Solicito información de cuotas y detalles para primer grado. Atte: Luis.,solicito informacion de cuotas y detalles para primer grado atte luis,ADMIS_COSTOS,solicitar informacion cuota detalle grado atte luis
Email,<p><b>Solicito información de cuotas y detalles para 1ero secundaria. Atte: Sofia.</b></p>,solicito informacion de cuotas y detalles para 1ero secundaria atte sofia,ADMIS_COSTOS,solicitar informacion cuota detalle 1ero secundario atte sofia
Email,"Estimados, quisiera saber los cuotas de 1ero primaria para mi hijo Lucia.",estimados quisiera saber los cuotas de 1ero primaria para mi hijo lucia,ADMIS_COSTOS,estimado querer cuota 1ero primario hijo lucia
Email,<p><b>Solicito información de pensiones y detalles para 6to primaria. Atte: Luis.</b></p>,solicito informacion de pensiones y detalles para 6to primaria atte luis,ADMIS_COSTOS,solicitar informacion pensión detalle 6to primaria atte luis
Web,<p><b>ficha de matrícula para traslado a primer grado. Postulante: Maria.</b></p>,ficha de matricula para traslado a primer grado postulante maria,ADMIS_REQUIS_DOC,ficha matricula traslado grado postulante mario
Email,SOLICITO INFORMACIÓN DE PRECIOS Y DETALLES PARA 1ERO SECUNDARIA. ATTE: SOFIA.,solicito informacion de precios y detalles para 1ero secundaria atte sofia,ADMIS_COSTOS,solicitar informacion precio detalle 1ero secundario atte sofia
Email,<p><b>Solicito información de pagos y detalles para secundaria. Atte: Thiago.</b></p>,solicito informacion de pagos y detalles para secundaria atte thiago,ADMIS_COSTOS,solicitar informacion pago detalle secundario atte thiago
Web,<p><b>partidas para traslado a 6to primaria. Postulante: Camila.</b></p>,partidas para traslado a 6to primaria postulante camila,ADMIS_REQUIS_DOC,partida traslado 6to primaria postulante camilar
Email,"Estimados, quisiera saber los mensualidad de secundaria para mi hijo Elena.",estimados quisiera saber los mensualidad de secundaria para mi hijo elena,ADMIS_COSTOS,estimado querer mensualidad secundaria hijo elena
Web,<p><b>documentos para traslado a primer grado. Postulante: Sofia.</b></p>,documentos para traslado a primer grado postulante sofia,ADMIS_REQUIS_DOC,documento traslado grado postulante sofia
WhatsApp,Saber si hay vacantes en inicial 3 años para Maria. Gracias.,saber si hay vacantes en inicial 3 anos para maria gracias,ADMIS_VACANTES,vacante inicial ano maria gracias
Email,"Estimados, quisiera saber los pensiones de 1ero primaria para mi hijo Gabriel.",estimados quisiera saber los pensiones de 1ero primaria para mi hijo gabriel,ADMIS_COSTOS,estimado querer pensión 1ero primario hijo gabriel
Email,"<p><b>Estimados, quisiera saber los costos de 6to primaria para mi hijo Thiago.</b></p>",estimados quisiera saber los costos de 6to primaria para mi hijo thiago,ADMIS_COSTOS,estimado querer costo 6to primario hijo thiago
Web,documentación para traslado a primer año. Postulante: Pedro.,documentacion para traslado a primer ano postulante pedro,ADMIS_REQUIS_DOC,documentacion traslado ano postulante pedro
Web,partidas para traslado a inicial 5 años. Postulante: Pedro.,partidas para traslado a inicial 5 anos postulante pedro,ADMIS_REQUIS_DOC,partida traslado inicial ano postulante pedro
WhatsApp,SABER SI HAY LUGARES EN 5TO SECUNDARIA PARA VALENTINA. GRACIAS.,saber si hay lugares en 5to secundaria para valentina gracias,ADMIS_VACANTES,lugar 5to secundario valentina gracias
Email,Solicito información de costos y detalles para 6to primaria. Atte: Pedro.,solicito informacion de costos y detalles para 6to primaria atte pedro,ADMIS_COSTOS,solicitar informacion costo detalle 6to primaria atte pedro
WhatsApp,Hola hay vacantes para primer año? Mi niño se llama Pedro.,hola hay vacantes para primer ano mi nino se llama pedro,ADMIS_VACANTES,holar vacante ano nino llamar pedro
WhatsApp,Saber si hay lugares en primer año para Elena. Gracias.,saber si hay lugares en primer ano para elena gracias,ADMIS_VACANTES,lugar ano elena gracias
Web,<p><b>citas de admision para 6to primaria. Mi menor es Gabriel.</b></p>,citas de admision para 6to primaria mi menor es gabriel,ADMIS_CITAS,cita admision 6to primario menor gabriel
WhatsApp,<p><b>Hola hay vacantes para inicial 3 años? Mi niño se llama Camila.</b></p>,hola hay vacantes para inicial 3 anos mi nino se llama camila,ADMIS_VACANTES,holar vacante inicial ano nino llamar camila
Email,Solicito información de pagos y detalles para 1ero secundaria. Atte: Sebastian.,solicito informacion de pagos y detalles para 1ero secundaria atte sebastian,ADMIS_COSTOS,solicitar informacion pago detalle 1ero secundario atte sebastiar
WhatsApp,Saber si hay lugares en secundaria para Pedro. Gracias.,saber si hay lugares en secundaria para pedro gracias,ADMIS_VACANTES,lugar secundaria pedro gracias
Web,ficha de matrícula para traslado a primer grado. Postulante: Juan.,ficha de matricula para traslado a primer grado postulante juan,ADMIS_REQUIS_DOC,ficha matricula traslado grado postulante juan
WhatsApp,<p><b>Hola hay vacantes para 1ero secundaria? Mi niño se llama Elena.</b></p>,hola hay vacantes para 1ero secundaria mi nino se llama elena,ADMIS_VACANTES,holar vacante 1ero secundario nino llamar elena
Web,citas de admision para inicial 3 años. Mi menor es Sebastian.,citas de admision para inicial 3 anos mi menor es sebastian,ADMIS_CITAS,cita admision inicial ano menor sebastiar
Web,ficha de matrícula para traslado a inicial 3 años. Postulante: Lucia.,ficha de matricula para traslado a inicial 3 anos postulante lucia,ADMIS_REQUIS_DOC,ficha matricula traslado inicial ano postulante lucia
Web,reunión de admision para inicial 5 años. Mi menor es Maria.,reunion de admision para inicial 5 anos mi menor es maria,ADMIS_CITAS,reunion admision inicial ano menor mario
WhatsApp,Saber si hay disponibilidad de ingreso en primer año para Sebastian. Gracias.,saber si hay disponibilidad de ingreso en primer ano para sebastian gracias,ADMIS_VACANTES,disponibilidad ingreso ano sebastiar gracias
Web,<p><b>partidas para traslado a primer grado. Postulante: Maria.</b></p>,partidas para traslado a primer grado postulante maria,ADMIS_REQUIS_DOC,partida traslado grado postulante mario
WhatsApp,HOLA HAY VACANTES PARA PRIMER AÑO? MI NIÑO SE LLAMA MARIA.,hola hay vacantes para primer ano mi nino se llama maria,ADMIS_VACANTES,holar vacante ano nino llamar mario
WhatsApp,Saber si hay vacantes en 5to secundaria para Ana. Gracias.,saber si hay vacantes en 5to secundaria para ana gracias,ADMIS_VACANTES,vacante 5to secundario ana gracias
WhatsApp,Hola hay vacantes para inicial 4 años? Mi niño se llama Thiago.,hola hay vacantes para inicial 4 anos mi nino se llama thiago,ADMIS_VACANTES,holar vacante inicial ano nino llamar thiago
Email,"<p><b>Estimados, quisiera saber los cuotas de inicial 3 años para mi hijo Camila.</b></p>",estimados quisiera saber los cuotas de inicial 3 anos para mi hijo camila,ADMIS_COSTOS,estimado querer cuota inicial ano hijo camilar
Web,<p><b>cronograma de admision para primer año. Mi menor es Pedro.</b></p>,cronograma de admision para primer ano mi menor es pedro,ADMIS_CITAS,cronograma admision ano menor pedro
Email,"Estimados, quisiera saber los pensiones de 1ero secundaria para mi hijo Thiago.",estimados quisiera saber los pensiones de 1ero secundaria para mi hijo thiago,ADMIS_COSTOS,estimado querer pensión 1ero secundario hijo thiago
WhatsApp,SABER SI HAY VACANTES EN 1ERO PRIMARIA PARA SEBASTIAN. GRACIAS.,saber si hay vacantes en 1ero primaria para sebastian gracias,ADMIS_VACANTES,vacante 1ero primario sebastiar gracias
Email,SOLICITO INFORMACIÓN DE CUOTAS Y DETALLES PARA SECUNDARIA. ATTE: VALENTINA.,solicito informacion de cuotas y detalles para secundaria atte valentina,ADMIS_COSTOS,solicitar informacion cuota detalle secundario atte valentín
WhatsApp,Saber si hay disponibilidad de ingreso en 5to secundaria para Gabriel. Gracias.,saber si hay disponibilidad de ingreso en 5to secundaria para gabriel gracias,ADMIS_VACANTES,disponibilidad ingreso 5to secundario gabriel gracias
Web,partidas para traslado a 1ero primaria. Postulante: Sofia.,partidas para traslado a 1ero primaria postulante sofia,ADMIS_REQUIS_DOC,partida traslado 1ero primaria postulante sofia
WhatsApp,HOLA HAY VACANTES PARA PRIMER AÑO? MI NIÑO SE LLAMA SOFIA.,hola hay vacantes para primer ano mi nino se llama sofia,ADMIS_VACANTES,holar vacante ano nino llamar sofia
WhatsApp,<p><b>Saber si hay espacios en 5to secundaria para Nicolas. Gracias.</b></p>,saber si hay espacios en 5to secundaria para nicolas gracias,ADMIS_VACANTES,espacio 5to secundario nico él gracia
WhatsApp,Hola hay disponibilidad de ingreso para 1ero secundaria? Mi niño se llama Nicolas.,hola hay disponibilidad de ingreso para 1ero secundaria mi nino se llama nicolas,ADMIS_VACANTES,holar disponibilidad ingreso 1ero secundario nino llamar nicola
WhatsApp,Hola hay vacantes para 1ero primaria? Mi niño se llama Nicolas.,hola hay vacantes para 1ero primaria mi nino se llama nicolas,ADMIS_VACANTES,holar vacante 1ero primario nino llamar nicola
WhatsApp,<p><b>Hola hay vacantes para 1ero secundaria? Mi niño se llama Thiago.</b></p>,hola hay vacantes para 1ero secundaria mi nino se llama thiago,ADMIS_VACANTES,holar vacante 1ero secundario nino llamar thiago
WhatsApp,Hola hay disponibilidad de ingreso para 1ero primaria? Mi niño se llama Luis.,hola hay disponibilidad de ingreso para 1ero primaria mi nino se llama luis,ADMIS_VACANTES,holar disponibilidad ingreso 1ero primario nino llamar luis
WhatsApp,Hola hay espacios para 6to primaria? Mi niño se llama Thiago.,hola hay espacios para 6to primaria mi nino se llama thiago,ADMIS_VACANTES,holar espacio 6to primario nino llamar thiago
Web,REQUISITOS PARA TRASLADO A 1ERO PRIMARIA. POSTULANTE: SEBASTIAN.,requisitos para traslado a 1ero primaria postulante sebastian,ADMIS_REQUIS_DOC,requisito traslado 1ero primaria postulante sebastiar
Email,"Estimados, quisiera saber los pagos de inicial 4 años para mi hijo Sebastian.",estimados quisiera saber los pagos de inicial 4 anos para mi hijo sebastian,ADMIS_COSTOS,estimado querer pago inicial ano hijo sebastiar
WhatsApp,<p><b>Saber si hay vacantes en 6to primaria para Valentina. Gracias.</b></p>,saber si hay vacantes en 6to primaria para valentina gracias,ADMIS_VACANTES,vacante 6to primario valentina gracias
Email,"Estimados, quisiera saber los pensiones de 1ero primaria para mi hijo Juan.",estimados quisiera saber los pensiones de 1ero primaria para mi hijo juan,ADMIS_COSTOS,estimado querer pensión 1ero primario hijo juan
Web,papeles para traslado a secundaria. Postulante: Camila.,papeles para traslado a secundaria postulante camila,ADMIS_REQUIS_DOC,papel traslado secundaria postulante camilar
Email,"Estimados, quisiera saber los pensiones de primer año para mi hijo Mateo.",estimados quisiera saber los pensiones de primer ano para mi hijo mateo,ADMIS_COSTOS,estimado querer pensión ano hijo mateo
WhatsApp,Saber si hay lugares en primer año para Sofia. Gracias.,saber si hay lugares en primer ano para sofia gracias,ADMIS_VACANTES,lugar ano sofia gracias
Email,"Estimados, quisiera saber los pagos de 1ero secundaria para mi hijo Elena.",estimados quisiera saber los pagos de 1ero secundaria para mi hijo elena,ADMIS_COSTOS,estimado querer pago 1ero secundario hijo elena
WhatsApp,Saber si hay lugares en 5to secundaria para Juan. Gracias.,saber si hay lugares en 5to secundaria para juan gracias,ADMIS_VACANTES,lugar 5to secundario juan gracias
WhatsApp,<p><b>Hola hay disponibilidad de ingreso para 5to secundaria? Mi niño se llama Pedro.</b></p>,hola hay disponibilidad de ingreso para 5to secundaria mi nino se llama pedro,ADMIS_VACANTES,holar disponibilidad ingreso 5to secundario nino llamar pedro
Email,"ESTIMADOS, QUISIERA SABER LOS COSTOS DE INICIAL 3 AÑOS PARA MI HIJO SOFIA.",estimados quisiera saber los costos de inicial 3 anos para mi hijo sofia,ADMIS_COSTOS,estimado querer costo inicial ano hijo sofia
Email,<p><b>Solicito información de pensiones y detalles para primer año. Atte: Juan.</b></p>,solicito informacion de pensiones y detalles para primer ano atte juan,ADMIS_COSTOS,solicitar informacion pensión detalle ano atte juan
Email,"ESTIMADOS, QUISIERA SABER LOS PAGOS DE INICIAL 5 AÑOS PARA MI HIJO NICOLAS.",estimados quisiera saber los pagos de inicial 5 anos para mi hijo nicolas,ADMIS_COSTOS,estimado querer pago inicial ano hijo nicola
Web,documentos para traslado a primer año. Postulante: Thiago.,documentos para traslado a primer ano postulante thiago,ADMIS_REQUIS_DOC,documento traslado ano postulante thiago
WhatsApp,Saber si hay cupos en primer año para Valentina. Gracias.,saber si hay cupos en primer ano para valentina gracias,ADMIS_VACANTES,cupo ano valentina gracias
WhatsApp,Hola hay espacios para 1ero primaria? Mi niño se llama Ana.,hola hay espacios para 1ero primaria mi nino se llama ana,ADMIS_VACANTES,holar espacio 1ero primario nino llamar án
Web,cronograma de admision para secundaria. Mi menor es Sebastian.,cronograma de admision para secundaria mi menor es sebastian,ADMIS_CITAS,cronograma admision secundario menor sebastiar
Web,cronograma de admision para primer año. Mi menor es Elena.,cronograma de admision para primer ano mi menor es elena,ADMIS_CITAS,cronograma admision ano menor elén
WhatsApp,<p><b>Hola hay cupos para inicial 3 años? Mi niño se llama Lucia.</b></p>,hola hay cupos para inicial 3 anos mi nino se llama lucia,ADMIS_VACANTES,holar cupo inicial ano nino llamar lucia
Web,reunión de admision para inicial 5 años. Mi menor es Elena.,reunion de admision para inicial 5 anos mi menor es elena,ADMIS_CITAS,reunion admision inicial ano menor elén
Email,"<p><b>Estimados, quisiera saber los pensiones de 1ero primaria para mi hijo Luis.</b></p>",estimados quisiera saber los pensiones de 1ero primaria para mi hijo luis,ADMIS_COSTOS,estimado querer pensión 1ero primario hijo luis
Email,"<p><b>Estimados, quisiera saber los mensualidad de 1ero primaria para mi hijo Juan.</b></p>",estimados quisiera saber los mensualidad de 1ero primaria para mi hijo juan,ADMIS_COSTOS,estimado querer mensualidad 1ero primario hijo juan
Email,Solicito información de precios y detalles para inicial 5 años. Atte: Sofia.,solicito informacion de precios y detalles para inicial 5 anos atte sofia,ADMIS_COSTOS,solicitar informacion precio detalle inicial anos atte sofia
Web,cronograma de admision para secundaria. Mi menor es Sofia.,cronograma de admision para secundaria mi menor es sofia,ADMIS_CITAS,cronograma admision secundario menor sofia
Web,charlas de admision para primer año. Mi menor es Nicolas.,charlas de admision para primer ano mi menor es nicolas,ADMIS_CITAS,charla admision ano menor nicola
WhatsApp,Hola hay disponibilidad de ingreso para inicial 3 años? Mi niño se llama Luis.,hola hay disponibilidad de ingreso para inicial 3 anos mi nino se llama luis,ADMIS_VACANTES,holar disponibilidad ingreso inicial ano nino llamar luis
Email,Solicito información de precios y detalles para secundaria. Atte: Nicolas.,solicito informacion de precios y detalles para secundaria atte nicolas,ADMIS_COSTOS,solicitar informacion precio detalle secundario atte nicola
Email,"Estimados, quisiera saber los pensiones de 6to primaria para mi hijo Elena.",estimados quisiera saber los pensiones de 6to primaria para mi hijo elena,ADMIS_COSTOS,estimado querer pensión 6to primario hijo elena
WhatsApp,Hola hay lugares para primer año? Mi niño se llama Valentina.,hola hay lugares para primer ano mi nino se llama valentina,ADMIS_VACANTES,holar lugar ano nino llamar valentina
WhatsApp,<p><b>Hola hay disponibilidad de ingreso para primer grado? Mi niño se llama Ana.</b></p>,hola hay disponibilidad de ingreso para primer grado mi nino se llama ana,ADMIS_VACANTES,holar disponibilidad ingreso grado nino llamar án
Web,entrevistas de admision para 5to secundaria. Mi menor es Sofia.,entrevistas de admision para 5to secundaria mi menor es sofia,ADMIS_CITAS,entrevista admision 5to secundario menor sofia
WhatsApp,<p><b>Hola hay cupos para inicial 3 años? Mi niño se llama Thiago.</b></p>,hola hay cupos para inicial 3 anos mi nino se llama thiago,ADMIS_VACANTES,holar cupo inicial ano nino llamar thiago
Email,"Estimados, quisiera saber los pensiones de 1ero primaria para mi hijo Elena.",estimados quisiera saber los pensiones de 1ero primaria para mi hijo elena,ADMIS_COSTOS,estimado querer pensión 1ero primario hijo elena
Email,Solicito información de precios y detalles para 5to secundaria. Atte: Gabriel.,solicito informacion de precios y detalles para 5to secundaria atte gabriel,ADMIS_COSTOS,solicitar informacion precio detalle 5to secundario atte gabriel
Email,"Estimados, quisiera saber los precios de 6to primaria para mi hijo Camila.",estimados quisiera saber los precios de 6to primaria para mi hijo camila,ADMIS_COSTOS,estimado querer precio 6to primario hijo camilar
Web,CRONOGRAMA DE ADMISION PARA PRIMER GRADO. MI MENOR ES PEDRO.,cronograma de admision para primer grado mi menor es pedro,ADMIS_CITAS,cronograma admision grado menor pedro
Email,"<p><b>Estimados, quisiera saber los pensiones de inicial 4 años para mi hijo Camila.</b></p>",estimados quisiera saber los pensiones de inicial 4 anos para mi hijo camila,ADMIS_COSTOS,estimado querer pensión inicial ano hijo camilar
Web,reunión de admision para inicial 3 años. Mi menor es Lucia.,reunion de admision para inicial 3 anos mi menor es lucia,ADMIS_CITAS,reunion admision inicial ano menor lucia
Email,"Estimados, quisiera saber los pagos de inicial 4 años para mi hijo Elena.",estimados quisiera saber los pagos de inicial 4 anos para mi hijo elena,ADMIS_COSTOS,estimado querer pago inicial ano hijo elena
Web,entrevistas de admision para inicial 3 años. Mi menor es Elena.,entrevistas de admision para inicial 3 anos mi menor es elena,ADMIS_CITAS,entrevista admision inicial ano menor elén
Web,requisitos para traslado a primer año. Postulante: Juan.,requisitos para traslado a primer ano postulante juan,ADMIS_REQUIS_DOC,requisito traslado ano postulante juan
Email,"<p><b>Estimados, quisiera saber los pagos de 6to primaria para mi hijo Gabriel.</b></p>",estimados quisiera saber los pagos de 6to primaria para mi hijo gabriel,ADMIS_COSTOS,estimado querer pago 6to primario hijo gabriel
WhatsApp,Saber si hay disponibilidad de ingreso en 5to secundaria para Ana. Gracias.,saber si hay disponibilidad de ingreso en 5to secundaria para ana gracias,ADMIS_VACANTES,disponibilidad ingreso 5to secundario ana gracias
WhatsApp,Saber si hay espacios en inicial 3 años para Mateo. Gracias.,saber si hay espacios en inicial 3 anos para mateo gracias,ADMIS_VACANTES,espacio inicial ano mateo gracias
WhatsApp,<p><b>Saber si hay espacios en inicial 5 años para Juan. Gracias.</b></p>,saber si hay espacios en inicial 5 anos para juan gracias,ADMIS_VACANTES,espacio inicial ano juan gracias
Email,"<p><b>Estimados, quisiera saber los precios de 1ero secundaria para mi hijo Sofia.</b></p>",estimados quisiera saber los precios de 1ero secundaria para mi hijo sofia,ADMIS_COSTOS,estimado querer precio 1ero secundario hijo sofia
WhatsApp,Saber si hay vacantes en 5to secundaria para Elena. Gracias.,saber si hay vacantes en 5to secundaria para elena gracias,ADMIS_VACANTES,vacante 5to secundario elena gracias
Web,<p><b>citas de admision para inicial 4 años. Mi menor es Ana.</b></p>,citas de admision para inicial 4 anos mi menor es ana,ADMIS_CITAS,cita admision inicial ano menor án
Web,<p><b>entrevistas de admision para primer año. Mi menor es Thiago.</b></p>,entrevistas de admision para primer ano mi menor es thiago,ADMIS_CITAS,entrevista admision ano menor thiago
WhatsApp,<p><b>Saber si hay lugares en secundaria para Ana. Gracias.</b></p>,saber si hay lugares en secundaria para ana gracias,ADMIS_VACANTES,lugar secundaria ana gracias
Web,papeles para traslado a inicial 3 años. Postulante: Nicolas.,papeles para traslado a inicial 3 anos postulante nicolas,ADMIS_REQUIS_DOC,papel traslado inicial ano postulante nico él
WhatsApp,Saber si hay disponibilidad de ingreso en inicial 4 años para Thiago. Gracias.,saber si hay disponibilidad de ingreso en inicial 4 anos para thiago gracias,ADMIS_VACANTES,disponibilidad ingreso inicial ano thiago gracias
WhatsApp,Saber si hay vacantes en primer grado para Sebastian. Gracias.,saber si hay vacantes en primer grado para sebastian gracias,ADMIS_VACANTES,vacante grado sebastiar gracias
Web,ficha de matrícula para traslado a inicial 4 años. Postulante: Lucia.,ficha de matricula para traslado a inicial 4 anos postulante lucia,ADMIS_REQUIS_DOC,ficha matricula traslado inicial ano postulante lucia
Web,ficha de matrícula para traslado a 5to secundaria. Postulante: Nicolas.,ficha de matricula para traslado a 5to secundaria postulante nicolas,ADMIS_REQUIS_DOC,ficha matricula traslado 5to secundario postulante nicola
WhatsApp,SABER SI HAY LUGARES EN INICIAL 4 AÑOS PARA GABRIEL. GRACIAS.,saber si hay lugares en inicial 4 anos para gabriel gracias,ADMIS_VACANTES,lugar inicial ano gabriel gracias
Web,entrevistas de admision para 5to secundaria. Mi menor es Thiago.,entrevistas de admision para 5to secundaria mi menor es thiago,ADMIS_CITAS,entrevista admision 5to secundario menor thiago
Web,reunión de admision para primer año. Mi menor es Valentina.,reunion de admision para primer ano mi menor es valentina,ADMIS_CITAS,reunion admision ano menor valentín
Email,"Estimados, quisiera saber los mensualidad de primer año para mi hijo Pedro.",estimados quisiera saber los mensualidad de primer ano para mi hijo pedro,ADMIS_COSTOS,estimado querer mensualidad ano hijo pedro
Email,"Estimados, quisiera saber los precios de inicial 4 años para mi hijo Gabriel.",estimados quisiera saber los precios de inicial 4 anos para mi hijo gabriel,ADMIS_COSTOS,estimado querer precio inicial ano hijo gabriel
Web,cronograma de admision para 1ero secundaria. Mi menor es Lucia.,cronograma de admision para 1ero secundaria mi menor es lucia,ADMIS_CITAS,cronograma admision 1ero secundario menor lucia
Web,charlas de admision para primer año. Mi menor es Valentina.,charlas de admision para primer ano mi menor es valentina,ADMIS_CITAS,charla admision ano menor valentín
Web,papeles para traslado a primer grado. Postulante: Luis.,papeles para traslado a primer grado postulante luis,ADMIS_REQUIS_DOC,papel traslado grado postulante luis
Email,"<p><b>Estimados, quisiera saber los cuotas de secundaria para mi hijo Mateo.</b></p>",estimados quisiera saber los cuotas de secundaria para mi hijo mateo,ADMIS_COSTOS,estimado querer cuota secundaria hijo mateo
Web,papeles para traslado a primer año. Postulante: Juan.,papeles para traslado a primer ano postulante juan,ADMIS_REQUIS_DOC,papel traslado ano postulante juan
Web,FICHA DE MATRÍCULA PARA TRASLADO A INICIAL 3 AÑOS. POSTULANTE: GABRIEL.,ficha de matricula para traslado a inicial 3 anos postulante gabriel,ADMIS_REQUIS_DOC,ficha matricula traslado inicial ano postulante gabriel
Web,DOCUMENTACIÓN PARA TRASLADO A INICIAL 4 AÑOS. POSTULANTE: VALENTINA.,documentacion para traslado a inicial 4 anos postulante valentina,ADMIS_REQUIS_DOC,documentacion traslado inicial ano postulante valentín
Email,"Estimados, quisiera saber los precios de inicial 3 años para mi hijo Camila.",estimados quisiera saber los precios de inicial 3 anos para mi hijo camila,ADMIS_COSTOS,estimado querer precio inicial ano hijo camilar
WhatsApp,Saber si hay disponibilidad de ingreso en primer grado para Ana. Gracias.,saber si hay disponibilidad de ingreso en primer grado para ana gracias,ADMIS_VACANTES,disponibilidad ingreso grado ana gracias
Web,REUNIÓN DE ADMISION PARA 6TO PRIMARIA. MI MENOR ES THIAGO.,reunion de admision para 6to primaria mi menor es thiago,ADMIS_CITAS,reunion admision 6to primario menor thiago
Email,Solicito información de costos y detalles para 6to primaria. Atte: Juan.,solicito informacion de costos y detalles para 6to primaria atte juan,ADMIS_COSTOS,solicitar informacion costo detalle 6to primaria atte juan
WhatsApp,HOLA HAY VACANTES PARA 1ERO PRIMARIA? MI NIÑO SE LLAMA LUIS.,hola hay vacantes para 1ero primaria mi nino se llama luis,ADMIS_VACANTES,holar vacante 1ero primario nino llamar luis
Email,"<p><b>Estimados, quisiera saber los costos de inicial 4 años para mi hijo Thiago.</b></p>",estimados quisiera saber los costos de inicial 4 anos para mi hijo thiago,ADMIS_COSTOS,estimado querer costo inicial ano hijo thiago
Email,Solicito información de pensiones y detalles para primer año. Atte: Valentina.,solicito informacion de pensiones y detalles para primer ano atte valentina,ADMIS_COSTOS,solicitar informacion pensión detalle ano attar valentín
Web,citas de admision para inicial 5 años. Mi menor es Luis.,citas de admision para inicial 5 anos mi menor es luis,ADMIS_CITAS,cita admision inicial ano menor luis
Web,entrevistas de admision para primer grado. Mi menor es Valentina.,entrevistas de admision para primer grado mi menor es valentina,ADMIS_CITAS,entrevista admision grado menor valentín
WhatsApp,<p><b>Saber si hay disponibilidad de ingreso en inicial 3 años para Mateo. Gracias.</b></p>,saber si hay disponibilidad de ingreso en inicial 3 anos para mateo gracias,ADMIS_VACANTES,disponibilidad ingreso inicial ano mateo gracias
Web,requisitos para traslado a 6to primaria. Postulante: Camila.,requisitos para traslado a 6to primaria postulante camila,ADMIS_REQUIS_DOC,requisito traslado 6to primaria postulante camilar
Web,ficha de matrícula para traslado a 5to secundaria. Postulante: Maria.,ficha de matricula para traslado a 5to secundaria postulante maria,ADMIS_REQUIS_DOC,ficha matricula traslado 5to secundario postulante mario
WhatsApp,Hola hay disponibilidad de ingreso para secundaria? Mi niño se llama Mateo.,hola hay disponibilidad de ingreso para secundaria mi nino se llama mateo,ADMIS_VACANTES,holar disponibilidad ingreso secundario nino llamar mateo
Email,"<p><b>Estimados, quisiera saber los mensualidad de inicial 5 años para mi hijo Luis.</b></p>",estimados quisiera saber los mensualidad de inicial 5 anos para mi hijo luis,ADMIS_COSTOS,estimado querer mensualidad inicial ano hijo luis
Web,entrevistas de admision para 1ero primaria. Mi menor es Pedro.,entrevistas de admision para 1ero primaria mi menor es pedro,ADMIS_CITAS,entrevista admision 1ero primario menor pedro
WhatsApp,Saber si hay lugares en inicial 5 años para Luis. Gracias.,saber si hay lugares en inicial 5 anos para luis gracias,ADMIS_VACANTES,lugar inicial ano luis gracias
Email,Solicito información de pagos y detalles para secundaria. Atte: Maria.,solicito informacion de pagos y detalles para secundaria atte maria,ADMIS_COSTOS,solicitar informacion pago detalle secundario atte mario
Web,partidas para traslado a inicial 4 años. Postulante: Sofia.,partidas para traslado a inicial 4 anos postulante sofia,ADMIS_REQUIS_DOC,partida traslado inicial ano postulante sofia
Email,<p><b>Solicito información de pagos y detalles para 1ero primaria. Atte: Gabriel.</b></p>,solicito informacion de pagos y detalles para 1ero primaria atte gabriel,ADMIS_COSTOS,solicitar informacion pago detalle 1ero primario atte gabriel
WhatsApp,Hola hay cupos para 6to primaria? Mi niño se llama Sebastian.,hola hay cupos para 6to primaria mi nino se llama sebastian,ADMIS_VACANTES,holar cupo 6to primaria nino llamar sebastian
WhatsApp,<p><b>Hola hay disponibilidad de ingreso para 1ero secundaria? Mi niño se llama Juan.</b></p>,hola hay disponibilidad de ingreso para 1ero secundaria mi nino se llama juan,ADMIS_VACANTES,holar disponibilidad ingreso 1ero secundario nino llamar juan
WhatsApp,<p><b>Saber si hay disponibilidad de ingreso en primer grado para Nicolas. Gracias.</b></p>,saber si hay disponibilidad de ingreso en primer grado para nicolas gracias,ADMIS_VACANTES,disponibilidad ingreso grado nico él gracia
Email,"ESTIMADOS, QUISIERA SABER LOS PRECIOS DE INICIAL 4 AÑOS PARA MI HIJO SEBASTIAN.",estimados quisiera saber los precios de inicial 4 anos para mi hijo sebastian,ADMIS_COSTOS,estimado querer precio inicial ano hijo sebastiar
Web,documentos para traslado a primer año. Postulante: Nicolas.,documentos para traslado a primer ano postulante nicolas,ADMIS_REQUIS_DOC,documento traslado ano postulante nicola
Web,reunión de admision para 1ero secundaria. Mi menor es Sofia.,reunion de admision para 1ero secundaria mi menor es sofia,ADMIS_CITAS,reunion admision 1ero secundario menor sofia
WhatsApp,Saber si hay disponibilidad de ingreso en secundaria para Juan. Gracias.,saber si hay disponibilidad de ingreso en secundaria para juan gracias,ADMIS_VACANTES,disponibilidad ingreso secundaria juan gracias
Email,<p><b>Solicito información de precios y detalles para primer grado. Atte: Nicolas.</b></p>,solicito informacion de precios y detalles para primer grado atte nicolas,ADMIS_COSTOS,solicitar informacion precio detalle grado attar nicola
Web,ficha de matrícula para traslado a inicial 3 años. Postulante: Nicolas.,ficha de matricula para traslado a inicial 3 anos postulante nicolas,ADMIS_REQUIS_DOC,ficha matricula traslado inicial ano postulante nico él
WhatsApp,Hola hay cupos para 1ero primaria? Mi niño se llama Valentina.,hola hay cupos para 1ero primaria mi nino se llama valentina,ADMIS_VACANTES,holar cupo 1ero primario nino llamar valentina
Email,Solicito información de precios y detalles para inicial 4 años. Atte: Mateo.,solicito informacion de precios y detalles para inicial 4 anos atte mateo,ADMIS_COSTOS,solicitar informacion precio detalle inicial anos atte mateo
Web,requisitos para traslado a secundaria. Postulante: Sebastian.,requisitos para traslado a secundaria postulante sebastian,ADMIS_REQUIS_DOC,requisito traslado secundaria postulante sebastiar
Email,SOLICITO INFORMACIÓN DE PRECIOS Y DETALLES PARA PRIMER GRADO. ATTE: PEDRO.,solicito informacion de precios y detalles para primer grado atte pedro,ADMIS_COSTOS,solicitar informacion precio detalle grado atte pedro
Email,"Estimados, quisiera saber los cuotas de primer año para mi hijo Nicolas.",estimados quisiera saber los cuotas de primer ano para mi hijo nicolas,ADMIS_COSTOS,estimado querer cuota ano hijo nicola
WhatsApp,Saber si hay vacantes en 1ero secundaria para Camila. Gracias.,saber si hay vacantes en 1ero secundaria para camila gracias,ADMIS_VACANTES,vacante 1ero secundario camila gracias
Email,"Estimados, quisiera saber los cuotas de 6to primaria para mi hijo Thiago.",estimados quisiera saber los cuotas de 6to primaria para mi hijo thiago,ADMIS_COSTOS,estimado querer cuota 6to primario hijo thiago
Web,requisitos para traslado a 1ero secundaria. Postulante: Sofia.,requisitos para traslado a 1ero secundaria postulante sofia,ADMIS_REQUIS_DOC,requisito traslado 1ero secundario postulante sofia
Email,"Estimados, quisiera saber los cuotas de inicial 4 años para mi hijo Thiago.",estimados quisiera saber los cuotas de inicial 4 anos para mi hijo thiago,ADMIS_COSTOS,estimado querer cuota inicial ano hijo thiago
WhatsApp,Saber si hay disponibilidad de ingreso en 5to secundaria para Sofia. Gracias.,saber si hay disponibilidad de ingreso en 5to secundaria para sofia gracias,ADMIS_VACANTES,disponibilidad ingreso 5to secundario sofia gracias
Email,"Estimados, quisiera saber los pensiones de 5to secundaria para mi hijo Luis.",estimados quisiera saber los pensiones de 5to secundaria para mi hijo luis,ADMIS_COSTOS,estimado querer pensión 5to secundario hijo luis
WhatsApp,HOLA HAY ESPACIOS PARA 1ERO PRIMARIA? MI NIÑO SE LLAMA LUCIA.,hola hay espacios para 1ero primaria mi nino se llama lucia,ADMIS_VACANTES,holar espacio 1ero primario nino llamar lucia
Email,"Estimados, quisiera saber los pensiones de inicial 5 años para mi hijo Juan.",estimados quisiera saber los pensiones de inicial 5 anos para mi hijo juan,ADMIS_COSTOS,estimado querer pensión inicial ano hijo juan
Email,"Estimados, quisiera saber los costos de 1ero secundaria para mi hijo Mateo.",estimados quisiera saber los costos de 1ero secundaria para mi hijo mateo,ADMIS_COSTOS,estimado querer costo 1ero secundario hijo mateo
Web,CITAS DE ADMISION PARA SECUNDARIA. MI MENOR ES SOFIA.,citas de admision para secundaria mi menor es sofia,ADMIS_CITAS,cita admision secundario menor sofia
Web,DOCUMENTOS PARA TRASLADO A SECUNDARIA. POSTULANTE: THIAGO.,documentos para traslado a secundaria postulante thiago,ADMIS_REQUIS_DOC,documento traslado secundaria postulante thiago
Email,Solicito información de pagos y detalles para 5to secundaria. Atte: Sebastian.,solicito informacion de pagos y detalles para 5to secundaria atte sebastian,ADMIS_COSTOS,solicitar informacion pago detalle 5to secundario atte sebastiar
WhatsApp,Saber si hay vacantes en secundaria para Lucia. Gracias.,saber si hay vacantes en secundaria para lucia gracias,ADMIS_VACANTES,vacante secundaria lucia gracias
Email,"Estimados, quisiera saber los pagos de inicial 4 años para mi hijo Thiago.",estimados quisiera saber los pagos de inicial 4 anos para mi hijo thiago,ADMIS_COSTOS,estimado querer pago inicial ano hijo thiago
WhatsApp,Saber si hay espacios en 6to primaria para Sofia. Gracias.,saber si hay espacios en 6to primaria para sofia gracias,ADMIS_VACANTES,espacio 6to primario sofia gracias
WhatsApp,<p><b>Saber si hay vacantes en 1ero primaria para Lucia. Gracias.</b></p>,saber si hay vacantes en 1ero primaria para lucia gracias,ADMIS_VACANTES,vacante 1ero primario lucia gracias
WhatsApp,Hola hay lugares para inicial 3 años? Mi niño se llama Sofia.,hola hay lugares para inicial 3 anos mi nino se llama sofia,ADMIS_VACANTES,holar lugar inicial ano nino llamar sofia
WhatsApp,Saber si hay vacantes en secundaria para Elena. Gracias.,saber si hay vacantes en secundaria para elena gracias,ADMIS_VACANTES,vacante secundaria elena gracias
Web,requisitos para traslado a 1ero primaria. Postulante: Juan.,requisitos para traslado a 1ero primaria postulante juan,ADMIS_REQUIS_DOC,requisito traslado 1ero primaria postulante juan
WhatsApp,Hola hay vacantes para 5to secundaria? Mi niño se llama Ana.,hola hay vacantes para 5to secundaria mi nino se llama ana,ADMIS_VACANTES,holar vacante 5to secundario nino llamar án
Web,requisitos para traslado a 6to primaria. Postulante: Luis.,requisitos para traslado a 6to primaria postulante luis,ADMIS_REQUIS_DOC,requisito traslado 6to primaria postulante luis
Email,Solicito información de mensualidad y detalles para 6to primaria. Atte: Pedro.,solicito informacion de mensualidad y detalles para 6to primaria atte pedro,ADMIS_COSTOS,solicitar informacion mensualidad detalle 6to primaria atte pedro
Web,reunión de admision para inicial 4 años. Mi menor es Elena.,reunion de admision para inicial 4 anos mi menor es elena,ADMIS_CITAS,reunion admision inicial ano menor elén
Email,"Estimados, quisiera saber los cuotas de 1ero primaria para mi hijo Nicolas.",estimados quisiera saber los cuotas de 1ero primaria para mi hijo nicolas,ADMIS_COSTOS,estimado querer cuota 1ero primario hijo nicola
Email,Solicito información de pagos y detalles para secundaria. Atte: Valentina.,solicito informacion de pagos y detalles para secundaria atte valentina,ADMIS_COSTOS,solicitar informacion pago detalle secundario atte valentín
WhatsApp,Saber si hay lugares en inicial 4 años para Luis. Gracias.,saber si hay lugares en inicial 4 anos para luis gracias,ADMIS_VACANTES,lugar inicial ano luis gracias
Email,Solicito información de mensualidad y detalles para inicial 3 años. Atte: Maria.,solicito informacion de mensualidad y detalles para inicial 3 anos atte maria,ADMIS_COSTOS,solicitar informacion mensualidad detalle inicial anos atte mario
Web,DOCUMENTACIÓN PARA TRASLADO A 5TO SECUNDARIA. POSTULANTE: NICOLAS.,documentacion para traslado a 5to secundaria postulante nicolas,ADMIS_REQUIS_DOC,documentacion traslado 5to secundario postulante nicola
Web,ENTREVISTAS DE ADMISION PARA 5TO SECUNDARIA. MI MENOR ES PEDRO.,entrevistas de admision para 5to secundaria mi menor es pedro,ADMIS_CITAS,entrevista admision 5to secundario menor pedro
Web,documentos para traslado a inicial 3 años. Postulante: Camila.,documentos para traslado a inicial 3 anos postulante camila,ADMIS_REQUIS_DOC,documento traslado inicial ano postulante camilar
WhatsApp,Hola hay disponibilidad de ingreso para secundaria? Mi niño se llama Camila.,hola hay disponibilidad de ingreso para secundaria mi nino se llama camila,ADMIS_VACANTES,holar disponibilidad ingreso secundario nino llamar camila
Email,Solicito información de pagos y detalles para primer grado. Atte: Pedro.,solicito informacion de pagos y detalles para primer grado atte pedro,ADMIS_COSTOS,solicitar informacion pago detalle grado atte pedro
Email,"Estimados, quisiera saber los costos de 6to primaria para mi hijo Mateo.",estimados quisiera saber los costos de 6to primaria para mi hijo mateo,ADMIS_COSTOS,estimado querer costo 6to primario hijo mateo
Email,<p><b>Solicito información de mensualidad y detalles para secundaria. Atte: Sebastian.</b></p>,solicito informacion de mensualidad y detalles para secundaria atte sebastian,ADMIS_COSTOS,solicitar informacion mensualidad detalle secundario atte sebastiar
WhatsApp,Hola hay lugares para 1ero primaria? Mi niño se llama Gabriel.,hola hay lugares para 1ero primaria mi nino se llama gabriel,ADMIS_VACANTES,holar lugar 1ero primario nino llamar gabriel
WhatsApp,<p><b>Saber si hay vacantes en 1ero secundaria para Luis. Gracias.</b></p>,saber si hay vacantes en 1ero secundaria para luis gracias,ADMIS_VACANTES,vacante 1ero secundario luis gracias
WhatsApp,Hola hay cupos para 6to primaria? Mi niño se llama Ana.,hola hay cupos para 6to primaria mi nino se llama ana,ADMIS_VACANTES,holar cupo 6to primaria nino llamar án
WhatsApp,Saber si hay cupos en 1ero primaria para Luis. Gracias.,saber si hay cupos en 1ero primaria para luis gracias,ADMIS_VACANTES,cupo 1ero primario luis gracias
Web,requisitos para traslado a 6to primaria. Postulante: Ana.,requisitos para traslado a 6to primaria postulante ana,ADMIS_REQUIS_DOC,requisito traslado 6to primaria postulante ana
Email,"Estimados, quisiera saber los cuotas de primer año para mi hijo Maria.",estimados quisiera saber los cuotas de primer ano para mi hijo maria,ADMIS_COSTOS,estimado querer cuota ano hijo mario
Web,requisitos para traslado a 5to secundaria. Postulante: Thiago.,requisitos para traslado a 5to secundaria postulante thiago,ADMIS_REQUIS_DOC,requisito traslado 5to secundario postulante thiago
Email,"Estimados, quisiera saber los costos de 1ero secundaria para mi hijo Thiago.",estimados quisiera saber los costos de 1ero secundaria para mi hijo thiago,ADMIS_COSTOS,estimado querer costo 1ero secundario hijo thiago
WhatsApp,Hola hay lugares para primer año? Mi niño se llama Sofia.,hola hay lugares para primer ano mi nino se llama sofia,ADMIS_VACANTES,holar lugar ano nino llamar sofia
WhatsApp,Saber si hay lugares en 1ero secundaria para Pedro. Gracias.,saber si hay lugares en 1ero secundaria para pedro gracias,ADMIS_VACANTES,lugar 1ero secundario pedro gracias
Email,"Estimados, quisiera saber los pagos de inicial 5 años para mi hijo Sofia.",estimados quisiera saber los pagos de inicial 5 anos para mi hijo sofia,ADMIS_COSTOS,estimado querer pago inicial ano hijo sofia
WhatsApp,Saber si hay espacios en 5to secundaria para Maria. Gracias.,saber si hay espacios en 5to secundaria para maria gracias,ADMIS_VACANTES,espacio 5to secundario maria gracias
Email,Solicito información de precios y detalles para 1ero primaria. Atte: Sofia.,solicito informacion de precios y detalles para 1ero primaria atte sofia,ADMIS_COSTOS,solicitar informacion precio detalle 1ero primario atte sofia
Email,"Estimados, quisiera saber los pensiones de 5to secundaria para mi hijo Maria.",estimados quisiera saber los pensiones de 5to secundaria para mi hijo maria,ADMIS_COSTOS,estimado querer pensión 5to secundario hijo mario
Web,<p><b>requisitos para traslado a inicial 5 años. Postulante: Elena.</b></p>,requisitos para traslado a inicial 5 anos postulante elena,ADMIS_REQUIS_DOC,requisito traslado inicial ano postulante elén
Email,"<p><b>Estimados, quisiera saber los precios de 1ero primaria para mi hijo Luis.</b></p>",estimados quisiera saber los precios de 1ero primaria para mi hijo luis,ADMIS_COSTOS,estimado querer precio 1ero primario hijo luis
Web,ENTREVISTAS DE ADMISION PARA 6TO PRIMARIA. MI MENOR ES CAMILA.,entrevistas de admision para 6to primaria mi menor es camila,ADMIS_CITAS,entrevista admision 6to primario menor camila
Web,documentación para traslado a primer grado. Postulante: Pedro.,documentacion para traslado a primer grado postulante pedro,ADMIS_REQUIS_DOC,documentacion traslado grado postulante pedro
Web,papeles para traslado a primer grado. Postulante: Maria.,papeles para traslado a primer grado postulante maria,ADMIS_REQUIS_DOC,papel traslado grado postulante mario
Web,charlas de admision para 6to primaria. Mi menor es Pedro.,charlas de admision para 6to primaria mi menor es pedro,ADMIS_CITAS,charla admision 6to primario menor pedro
Web,<p><b>entrevistas de admision para 1ero primaria. Mi menor es Gabriel.</b></p>,entrevistas de admision para 1ero primaria mi menor es gabriel,ADMIS_CITAS,entrevista admision 1ero primario menor gabriel
Email,"Estimados, quisiera saber los precios de secundaria para mi hijo Pedro.",estimados quisiera saber los precios de secundaria para mi hijo pedro,ADMIS_COSTOS,estimado querer precio secundaria hijo pedro
Web,cronograma de admision para 1ero primaria. Mi menor es Elena.,cronograma de admision para 1ero primaria mi menor es elena,ADMIS_CITAS,cronograma admision 1ero primario menor elén
Web,charlas de admision para inicial 5 años. Mi menor es Maria.,charlas de admision para inicial 5 anos mi menor es maria,ADMIS_CITAS,charla admision inicial ano menor mario
WhatsApp,Hola hay vacantes para inicial 3 años? Mi niño se llama Juan.,hola hay vacantes para inicial 3 anos mi nino se llama juan,ADMIS_VACANTES,holar vacante inicial ano nino llamar juan
Email,Solicito información de cuotas y detalles para 6to primaria. Atte: Mateo.,solicito informacion de cuotas y detalles para 6to primaria atte mateo,ADMIS_COSTOS,solicitar informacion cuota detalle 6to primaria atte mateo
WhatsApp,SABER SI HAY VACANTES EN 5TO SECUNDARIA PARA LUIS. GRACIAS.,saber si hay vacantes en 5to secundaria para luis gracias,ADMIS_VACANTES,vacante 5to secundario luis gracias
Email,<p><b>Solicito información de cuotas y detalles para 1ero secundaria. Atte: Ana.</b></p>,solicito informacion de cuotas y detalles para 1ero secundaria atte ana,ADMIS_COSTOS,solicitar informacion cuota detalle 1ero secundario atte ana
Web,reunión de admision para primer año. Mi menor es Ana.,reunion de admision para primer ano mi menor es ana,ADMIS_CITAS,reunion admision ano menor án
Web,papeles para traslado a 1ero secundaria. Postulante: Sofia.,papeles para traslado a 1ero secundaria postulante sofia,ADMIS_REQUIS_DOC,papel traslado 1ero secundario postulante sofia
Web,partidas para traslado a inicial 5 años. Postulante: Sofia.,partidas para traslado a inicial 5 anos postulante sofia,ADMIS_REQUIS_DOC,partida traslado inicial ano postulante sofia
WhatsApp,Saber si hay espacios en 1ero secundaria para Gabriel. Gracias.,saber si hay espacios en 1ero secundaria para gabriel gracias,ADMIS_VACANTES,espacio 1ero secundario gabriel gracias
Web,<p><b>entrevistas de admision para 1ero secundaria. Mi menor es Nicolas.</b></p>,entrevistas de admision para 1ero secundaria mi menor es nicolas,ADMIS_CITAS,entrevista admision 1ero secundario menor nicola
WhatsApp,SABER SI HAY LUGARES EN SECUNDARIA PARA ELENA. GRACIAS.,saber si hay lugares en secundaria para elena gracias,ADMIS_VACANTES,lugar secundaria elena gracias
Web,REQUISITOS PARA TRASLADO A SECUNDARIA. POSTULANTE: JUAN.,requisitos para traslado a secundaria postulante juan,ADMIS_REQUIS_DOC,requisito traslado secundario postulante juan
Email,Solicito información de pensiones y detalles para inicial 5 años. Atte: Nicolas.,solicito informacion de pensiones y detalles para inicial 5 anos atte nicolas,ADMIS_COSTOS,solicitar informacion pensión detalle inicial anos attar nicola
Email,"Estimados, quisiera saber los pagos de inicial 3 años para mi hijo Nicolas.",estimados quisiera saber los pagos de inicial 3 anos para mi hijo nicolas,ADMIS_COSTOS,estimado querer pago inicial ano hijo nicola
Email,"Estimados, quisiera saber los pagos de 5to secundaria para mi hijo Juan.",estimados quisiera saber los pagos de 5to secundaria para mi hijo juan,ADMIS_COSTOS,estimado querer pago 5to secundario hijo juan
Web,charlas de admision para inicial 5 años. Mi menor es Thiago.,charlas de admision para inicial 5 anos mi menor es thiago,ADMIS_CITAS,charla admision inicial ano menor thiago
WhatsApp,Saber si hay cupos en 5to secundaria para Thiago. Gracias.,saber si hay cupos en 5to secundaria para thiago gracias,ADMIS_VACANTES,cupo 5to secundario thiago gracias
Email,"Estimados, quisiera saber los pagos de 6to primaria para mi hijo Lucia.",estimados quisiera saber los pagos de 6to primaria para mi hijo lucia,ADMIS_COSTOS,estimado querer pago 6to primario hijo lucia
WhatsApp,Saber si hay espacios en 1ero primaria para Lucia. Gracias.,saber si hay espacios en 1ero primaria para lucia gracias,ADMIS_VACANTES,espacio 1ero primario lucia gracias
Web,cronograma de admision para inicial 5 años. Mi menor es Pedro.,cronograma de admision para inicial 5 anos mi menor es pedro,ADMIS_CITAS,cronograma admision inicial ano menor pedro
WhatsApp,Saber si hay lugares en 6to primaria para Sebastian. Gracias.,saber si hay lugares en 6to primaria para sebastian gracias,ADMIS_VACANTES,lugar 6to primario sebastiar gracias
Email,Solicito información de pensiones y detalles para 5to secundaria. Atte: Ana.,solicito informacion de pensiones y detalles para 5to secundaria atte ana,ADMIS_COSTOS,solicitar informacion pensión detalle 5to secundario atte ana
Email,Solicito información de mensualidad y detalles para primer año. Atte: Sebastian.,solicito informacion de mensualidad y detalles para primer ano atte sebastian,ADMIS_COSTOS,solicitar informacion mensualidad detalle ano atte sebastiar
WhatsApp,HOLA HAY ESPACIOS PARA PRIMER AÑO? MI NIÑO SE LLAMA NICOLAS.,hola hay espacios para primer ano mi nino se llama nicolas,ADMIS_VACANTES,holar espacio ano nino llamar nicola
Web,partidas para traslado a secundaria. Postulante: Thiago.,partidas para traslado a secundaria postulante thiago,ADMIS_REQUIS_DOC,partida traslado secundaria postulante thiago
Web,charlas de admision para inicial 4 años. Mi menor es Juan.,charlas de admision para inicial 4 anos mi menor es juan,ADMIS_CITAS,charla admision inicial ano menor juan
WhatsApp,<p><b>Hola hay cupos para inicial 5 años? Mi niño se llama Thiago.</b></p>,hola hay cupos para inicial 5 anos mi nino se llama thiago,ADMIS_VACANTES,holar cupo inicial ano nino llamar thiago
WhatsApp,Saber si hay vacantes en 5to secundaria para Juan. Gracias.,saber si hay vacantes en 5to secundaria para juan gracias,ADMIS_VACANTES,vacante 5to secundario juan gracias
Web,entrevistas de admision para primer grado. Mi menor es Sebastian.,entrevistas de admision para primer grado mi menor es sebastian,ADMIS_CITAS,entrevista admision grado menor sebastiar
WhatsApp,Saber si hay espacios en primer grado para Ana. Gracias.,saber si hay espacios en primer grado para ana gracias,ADMIS_VACANTES,espacio grado ana gracias
Web,citas de admision para inicial 5 años. Mi menor es Pedro.,citas de admision para inicial 5 anos mi menor es pedro,ADMIS_CITAS,cita admision inicial ano menor pedro
Web,papeles para traslado a 5to secundaria. Postulante: Camila.,papeles para traslado a 5to secundaria postulante camila,ADMIS_REQUIS_DOC,papel traslado 5to secundario postulante camilar
Email,Solicito información de costos y detalles para secundaria. Atte: Sebastian.,solicito informacion de costos y detalles para secundaria atte sebastian,ADMIS_COSTOS,solicitar informacion costo detalle secundario atte sebastiar
Web,cronograma de admision para inicial 5 años. Mi menor es Ana.,cronograma de admision para inicial 5 anos mi menor es ana,ADMIS_CITAS,cronograma admision inicial ano menor án
Email,Solicito información de pagos y detalles para secundaria. Atte: Pedro.,solicito informacion de pagos y detalles para secundaria atte pedro,ADMIS_COSTOS,solicitar informacion pago detalle secundario atte pedro
Email,Solicito información de mensualidad y detalles para inicial 5 años. Atte: Camila.,solicito informacion de mensualidad y detalles para inicial 5 anos atte camila,ADMIS_COSTOS,solicitar informacion mensualidad detalle inicial anos attir camilar
Email,Solicito información de mensualidad y detalles para primer año. Atte: Sofia.,solicito informacion de mensualidad y detalles para primer ano atte sofia,ADMIS_COSTOS,solicitar informacion mensualidad detalle ano attar sofia
WhatsApp,Saber si hay espacios en secundaria para Maria. Gracias.,saber si hay espacios en secundaria para maria gracias,ADMIS_VACANTES,espacio secundaria maria gracias
Email,"Estimados, quisiera saber los costos de inicial 3 años para mi hijo Pedro.",estimados quisiera saber los costos de inicial 3 anos para mi hijo pedro,ADMIS_COSTOS,estimado querer costo inicial ano hijo pedro
Web,<p><b>ficha de matrícula para traslado a 1ero secundaria. Postulante: Luis.</b></p>,ficha de matricula para traslado a 1ero secundaria postulante luis,ADMIS_REQUIS_DOC,ficha matricula traslado 1ero secundario postulante luis
Web,ficha de matrícula para traslado a 5to secundaria. Postulante: Camila.,ficha de matricula para traslado a 5to secundaria postulante camila,ADMIS_REQUIS_DOC,ficha matricula traslado 5to secundario postulante camilar
WhatsApp,Saber si hay disponibilidad de ingreso en inicial 4 años para Juan. Gracias.,saber si hay disponibilidad de ingreso en inicial 4 anos para juan gracias,ADMIS_VACANTES,disponibilidad ingreso inicial ano juan gracias
Email,"Estimados, quisiera saber los cuotas de primer grado para mi hijo Nicolas.",estimados quisiera saber los cuotas de primer grado para mi hijo nicolas,ADMIS_COSTOS,estimado querer cuota grado hijo nicola
Email,"Estimados, quisiera saber los cuotas de 1ero secundaria para mi hijo Elena.",estimados quisiera saber los cuotas de 1ero secundaria para mi hijo elena,ADMIS_COSTOS,estimado querer cuota 1ero secundario hijo elena
Web,DOCUMENTACIÓN PARA TRASLADO A INICIAL 5 AÑOS. POSTULANTE: ANA.,documentacion para traslado a inicial 5 anos postulante ana,ADMIS_REQUIS_DOC,documentacion traslado inicial ano postulante ana
WhatsApp,SABER SI HAY LUGARES EN PRIMER GRADO PARA MATEO. GRACIAS.,saber si hay lugares en primer grado para mateo gracias,ADMIS_VACANTES,lugar grado mateo gracias
WhatsApp,SABER SI HAY CUPOS EN INICIAL 4 AÑOS PARA SOFIA. GRACIAS.,saber si hay cupos en inicial 4 anos para sofia gracias,ADMIS_VACANTES,cupo inicial ano sofia gracias
Email,"<p><b>Estimados, quisiera saber los mensualidad de inicial 4 años para mi hijo Maria.</b></p>",estimados quisiera saber los mensualidad de inicial 4 anos para mi hijo maria,ADMIS_COSTOS,estimado querer mensualidad inicial ano hijo mario
Email,"Estimados, quisiera saber los pagos de 1ero secundaria para mi hijo Ana.",estimados quisiera saber los pagos de 1ero secundaria para mi hijo ana,ADMIS_COSTOS,estimado querer pago 1ero secundario hijo án
WhatsApp,SABER SI HAY CUPOS EN 1ERO PRIMARIA PARA MATEO. GRACIAS.,saber si hay cupos en 1ero primaria para mateo gracias,ADMIS_VACANTES,cupo 1ero primario mateo gracias
Web,<p><b>charlas de admision para secundaria. Mi menor es Valentina.</b></p>,charlas de admision para secundaria mi menor es valentina,ADMIS_CITAS,charla admision secundario menor valentín
Web,ficha de matrícula para traslado a primer grado. Postulante: Luis.,ficha de matricula para traslado a primer grado postulante luis,ADMIS_REQUIS_DOC,ficha matricula traslado grado postulante luis
Email,Solicito información de pensiones y detalles para 6to primaria. Atte: Juan.,solicito informacion de pensiones y detalles para 6to primaria atte juan,ADMIS_COSTOS,solicitar informacion pensión detalle 6to primaria atte juan
WhatsApp,<p><b>Saber si hay lugares en 1ero secundaria para Nicolas. Gracias.</b></p>,saber si hay lugares en 1ero secundaria para nicolas gracias,ADMIS_VACANTES,lugar 1ero secundario nico él gracia
WhatsApp,Saber si hay vacantes en 1ero primaria para Nicolas. Gracias.,saber si hay vacantes en 1ero primaria para nicolas gracias,ADMIS_VACANTES,vacante 1ero primario nico él gracia
Email,Solicito información de precios y detalles para primer grado. Atte: Luis.,solicito informacion de precios y detalles para primer grado atte luis,ADMIS_COSTOS,solicitar informacion precio detalle grado atte luis
Email,Solicito información de precios y detalles para 6to primaria. Atte: Luis.,solicito informacion de precios y detalles para 6to primaria atte luis,ADMIS_COSTOS,solicitar informacion precio detalle 6to primaria atte luis
WhatsApp,Hola hay espacios para 1ero secundaria? Mi niño se llama Sofia.,hola hay espacios para 1ero secundaria mi nino se llama sofia,ADMIS_VACANTES,holar espacio 1ero secundario nino llamar sofia
Email,Solicito información de cuotas y detalles para secundaria. Atte: Lucia.,solicito informacion de cuotas y detalles para secundaria atte lucia,ADMIS_COSTOS,solicitar informacion cuota detalle secundario atte lucia
Web,requisitos para traslado a 5to secundaria. Postulante: Elena.,requisitos para traslado a 5to secundaria postulante elena,ADMIS_REQUIS_DOC,requisito traslado 5to secundario postulante elén
WhatsApp,<p><b>Hola hay lugares para primer año? Mi niño se llama Pedro.</b></p>,hola hay lugares para primer ano mi nino se llama pedro,ADMIS_VACANTES,holar lugar ano nino llamar pedro
WhatsApp,Hola hay vacantes para inicial 5 años? Mi niño se llama Thiago.,hola hay vacantes para inicial 5 anos mi nino se llama thiago,ADMIS_VACANTES,holar vacante inicial ano nino llamar thiago
Email,<p><b>Solicito información de costos y detalles para 1ero primaria. Atte: Luis.</b></p>,solicito informacion de costos y detalles para 1ero primaria atte luis,ADMIS_COSTOS,solicitar informacion costo detalle 1ero primario atte luis
Web,cronograma de admision para inicial 4 años. Mi menor es Camila.,cronograma de admision para inicial 4 anos mi menor es camila,ADMIS_CITAS,cronograma admision inicial ano menor camila
WhatsApp,Hola hay lugares para 1ero secundaria? Mi niño se llama Mateo.,hola hay lugares para 1ero secundaria mi nino se llama mateo,ADMIS_VACANTES,holar lugar 1ero secundario nino llamar mateo
Web,documentos para traslado a 6to primaria. Postulante: Luis.,documentos para traslado a 6to primaria postulante luis,ADMIS_REQUIS_DOC,documento traslado 6to primaria postulante luis
Web,CHARLAS DE ADMISION PARA 1ERO SECUNDARIA. MI MENOR ES VALENTINA.,charlas de admision para 1ero secundaria mi menor es valentina,ADMIS_CITAS,charla admision 1ero secundario menor valentín
Email,Solicito información de costos y detalles para 1ero primaria. Atte: Gabriel.,solicito informacion de costos y detalles para 1ero primaria atte gabriel,ADMIS_COSTOS,solicitar informacion costo detalle 1ero primario atte gabriel
Email,Solicito información de cuotas y detalles para primer grado. Atte: Mateo.,solicito informacion de cuotas y detalles para primer grado atte mateo,ADMIS_COSTOS,solicitar informacion cuota detalle grado atte mateo
Email,<p><b>Solicito información de cuotas y detalles para primer año. Atte: Luis.</b></p>,solicito informacion de cuotas y detalles para primer ano atte luis,ADMIS_COSTOS,solicitar informacion cuota detalle ano atte luis
Web,documentación para traslado a primer año. Postulante: Thiago.,documentacion para traslado a primer ano postulante thiago,ADMIS_REQUIS_DOC,documentacion traslado ano postulante thiago
Email,"Estimados, quisiera saber los costos de 1ero primaria para mi hijo Thiago.",estimados quisiera saber los costos de 1ero primaria para mi hijo thiago,ADMIS_COSTOS,estimado querer costo 1ero primario hijo thiago
Email,Solicito información de pagos y detalles para 1ero secundaria. Atte: Elena.,solicito informacion de pagos y detalles para 1ero secundaria atte elena,ADMIS_COSTOS,solicitar informacion pago detalle 1ero secundario atte elén
Email,<p><b>Solicito información de pensiones y detalles para 6to primaria. Atte: Maria.</b></p>,solicito informacion de pensiones y detalles para 6to primaria atte maria,ADMIS_COSTOS,solicitar informacion pensión detalle 6to primaria atte mario
WhatsApp,<p><b>Saber si hay lugares en inicial 3 años para Nicolas. Gracias.</b></p>,saber si hay lugares en inicial 3 anos para nicolas gracias,ADMIS_VACANTES,lugar inicial ano nico él gracia
Email,"Estimados, quisiera saber los pensiones de 1ero primaria para mi hijo Camila.",estimados quisiera saber los pensiones de 1ero primaria para mi hijo camila,ADMIS_COSTOS,estimado querer pensión 1ero primario hijo camilar
Email,"Estimados, quisiera saber los pagos de inicial 4 años para mi hijo Ana.",estimados quisiera saber los pagos de inicial 4 anos para mi hijo ana,ADMIS_COSTOS,estimado querer pago inicial ano hijo án
Email,Solicito información de pagos y detalles para 1ero primaria. Atte: Luis.,solicito informacion de pagos y detalles para 1ero primaria atte luis,ADMIS_COSTOS,solicitar informacion pago detalle 1ero primario atte luis
Web,PAPELES PARA TRASLADO A INICIAL 5 AÑOS. POSTULANTE: MATEO.,papeles para traslado a inicial 5 anos postulante mateo,ADMIS_REQUIS_DOC,papel traslado inicial ano postulante mateo
WhatsApp,Saber si hay lugares en 1ero secundaria para Luis. Gracias.,saber si hay lugares en 1ero secundaria para luis gracias,ADMIS_VACANTES,lugar 1ero secundario luis gracias
WhatsApp,Saber si hay espacios en secundaria para Sofia. Gracias.,saber si hay espacios en secundaria para sofia gracias,ADMIS_VACANTES,espacio secundaria sofia gracias
Email,<p><b>Solicito información de costos y detalles para 5to secundaria. Atte: Sofia.</b></p>,solicito informacion de costos y detalles para 5to secundaria atte sofia,ADMIS_COSTOS,solicitar informacion costo detalle 5to secundario atte sofia
WhatsApp,Saber si hay lugares en 6to primaria para Lucia. Gracias.,saber si hay lugares en 6to primaria para lucia gracias,ADMIS_VACANTES,lugar 6to primario lucia gracias
Web,ficha de matrícula para traslado a inicial 5 años. Postulante: Lucia.,ficha de matricula para traslado a inicial 5 anos postulante lucia,ADMIS_REQUIS_DOC,ficha matricula traslado inicial ano postulante lucia
Email,"Estimados, quisiera saber los cuotas de inicial 5 años para mi hijo Thiago.",estimados quisiera saber los cuotas de inicial 5 anos para mi hijo thiago,ADMIS_COSTOS,estimado querer cuota inicial ano hijo thiago
WhatsApp,Hola hay cupos para 6to primaria? Mi niño se llama Luis.,hola hay cupos para 6to primaria mi nino se llama luis,ADMIS_VACANTES,holar cupo 6to primaria nino llamar luis
Email,"Estimados, quisiera saber los mensualidad de secundaria para mi hijo Camila.",estimados quisiera saber los mensualidad de secundaria para mi hijo camila,ADMIS_COSTOS,estimado querer mensualidad secundaria hijo camilar
Email,"Estimados, quisiera saber los mensualidad de 6to primaria para mi hijo Sofia.",estimados quisiera saber los mensualidad de 6to primaria para mi hijo sofia,ADMIS_COSTOS,estimado querer mensualidad 6to primario hijo sofia
Email,<p><b>Solicito información de pagos y detalles para primer año. Atte: Gabriel.</b></p>,solicito informacion de pagos y detalles para primer ano atte gabriel,ADMIS_COSTOS,solicitar informacion pago detalle ano atte gabriel
Web,requisitos para traslado a secundaria. Postulante: Camila.,requisitos para traslado a secundaria postulante camila,ADMIS_REQUIS_DOC,requisito traslado secundaria postulante camilar
WhatsApp,Saber si hay espacios en 6to primaria para Camila. Gracias.,saber si hay espacios en 6to primaria para camila gracias,ADMIS_VACANTES,espacio 6to primario camila gracias
Email,<p><b>Solicito información de mensualidad y detalles para inicial 4 años. Atte: Mateo.</b></p>,solicito informacion de mensualidad y detalles para inicial 4 anos atte mateo,ADMIS_COSTOS,solicitar informacion mensualidad detalle inicial anos atte mateo
Email,SOLICITO INFORMACIÓN DE PENSIONES Y DETALLES PARA 6TO PRIMARIA. ATTE: THIAGO.,solicito informacion de pensiones y detalles para 6to primaria atte thiago,ADMIS_COSTOS,solicitar informacion pensión detalle 6to primaria attar thiago
WhatsApp,Saber si hay disponibilidad de ingreso en inicial 3 años para Luis. Gracias.,saber si hay disponibilidad de ingreso en inicial 3 anos para luis gracias,ADMIS_VACANTES,disponibilidad ingreso inicial ano luis gracias
WhatsApp,Hola hay vacantes para 1ero secundaria? Mi niño se llama Ana.,hola hay vacantes para 1ero secundaria mi nino se llama ana,ADMIS_VACANTES,holar vacante 1ero secundario nino llamar án
WhatsApp,<p><b>Saber si hay lugares en 5to secundaria para Elena. Gracias.</b></p>,saber si hay lugares en 5to secundaria para elena gracias,ADMIS_VACANTES,lugar 5to secundario elena gracias
WhatsApp,Saber si hay disponibilidad de ingreso en primer grado para Gabriel. Gracias.,saber si hay disponibilidad de ingreso en primer grado para gabriel gracias,ADMIS_VACANTES,disponibilidad ingreso grado gabriel gracias
Web,ficha de matrícula para traslado a inicial 5 años. Postulante: Nicolas.,ficha de matricula para traslado a inicial 5 anos postulante nicolas,ADMIS_REQUIS_DOC,ficha matricula traslado inicial ano postulante nico él
Email,Solicito información de precios y detalles para 1ero secundaria. Atte: Valentina.,solicito informacion de precios y detalles para 1ero secundaria atte valentina,ADMIS_COSTOS,solicitar informacion precio detalle 1ero secundario atte valentín
Web,documentación para traslado a inicial 5 años. Postulante: Nicolas.,documentacion para traslado a inicial 5 anos postulante nicolas,ADMIS_REQUIS_DOC,documentacion traslado inicial ano postulante nico él
WhatsApp,Hola hay espacios para 1ero secundaria? Mi niño se llama Nicolas.,hola hay espacios para 1ero secundaria mi nino se llama nicolas,ADMIS_VACANTES,holar espacio 1ero secundario nino llamar nicola
WhatsApp,Saber si hay espacios en secundaria para Ana. Gracias.,saber si hay espacios en secundaria para ana gracias,ADMIS_VACANTES,espacio secundaria ana gracias
Web,documentación para traslado a primer grado. Postulante: Ana.,documentacion para traslado a primer grado postulante ana,ADMIS_REQUIS_DOC,documentacion traslado grado postulante ana
Web,requisitos para traslado a 1ero primaria. Postulante: Ana.,requisitos para traslado a 1ero primaria postulante ana,ADMIS_REQUIS_DOC,requisito traslado 1ero primaria postulante ana
Web,documentación para traslado a primer año. Postulante: Nicolas.,documentacion para traslado a primer ano postulante nicolas,ADMIS_REQUIS_DOC,documentacion traslado ano postulante nicola
WhatsApp,Saber si hay vacantes en 6to primaria para Thiago. Gracias.,saber si hay vacantes en 6to primaria para thiago gracias,ADMIS_VACANTES,vacante 6to primario thiago gracias
Email,<p><b>Solicito información de pensiones y detalles para 5to secundaria. Atte: Valentina.</b></p>,solicito informacion de pensiones y detalles para 5to secundaria atte valentina,ADMIS_COSTOS,solicitar informacion pensión detalle 5to secundario atte valentín
Web,reunión de admision para inicial 5 años. Mi menor es Juan.,reunion de admision para inicial 5 anos mi menor es juan,ADMIS_CITAS,reunion admision inicial ano menor juan
Email,SOLICITO INFORMACIÓN DE MENSUALIDAD Y DETALLES PARA PRIMER AÑO. ATTE: LUCIA.,solicito informacion de mensualidad y detalles para primer ano atte lucia,ADMIS_COSTOS,solicitar informacion mensualidad detalle ano attir lucia
Web,reunión de admision para inicial 5 años. Mi menor es Camila.,reunion de admision para inicial 5 anos mi menor es camila,ADMIS_CITAS,reunion admision inicial ano menor camila
Web,DOCUMENTOS PARA TRASLADO A INICIAL 4 AÑOS. POSTULANTE: CAMILA.,documentos para traslado a inicial 4 anos postulante camila,ADMIS_REQUIS_DOC,documento traslado inicial ano postulante camilar
WhatsApp,Hola hay vacantes para secundaria? Mi niño se llama Sebastian.,hola hay vacantes para secundaria mi nino se llama sebastian,ADMIS_VACANTES,holar vacante secundario nino llamar sebastian
WhatsApp,Saber si hay cupos en primer año para Sebastian. Gracias.,saber si hay cupos en primer ano para sebastian gracias,ADMIS_VACANTES,cupo ano sebastiar gracias
Web,partidas para traslado a primer año. Postulante: Juan.,partidas para traslado a primer ano postulante juan,ADMIS_REQUIS_DOC,partida traslado ano postulante juan
Email,"Estimados, quisiera saber los pensiones de inicial 4 años para mi hijo Nicolas.",estimados quisiera saber los pensiones de inicial 4 anos para mi hijo nicolas,ADMIS_COSTOS,estimado querer pensión inicial ano hijo nicola
Email,"Estimados, quisiera saber los costos de 5to secundaria para mi hijo Camila.",estimados quisiera saber los costos de 5to secundaria para mi hijo camila,ADMIS_COSTOS,estimado querer costo 5to secundario hijo camilar
Email,Solicito información de mensualidad y detalles para inicial 3 años. Atte: Elena.,solicito informacion de mensualidad y detalles para inicial 3 anos atte elena,ADMIS_COSTOS,solicitar informacion mensualidad detalle inicial anos atte elén
WhatsApp,Hola hay disponibilidad de ingreso para inicial 4 años? Mi niño se llama Valentina.,hola hay disponibilidad de ingreso para inicial 4 anos mi nino se llama valentina,ADMIS_VACANTES,holar disponibilidad ingreso inicial ano nino llamar valentina
WhatsApp,Hola hay disponibilidad de ingreso para 1ero secundaria? Mi niño se llama Sebastian.,hola hay disponibilidad de ingreso para 1ero secundaria mi nino se llama sebastian,ADMIS_VACANTES,holar disponibilidad ingreso 1ero secundario nino llamar sebastian
WhatsApp,Hola hay disponibilidad de ingreso para 1ero secundaria? Mi niño se llama Mateo.,hola hay disponibilidad de ingreso para 1ero secundaria mi nino se llama mateo,ADMIS_VACANTES,holar disponibilidad ingreso 1ero secundario nino llamar mateo
WhatsApp,HOLA HAY DISPONIBILIDAD DE INGRESO PARA 1ERO SECUNDARIA? MI NIÑO SE LLAMA MARIA.,hola hay disponibilidad de ingreso para 1ero secundaria mi nino se llama maria,ADMIS_VACANTES,holar disponibilidad ingreso 1ero secundario nino llamar mario
Web,documentos para traslado a primer grado. Postulante: Ana.,documentos para traslado a primer grado postulante ana,ADMIS_REQUIS_DOC,documento traslado grado postulante ana
Web,charlas de admision para 5to secundaria. Mi menor es Lucia.,charlas de admision para 5to secundaria mi menor es lucia,ADMIS_CITAS,charla admision 5to secundario menor lucia
Web,DOCUMENTACIÓN PARA TRASLADO A INICIAL 4 AÑOS. POSTULANTE: NICOLAS.,documentacion para traslado a inicial 4 anos postulante nicolas,ADMIS_REQUIS_DOC,documentacion traslado inicial ano postulante nico él
Web,documentos para traslado a 6to primaria. Postulante: Ana.,documentos para traslado a 6to primaria postulante ana,ADMIS_REQUIS_DOC,documento traslado 6to primaria postulante ana
Email,SOLICITO INFORMACIÓN DE PAGOS Y DETALLES PARA PRIMER GRADO. ATTE: CAMILA.,solicito informacion de pagos y detalles para primer grado atte camila,ADMIS_COSTOS,solicitar informacion pago detalle grado attar camilar
WhatsApp,Saber si hay disponibilidad de ingreso en 1ero secundaria para Maria. Gracias.,saber si hay disponibilidad de ingreso en 1ero secundaria para maria gracias,ADMIS_VACANTES,disponibilidad ingreso 1ero secundario maria gracias
WhatsApp,Saber si hay espacios en inicial 5 años para Mateo. Gracias.,saber si hay espacios en inicial 5 anos para mateo gracias,ADMIS_VACANTES,espacio inicial ano mateo gracias
