fuente,contenido,texto_limpio
WhatsApp,<p><b>Saber si hay disponibilidad de ingreso en inicial 3 años para Sofia. Gracias.</b></p>,saber si hay disponibilidad de ingreso en inicial 3 anos para sofia gracias
WhatsApp,<p><b>Hola hay espacios para inicial 4 años? Mi niño se llama Pedro.</b></p>,hola hay espacios para inicial 4 anos mi nino se llama pedro
WhatsApp,Hola hay cupos para primer grado? Mi niño se llama Ana.,hola hay cupos para primer grado mi nino se llama ana
WhatsApp,Saber si hay espacios en inicial 4 años para Juan. Gracias.,saber si hay espacios en inicial 4 anos para juan gracias
Web,REUNIÓN DE ADMISION PARA 1ERO SECUNDARIA. MI MENOR ES MARIA.,reunion de admision para 1ero secundaria mi menor es maria
Web,CHARLAS DE ADMISION PARA 1ERO PRIMARIA. MI MENOR ES ELENA.,charlas de admision para 1ero primaria mi menor es elena
Email,SOLICITO INFORMACIÓN DE CUOTAS Y DETALLES PARA INICIAL 4 AÑOS. ATTE: LUIS.,solicito informacion de cuotas y detalles para inicial 4 anos atte luis
WhatsApp,<p><b>Saber si hay lugares en 6to primaria para Sofia. Gracias.</b></p>,saber si hay lugares en 6to primaria para sofia gracias
Web,<p><b>cronograma de admision para 1ero primaria. Mi menor es Camila.</b></p>,cronograma de admision para 1ero primaria mi menor es camila
WhatsApp,Saber si hay cupos en inicial 5 años para Juan. Gracias.,saber si hay cupos en inicial 5 anos para juan gracias
Web,requisitos para traslado a secundaria. Postulante: Valentina.,requisitos para traslado a secundaria postulante valentina
Web,charlas de admision para inicial 5 años. Mi menor es Valentina.,charlas de admision para inicial 5 anos mi menor es valentina
Web,FICHA DE MATRÍCULA PARA TRASLADO A 5TO SECUNDARIA. POSTULANTE: PEDRO.,ficha de matricula para traslado a 5to secundaria postulante pedro
Web,cronograma de admision para inicial 3 años. Mi menor es Camila.,cronograma de admision para inicial 3 anos mi menor es camila
Web,ficha de matrícula para traslado a inicial 3 años. Postulante: Sofia.,ficha de matricula para traslado a inicial 3 anos postulante sofia
Email,"Estimados, quisiera saber los precios de secundaria para mi hijo Maria.",estimados quisiera saber los precios de secundaria para mi hijo maria
WhatsApp,<p><b>Hola hay disponibilidad de ingreso para inicial 3 años? Mi niño se llama Thiago.</b></p>,hola hay disponibilidad de ingreso para inicial 3 anos mi nino se llama thiago
Web,entrevistas de admision para inicial 3 años. Mi menor es Nicolas.,entrevistas de admision para inicial 3 anos mi menor es nicolas
Web,documentos para traslado a primer año. Postulante: Pedro.,documentos para traslado a primer ano postulante pedro
Web,reunión de admision para inicial 5 años. Mi menor es Lucia.,reunion de admision para inicial 5 anos mi menor es lucia
Email,"Estimados, quisiera saber los costos de 5to secundaria para mi hijo Nicolas.",estimados quisiera saber los costos de 5to secundaria para mi hijo nicolas
WhatsApp,HOLA HAY LUGARES PARA INICIAL 3 AÑOS? MI NIÑO SE LLAMA LUIS.,hola hay lugares para inicial 3 anos mi nino se llama luis
WhatsApp,Saber si hay vacantes en 1ero primaria para Thiago. Gracias.,saber si hay vacantes en 1ero primaria para thiago gracias
Email,"Estimados, quisiera saber los mensualidad de primer año para mi hijo Ana.",estimados quisiera saber los mensualidad de primer ano para mi hijo ana
Email,<p><b>Solicito información de mensualidad y detalles para inicial 5 años. Atte: Ana.</b></p>,solicito informacion de mensualidad y detalles para inicial 5 anos atte ana
WhatsApp,HOLA HAY DISPONIBILIDAD DE INGRESO PARA 6TO PRIMARIA? MI NIÑO SE LLAMA ANA.,hola hay disponibilidad de ingreso para 6to primaria mi nino se llama ana
Email,"Estimados, quisiera saber los precios de inicial 4 años para mi hijo Mateo.",estimados quisiera saber los precios de inicial 4 anos para mi hijo mateo
Web,citas de admision para 1ero primaria. Mi menor es Juan.,citas de admision para 1ero primaria mi menor es juan
Web,partidas para traslado a 1ero primaria. Postulante: Maria.,partidas para traslado a 1ero primaria postulante maria
Email,Solicito información de precios y detalles para 1ero secundaria. Atte: Thiago.,solicito informacion de precios y detalles para 1ero secundaria atte thiago
Email,Solicito información de precios y detalles para secundaria. Atte: Sebastian.,solicito informacion de precios y detalles para secundaria atte sebastian
WhatsApp,Saber si hay lugares en 1ero secundaria para Sofia. Gracias.,saber si hay lugares en 1ero secundaria para sofia gracias
Web,documentos para traslado a inicial 3 años. Postulante: Mateo.,documentos para traslado a inicial 3 anos postulante mateo
WhatsApp,SABER SI HAY DISPONIBILIDAD DE INGRESO EN INICIAL 5 AÑOS PARA MATEO. GRACIAS.,saber si hay disponibilidad de ingreso en inicial 5 anos para mateo gracias
Web,ficha de matrícula para traslado a primer grado. Postulante: Pedro.,ficha de matricula para traslado a primer grado postulante pedro
Web,charlas de admision para inicial 5 años. Mi menor es Lucia.,charlas de admision para inicial 5 anos mi menor es lucia
WhatsApp,<p><b>Saber si hay espacios en inicial 4 años para Maria. Gracias.</b></p>,saber si hay espacios en inicial 4 anos para maria gracias
Email,Solicito información de costos y detalles para 1ero primaria. Atte: Juan.,solicito informacion de costos y detalles para 1ero primaria atte juan
WhatsApp,Hola hay vacantes para primer año? Mi niño se llama Thiago.,hola hay vacantes para primer ano mi nino se llama thiago
WhatsApp,Hola hay lugares para 5to secundaria? Mi niño se llama Camila.,hola hay lugares para 5to secundaria mi nino se llama camila
Web,REUNIÓN DE ADMISION PARA INICIAL 5 AÑOS. MI MENOR ES NICOLAS.,reunion de admision para inicial 5 anos mi menor es nicolas
Email,"<p><b>Estimados, quisiera saber los cuotas de 5to secundaria para mi hijo Gabriel.</b></p>",estimados quisiera saber los cuotas de 5to secundaria para mi hijo gabriel
Email,Solicito información de precios y detalles para primer año. Atte: Valentina.,solicito informacion de precios y detalles para primer ano atte valentina
Email,"Estimados, quisiera saber los precios de 6to primaria para mi hijo Sofia.",estimados quisiera saber los precios de 6to primaria para mi hijo sofia
Web,entrevistas de admision para 6to primaria. Mi menor es Sofia.,entrevistas de admision para 6to primaria mi menor es sofia
Email,"Estimados, quisiera saber los pensiones de 1ero primaria para mi hijo Sofia.",estimados quisiera saber los pensiones de 1ero primaria para mi hijo sofia
WhatsApp,Hola hay espacios para 1ero secundaria? Mi niño se llama Thiago.,hola hay espacios para 1ero secundaria mi nino se llama thiago
Email,Solicito información de costos y detalles para 5to secundaria. Atte: Lucia.,solicito informacion de costos y detalles para 5to secundaria atte lucia
WhatsApp,Hola hay vacantes para 1ero secundaria? Mi niño se llama Nicolas.,hola hay vacantes para 1ero secundaria mi nino se llama nicolas
Web,cronograma de admision para inicial 4 años. Mi menor es Elena.,cronograma de admision para inicial 4 anos mi menor es elena
WhatsApp,Hola hay vacantes para primer año? Mi niño se llama Lucia.,hola hay vacantes para primer ano mi nino se llama lucia
Email,Solicito información de pagos y detalles para 1ero secundaria. Atte: Maria.,solicito informacion de pagos y detalles para 1ero secundaria atte maria
Email,Solicito información de cuotas y detalles para primer grado. Atte: Sebastian.,solicito informacion de cuotas y detalles para primer grado atte sebastian
Web,ficha de matrícula para traslado a inicial 4 años. Postulante: Valentina.,ficha de matricula para traslado a inicial 4 anos postulante valentina
Email,"ESTIMADOS, QUISIERA SABER LOS PENSIONES DE PRIMER GRADO PARA MI HIJO NICOLAS.",estimados quisiera saber los pensiones de primer grado para mi hijo nicolas
WhatsApp,HOLA HAY ESPACIOS PARA INICIAL 3 AÑOS? MI NIÑO SE LLAMA JUAN.,hola hay espacios para inicial 3 anos mi nino se llama juan
WhatsApp,Hola hay lugares para inicial 3 años? Mi niño se llama Sebastian.,hola hay lugares para inicial 3 anos mi nino se llama sebastian
Web,cronograma de admision para 5to secundaria. Mi menor es Maria.,cronograma de admision para 5to secundaria mi menor es maria
Web,ficha de matrícula para traslado a primer año. Postulante: Camila.,ficha de matricula para traslado a primer ano postulante camila
WhatsApp,Hola hay espacios para primer año? Mi niño se llama Lucia.,hola hay espacios para primer ano mi nino se llama lucia
Web,<p><b>partidas para traslado a 5to secundaria. Postulante: Pedro.</b></p>,partidas para traslado a 5to secundaria postulante pedro
WhatsApp,Hola hay cupos para inicial 5 años? Mi niño se llama Nicolas.,hola hay cupos para inicial 5 anos mi nino se llama nicolas
Email,"<p><b>Estimados, quisiera saber los cuotas de primer año para mi hijo Gabriel.</b></p>",estimados quisiera saber los cuotas de primer ano para mi hijo gabriel
Web,cronograma de admision para inicial 4 años. Mi menor es Mateo.,cronograma de admision para inicial 4 anos mi menor es mateo
Web,citas de admision para 6to primaria. Mi menor es Elena.,citas de admision para 6to primaria mi menor es elena
Web,<p><b>papeles para traslado a 1ero primaria. Postulante: Camila.</b></p>,papeles para traslado a 1ero primaria postulante camila
Email,<p><b>Solicito información de pensiones y detalles para inicial 5 años. Atte: Pedro.</b></p>,solicito informacion de pensiones y detalles para inicial 5 anos atte pedro
Web,DOCUMENTOS PARA TRASLADO A INICIAL 5 AÑOS. POSTULANTE: SOFIA.,documentos para traslado a inicial 5 anos postulante sofia
WhatsApp,Saber si hay disponibilidad de ingreso en 1ero primaria para Nicolas. Gracias.,saber si hay disponibilidad de ingreso en 1ero primaria para nicolas gracias
Web,documentación para traslado a inicial 5 años. Postulante: Maria.,documentacion para traslado a inicial 5 anos postulante maria
Web,cronograma de admision para 6to primaria. Mi menor es Juan.,cronograma de admision para 6to primaria mi menor es juan
Web,ficha de matrícula para traslado a secundaria. Postulante: Pedro.,ficha de matricula para traslado a secundaria postulante pedro
Email,"Estimados, quisiera saber los cuotas de 1ero primaria para mi hijo Pedro.",estimados quisiera saber los cuotas de 1ero primaria para mi hijo pedro
WhatsApp,Hola hay cupos para 1ero secundaria? Mi niño se llama Nicolas.,hola hay cupos para 1ero secundaria mi nino se llama nicolas
WhatsApp,Saber si hay lugares en primer año para Luis. Gracias.,saber si hay lugares en primer ano para luis gracias
Web,REQUISITOS PARA TRASLADO A INICIAL 5 AÑOS. POSTULANTE: LUIS.,requisitos para traslado a inicial 5 anos postulante luis
WhatsApp,Hola hay cupos para inicial 5 años? Mi niño se llama Mateo.,hola hay cupos para inicial 5 anos mi nino se llama mateo
WhatsApp,SABER SI HAY CUPOS EN 1ERO PRIMARIA PARA JUAN. GRACIAS.,saber si hay cupos en 1ero primaria para juan gracias
Web,citas de admision para inicial 5 años. Mi menor es Valentina.,citas de admision para inicial 5 anos mi menor es valentina
Email,SOLICITO INFORMACIÓN DE MENSUALIDAD Y DETALLES PARA 6TO PRIMARIA. ATTE: MARIA.,solicito informacion de mensualidad y detalles para 6to primaria atte maria
Web,entrevistas de admision para primer año. Mi menor es Elena.,entrevistas de admision para primer ano mi menor es elena
WhatsApp,HOLA HAY DISPONIBILIDAD DE INGRESO PARA 1ERO PRIMARIA? MI NIÑO SE LLAMA PEDRO.,hola hay disponibilidad de ingreso para 1ero primaria mi nino se llama pedro
WhatsApp,Hola hay vacantes para inicial 4 años? Mi niño se llama Maria.,hola hay vacantes para inicial 4 anos mi nino se llama maria
Web,documentos para traslado a inicial 3 años. Postulante: Lucia.,documentos para traslado a inicial 3 anos postulante lucia
Email,"Estimados, quisiera saber los cuotas de primer año para mi hijo Mateo.",estimados quisiera saber los cuotas de primer ano para mi hijo mateo
Email,"Estimados, quisiera saber los pagos de inicial 3 años para mi hijo Elena.",estimados quisiera saber los pagos de inicial 3 anos para mi hijo elena
Email,Solicito información de precios y detalles para primer año. Atte: Camila.,solicito informacion de precios y detalles para primer ano atte camila
Web,<p><b>citas de admision para inicial 3 años. Mi menor es Camila.</b></p>,citas de admision para inicial 3 anos mi menor es camila
WhatsApp,Saber si hay vacantes en inicial 4 años para Maria. Gracias.,saber si hay vacantes en inicial 4 anos para maria gracias
Email,<p><b>Solicito información de cuotas y detalles para inicial 3 años. Atte: Valentina.</b></p>,solicito informacion de cuotas y detalles para inicial 3 anos atte valentina
Email,"<p><b>Estimados, quisiera saber los pensiones de 1ero secundaria para mi hijo Maria.</b></p>",estimados quisiera saber los pensiones de 1ero secundaria para mi hijo maria
Email,Solicito información de cuotas y detalles para 5to secundaria. Atte: Camila.,solicito informacion de cuotas y detalles para 5to secundaria atte camila
WhatsApp,Saber si hay espacios en secundaria para Juan. Gracias.,saber si hay espacios en secundaria para juan gracias
WhatsApp,Saber si hay cupos en secundaria para Nicolas. Gracias.,saber si hay cupos en secundaria para nicolas gracias
Email,"Estimados, quisiera saber los cuotas de primer grado para mi hijo Sofia.",estimados quisiera saber los cuotas de primer grado para mi hijo sofia
Web,documentación para traslado a primer año. Postulante: Ana.,documentacion para traslado a primer ano postulante ana
Web,CITAS DE ADMISION PARA 1ERO PRIMARIA. MI MENOR ES MATEO.,citas de admision para 1ero primaria mi menor es mateo
WhatsApp,Hola hay vacantes para secundaria? Mi niño se llama Maria.,hola hay vacantes para secundaria mi nino se llama maria
WhatsApp,Saber si hay cupos en inicial 3 años para Juan. Gracias.,saber si hay cupos en inicial 3 anos para juan gracias
Email,"Estimados, quisiera saber los precios de 6to primaria para mi hijo Juan.",estimados quisiera saber los precios de 6to primaria para mi hijo juan
WhatsApp,SABER SI HAY VACANTES EN 1ERO PRIMARIA PARA ANA. GRACIAS.,saber si hay vacantes en 1ero primaria para ana gracias
Email,"Estimados, quisiera saber los cuotas de 1ero secundaria para mi hijo Sofia.",estimados quisiera saber los cuotas de 1ero secundaria para mi hijo sofia
Email,SOLICITO INFORMACIÓN DE PRECIOS Y DETALLES PARA INICIAL 4 AÑOS. ATTE: THIAGO.,solicito informacion de precios y detalles para inicial 4 anos atte thiago
WhatsApp,Hola hay vacantes para 1ero secundaria? Mi niño se llama Pedro.,hola hay vacantes para 1ero secundaria mi nino se llama pedro
Email,"Estimados, quisiera saber los pagos de inicial 5 años para mi hijo Gabriel.",estimados quisiera saber los pagos de inicial 5 anos para mi hijo gabriel
Web,CRONOGRAMA DE ADMISION PARA 6TO PRIMARIA. MI MENOR ES THIAGO.,cronograma de admision para 6to primaria mi menor es thiago
Email,"<p><b>Estimados, quisiera saber los mensualidad de primer grado para mi hijo Sebastian.</b></p>",estimados quisiera saber los mensualidad de primer grado para mi hijo sebastian
Web,charlas de admision para inicial 5 años. Mi menor es Sofia.,charlas de admision para inicial 5 anos mi menor es sofia
WhatsApp,<p><b>Saber si hay cupos en 6to primaria para Juan. Gracias.</b></p>,saber si hay cupos en 6to primaria para juan gracias
WhatsApp,Hola hay espacios para 1ero secundaria? Mi niño se llama Gabriel.,hola hay espacios para 1ero secundaria mi nino se llama gabriel
Email,"Estimados, quisiera saber los cuotas de primer año para mi hijo Lucia.",estimados quisiera saber los cuotas de primer ano para mi hijo lucia
Email,<p><b>Solicito información de pensiones y detalles para 6to primaria. Atte: Sebastian.</b></p>,solicito informacion de pensiones y detalles para 6to primaria atte sebastian
Email,"Estimados, quisiera saber los mensualidad de inicial 4 años para mi hijo Luis.",estimados quisiera saber los mensualidad de inicial 4 anos para mi hijo luis
WhatsApp,Saber si hay espacios en inicial 5 años para Valentina. Gracias.,saber si hay espacios en inicial 5 anos para valentina gracias
Email,"<p><b>Estimados, quisiera saber los pagos de inicial 3 años para mi hijo Camila.</b></p>",estimados quisiera saber los pagos de inicial 3 anos para mi hijo camila
Email,"Estimados, quisiera saber los cuotas de 1ero secundaria para mi hijo Juan.",estimados quisiera saber los cuotas de 1ero secundaria para mi hijo juan
Email,"Estimados, quisiera saber los pensiones de primer grado para mi hijo Pedro.",estimados quisiera saber los pensiones de primer grado para mi hijo pedro
WhatsApp,<p><b>Saber si hay cupos en inicial 4 años para Valentina. Gracias.</b></p>,saber si hay cupos en inicial 4 anos para valentina gracias
Web,charlas de admision para primer grado. Mi menor es Maria.,charlas de admision para primer grado mi menor es maria
WhatsApp,SABER SI HAY DISPONIBILIDAD DE INGRESO EN 1ERO SECUNDARIA PARA SOFIA. GRACIAS.,saber si hay disponibilidad de ingreso en 1ero secundaria para sofia gracias
Email,SOLICITO INFORMACIÓN DE COSTOS Y DETALLES PARA INICIAL 5 AÑOS. ATTE: MARIA.,solicito informacion de costos y detalles para inicial 5 anos atte maria
Web,ficha de matrícula para traslado a 6to primaria. Postulante: Sofia.,ficha de matricula para traslado a 6to primaria postulante sofia
WhatsApp,<p><b>Saber si hay lugares en primer año para Thiago. Gracias.</b></p>,saber si hay lugares en primer ano para thiago gracias
WhatsApp,HOLA HAY DISPONIBILIDAD DE INGRESO PARA 6TO PRIMARIA? MI NIÑO SE LLAMA VALENTINA.,hola hay disponibilidad de ingreso para 6to primaria mi nino se llama valentina
Web,entrevistas de admision para 6to primaria. Mi menor es Maria.,entrevistas de admision para 6to primaria mi menor es maria
WhatsApp,Saber si hay vacantes en 1ero secundaria para Pedro. Gracias.,saber si hay vacantes en 1ero secundaria para pedro gracias
Web,partidas para traslado a 5to secundaria. Postulante: Lucia.,partidas para traslado a 5to secundaria postulante lucia
WhatsApp,SABER SI HAY DISPONIBILIDAD DE INGRESO EN 5TO SECUNDARIA PARA ELENA. GRACIAS.,saber si hay disponibilidad de ingreso en 5to secundaria para elena gracias
Email,<p><b>Solicito información de cuotas y detalles para 1ero secundaria. Atte: Sebastian.</b></p>,solicito informacion de cuotas y detalles para 1ero secundaria atte sebastian
Web,documentación para traslado a secundaria. Postulante: Sofia.,documentacion para traslado a secundaria postulante sofia
Web,citas de admision para secundaria. Mi menor es Lucia.,citas de admision para secundaria mi menor es lucia
Email,<p><b>Solicito información de costos y detalles para inicial 5 años. Atte: Sebastian.</b></p>,solicito informacion de costos y detalles para inicial 5 anos atte sebastian
WhatsApp,<p><b>Hola hay espacios para secundaria? Mi niño se llama Maria.</b></p>,hola hay espacios para secundaria mi nino se llama maria
WhatsApp,Saber si hay disponibilidad de ingreso en secundaria para Sofia. Gracias.,saber si hay disponibilidad de ingreso en secundaria para sofia gracias
Email,"<p><b>Estimados, quisiera saber los mensualidad de primer grado para mi hijo Nicolas.</b></p>",estimados quisiera saber los mensualidad de primer grado para mi hijo nicolas
Web,<p><b>reunión de admision para primer año. Mi menor es Maria.</b></p>,reunion de admision para primer ano mi menor es maria
Web,CITAS DE ADMISION PARA INICIAL 4 AÑOS. MI MENOR ES SOFIA.,citas de admision para inicial 4 anos mi menor es sofia
Email,"Estimados, quisiera saber los cuotas de secundaria para mi hijo Sebastian.",estimados quisiera saber los cuotas de secundaria para mi hijo sebastian
WhatsApp,<p><b>Hola hay disponibilidad de ingreso para secundaria? Mi niño se llama Nicolas.</b></p>,hola hay disponibilidad de ingreso para secundaria mi nino se llama nicolas
Web,<p><b>charlas de admision para primer año. Mi menor es Mateo.</b></p>,charlas de admision para primer ano mi menor es mateo
Email,"Estimados, quisiera saber los costos de 6to primaria para mi hijo Juan.",estimados quisiera saber los costos de 6to primaria para mi hijo juan
Email,Solicito información de costos y detalles para primer año. Atte: Sebastian.,solicito informacion de costos y detalles para primer ano atte sebastian
Web,<p><b>partidas para traslado a inicial 5 años. Postulante: Luis.</b></p>,partidas para traslado a inicial 5 anos postulante luis
WhatsApp,Saber si hay vacantes en 1ero secundaria para Elena. Gracias.,saber si hay vacantes en 1ero secundaria para elena gracias
Web,<p><b>citas de admision para 1ero primaria. Mi menor es Gabriel.</b></p>,citas de admision para 1ero primaria mi menor es gabriel
Web,<p><b>cronograma de admision para primer año. Mi menor es Camila.</b></p>,cronograma de admision para primer ano mi menor es camila
Email,<p><b>Solicito información de mensualidad y detalles para 5to secundaria. Atte: Gabriel.</b></p>,solicito informacion de mensualidad y detalles para 5to secundaria atte gabriel
Email,Solicito información de mensualidad y detalles para 6to primaria. Atte: Juan.,solicito informacion de mensualidad y detalles para 6to primaria atte juan
Web,<p><b>requisitos para traslado a inicial 4 años. Postulante: Gabriel.</b></p>,requisitos para traslado a inicial 4 anos postulante gabriel
Email,"Estimados, quisiera saber los mensualidad de primer grado para mi hijo Mateo.",estimados quisiera saber los mensualidad de primer grado para mi hijo mateo
Web,citas de admision para 6to primaria. Mi menor es Valentina.,citas de admision para 6to primaria mi menor es valentina
Web,<p><b>documentos para traslado a 5to secundaria. Postulante: Ana.</b></p>,documentos para traslado a 5to secundaria postulante ana
WhatsApp,SABER SI HAY ESPACIOS EN 1ERO SECUNDARIA PARA ELENA. GRACIAS.,saber si hay espacios en 1ero secundaria para elena gracias
WhatsApp,Hola hay vacantes para 1ero secundaria? Mi niño se llama Juan.,hola hay vacantes para 1ero secundaria mi nino se llama juan
WhatsApp,Saber si hay disponibilidad de ingreso en 6to primaria para Nicolas. Gracias.,saber si hay disponibilidad de ingreso en 6to primaria para nicolas gracias
Email,Solicito información de costos y detalles para 5to secundaria. Atte: Ana.,solicito informacion de costos y detalles para 5to secundaria atte ana
Web,requisitos para traslado a 6to primaria. Postulante: Gabriel.,requisitos para traslado a 6to primaria postulante gabriel
WhatsApp,Saber si hay disponibilidad de ingreso en inicial 4 años para Elena. Gracias.,saber si hay disponibilidad de ingreso en inicial 4 anos para elena gracias
WhatsApp,Saber si hay vacantes en 5to secundaria para Sebastian. Gracias.,saber si hay vacantes en 5to secundaria para sebastian gracias
WhatsApp,<p><b>Saber si hay disponibilidad de ingreso en secundaria para Lucia. Gracias.</b></p>,saber si hay disponibilidad de ingreso en secundaria para lucia gracias
WhatsApp,Saber si hay disponibilidad de ingreso en inicial 4 años para Camila. Gracias.,saber si hay disponibilidad de ingreso en inicial 4 anos para camila gracias
Web,entrevistas de admision para primer año. Mi menor es Sebastian.,entrevistas de admision para primer ano mi menor es sebastian
Email,"Estimados, quisiera saber los pensiones de secundaria para mi hijo Luis.",estimados quisiera saber los pensiones de secundaria para mi hijo luis
Web,documentos para traslado a 1ero secundaria. Postulante: Sebastian.,documentos para traslado a 1ero secundaria postulante sebastian
WhatsApp,Hola hay cupos para 1ero secundaria? Mi niño se llama Elena.,hola hay cupos para 1ero secundaria mi nino se llama elena
Email,<p><b>Solicito información de pensiones y detalles para primer año. Atte: Camila.</b></p>,solicito informacion de pensiones y detalles para primer ano atte camila
Email,"Estimados, quisiera saber los cuotas de 1ero secundaria para mi hijo Valentina.",estimados quisiera saber los cuotas de 1ero secundaria para mi hijo valentina
WhatsApp,Hola hay cupos para 6to primaria? Mi niño se llama Lucia.,hola hay cupos para 6to primaria mi nino se llama lucia
WhatsApp,Hola hay cupos para primer grado? Mi niño se llama Mateo.,hola hay cupos para primer grado mi nino se llama mateo
Web,<p><b>cronograma de admision para 1ero primaria. Mi menor es Juan.</b></p>,cronograma de admision para 1ero primaria mi menor es juan
WhatsApp,Saber si hay espacios en inicial 4 años para Nicolas. Gracias.,saber si hay espacios en inicial 4 anos para nicolas gracias
Email,<p><b>Solicito información de costos y detalles para primer grado. Atte: Ana.</b></p>,solicito informacion de costos y detalles para primer grado atte ana
Web,entrevistas de admision para 6to primaria. Mi menor es Valentina.,entrevistas de admision para 6to primaria mi menor es valentina
Email,Solicito información de pensiones y detalles para secundaria. Atte: Camila.,solicito informacion de pensiones y detalles para secundaria atte camila
WhatsApp,SABER SI HAY CUPOS EN SECUNDARIA PARA SEBASTIAN. GRACIAS.,saber si hay cupos en secundaria para sebastian gracias
WhatsApp,Hola hay espacios para secundaria? Mi niño se llama Lucia.,hola hay espacios para secundaria mi nino se llama lucia
Web,reunión de admision para 1ero primaria. Mi menor es Ana.,reunion de admision para 1ero primaria mi menor es ana
Email,"ESTIMADOS, QUISIERA SABER LOS PAGOS DE 1ERO PRIMARIA PARA MI HIJO SEBASTIAN.",estimados quisiera saber los pagos de 1ero primaria para mi hijo sebastian
Email,"Estimados, quisiera saber los mensualidad de primer grado para mi hijo Juan.",estimados quisiera saber los mensualidad de primer grado para mi hijo juan
Web,papeles para traslado a 6to primaria. Postulante: Mateo.,papeles para traslado a 6to primaria postulante mateo
WhatsApp,<p><b>Hola hay lugares para 1ero primaria? Mi niño se llama Camila.</b></p>,hola hay lugares para 1ero primaria mi nino se llama camila
WhatsApp,SABER SI HAY LUGARES EN INICIAL 5 AÑOS PARA THIAGO. GRACIAS.,saber si hay lugares en inicial 5 anos para thiago gracias
WhatsApp,Saber si hay disponibilidad de ingreso en primer año para Sofia. Gracias.,saber si hay disponibilidad de ingreso en primer ano para sofia gracias
Email,Solicito información de pensiones y detalles para inicial 5 años. Atte: Thiago.,solicito informacion de pensiones y detalles para inicial 5 anos atte thiago
Web,charlas de admision para inicial 5 años. Mi menor es Camila.,charlas de admision para inicial 5 anos mi menor es camila
WhatsApp,Saber si hay disponibilidad de ingreso en 5to secundaria para Luis. Gracias.,saber si hay disponibilidad de ingreso en 5to secundaria para luis gracias
Web,<p><b>requisitos para traslado a secundaria. Postulante: Elena.</b></p>,requisitos para traslado a secundaria postulante elena
Web,CRONOGRAMA DE ADMISION PARA 5TO SECUNDARIA. MI MENOR ES NICOLAS.,cronograma de admision para 5to secundaria mi menor es nicolas
Email,Solicito información de mensualidad y detalles para 1ero primaria. Atte: Luis.,solicito informacion de mensualidad y detalles para 1ero primaria atte luis
WhatsApp,<p><b>Saber si hay espacios en inicial 3 años para Elena. Gracias.</b></p>,saber si hay espacios en inicial 3 anos para elena gracias
Web,cronograma de admision para inicial 3 años. Mi menor es Elena.,cronograma de admision para inicial 3 anos mi menor es elena
Email,"ESTIMADOS, QUISIERA SABER LOS COSTOS DE PRIMER AÑO PARA MI HIJO GABRIEL.",estimados quisiera saber los costos de primer ano para mi hijo gabriel
Web,reunión de admision para primer grado. Mi menor es Mateo.,reunion de admision para primer grado mi menor es mateo
Email,Solicito información de pensiones y detalles para 5to secundaria. Atte: Luis.,solicito informacion de pensiones y detalles para 5to secundaria atte luis
Web,partidas para traslado a 1ero primaria. Postulante: Ana.,partidas para traslado a 1ero primaria postulante ana
Web,documentos para traslado a primer grado. Postulante: Mateo.,documentos para traslado a primer grado postulante mateo
Web,documentación para traslado a primer año. Postulante: Mateo.,documentacion para traslado a primer ano postulante mateo
Web,FICHA DE MATRÍCULA PARA TRASLADO A SECUNDARIA. POSTULANTE: NICOLAS.,ficha de matricula para traslado a secundaria postulante nicolas
Web,charlas de admision para 5to secundaria. Mi menor es Sofia.,charlas de admision para 5to secundaria mi menor es sofia
Web,charlas de admision para 5to secundaria. Mi menor es Ana.,charlas de admision para 5to secundaria mi menor es ana
Email,Solicito información de cuotas y detalles para primer grado. Atte: Lucia.,solicito informacion de cuotas y detalles para primer grado atte lucia
Web,requisitos para traslado a primer grado. Postulante: Ana.,requisitos para traslado a primer grado postulante ana
WhatsApp,<p><b>Hola hay espacios para 1ero secundaria? Mi niño se llama Lucia.</b></p>,hola hay espacios para 1ero secundaria mi nino se llama lucia
Email,"Estimados, quisiera saber los costos de 1ero secundaria para mi hijo Sofia.",estimados quisiera saber los costos de 1ero secundaria para mi hijo sofia
Web,partidas para traslado a inicial 5 años. Postulante: Thiago.,partidas para traslado a inicial 5 anos postulante thiago
Web,documentos para traslado a 5to secundaria. Postulante: Lucia.,documentos para traslado a 5to secundaria postulante lucia
Web,requisitos para traslado a 1ero secundaria. Postulante: Camila.,requisitos para traslado a 1ero secundaria postulante camila
Email,"Estimados, quisiera saber los pagos de inicial 3 años para mi hijo Luis.",estimados quisiera saber los pagos de inicial 3 anos para mi hijo luis
WhatsApp,<p><b>Hola hay cupos para 5to secundaria? Mi niño se llama Elena.</b></p>,hola hay cupos para 5to secundaria mi nino se llama elena
WhatsApp,SABER SI HAY CUPOS EN 6TO PRIMARIA PARA NICOLAS. GRACIAS.,saber si hay cupos en 6to primaria para nicolas gracias
Web,entrevistas de admision para secundaria. Mi menor es Valentina.,entrevistas de admision para secundaria mi menor es valentina
Email,SOLICITO INFORMACIÓN DE MENSUALIDAD Y DETALLES PARA 6TO PRIMARIA. ATTE: NICOLAS.,solicito informacion de mensualidad y detalles para 6to primaria atte nicolas
Email,Solicito información de mensualidad y detalles para primer año. Atte: Mateo.,solicito informacion de mensualidad y detalles para primer ano atte mateo
WhatsApp,Hola hay lugares para inicial 4 años? Mi niño se llama Sofia.,hola hay lugares para inicial 4 anos mi nino se llama sofia
Web,entrevistas de admision para inicial 5 años. Mi menor es Mateo.,entrevistas de admision para inicial 5 anos mi menor es mateo
Web,charlas de admision para 5to secundaria. Mi menor es Mateo.,charlas de admision para 5to secundaria mi menor es mateo
WhatsApp,SABER SI HAY LUGARES EN INICIAL 5 AÑOS PARA ANA. GRACIAS.,saber si hay lugares en inicial 5 anos para ana gracias
WhatsApp,Saber si hay vacantes en inicial 3 años para Sofia. Gracias.,saber si hay vacantes en inicial 3 anos para sofia gracias
Email,"Estimados, quisiera saber los costos de 1ero primaria para mi hijo Mateo.",estimados quisiera saber los costos de 1ero primaria para mi hijo mateo
Email,Solicito información de pagos y detalles para primer año. Atte: Sebastian.,solicito informacion de pagos y detalles para primer ano atte sebastian
WhatsApp,Saber si hay cupos en 5to secundaria para Mateo. Gracias.,saber si hay cupos en 5to secundaria para mateo gracias
Email,Solicito información de mensualidad y detalles para inicial 4 años. Atte: Gabriel.,solicito informacion de mensualidad y detalles para inicial 4 anos atte gabriel
Email,"ESTIMADOS, QUISIERA SABER LOS PAGOS DE PRIMER GRADO PARA MI HIJO MATEO.",estimados quisiera saber los pagos de primer grado para mi hijo mateo
Web,<p><b>entrevistas de admision para inicial 4 años. Mi menor es Elena.</b></p>,entrevistas de admision para inicial 4 anos mi menor es elena
Email,"Estimados, quisiera saber los mensualidad de inicial 4 años para mi hijo Pedro.",estimados quisiera saber los mensualidad de inicial 4 anos para mi hijo pedro
Web,<p><b>reunión de admision para 1ero secundaria. Mi menor es Luis.</b></p>,reunion de admision para 1ero secundaria mi menor es luis
WhatsApp,Saber si hay cupos en 6to primaria para Valentina. Gracias.,saber si hay cupos en 6to primaria para valentina gracias
Email,Solicito información de precios y detalles para inicial 3 años. Atte: Gabriel.,solicito informacion de precios y detalles para inicial 3 anos atte gabriel
WhatsApp,Saber si hay lugares en inicial 3 años para Maria. Gracias.,saber si hay lugares en inicial 3 anos para maria gracias
Email,Solicito información de cuotas y detalles para inicial 4 años. Atte: Pedro.,solicito informacion de cuotas y detalles para inicial 4 anos atte pedro
WhatsApp,HOLA HAY CUPOS PARA 6TO PRIMARIA? MI NIÑO SE LLAMA THIAGO.,hola hay cupos para 6to primaria mi nino se llama thiago
Web,requisitos para traslado a inicial 4 años. Postulante: Nicolas.,requisitos para traslado a inicial 4 anos postulante nicolas
WhatsApp,Hola hay espacios para secundaria? Mi niño se llama Sofia.,hola hay espacios para secundaria mi nino se llama sofia
Email,"<p><b>Estimados, quisiera saber los precios de inicial 3 años para mi hijo Sofia.</b></p>",estimados quisiera saber los precios de inicial 3 anos para mi hijo sofia
Web,<p><b>requisitos para traslado a 5to secundaria. Postulante: Gabriel.</b></p>,requisitos para traslado a 5to secundaria postulante gabriel
Email,Solicito información de mensualidad y detalles para inicial 5 años. Atte: Nicolas.,solicito informacion de mensualidad y detalles para inicial 5 anos atte nicolas
Email,<p><b>Solicito información de pagos y detalles para 6to primaria. Atte: Mateo.</b></p>,solicito informacion de pagos y detalles para 6to primaria atte mateo
WhatsApp,<p><b>Saber si hay cupos en inicial 3 años para Pedro. Gracias.</b></p>,saber si hay cupos en inicial 3 anos para pedro gracias
WhatsApp,Hola hay espacios para 1ero primaria? Mi niño se llama Sebastian.,hola hay espacios para 1ero primaria mi nino se llama sebastian
WhatsApp,<p><b>Saber si hay espacios en primer año para Lucia. Gracias.</b></p>,saber si hay espacios en primer ano para lucia gracias
Email,"Estimados, quisiera saber los pensiones de inicial 3 años para mi hijo Pedro.",estimados quisiera saber los pensiones de inicial 3 anos para mi hijo pedro
WhatsApp,<p><b>Hola hay lugares para secundaria? Mi niño se llama Nicolas.</b></p>,hola hay lugares para secundaria mi nino se llama nicolas
Email,<p><b>Solicito información de costos y detalles para 1ero primaria. Atte: Pedro.</b></p>,solicito informacion de costos y detalles para 1ero primaria atte pedro
WhatsApp,SABER SI HAY LUGARES EN 6TO PRIMARIA PARA MARIA. GRACIAS.,saber si hay lugares en 6to primaria para maria gracias
Web,reunión de admision para inicial 4 años. Mi menor es Gabriel.,reunion de admision para inicial 4 anos mi menor es gabriel
Web,<p><b>documentos para traslado a 1ero primaria. Postulante: Gabriel.</b></p>,documentos para traslado a 1ero primaria postulante gabriel
Web,requisitos para traslado a primer año. Postulante: Maria.,requisitos para traslado a primer ano postulante maria
Web,DOCUMENTOS PARA TRASLADO A SECUNDARIA. POSTULANTE: CAMILA.,documentos para traslado a secundaria postulante camila
Web,<p><b>cronograma de admision para 6to primaria. Mi menor es Sebastian.</b></p>,cronograma de admision para 6to primaria mi menor es sebastian
Email,Solicito información de costos y detalles para inicial 3 años. Atte: Thiago.,solicito informacion de costos y detalles para inicial 3 anos atte thiago
WhatsApp,Saber si hay lugares en 1ero primaria para Luis. Gracias.,saber si hay lugares en 1ero primaria para luis gracias
Web,REQUISITOS PARA TRASLADO A 1ERO PRIMARIA. POSTULANTE: GABRIEL.,requisitos para traslado a 1ero primaria postulante gabriel
WhatsApp,Hola hay cupos para 5to secundaria? Mi niño se llama Thiago.,hola hay cupos para 5to secundaria mi nino se llama thiago
WhatsApp,HOLA HAY CUPOS PARA SECUNDARIA? MI NIÑO SE LLAMA ANA.,hola hay cupos para secundaria mi nino se llama ana
WhatsApp,Hola hay lugares para 1ero primaria? Mi niño se llama Nicolas.,hola hay lugares para 1ero primaria mi nino se llama nicolas
Email,"Estimados, quisiera saber los mensualidad de 1ero secundaria para mi hijo Maria.",estimados quisiera saber los mensualidad de 1ero secundaria para mi hijo maria
Email,"Estimados, quisiera saber los precios de secundaria para mi hijo Valentina.",estimados quisiera saber los precios de secundaria para mi hijo valentina
Email,Solicito información de mensualidad y detalles para inicial 3 años. Atte: Sofia.,solicito informacion de mensualidad y detalles para inicial 3 anos atte sofia
WhatsApp,Hola hay espacios para secundaria? Mi niño se llama Nicolas.,hola hay espacios para secundaria mi nino se llama nicolas
Email,<p><b>Solicito información de cuotas y detalles para inicial 5 años. Atte: Camila.</b></p>,solicito informacion de cuotas y detalles para inicial 5 anos atte camila
WhatsApp,<p><b>Saber si hay espacios en inicial 3 años para Valentina. Gracias.</b></p>,saber si hay espacios en inicial 3 anos para valentina gracias
Email,"<p><b>Estimados, quisiera saber los cuotas de secundaria para mi hijo Camila.</b></p>",estimados quisiera saber los cuotas de secundaria para mi hijo camila
WhatsApp,Hola hay cupos para inicial 4 años? Mi niño se llama Thiago.,hola hay cupos para inicial 4 anos mi nino se llama thiago
Web,papeles para traslado a 1ero secundaria. Postulante: Ana.,papeles para traslado a 1ero secundaria postulante ana
Web,DOCUMENTOS PARA TRASLADO A 6TO PRIMARIA. POSTULANTE: MARIA.,documentos para traslado a 6to primaria postulante maria
Email,"Estimados, quisiera saber los precios de 1ero primaria para mi hijo Lucia.",estimados quisiera saber los precios de 1ero primaria para mi hijo lucia
Web,papeles para traslado a secundaria. Postulante: Juan.,papeles para traslado a secundaria postulante juan
WhatsApp,Saber si hay vacantes en inicial 3 años para Elena. Gracias.,saber si hay vacantes en inicial 3 anos para elena gracias
WhatsApp,Saber si hay lugares en inicial 3 años para Thiago. Gracias.,saber si hay lugares en inicial 3 anos para thiago gracias
WhatsApp,Hola hay disponibilidad de ingreso para 6to primaria? Mi niño se llama Juan.,hola hay disponibilidad de ingreso para 6to primaria mi nino se llama juan
WhatsApp,SABER SI HAY CUPOS EN 1ERO SECUNDARIA PARA JUAN. GRACIAS.,saber si hay cupos en 1ero secundaria para juan gracias
WhatsApp,HOLA HAY CUPOS PARA 1ERO SECUNDARIA? MI NIÑO SE LLAMA ANA.,hola hay cupos para 1ero secundaria mi nino se llama ana
Web,CRONOGRAMA DE ADMISION PARA 6TO PRIMARIA. MI MENOR ES ELENA.,cronograma de admision para 6to primaria mi menor es elena
Email,SOLICITO INFORMACIÓN DE COSTOS Y DETALLES PARA PRIMER GRADO. ATTE: VALENTINA.,solicito informacion de costos y detalles para primer grado atte valentina
WhatsApp,Hola hay disponibilidad de ingreso para 5to secundaria? Mi niño se llama Sofia.,hola hay disponibilidad de ingreso para 5to secundaria mi nino se llama sofia
Web,PAPELES PARA TRASLADO A PRIMER GRADO. POSTULANTE: THIAGO.,papeles para traslado a primer grado postulante thiago
WhatsApp,Hola hay disponibilidad de ingreso para 1ero primaria? Mi niño se llama Gabriel.,hola hay disponibilidad de ingreso para 1ero primaria mi nino se llama gabriel
WhatsApp,HOLA HAY ESPACIOS PARA INICIAL 3 AÑOS? MI NIÑO SE LLAMA CAMILA.,hola hay espacios para inicial 3 anos mi nino se llama camila
WhatsApp,<p><b>Saber si hay espacios en 1ero primaria para Camila. Gracias.</b></p>,saber si hay espacios en 1ero primaria para camila gracias
WhatsApp,Saber si hay vacantes en inicial 4 años para Gabriel. Gracias.,saber si hay vacantes en inicial 4 anos para gabriel gracias
WhatsApp,Saber si hay vacantes en primer año para Mateo. Gracias.,saber si hay vacantes en primer ano para mateo gracias
WhatsApp,Saber si hay disponibilidad de ingreso en 5to secundaria para Maria. Gracias.,saber si hay disponibilidad de ingreso en 5to secundaria para maria gracias
Web,charlas de admision para primer año. Mi menor es Sebastian.,charlas de admision para primer ano mi menor es sebastian
WhatsApp,Saber si hay vacantes en 1ero secundaria para Nicolas. Gracias.,saber si hay vacantes en 1ero secundaria para nicolas gracias
Email,<p><b>Solicito información de precios y detalles para 5to secundaria. Atte: Valentina.</b></p>,solicito informacion de precios y detalles para 5to secundaria atte valentina
Web,<p><b>charlas de admision para 1ero primaria. Mi menor es Juan.</b></p>,charlas de admision para 1ero primaria mi menor es juan
WhatsApp,Saber si hay disponibilidad de ingreso en 6to primaria para Maria. Gracias.,saber si hay disponibilidad de ingreso en 6to primaria para maria gracias
Email,"Estimados, quisiera saber los cuotas de 5to secundaria para mi hijo Juan.",estimados quisiera saber los cuotas de 5to secundaria para mi hijo juan
WhatsApp,Hola hay espacios para 1ero secundaria? Mi niño se llama Luis.,hola hay espacios para 1ero secundaria mi nino se llama luis
Web,REUNIÓN DE ADMISION PARA INICIAL 3 AÑOS. MI MENOR ES THIAGO.,reunion de admision para inicial 3 anos mi menor es thiago
WhatsApp,<p><b>Saber si hay cupos en inicial 5 años para Nicolas. Gracias.</b></p>,saber si hay cupos en inicial 5 anos para nicolas gracias
Web,documentación para traslado a 1ero primaria. Postulante: Ana.,documentacion para traslado a 1ero primaria postulante ana
Email,Solicito información de pensiones y detalles para primer grado. Atte: Juan.,solicito informacion de pensiones y detalles para primer grado atte juan
Web,<p><b>citas de admision para inicial 5 años. Mi menor es Mateo.</b></p>,citas de admision para inicial 5 anos mi menor es mateo
Email,"ESTIMADOS, QUISIERA SABER LOS PRECIOS DE 5TO SECUNDARIA PARA MI HIJO ELENA.",estimados quisiera saber los precios de 5to secundaria para mi hijo elena
Email,Solicito información de precios y detalles para 6to primaria. Atte: Lucia.,solicito informacion de precios y detalles para 6to primaria atte lucia
Email,"<p><b>Estimados, quisiera saber los pensiones de 1ero secundaria para mi hijo Sofia.</b></p>",estimados quisiera saber los pensiones de 1ero secundaria para mi hijo sofia
Web,partidas para traslado a primer año. Postulante: Nicolas.,partidas para traslado a primer ano postulante nicolas
WhatsApp,Saber si hay espacios en 6to primaria para Gabriel. Gracias.,saber si hay espacios en 6to primaria para gabriel gracias
Web,citas de admision para 5to secundaria. Mi menor es Juan.,citas de admision para 5to secundaria mi menor es juan
WhatsApp,Hola hay espacios para 5to secundaria? Mi niño se llama Elena.,hola hay espacios para 5to secundaria mi nino se llama elena
Web,requisitos para traslado a primer grado. Postulante: Sebastian.,requisitos para traslado a primer grado postulante sebastian
WhatsApp,Hola hay espacios para inicial 4 años? Mi niño se llama Maria.,hola hay espacios para inicial 4 anos mi nino se llama maria
Email,<p><b>Solicito información de costos y detalles para inicial 4 años. Atte: Thiago.</b></p>,solicito informacion de costos y detalles para inicial 4 anos atte thiago
Web,reunión de admision para primer grado. Mi menor es Gabriel.,reunion de admision para primer grado mi menor es gabriel
Email,"Estimados, quisiera saber los pensiones de primer grado para mi hijo Gabriel.",estimados quisiera saber los pensiones de primer grado para mi hijo gabriel
WhatsApp,Hola hay cupos para 1ero primaria? Mi niño se llama Gabriel.,hola hay cupos para 1ero primaria mi nino se llama gabriel
Web,reunión de admision para primer grado. Mi menor es Sofia.,reunion de admision para primer grado mi menor es sofia
Web,documentación para traslado a 6to primaria. Postulante: Camila.,documentacion para traslado a 6to primaria postulante camila
Web,documentación para traslado a inicial 4 años. Postulante: Camila.,documentacion para traslado a inicial 4 anos postulante camila
Email,"<p><b>Estimados, quisiera saber los cuotas de secundaria para mi hijo Nicolas.</b></p>",estimados quisiera saber los cuotas de secundaria para mi hijo nicolas
WhatsApp,Saber si hay cupos en inicial 3 años para Camila. Gracias.,saber si hay cupos en inicial 3 anos para camila gracias
WhatsApp,Saber si hay disponibilidad de ingreso en primer grado para Mateo. Gracias.,saber si hay disponibilidad de ingreso en primer grado para mateo gracias
Email,<p><b>Solicito información de pagos y detalles para secundaria. Atte: Juan.</b></p>,solicito informacion de pagos y detalles para secundaria atte juan
Email,Solicito información de pensiones y detalles para 6to primaria. Atte: Camila.,solicito informacion de pensiones y detalles para 6to primaria atte camila
Email,<p><b>Solicito información de precios y detalles para 6to primaria. Atte: Juan.</b></p>,solicito informacion de precios y detalles para 6to primaria atte juan
Web,<p><b>documentos para traslado a secundaria. Postulante: Elena.</b></p>,documentos para traslado a secundaria postulante elena
Email,"Estimados, quisiera saber los costos de primer grado para mi hijo Maria.",estimados quisiera saber los costos de primer grado para mi hijo maria
WhatsApp,Hola hay lugares para 5to secundaria? Mi niño se llama Sofia.,hola hay lugares para 5to secundaria mi nino se llama sofia
WhatsApp,Saber si hay cupos en 6to primaria para Sofia. Gracias.,saber si hay cupos en 6to primaria para sofia gracias
WhatsApp,Hola hay vacantes para primer grado? Mi niño se llama Pedro.,hola hay vacantes para primer grado mi nino se llama pedro
Email,Solicito información de mensualidad y detalles para inicial 3 años. Atte: Ana.,solicito informacion de mensualidad y detalles para inicial 3 anos atte ana
Web,partidas para traslado a inicial 5 años. Postulante: Camila.,partidas para traslado a inicial 5 anos postulante camila
Web,documentación para traslado a inicial 5 años. Postulante: Gabriel.,documentacion para traslado a inicial 5 anos postulante gabriel
Email,"ESTIMADOS, QUISIERA SABER LOS PRECIOS DE INICIAL 5 AÑOS PARA MI HIJO CAMILA.",estimados quisiera saber los precios de inicial 5 anos para mi hijo camila
Web,<p><b>entrevistas de admision para 5to secundaria. Mi menor es Gabriel.</b></p>,entrevistas de admision para 5to secundaria mi menor es gabriel
WhatsApp,Hola hay disponibilidad de ingreso para 5to secundaria? Mi niño se llama Gabriel.,hola hay disponibilidad de ingreso para 5to secundaria mi nino se llama gabriel
Email,"ESTIMADOS, QUISIERA SABER LOS PENSIONES DE 5TO SECUNDARIA PARA MI HIJO CAMILA.",estimados quisiera saber los pensiones de 5to secundaria para mi hijo camila
Email,<p><b>Solicito información de costos y detalles para primer año. Atte: Ana.</b></p>,solicito informacion de costos y detalles para primer ano atte ana
Web,ficha de matrícula para traslado a inicial 5 años. Postulante: Ana.,ficha de matricula para traslado a inicial 5 anos postulante ana
Email,"Estimados, quisiera saber los precios de inicial 3 años para mi hijo Lucia.",estimados quisiera saber los precios de inicial 3 anos para mi hijo lucia
Web,partidas para traslado a primer año. Postulante: Sofia.,partidas para traslado a primer ano postulante sofia
Web,reunión de admision para 6to primaria. Mi menor es Sebastian.,reunion de admision para 6to primaria mi menor es sebastian
Email,<p><b>Solicito información de costos y detalles para 1ero primaria. Atte: Camila.</b></p>,solicito informacion de costos y detalles para 1ero primaria atte camila
WhatsApp,Saber si hay cupos en inicial 5 años para Sebastian. Gracias.,saber si hay cupos en inicial 5 anos para sebastian gracias
Email,<p><b>Solicito información de pensiones y detalles para secundaria. Atte: Sofia.</b></p>,solicito informacion de pensiones y detalles para secundaria atte sofia
WhatsApp,Saber si hay lugares en secundaria para Sofia. Gracias.,saber si hay lugares en secundaria para sofia gracias
Web,ficha de matrícula para traslado a 1ero secundaria. Postulante: Lucia.,ficha de matricula para traslado a 1ero secundaria postulante lucia
Email,"Estimados, quisiera saber los pensiones de 5to secundaria para mi hijo Valentina.",estimados quisiera saber los pensiones de 5to secundaria para mi hijo valentina
WhatsApp,<p><b>Hola hay lugares para inicial 3 años? Mi niño se llama Ana.</b></p>,hola hay lugares para inicial 3 anos mi nino se llama ana
Web,citas de admision para 6to primaria. Mi menor es Luis.,citas de admision para 6to primaria mi menor es luis
Web,documentación para traslado a primer año. Postulante: Gabriel.,documentacion para traslado a primer ano postulante gabriel
Web,citas de admision para primer grado. Mi menor es Gabriel.,citas de admision para primer grado mi menor es gabriel
Email,"Estimados, quisiera saber los mensualidad de 1ero primaria para mi hijo Ana.",estimados quisiera saber los mensualidad de 1ero primaria para mi hijo ana
Web,CITAS DE ADMISION PARA 1ERO SECUNDARIA. MI MENOR ES SEBASTIAN.,citas de admision para 1ero secundaria mi menor es sebastian
Web,<p><b>documentación para traslado a inicial 5 años. Postulante: Luis.</b></p>,documentacion para traslado a inicial 5 anos postulante luis
Web,entrevistas de admision para 6to primaria. Mi menor es Pedro.,entrevistas de admision para 6to primaria mi menor es pedro
WhatsApp,HOLA HAY VACANTES PARA PRIMER AÑO? MI NIÑO SE LLAMA CAMILA.,hola hay vacantes para primer ano mi nino se llama camila
Email,"Estimados, quisiera saber los mensualidad de inicial 3 años para mi hijo Luis.",estimados quisiera saber los mensualidad de inicial 3 anos para mi hijo luis
WhatsApp,Saber si hay lugares en 1ero primaria para Thiago. Gracias.,saber si hay lugares en 1ero primaria para thiago gracias
Email,"ESTIMADOS, QUISIERA SABER LOS COSTOS DE 1ERO SECUNDARIA PARA MI HIJO JUAN.",estimados quisiera saber los costos de 1ero secundaria para mi hijo juan
WhatsApp,Hola hay lugares para 5to secundaria? Mi niño se llama Luis.,hola hay lugares para 5to secundaria mi nino se llama luis
WhatsApp,Hola hay vacantes para 5to secundaria? Mi niño se llama Valentina.,hola hay vacantes para 5to secundaria mi nino se llama valentina
Email,<p><b>Solicito información de pagos y detalles para inicial 4 años. Atte: Lucia.</b></p>,solicito informacion de pagos y detalles para inicial 4 anos atte lucia
Email,Solicito información de cuotas y detalles para inicial 4 años. Atte: Sebastian.,solicito informacion de cuotas y detalles para inicial 4 anos atte sebastian
WhatsApp,HOLA HAY LUGARES PARA INICIAL 5 AÑOS? MI NIÑO SE LLAMA GABRIEL.,hola hay lugares para inicial 5 anos mi nino se llama gabriel
WhatsApp,SABER SI HAY CUPOS EN INICIAL 5 AÑOS PARA VALENTINA. GRACIAS.,saber si hay cupos en inicial 5 anos para valentina gracias
Web,<p><b>requisitos para traslado a 1ero secundaria. Postulante: Valentina.</b></p>,requisitos para traslado a 1ero secundaria postulante valentina
WhatsApp,Saber si hay disponibilidad de ingreso en inicial 3 años para Ana. Gracias.,saber si hay disponibilidad de ingreso en inicial 3 anos para ana gracias
Email,Solicito información de mensualidad y detalles para 5to secundaria. Atte: Camila.,solicito informacion de mensualidad y detalles para 5to secundaria atte camila
Web,citas de admision para primer año. Mi menor es Gabriel.,citas de admision para primer ano mi menor es gabriel
Web,documentación para traslado a 5to secundaria. Postulante: Sofia.,documentacion para traslado a 5to secundaria postulante sofia
Web,<p><b>papeles para traslado a primer año. Postulante: Luis.</b></p>,papeles para traslado a primer ano postulante luis
Email,Solicito información de pagos y detalles para inicial 5 años. Atte: Nicolas.,solicito informacion de pagos y detalles para inicial 5 anos atte nicolas
Email,"<p><b>Estimados, quisiera saber los pensiones de 1ero primaria para mi hijo Sebastian.</b></p>",estimados quisiera saber los pensiones de 1ero primaria para mi hijo sebastian
Email,Solicito información de costos y detalles para inicial 4 años. Atte: Juan.,solicito informacion de costos y detalles para inicial 4 anos atte juan
WhatsApp,Saber si hay vacantes en inicial 4 años para Elena. Gracias.,saber si hay vacantes en inicial 4 anos para elena gracias
Web,partidas para traslado a inicial 3 años. Postulante: Luis.,partidas para traslado a inicial 3 anos postulante luis
Web,papeles para traslado a 1ero primaria. Postulante: Gabriel.,papeles para traslado a 1ero primaria postulante gabriel
WhatsApp,SABER SI HAY ESPACIOS EN INICIAL 4 AÑOS PARA LUIS. GRACIAS.,saber si hay espacios en inicial 4 anos para luis gracias
Email,Solicito información de cuotas y detalles para 1ero primaria. Atte: Camila.,solicito informacion de cuotas y detalles para 1ero primaria atte camila
WhatsApp,<p><b>Hola hay cupos para 1ero primaria? Mi niño se llama Mateo.</b></p>,hola hay cupos para 1ero primaria mi nino se llama mateo
Web,cronograma de admision para primer año. Mi menor es Luis.,cronograma de admision para primer ano mi menor es luis
Web,entrevistas de admision para primer grado. Mi menor es Juan.,entrevistas de admision para primer grado mi menor es juan
Web,partidas para traslado a 1ero primaria. Postulante: Pedro.,partidas para traslado a 1ero primaria postulante pedro
WhatsApp,Saber si hay lugares en primer grado para Nicolas. Gracias.,saber si hay lugares en primer grado para nicolas gracias
Email,SOLICITO INFORMACIÓN DE PENSIONES Y DETALLES PARA 6TO PRIMARIA. ATTE: ELENA.,solicito informacion de pensiones y detalles para 6to primaria atte elena
Email,"Estimados, quisiera saber los pensiones de inicial 4 años para mi hijo Sofia.",estimados quisiera saber los pensiones de inicial 4 anos para mi hijo sofia
WhatsApp,SABER SI HAY VACANTES EN INICIAL 3 AÑOS PARA MATEO. GRACIAS.,saber si hay vacantes en inicial 3 anos para mateo gracias
Email,"ESTIMADOS, QUISIERA SABER LOS COSTOS DE SECUNDARIA PARA MI HIJO MARIA.",estimados quisiera saber los costos de secundaria para mi hijo maria
Email,"Estimados, quisiera saber los precios de inicial 5 años para mi hijo Sebastian.",estimados quisiera saber los precios de inicial 5 anos para mi hijo sebastian
Web,ficha de matrícula para traslado a secundaria. Postulante: Camila.,ficha de matricula para traslado a secundaria postulante camila
Web,<p><b>partidas para traslado a inicial 5 años. Postulante: Ana.</b></p>,partidas para traslado a inicial 5 anos postulante ana
Email,<p><b>Solicito información de costos y detalles para inicial 3 años. Atte: Elena.</b></p>,solicito informacion de costos y detalles para inicial 3 anos atte elena
WhatsApp,Saber si hay espacios en 5to secundaria para Mateo. Gracias.,saber si hay espacios en 5to secundaria para mateo gracias
WhatsApp,Saber si hay cupos en inicial 5 años para Mateo. Gracias.,saber si hay cupos en inicial 5 anos para mateo gracias
Web,ENTREVISTAS DE ADMISION PARA INICIAL 4 AÑOS. MI MENOR ES LUIS.,entrevistas de admision para inicial 4 anos mi menor es luis
Web,<p><b>documentos para traslado a 1ero primaria. Postulante: Elena.</b></p>,documentos para traslado a 1ero primaria postulante elena
Email,Solicito información de mensualidad y detalles para 1ero primaria. Atte: Sebastian.,solicito informacion de mensualidad y detalles para 1ero primaria atte sebastian
WhatsApp,Saber si hay cupos en 1ero secundaria para Camila. Gracias.,saber si hay cupos en 1ero secundaria para camila gracias
WhatsApp,Hola hay disponibilidad de ingreso para primer grado? Mi niño se llama Luis.,hola hay disponibilidad de ingreso para primer grado mi nino se llama luis
Email,<p><b>Solicito información de precios y detalles para secundaria. Atte: Camila.</b></p>,solicito informacion de precios y detalles para secundaria atte camila
WhatsApp,Hola hay vacantes para inicial 5 años? Mi niño se llama Elena.,hola hay vacantes para inicial 5 anos mi nino se llama elena
Web,<p><b>partidas para traslado a 5to secundaria. Postulante: Gabriel.</b></p>,partidas para traslado a 5to secundaria postulante gabriel
WhatsApp,Saber si hay cupos en 1ero secundaria para Lucia. Gracias.,saber si hay cupos en 1ero secundaria para lucia gracias
Web,charlas de admision para primer grado. Mi menor es Luis.,charlas de admision para primer grado mi menor es luis
Web,ficha de matrícula para traslado a inicial 3 años. Postulante: Pedro.,ficha de matricula para traslado a inicial 3 anos postulante pedro
WhatsApp,Saber si hay vacantes en 6to primaria para Camila. Gracias.,saber si hay vacantes en 6to primaria para camila gracias
Email,"Estimados, quisiera saber los mensualidad de primer año para mi hijo Thiago.",estimados quisiera saber los mensualidad de primer ano para mi hijo thiago
WhatsApp,Hola hay disponibilidad de ingreso para primer grado? Mi niño se llama Gabriel.,hola hay disponibilidad de ingreso para primer grado mi nino se llama gabriel
Web,documentos para traslado a inicial 3 años. Postulante: Elena.,documentos para traslado a inicial 3 anos postulante elena
Web,<p><b>documentos para traslado a secundaria. Postulante: Maria.</b></p>,documentos para traslado a secundaria postulante maria
Email,"ESTIMADOS, QUISIERA SABER LOS COSTOS DE 1ERO PRIMARIA PARA MI HIJO PEDRO.",estimados quisiera saber los costos de 1ero primaria para mi hijo pedro
Web,documentos para traslado a inicial 5 años. Postulante: Sebastian.,documentos para traslado a inicial 5 anos postulante sebastian
WhatsApp,Saber si hay cupos en inicial 3 años para Lucia. Gracias.,saber si hay cupos en inicial 3 anos para lucia gracias
WhatsApp,HOLA HAY CUPOS PARA INICIAL 5 AÑOS? MI NIÑO SE LLAMA PEDRO.,hola hay cupos para inicial 5 anos mi nino se llama pedro
WhatsApp,Saber si hay lugares en primer grado para Valentina. Gracias.,saber si hay lugares en primer grado para valentina gracias
Email,Solicito información de pensiones y detalles para secundaria. Atte: Luis.,solicito informacion de pensiones y detalles para secundaria atte luis
Email,"ESTIMADOS, QUISIERA SABER LOS PAGOS DE PRIMER AÑO PARA MI HIJO ELENA.",estimados quisiera saber los pagos de primer ano para mi hijo elena
WhatsApp,SABER SI HAY VACANTES EN 1ERO PRIMARIA PARA GABRIEL. GRACIAS.,saber si hay vacantes en 1ero primaria para gabriel gracias
WhatsApp,<p><b>Hola hay vacantes para 1ero secundaria? Mi niño se llama Mateo.</b></p>,hola hay vacantes para 1ero secundaria mi nino se llama mateo
Email,Solicito información de mensualidad y detalles para inicial 5 años. Atte: Elena.,solicito informacion de mensualidad y detalles para inicial 5 anos atte elena
WhatsApp,Saber si hay lugares en primer año para Nicolas. Gracias.,saber si hay lugares en primer ano para nicolas gracias
WhatsApp,Hola hay disponibilidad de ingreso para 6to primaria? Mi niño se llama Pedro.,hola hay disponibilidad de ingreso para 6to primaria mi nino se llama pedro
WhatsApp,<p><b>Hola hay lugares para secundaria? Mi niño se llama Luis.</b></p>,hola hay lugares para secundaria mi nino se llama luis
Email,"Estimados, quisiera saber los precios de secundaria para mi hijo Luis.",estimados quisiera saber los precios de secundaria para mi hijo luis
Email,<p><b>Solicito información de precios y detalles para 1ero primaria. Atte: Juan.</b></p>,solicito informacion de precios y detalles para 1ero primaria atte juan
WhatsApp,Saber si hay lugares en 1ero primaria para Nicolas. Gracias.,saber si hay lugares en 1ero primaria para nicolas gracias
WhatsApp,<p><b>Hola hay lugares para 6to primaria? Mi niño se llama Camila.</b></p>,hola hay lugares para 6to primaria mi nino se llama camila
WhatsApp,Saber si hay lugares en 6to primaria para Gabriel. Gracias.,saber si hay lugares en 6to primaria para gabriel gracias
Email,<p><b>Solicito información de pensiones y detalles para 5to secundaria. Atte: Thiago.</b></p>,solicito informacion de pensiones y detalles para 5to secundaria atte thiago
Web,documentación para traslado a primer grado. Postulante: Nicolas.,documentacion para traslado a primer grado postulante nicolas
Email,"Estimados, quisiera saber los cuotas de inicial 5 años para mi hijo Sebastian.",estimados quisiera saber los cuotas de inicial 5 anos para mi hijo sebastian
Web,DOCUMENTACIÓN PARA TRASLADO A 1ERO PRIMARIA. POSTULANTE: GABRIEL.,documentacion para traslado a 1ero primaria postulante gabriel
Web,<p><b>citas de admision para inicial 5 años. Mi menor es Thiago.</b></p>,citas de admision para inicial 5 anos mi menor es thiago
Web,<p><b>cronograma de admision para primer grado. Mi menor es Sofia.</b></p>,cronograma de admision para primer grado mi menor es sofia
Email,Solicito información de cuotas y detalles para primer año. Atte: Camila.,solicito informacion de cuotas y detalles para primer ano atte camila
Email,"Estimados, quisiera saber los mensualidad de inicial 5 años para mi hijo Juan.",estimados quisiera saber los mensualidad de inicial 5 anos para mi hijo juan
WhatsApp,Saber si hay vacantes en primer grado para Nicolas. Gracias.,saber si hay vacantes en primer grado para nicolas gracias
Email,Solicito información de pagos y detalles para 1ero primaria. Atte: Juan.,solicito informacion de pagos y detalles para 1ero primaria atte juan
WhatsApp,<p><b>Hola hay vacantes para inicial 3 años? Mi niño se llama Elena.</b></p>,hola hay vacantes para inicial 3 anos mi nino se llama elena
WhatsApp,Saber si hay lugares en secundaria para Sebastian. Gracias.,saber si hay lugares en secundaria para sebastian gracias
Web,charlas de admision para 1ero primaria. Mi menor es Pedro.,charlas de admision para 1ero primaria mi menor es pedro
Web,documentos para traslado a 6to primaria. Postulante: Sebastian.,documentos para traslado a 6to primaria postulante sebastian
Web,<p><b>citas de admision para 6to primaria. Mi menor es Sofia.</b></p>,citas de admision para 6to primaria mi menor es sofia
Web,PARTIDAS PARA TRASLADO A 5TO SECUNDARIA. POSTULANTE: ELENA.,partidas para traslado a 5to secundaria postulante elena
Web,<p><b>cronograma de admision para 5to secundaria. Mi menor es Luis.</b></p>,cronograma de admision para 5to secundaria mi menor es luis
WhatsApp,Hola hay lugares para inicial 4 años? Mi niño se llama Gabriel.,hola hay lugares para inicial 4 anos mi nino se llama gabriel
WhatsApp,Saber si hay cupos en 6to primaria para Luis. Gracias.,saber si hay cupos en 6to primaria para luis gracias
WhatsApp,Hola hay espacios para 5to secundaria? Mi niño se llama Sofia.,hola hay espacios para 5to secundaria mi nino se llama sofia
Web,requisitos para traslado a inicial 4 años. Postulante: Sofia.,requisitos para traslado a inicial 4 anos postulante sofia
Email,"Estimados, quisiera saber los pensiones de 1ero secundaria para mi hijo Ana.",estimados quisiera saber los pensiones de 1ero secundaria para mi hijo ana
Web,DOCUMENTACIÓN PARA TRASLADO A INICIAL 3 AÑOS. POSTULANTE: THIAGO.,documentacion para traslado a inicial 3 anos postulante thiago
Web,reunión de admision para 1ero primaria. Mi menor es Sebastian.,reunion de admision para 1ero primaria mi menor es sebastian
WhatsApp,Hola hay espacios para inicial 3 años? Mi niño se llama Pedro.,hola hay espacios para inicial 3 anos mi nino se llama pedro
WhatsApp,Saber si hay cupos en 1ero secundaria para Ana. Gracias.,saber si hay cupos en 1ero secundaria para ana gracias
Email,"ESTIMADOS, QUISIERA SABER LOS PENSIONES DE 5TO SECUNDARIA PARA MI HIJO NICOLAS.",estimados quisiera saber los pensiones de 5to secundaria para mi hijo nicolas
Web,CITAS DE ADMISION PARA PRIMER AÑO. MI MENOR ES LUIS.,citas de admision para primer ano mi menor es luis
Web,citas de admision para secundaria. Mi menor es Nicolas.,citas de admision para secundaria mi menor es nicolas
WhatsApp,Hola hay lugares para 6to primaria? Mi niño se llama Elena.,hola hay lugares para 6to primaria mi nino se llama elena
Email,<p><b>Solicito información de precios y detalles para 5to secundaria. Atte: Mateo.</b></p>,solicito informacion de precios y detalles para 5to secundaria atte mateo
Email,"Estimados, quisiera saber los costos de inicial 5 años para mi hijo Valentina.",estimados quisiera saber los costos de inicial 5 anos para mi hijo valentina
Email,"ESTIMADOS, QUISIERA SABER LOS COSTOS DE INICIAL 5 AÑOS PARA MI HIJO SEBASTIAN.",estimados quisiera saber los costos de inicial 5 anos para mi hijo sebastian
Email,"<p><b>Estimados, quisiera saber los mensualidad de 1ero secundaria para mi hijo Gabriel.</b></p>",estimados quisiera saber los mensualidad de 1ero secundaria para mi hijo gabriel
Email,"Estimados, quisiera saber los precios de primer grado para mi hijo Juan.",estimados quisiera saber los precios de primer grado para mi hijo juan
Web,documentación para traslado a 6to primaria. Postulante: Nicolas.,documentacion para traslado a 6to primaria postulante nicolas
Web,PARTIDAS PARA TRASLADO A INICIAL 4 AÑOS. POSTULANTE: MATEO.,partidas para traslado a inicial 4 anos postulante mateo
Email,"Estimados, quisiera saber los pensiones de 1ero primaria para mi hijo Pedro.",estimados quisiera saber los pensiones de 1ero primaria para mi hijo pedro
WhatsApp,Saber si hay espacios en inicial 3 años para Ana. Gracias.,saber si hay espacios en inicial 3 anos para ana gracias
Web,PAPELES PARA TRASLADO A 1ERO PRIMARIA. POSTULANTE: LUCIA.,papeles para traslado a 1ero primaria postulante lucia
Email,"ESTIMADOS, QUISIERA SABER LOS MENSUALIDAD DE 5TO SECUNDARIA PARA MI HIJO VALENTINA.",estimados quisiera saber los mensualidad de 5to secundaria para mi hijo valentina
WhatsApp,Hola hay vacantes para 1ero secundaria? Mi niño se llama Luis.,hola hay vacantes para 1ero secundaria mi nino se llama luis
Web,documentación para traslado a inicial 4 años. Postulante: Luis.,documentacion para traslado a inicial 4 anos postulante luis
WhatsApp,Hola hay cupos para primer grado? Mi niño se llama Luis.,hola hay cupos para primer grado mi nino se llama luis
WhatsApp,Saber si hay lugares en 1ero secundaria para Valentina. Gracias.,saber si hay lugares en 1ero secundaria para valentina gracias
Web,cronograma de admision para inicial 5 años. Mi menor es Sebastian.,cronograma de admision para inicial 5 anos mi menor es sebastian
WhatsApp,Hola hay lugares para primer año? Mi niño se llama Sebastian.,hola hay lugares para primer ano mi nino se llama sebastian
Email,"ESTIMADOS, QUISIERA SABER LOS CUOTAS DE INICIAL 5 AÑOS PARA MI HIJO SOFIA.",estimados quisiera saber los cuotas de inicial 5 anos para mi hijo sofia
Web,entrevistas de admision para primer grado. Mi menor es Sofia.,entrevistas de admision para primer grado mi menor es sofia
Email,"<p><b>Estimados, quisiera saber los costos de inicial 4 años para mi hijo Nicolas.</b></p>",estimados quisiera saber los costos de inicial 4 anos para mi hijo nicolas
Web,papeles para traslado a inicial 5 años. Postulante: Pedro.,papeles para traslado a inicial 5 anos postulante pedro
Web,citas de admision para inicial 3 años. Mi menor es Sofia.,citas de admision para inicial 3 anos mi menor es sofia
Email,"Estimados, quisiera saber los mensualidad de 1ero primaria para mi hijo Elena.",estimados quisiera saber los mensualidad de 1ero primaria para mi hijo elena
WhatsApp,<p><b>Saber si hay disponibilidad de ingreso en inicial 5 años para Lucia. Gracias.</b></p>,saber si hay disponibilidad de ingreso en inicial 5 anos para lucia gracias
WhatsApp,Hola hay espacios para 1ero primaria? Mi niño se llama Thiago.,hola hay espacios para 1ero primaria mi nino se llama thiago
Email,"Estimados, quisiera saber los costos de inicial 3 años para mi hijo Sebastian.",estimados quisiera saber los costos de inicial 3 anos para mi hijo sebastian
Email,<p><b>Solicito información de pagos y detalles para inicial 3 años. Atte: Thiago.</b></p>,solicito informacion de pagos y detalles para inicial 3 anos atte thiago
Email,"Estimados, quisiera saber los pensiones de primer año para mi hijo Juan.",estimados quisiera saber los pensiones de primer ano para mi hijo juan
Email,Solicito información de mensualidad y detalles para 1ero primaria. Atte: Juan.,solicito informacion de mensualidad y detalles para 1ero primaria atte juan
Web,<p><b>partidas para traslado a inicial 4 años. Postulante: Ana.</b></p>,partidas para traslado a inicial 4 anos postulante ana
Email,SOLICITO INFORMACIÓN DE PRECIOS Y DETALLES PARA 6TO PRIMARIA. ATTE: ANA.,solicito informacion de precios y detalles para 6to primaria atte ana
Web,citas de admision para primer año. Mi menor es Mateo.,citas de admision para primer ano mi menor es mateo
Email,Solicito información de mensualidad y detalles para 6to primaria. Atte: Mateo.,solicito informacion de mensualidad y detalles para 6to primaria atte mateo
Email,"Estimados, quisiera saber los precios de inicial 4 años para mi hijo Ana.",estimados quisiera saber los precios de inicial 4 anos para mi hijo ana
Web,charlas de admision para inicial 5 años. Mi menor es Gabriel.,charlas de admision para inicial 5 anos mi menor es gabriel
WhatsApp,<p><b>Hola hay cupos para 5to secundaria? Mi niño se llama Pedro.</b></p>,hola hay cupos para 5to secundaria mi nino se llama pedro
Web,<p><b>partidas para traslado a primer año. Postulante: Ana.</b></p>,partidas para traslado a primer ano postulante ana
WhatsApp,Saber si hay cupos en 1ero secundaria para Thiago. Gracias.,saber si hay cupos en 1ero secundaria para thiago gracias
WhatsApp,Saber si hay lugares en 1ero secundaria para Mateo. Gracias.,saber si hay lugares en 1ero secundaria para mateo gracias
Web,charlas de admision para inicial 4 años. Mi menor es Camila.,charlas de admision para inicial 4 anos mi menor es camila
WhatsApp,Hola hay disponibilidad de ingreso para inicial 4 años? Mi niño se llama Sebastian.,hola hay disponibilidad de ingreso para inicial 4 anos mi nino se llama sebastian
Web,reunión de admision para primer año. Mi menor es Sebastian.,reunion de admision para primer ano mi menor es sebastian
Email,Solicito información de mensualidad y detalles para inicial 5 años. Atte: Mateo.,solicito informacion de mensualidad y detalles para inicial 5 anos atte mateo
WhatsApp,Saber si hay disponibilidad de ingreso en inicial 4 años para Ana. Gracias.,saber si hay disponibilidad de ingreso en inicial 4 anos para ana gracias
Email,"Estimados, quisiera saber los mensualidad de 5to secundaria para mi hijo Camila.",estimados quisiera saber los mensualidad de 5to secundaria para mi hijo camila
Web,<p><b>documentación para traslado a 6to primaria. Postulante: Maria.</b></p>,documentacion para traslado a 6to primaria postulante maria
Web,CHARLAS DE ADMISION PARA SECUNDARIA. MI MENOR ES ANA.,charlas de admision para secundaria mi menor es ana
WhatsApp,Saber si hay lugares en inicial 3 años para Pedro. Gracias.,saber si hay lugares en inicial 3 anos para pedro gracias
Email,"Estimados, quisiera saber los pensiones de 1ero secundaria para mi hijo Juan.",estimados quisiera saber los pensiones de 1ero secundaria para mi hijo juan
WhatsApp,<p><b>Saber si hay disponibilidad de ingreso en primer grado para Lucia. Gracias.</b></p>,saber si hay disponibilidad de ingreso en primer grado para lucia gracias
Email,SOLICITO INFORMACIÓN DE PAGOS Y DETALLES PARA 1ERO PRIMARIA. ATTE: ELENA.,solicito informacion de pagos y detalles para 1ero primaria atte elena
WhatsApp,HOLA HAY DISPONIBILIDAD DE INGRESO PARA PRIMER AÑO? MI NIÑO SE LLAMA GABRIEL.,hola hay disponibilidad de ingreso para primer ano mi nino se llama gabriel
Web,documentación para traslado a inicial 5 años. Postulante: Lucia.,documentacion para traslado a inicial 5 anos postulante lucia
Email,Solicito información de pensiones y detalles para inicial 4 años. Atte: Sofia.,solicito informacion de pensiones y detalles para inicial 4 anos atte sofia
WhatsApp,Saber si hay espacios en inicial 5 años para Lucia. Gracias.,saber si hay espacios en inicial 5 anos para lucia gracias
Web,ENTREVISTAS DE ADMISION PARA INICIAL 3 AÑOS. MI MENOR ES MARIA.,entrevistas de admision para inicial 3 anos mi menor es maria
Web,DOCUMENTOS PARA TRASLADO A 5TO SECUNDARIA. POSTULANTE: LUIS.,documentos para traslado a 5to secundaria postulante luis
Email,Solicito información de pagos y detalles para primer año. Atte: Nicolas.,solicito informacion de pagos y detalles para primer ano atte nicolas
Web,<p><b>entrevistas de admision para inicial 5 años. Mi menor es Maria.</b></p>,entrevistas de admision para inicial 5 anos mi menor es maria
Email,"Estimados, quisiera saber los mensualidad de primer grado para mi hijo Thiago.",estimados quisiera saber los mensualidad de primer grado para mi hijo thiago
WhatsApp,HOLA HAY DISPONIBILIDAD DE INGRESO PARA PRIMER AÑO? MI NIÑO SE LLAMA VALENTINA.,hola hay disponibilidad de ingreso para primer ano mi nino se llama valentina
Email,Solicito información de mensualidad y detalles para inicial 5 años. Atte: Lucia.,solicito informacion de mensualidad y detalles para inicial 5 anos atte lucia
WhatsApp,Saber si hay cupos en inicial 5 años para Thiago. Gracias.,saber si hay cupos en inicial 5 anos para thiago gracias
Web,reunión de admision para primer año. Mi menor es Juan.,reunion de admision para primer ano mi menor es juan
Web,partidas para traslado a inicial 3 años. Postulante: Juan.,partidas para traslado a inicial 3 anos postulante juan
WhatsApp,Saber si hay vacantes en primer año para Sebastian. Gracias.,saber si hay vacantes en primer ano para sebastian gracias
WhatsApp,Hola hay vacantes para 5to secundaria? Mi niño se llama Gabriel.,hola hay vacantes para 5to secundaria mi nino se llama gabriel
Web,<p><b>charlas de admision para 6to primaria. Mi menor es Luis.</b></p>,charlas de admision para 6to primaria mi menor es luis
WhatsApp,Hola hay espacios para 5to secundaria? Mi niño se llama Sebastian.,hola hay espacios para 5to secundaria mi nino se llama sebastian
Web,documentos para traslado a inicial 3 años. Postulante: Valentina.,documentos para traslado a inicial 3 anos postulante valentina
WhatsApp,<p><b>Hola hay lugares para 5to secundaria? Mi niño se llama Thiago.</b></p>,hola hay lugares para 5to secundaria mi nino se llama thiago
WhatsApp,Hola hay cupos para inicial 4 años? Mi niño se llama Sebastian.,hola hay cupos para inicial 4 anos mi nino se llama sebastian
Web,entrevistas de admision para inicial 3 años. Mi menor es Gabriel.,entrevistas de admision para inicial 3 anos mi menor es gabriel
Web,cronograma de admision para primer grado. Mi menor es Thiago.,cronograma de admision para primer grado mi menor es thiago
Email,Solicito información de pensiones y detalles para 1ero secundaria. Atte: Maria.,solicito informacion de pensiones y detalles para 1ero secundaria atte maria
Web,<p><b>ficha de matrícula para traslado a primer grado. Postulante: Ana.</b></p>,ficha de matricula para traslado a primer grado postulante ana
Web,cronograma de admision para 1ero secundaria. Mi menor es Ana.,cronograma de admision para 1ero secundaria mi menor es ana
WhatsApp,Saber si hay vacantes en 6to primaria para Sebastian. Gracias.,saber si hay vacantes en 6to primaria para sebastian gracias
Email,Solicito información de pagos y detalles para inicial 3 años. Atte: Maria.,solicito informacion de pagos y detalles para inicial 3 anos atte maria
WhatsApp,Saber si hay disponibilidad de ingreso en inicial 4 años para Luis. Gracias.,saber si hay disponibilidad de ingreso en inicial 4 anos para luis gracias
Email,"Estimados, quisiera saber los costos de 5to secundaria para mi hijo Pedro.",estimados quisiera saber los costos de 5to secundaria para mi hijo pedro
Email,Solicito información de pensiones y detalles para inicial 4 años. Atte: Gabriel.,solicito informacion de pensiones y detalles para inicial 4 anos atte gabriel
Email,Solicito información de precios y detalles para 5to secundaria. Atte: Nicolas.,solicito informacion de precios y detalles para 5to secundaria atte nicolas
Web,documentos para traslado a 6to primaria. Postulante: Mateo.,documentos para traslado a 6to primaria postulante mateo
Email,"Estimados, quisiera saber los pagos de 1ero primaria para mi hijo Pedro.",estimados quisiera saber los pagos de 1ero primaria para mi hijo pedro
WhatsApp,Saber si hay vacantes en secundaria para Sofia. Gracias.,saber si hay vacantes en secundaria para sofia gracias
Email,"Estimados, quisiera saber los precios de 5to secundaria para mi hijo Lucia.",estimados quisiera saber los precios de 5to secundaria para mi hijo lucia
WhatsApp,Saber si hay cupos en inicial 4 años para Thiago. Gracias.,saber si hay cupos en inicial 4 anos para thiago gracias
Email,Solicito información de cuotas y detalles para 1ero primaria. Atte: Nicolas.,solicito informacion de cuotas y detalles para 1ero primaria atte nicolas
Email,"Estimados, quisiera saber los mensualidad de 1ero primaria para mi hijo Luis.",estimados quisiera saber los mensualidad de 1ero primaria para mi hijo luis
Email,"Estimados, quisiera saber los mensualidad de 1ero secundaria para mi hijo Lucia.",estimados quisiera saber los mensualidad de 1ero secundaria para mi hijo lucia
Web,ficha de matrícula para traslado a inicial 4 años. Postulante: Gabriel.,ficha de matricula para traslado a inicial 4 anos postulante gabriel
WhatsApp,<p><b>Hola hay espacios para inicial 5 años? Mi niño se llama Sebastian.</b></p>,hola hay espacios para inicial 5 anos mi nino se llama sebastian
Web,charlas de admision para primer grado. Mi menor es Nicolas.,charlas de admision para primer grado mi menor es nicolas
WhatsApp,Hola hay vacantes para inicial 5 años? Mi niño se llama Maria.,hola hay vacantes para inicial 5 anos mi nino se llama maria
Web,ENTREVISTAS DE ADMISION PARA INICIAL 3 AÑOS. MI MENOR ES SOFIA.,entrevistas de admision para inicial 3 anos mi menor es sofia
Email,SOLICITO INFORMACIÓN DE PRECIOS Y DETALLES PARA 6TO PRIMARIA. ATTE: MATEO.,solicito informacion de precios y detalles para 6to primaria atte mateo
WhatsApp,Hola hay vacantes para inicial 3 años? Mi niño se llama Pedro.,hola hay vacantes para inicial 3 anos mi nino se llama pedro
WhatsApp,HOLA HAY LUGARES PARA 1ERO PRIMARIA? MI NIÑO SE LLAMA SOFIA.,hola hay lugares para 1ero primaria mi nino se llama sofia
WhatsApp,SABER SI HAY CUPOS EN PRIMER AÑO PARA GABRIEL. GRACIAS.,saber si hay cupos en primer ano para gabriel gracias
WhatsApp,Saber si hay vacantes en inicial 5 años para Maria. Gracias.,saber si hay vacantes en inicial 5 anos para maria gracias
Web,ficha de matrícula para traslado a inicial 4 años. Postulante: Pedro.,ficha de matricula para traslado a inicial 4 anos postulante pedro
Email,Solicito información de mensualidad y detalles para 1ero secundaria. Atte: Sebastian.,solicito informacion de mensualidad y detalles para 1ero secundaria atte sebastian
WhatsApp,SABER SI HAY VACANTES EN SECUNDARIA PARA SEBASTIAN. GRACIAS.,saber si hay vacantes en secundaria para sebastian gracias
Email,"Estimados, quisiera saber los cuotas de 5to secundaria para mi hijo Thiago.",estimados quisiera saber los cuotas de 5to secundaria para mi hijo thiago
Web,requisitos para traslado a inicial 5 años. Postulante: Camila.,requisitos para traslado a inicial 5 anos postulante camila
Email,"Estimados, quisiera saber los pagos de 1ero primaria para mi hijo Valentina.",estimados quisiera saber los pagos de 1ero primaria para mi hijo valentina
WhatsApp,<p><b>Saber si hay lugares en 1ero primaria para Gabriel. Gracias.</b></p>,saber si hay lugares en 1ero primaria para gabriel gracias
Email,"<p><b>Estimados, quisiera saber los costos de inicial 4 años para mi hijo Elena.</b></p>",estimados quisiera saber los costos de inicial 4 anos para mi hijo elena
Email,"Estimados, quisiera saber los pensiones de primer grado para mi hijo Mateo.",estimados quisiera saber los pensiones de primer grado para mi hijo mateo
Web,charlas de admision para inicial 4 años. Mi menor es Gabriel.,charlas de admision para inicial 4 anos mi menor es gabriel
Email,"Estimados, quisiera saber los precios de inicial 5 años para mi hijo Lucia.",estimados quisiera saber los precios de inicial 5 anos para mi hijo lucia
Web,papeles para traslado a inicial 4 años. Postulante: Camila.,papeles para traslado a inicial 4 anos postulante camila
Web,<p><b>documentación para traslado a 1ero primaria. Postulante: Camila.</b></p>,documentacion para traslado a 1ero primaria postulante camila
WhatsApp,HOLA HAY LUGARES PARA SECUNDARIA? MI NIÑO SE LLAMA SOFIA.,hola hay lugares para secundaria mi nino se llama sofia
Web,ficha de matrícula para traslado a inicial 3 años. Postulante: Thiago.,ficha de matricula para traslado a inicial 3 anos postulante thiago
WhatsApp,SABER SI HAY DISPONIBILIDAD DE INGRESO EN INICIAL 5 AÑOS PARA SOFIA. GRACIAS.,saber si hay disponibilidad de ingreso en inicial 5 anos para sofia gracias
Email,"<p><b>Estimados, quisiera saber los cuotas de 5to secundaria para mi hijo Maria.</b></p>",estimados quisiera saber los cuotas de 5to secundaria para mi hijo maria
Web,<p><b>reunión de admision para primer grado. Mi menor es Ana.</b></p>,reunion de admision para primer grado mi menor es ana
Web,<p><b>requisitos para traslado a inicial 5 años. Postulante: Valentina.</b></p>,requisitos para traslado a inicial 5 anos postulante valentina
Email,"Estimados, quisiera saber los cuotas de inicial 5 años para mi hijo Camila.",estimados quisiera saber los cuotas de inicial 5 anos para mi hijo camila
Web,REQUISITOS PARA TRASLADO A INICIAL 5 AÑOS. POSTULANTE: SEBASTIAN.,requisitos para traslado a inicial 5 anos postulante sebastian
WhatsApp,Saber si hay cupos en 5to secundaria para Sofia. Gracias.,saber si hay cupos en 5to secundaria para sofia gracias
WhatsApp,Saber si hay cupos en 6to primaria para Thiago. Gracias.,saber si hay cupos en 6to primaria para thiago gracias
Email,"Estimados, quisiera saber los pagos de primer grado para mi hijo Thiago.",estimados quisiera saber los pagos de primer grado para mi hijo thiago
WhatsApp,Hola hay disponibilidad de ingreso para secundaria? Mi niño se llama Thiago.,hola hay disponibilidad de ingreso para secundaria mi nino se llama thiago
WhatsApp,Hola hay cupos para 1ero secundaria? Mi niño se llama Camila.,hola hay cupos para 1ero secundaria mi nino se llama camila
Web,documentación para traslado a 1ero secundaria. Postulante: Gabriel.,documentacion para traslado a 1ero secundaria postulante gabriel
Web,CITAS DE ADMISION PARA INICIAL 5 AÑOS. MI MENOR ES MARIA.,citas de admision para inicial 5 anos mi menor es maria
Web,cronograma de admision para primer año. Mi menor es Juan.,cronograma de admision para primer ano mi menor es juan
Web,citas de admision para inicial 4 años. Mi menor es Nicolas.,citas de admision para inicial 4 anos mi menor es nicolas
Web,entrevistas de admision para inicial 5 años. Mi menor es Camila.,entrevistas de admision para inicial 5 anos mi menor es camila
Web,reunión de admision para 5to secundaria. Mi menor es Valentina.,reunion de admision para 5to secundaria mi menor es valentina
Email,Solicito información de costos y detalles para 1ero secundaria. Atte: Gabriel.,solicito informacion de costos y detalles para 1ero secundaria atte gabriel
Web,reunión de admision para inicial 3 años. Mi menor es Gabriel.,reunion de admision para inicial 3 anos mi menor es gabriel
WhatsApp,Hola hay espacios para primer grado? Mi niño se llama Mateo.,hola hay espacios para primer grado mi nino se llama mateo
WhatsApp,<p><b>Hola hay lugares para primer año? Mi niño se llama Lucia.</b></p>,hola hay lugares para primer ano mi nino se llama lucia
Email,Solicito información de costos y detalles para 6to primaria. Atte: Lucia.,solicito informacion de costos y detalles para 6to primaria atte lucia
Web,papeles para traslado a inicial 4 años. Postulante: Thiago.,papeles para traslado a inicial 4 anos postulante thiago
Email,Solicito información de mensualidad y detalles para 1ero primaria. Atte: Gabriel.,solicito informacion de mensualidad y detalles para 1ero primaria atte gabriel
WhatsApp,<p><b>Saber si hay vacantes en inicial 3 años para Juan. Gracias.</b></p>,saber si hay vacantes en inicial 3 anos para juan gracias
Email,SOLICITO INFORMACIÓN DE COSTOS Y DETALLES PARA 6TO PRIMARIA. ATTE: LUIS.,solicito informacion de costos y detalles para 6to primaria atte luis
Email,SOLICITO INFORMACIÓN DE PAGOS Y DETALLES PARA INICIAL 4 AÑOS. ATTE: JUAN.,solicito informacion de pagos y detalles para inicial 4 anos atte juan
Email,SOLICITO INFORMACIÓN DE MENSUALIDAD Y DETALLES PARA 5TO SECUNDARIA. ATTE: LUCIA.,solicito informacion de mensualidad y detalles para 5to secundaria atte lucia
Email,Solicito información de pagos y detalles para 1ero primaria. Atte: Nicolas.,solicito informacion de pagos y detalles para 1ero primaria atte nicolas
Email,"ESTIMADOS, QUISIERA SABER LOS PAGOS DE INICIAL 3 AÑOS PARA MI HIJO JUAN.",estimados quisiera saber los pagos de inicial 3 anos para mi hijo juan
Web,charlas de admision para 6to primaria. Mi menor es Valentina.,charlas de admision para 6to primaria mi menor es valentina
Web,documentos para traslado a primer año. Postulante: Camila.,documentos para traslado a primer ano postulante camila
WhatsApp,Saber si hay cupos en inicial 3 años para Sebastian. Gracias.,saber si hay cupos en inicial 3 anos para sebastian gracias
WhatsApp,Hola hay disponibilidad de ingreso para 1ero primaria? Mi niño se llama Juan.,hola hay disponibilidad de ingreso para 1ero primaria mi nino se llama juan
WhatsApp,Saber si hay disponibilidad de ingreso en secundaria para Thiago. Gracias.,saber si hay disponibilidad de ingreso en secundaria para thiago gracias
WhatsApp,<p><b>Hola hay vacantes para inicial 4 años? Mi niño se llama Camila.</b></p>,hola hay vacantes para inicial 4 anos mi nino se llama camila
Web,documentos para traslado a inicial 3 años. Postulante: Luis.,documentos para traslado a inicial 3 anos postulante luis
WhatsApp,Saber si hay cupos en primer año para Lucia. Gracias.,saber si hay cupos en primer ano para lucia gracias
Email,"Estimados, quisiera saber los pagos de 1ero secundaria para mi hijo Camila.",estimados quisiera saber los pagos de 1ero secundaria para mi hijo camila
WhatsApp,Hola hay espacios para 1ero primaria? Mi niño se llama Camila.,hola hay espacios para 1ero primaria mi nino se llama camila
Web,citas de admision para inicial 3 años. Mi menor es Valentina.,citas de admision para inicial 3 anos mi menor es valentina
Web,<p><b>ficha de matrícula para traslado a primer año. Postulante: Juan.</b></p>,ficha de matricula para traslado a primer ano postulante juan
Email,Solicito información de pensiones y detalles para primer grado. Atte: Ana.,solicito informacion de pensiones y detalles para primer grado atte ana
Email,<p><b>Solicito información de pensiones y detalles para 1ero secundaria. Atte: Ana.</b></p>,solicito informacion de pensiones y detalles para 1ero secundaria atte ana
Web,citas de admision para 1ero secundaria. Mi menor es Lucia.,citas de admision para 1ero secundaria mi menor es lucia
Web,partidas para traslado a inicial 5 años. Postulante: Elena.,partidas para traslado a inicial 5 anos postulante elena
Web,charlas de admision para 5to secundaria. Mi menor es Thiago.,charlas de admision para 5to secundaria mi menor es thiago
WhatsApp,Hola hay disponibilidad de ingreso para 5to secundaria? Mi niño se llama Valentina.,hola hay disponibilidad de ingreso para 5to secundaria mi nino se llama valentina
WhatsApp,Saber si hay cupos en inicial 4 años para Elena. Gracias.,saber si hay cupos en inicial 4 anos para elena gracias
WhatsApp,Hola hay lugares para primer año? Mi niño se llama Mateo.,hola hay lugares para primer ano mi nino se llama mateo
WhatsApp,Hola hay cupos para 1ero secundaria? Mi niño se llama Lucia.,hola hay cupos para 1ero secundaria mi nino se llama lucia
Email,Solicito información de pagos y detalles para primer año. Atte: Juan.,solicito informacion de pagos y detalles para primer ano atte juan
Email,"ESTIMADOS, QUISIERA SABER LOS PRECIOS DE INICIAL 4 AÑOS PARA MI HIJO SOFIA.",estimados quisiera saber los precios de inicial 4 anos para mi hijo sofia
Web,requisitos para traslado a 1ero secundaria. Postulante: Juan.,requisitos para traslado a 1ero secundaria postulante juan
WhatsApp,Saber si hay espacios en inicial 5 años para Maria. Gracias.,saber si hay espacios en inicial 5 anos para maria gracias
Web,papeles para traslado a 6to primaria. Postulante: Elena.,papeles para traslado a 6to primaria postulante elena
Web,entrevistas de admision para secundaria. Mi menor es Elena.,entrevistas de admision para secundaria mi menor es elena
WhatsApp,Hola hay lugares para secundaria? Mi niño se llama Gabriel.,hola hay lugares para secundaria mi nino se llama gabriel
WhatsApp,<p><b>Hola hay lugares para inicial 5 años? Mi niño se llama Mateo.</b></p>,hola hay lugares para inicial 5 anos mi nino se llama mateo
WhatsApp,Hola hay disponibilidad de ingreso para 1ero primaria? Mi niño se llama Mateo.,hola hay disponibilidad de ingreso para 1ero primaria mi nino se llama mateo
Email,Solicito información de cuotas y detalles para 5to secundaria. Atte: Ana.,solicito informacion de cuotas y detalles para 5to secundaria atte ana
WhatsApp,<p><b>Saber si hay disponibilidad de ingreso en secundaria para Maria. Gracias.</b></p>,saber si hay disponibilidad de ingreso en secundaria para maria gracias
Web,documentos para traslado a 1ero secundaria. Postulante: Gabriel.,documentos para traslado a 1ero secundaria postulante gabriel
Web,documentos para traslado a 5to secundaria. Postulante: Sebastian.,documentos para traslado a 5to secundaria postulante sebastian
Email,"Estimados, quisiera saber los mensualidad de primer año para mi hijo Valentina.",estimados quisiera saber los mensualidad de primer ano para mi hijo valentina
Web,charlas de admision para 6to primaria. Mi menor es Camila.,charlas de admision para 6to primaria mi menor es camila
WhatsApp,Saber si hay vacantes en 1ero primaria para Camila. Gracias.,saber si hay vacantes en 1ero primaria para camila gracias
Email,Solicito información de cuotas y detalles para primer grado. Atte: Juan.,solicito informacion de cuotas y detalles para primer grado atte juan
Email,"Estimados, quisiera saber los cuotas de 6to primaria para mi hijo Sofia.",estimados quisiera saber los cuotas de 6to primaria para mi hijo sofia
Email,Solicito información de pagos y detalles para 6to primaria. Atte: Camila.,solicito informacion de pagos y detalles para 6to primaria atte camila
Web,<p><b>documentos para traslado a 1ero secundaria. Postulante: Elena.</b></p>,documentos para traslado a 1ero secundaria postulante elena
Email,<p><b>Solicito información de cuotas y detalles para 1ero secundaria. Atte: Elena.</b></p>,solicito informacion de cuotas y detalles para 1ero secundaria atte elena
Web,CRONOGRAMA DE ADMISION PARA INICIAL 5 AÑOS. MI MENOR ES VALENTINA.,cronograma de admision para inicial 5 anos mi menor es valentina
Web,reunión de admision para 1ero secundaria. Mi menor es Camila.,reunion de admision para 1ero secundaria mi menor es camila
Web,<p><b>citas de admision para primer grado. Mi menor es Ana.</b></p>,citas de admision para primer grado mi menor es ana
WhatsApp,Hola hay vacantes para inicial 5 años? Mi niño se llama Juan.,hola hay vacantes para inicial 5 anos mi nino se llama juan
WhatsApp,<p><b>Hola hay espacios para primer grado? Mi niño se llama Maria.</b></p>,hola hay espacios para primer grado mi nino se llama maria
Email,Solicito información de pensiones y detalles para 1ero secundaria. Atte: Valentina.,solicito informacion de pensiones y detalles para 1ero secundaria atte valentina
Email,Solicito información de pensiones y detalles para 1ero secundaria. Atte: Sebastian.,solicito informacion de pensiones y detalles para 1ero secundaria atte sebastian
WhatsApp,Hola hay cupos para primer año? Mi niño se llama Sofia.,hola hay cupos para primer ano mi nino se llama sofia
Web,requisitos para traslado a inicial 3 años. Postulante: Lucia.,requisitos para traslado a inicial 3 anos postulante lucia
Web,charlas de admision para inicial 3 años. Mi menor es Juan.,charlas de admision para inicial 3 anos mi menor es juan
WhatsApp,Hola hay espacios para inicial 4 años? Mi niño se llama Ana.,hola hay espacios para inicial 4 anos mi nino se llama ana
Email,<p><b>Solicito información de costos y detalles para inicial 5 años. Atte: Elena.</b></p>,solicito informacion de costos y detalles para inicial 5 anos atte elena
WhatsApp,Hola hay cupos para secundaria? Mi niño se llama Juan.,hola hay cupos para secundaria mi nino se llama juan
WhatsApp,SABER SI HAY VACANTES EN 5TO SECUNDARIA PARA PEDRO. GRACIAS.,saber si hay vacantes en 5to secundaria para pedro gracias
Email,"Estimados, quisiera saber los mensualidad de 6to primaria para mi hijo Elena.",estimados quisiera saber los mensualidad de 6to primaria para mi hijo elena
Web,<p><b>documentación para traslado a secundaria. Postulante: Thiago.</b></p>,documentacion para traslado a secundaria postulante thiago
Web,documentación para traslado a primer grado. Postulante: Maria.,documentacion para traslado a primer grado postulante maria
Email,Solicito información de pensiones y detalles para primer año. Atte: Elena.,solicito informacion de pensiones y detalles para primer ano atte elena
Email,"Estimados, quisiera saber los mensualidad de primer grado para mi hijo Sofia.",estimados quisiera saber los mensualidad de primer grado para mi hijo sofia
Email,<p><b>Solicito información de pensiones y detalles para inicial 5 años. Atte: Valentina.</b></p>,solicito informacion de pensiones y detalles para inicial 5 anos atte valentina
Email,"Estimados, quisiera saber los costos de 1ero primaria para mi hijo Sofia.",estimados quisiera saber los costos de 1ero primaria para mi hijo sofia
Web,documentos para traslado a inicial 4 años. Postulante: Valentina.,documentos para traslado a inicial 4 anos postulante valentina
Email,"Estimados, quisiera saber los pensiones de inicial 4 años para mi hijo Thiago.",estimados quisiera saber los pensiones de inicial 4 anos para mi hijo thiago
Email,SOLICITO INFORMACIÓN DE CUOTAS Y DETALLES PARA INICIAL 5 AÑOS. ATTE: ANA.,solicito informacion de cuotas y detalles para inicial 5 anos atte ana
WhatsApp,Saber si hay disponibilidad de ingreso en primer año para Lucia. Gracias.,saber si hay disponibilidad de ingreso en primer ano para lucia gracias
WhatsApp,<p><b>Hola hay espacios para primer grado? Mi niño se llama Elena.</b></p>,hola hay espacios para primer grado mi nino se llama elena
WhatsApp,Hola hay vacantes para primer grado? Mi niño se llama Nicolas.,hola hay vacantes para primer grado mi nino se llama nicolas
Email,SOLICITO INFORMACIÓN DE MENSUALIDAD Y DETALLES PARA INICIAL 3 AÑOS. ATTE: JUAN.,solicito informacion de mensualidad y detalles para inicial 3 anos atte juan
WhatsApp,Hola hay lugares para 6to primaria? Mi niño se llama Pedro.,hola hay lugares para 6to primaria mi nino se llama pedro
Email,"Estimados, quisiera saber los mensualidad de inicial 4 años para mi hijo Valentina.",estimados quisiera saber los mensualidad de inicial 4 anos para mi hijo valentina
Web,<p><b>entrevistas de admision para secundaria. Mi menor es Gabriel.</b></p>,entrevistas de admision para secundaria mi menor es gabriel
Web,entrevistas de admision para secundaria. Mi menor es Mateo.,entrevistas de admision para secundaria mi menor es mateo
WhatsApp,Saber si hay lugares en inicial 4 años para Juan. Gracias.,saber si hay lugares en inicial 4 anos para juan gracias
WhatsApp,Saber si hay lugares en inicial 3 años para Juan. Gracias.,saber si hay lugares en inicial 3 anos para juan gracias
WhatsApp,Saber si hay vacantes en inicial 5 años para Lucia. Gracias.,saber si hay vacantes en inicial 5 anos para lucia gracias
Web,entrevistas de admision para 1ero primaria. Mi menor es Luis.,entrevistas de admision para 1ero primaria mi menor es luis
WhatsApp,Saber si hay espacios en inicial 3 años para Lucia. Gracias.,saber si hay espacios en inicial 3 anos para lucia gracias
Web,reunión de admision para inicial 3 años. Mi menor es Sebastian.,reunion de admision para inicial 3 anos mi menor es sebastian
Web,partidas para traslado a inicial 4 años. Postulante: Luis.,partidas para traslado a inicial 4 anos postulante luis
WhatsApp,Saber si hay espacios en primer grado para Valentina. Gracias.,saber si hay espacios en primer grado para valentina gracias
Email,"Estimados, quisiera saber los cuotas de 5to secundaria para mi hijo Sebastian.",estimados quisiera saber los cuotas de 5to secundaria para mi hijo sebastian
WhatsApp,<p><b>Saber si hay vacantes en inicial 3 años para Lucia. Gracias.</b></p>,saber si hay vacantes en inicial 3 anos para lucia gracias
Web,papeles para traslado a inicial 4 años. Postulante: Sebastian.,papeles para traslado a inicial 4 anos postulante sebastian
WhatsApp,Saber si hay cupos en primer grado para Maria. Gracias.,saber si hay cupos en primer grado para maria gracias
Email,<p><b>Solicito información de precios y detalles para secundaria. Atte: Ana.</b></p>,solicito informacion de precios y detalles para secundaria atte ana
WhatsApp,Hola hay espacios para 1ero secundaria? Mi niño se llama Maria.,hola hay espacios para 1ero secundaria mi nino se llama maria
Email,Solicito información de precios y detalles para 1ero primaria. Atte: Sebastian.,solicito informacion de precios y detalles para 1ero primaria atte sebastian
WhatsApp,<p><b>Saber si hay disponibilidad de ingreso en inicial 3 años para Nicolas. Gracias.</b></p>,saber si hay disponibilidad de ingreso en inicial 3 anos para nicolas gracias
Web,papeles para traslado a 1ero secundaria. Postulante: Elena.,papeles para traslado a 1ero secundaria postulante elena
WhatsApp,<p><b>Hola hay espacios para 5to secundaria? Mi niño se llama Maria.</b></p>,hola hay espacios para 5to secundaria mi nino se llama maria
Web,documentación para traslado a 5to secundaria. Postulante: Thiago.,documentacion para traslado a 5to secundaria postulante thiago
Email,"Estimados, quisiera saber los precios de secundaria para mi hijo Sofia.",estimados quisiera saber los precios de secundaria para mi hijo sofia
Email,"ESTIMADOS, QUISIERA SABER LOS PENSIONES DE 1ERO SECUNDARIA PARA MI HIJO LUCIA.",estimados quisiera saber los pensiones de 1ero secundaria para mi hijo lucia
Web,<p><b>cronograma de admision para 5to secundaria. Mi menor es Elena.</b></p>,cronograma de admision para 5to secundaria mi menor es elena
Web,REQUISITOS PARA TRASLADO A 1ERO SECUNDARIA. POSTULANTE: LUIS.,requisitos para traslado a 1ero secundaria postulante luis
Web,<p><b>entrevistas de admision para primer año. Mi menor es Ana.</b></p>,entrevistas de admision para primer ano mi menor es ana
Web,<p><b>papeles para traslado a inicial 5 años. Postulante: Maria.</b></p>,papeles para traslado a inicial 5 anos postulante maria
WhatsApp,Saber si hay cupos en 1ero primaria para Maria. Gracias.,saber si hay cupos en 1ero primaria para maria gracias
Email,Solicito información de costos y detalles para 1ero secundaria. Atte: Camila.,solicito informacion de costos y detalles para 1ero secundaria atte camila
Web,ficha de matrícula para traslado a 1ero primaria. Postulante: Lucia.,ficha de matricula para traslado a 1ero primaria postulante lucia
Email,Solicito información de cuotas y detalles para inicial 3 años. Atte: Sofia.,solicito informacion de cuotas y detalles para inicial 3 anos atte sofia
Web,CRONOGRAMA DE ADMISION PARA INICIAL 3 AÑOS. MI MENOR ES JUAN.,cronograma de admision para inicial 3 anos mi menor es juan
WhatsApp,Saber si hay disponibilidad de ingreso en inicial 5 años para Nicolas. Gracias.,saber si hay disponibilidad de ingreso en inicial 5 anos para nicolas gracias
Web,ficha de matrícula para traslado a 1ero primaria. Postulante: Pedro.,ficha de matricula para traslado a 1ero primaria postulante pedro
Email,"ESTIMADOS, QUISIERA SABER LOS PENSIONES DE INICIAL 5 AÑOS PARA MI HIJO NICOLAS.",estimados quisiera saber los pensiones de inicial 5 anos para mi hijo nicolas
Email,"<p><b>Estimados, quisiera saber los costos de 1ero secundaria para mi hijo Elena.</b></p>",estimados quisiera saber los costos de 1ero secundaria para mi hijo elena
Email,"Estimados, quisiera saber los cuotas de inicial 4 años para mi hijo Pedro.",estimados quisiera saber los cuotas de inicial 4 anos para mi hijo pedro
WhatsApp,Hola hay vacantes para inicial 4 años? Mi niño se llama Juan.,hola hay vacantes para inicial 4 anos mi nino se llama juan
WhatsApp,Hola hay disponibilidad de ingreso para inicial 5 años? Mi niño se llama Maria.,hola hay disponibilidad de ingreso para inicial 5 anos mi nino se llama maria
WhatsApp,Saber si hay lugares en inicial 3 años para Elena. Gracias.,saber si hay lugares en inicial 3 anos para elena gracias
Web,CRONOGRAMA DE ADMISION PARA INICIAL 4 AÑOS. MI MENOR ES THIAGO.,cronograma de admision para inicial 4 anos mi menor es thiago
Web,<p><b>cronograma de admision para 6to primaria. Mi menor es Ana.</b></p>,cronograma de admision para 6to primaria mi menor es ana
WhatsApp,Saber si hay vacantes en inicial 5 años para Juan. Gracias.,saber si hay vacantes en inicial 5 anos para juan gracias
Email,"Estimados, quisiera saber los pensiones de primer grado para mi hijo Elena.",estimados quisiera saber los pensiones de primer grado para mi hijo elena
Web,partidas para traslado a secundaria. Postulante: Lucia.,partidas para traslado a secundaria postulante lucia
Email,SOLICITO INFORMACIÓN DE PENSIONES Y DETALLES PARA INICIAL 5 AÑOS. ATTE: MATEO.,solicito informacion de pensiones y detalles para inicial 5 anos atte mateo
WhatsApp,SABER SI HAY DISPONIBILIDAD DE INGRESO EN INICIAL 4 AÑOS PARA LUCIA. GRACIAS.,saber si hay disponibilidad de ingreso en inicial 4 anos para lucia gracias
Email,SOLICITO INFORMACIÓN DE PRECIOS Y DETALLES PARA 1ERO PRIMARIA. ATTE: PEDRO.,solicito informacion de precios y detalles para 1ero primaria atte pedro
Email,Solicito información de cuotas y detalles para primer año. Atte: Valentina.,solicito informacion de cuotas y detalles para primer ano atte valentina
Web,papeles para traslado a inicial 4 años. Postulante: Maria.,papeles para traslado a inicial 4 anos postulante maria
Email,"Estimados, quisiera saber los pensiones de 1ero secundaria para mi hijo Elena.",estimados quisiera saber los pensiones de 1ero secundaria para mi hijo elena
WhatsApp,Saber si hay cupos en primer grado para Sofia. Gracias.,saber si hay cupos en primer grado para sofia gracias
WhatsApp,<p><b>Saber si hay cupos en 5to secundaria para Ana. Gracias.</b></p>,saber si hay cupos en 5to secundaria para ana gracias
Email,"Estimados, quisiera saber los mensualidad de secundaria para mi hijo Maria.",estimados quisiera saber los mensualidad de secundaria para mi hijo maria
WhatsApp,SABER SI HAY ESPACIOS EN PRIMER GRADO PARA MARIA. GRACIAS.,saber si hay espacios en primer grado para maria gracias
Web,documentación para traslado a primer grado. Postulante: Gabriel.,documentacion para traslado a primer grado postulante gabriel
WhatsApp,Hola hay lugares para 1ero secundaria? Mi niño se llama Luis.,hola hay lugares para 1ero secundaria mi nino se llama luis
Email,"Estimados, quisiera saber los costos de primer grado para mi hijo Valentina.",estimados quisiera saber los costos de primer grado para mi hijo valentina
Email,"<p><b>Estimados, quisiera saber los costos de 5to secundaria para mi hijo Ana.</b></p>",estimados quisiera saber los costos de 5to secundaria para mi hijo ana
Web,requisitos para traslado a secundaria. Postulante: Thiago.,requisitos para traslado a secundaria postulante thiago
Web,<p><b>entrevistas de admision para 5to secundaria. Mi menor es Valentina.</b></p>,entrevistas de admision para 5to secundaria mi menor es valentina
Email,Solicito información de mensualidad y detalles para primer grado. Atte: Lucia.,solicito informacion de mensualidad y detalles para primer grado atte lucia
WhatsApp,Saber si hay disponibilidad de ingreso en primer grado para Elena. Gracias.,saber si hay disponibilidad de ingreso en primer grado para elena gracias
Email,"ESTIMADOS, QUISIERA SABER LOS COSTOS DE PRIMER GRADO PARA MI HIJO CAMILA.",estimados quisiera saber los costos de primer grado para mi hijo camila
WhatsApp,HOLA HAY LUGARES PARA 1ERO SECUNDARIA? MI NIÑO SE LLAMA ANA.,hola hay lugares para 1ero secundaria mi nino se llama ana
Web,ficha de matrícula para traslado a 1ero secundaria. Postulante: Elena.,ficha de matricula para traslado a 1ero secundaria postulante elena
WhatsApp,Hola hay disponibilidad de ingreso para 1ero secundaria? Mi niño se llama Sofia.,hola hay disponibilidad de ingreso para 1ero secundaria mi nino se llama sofia
WhatsApp,<p><b>Hola hay lugares para primer grado? Mi niño se llama Valentina.</b></p>,hola hay lugares para primer grado mi nino se llama valentina
Email,SOLICITO INFORMACIÓN DE PRECIOS Y DETALLES PARA 1ERO PRIMARIA. ATTE: ANA.,solicito informacion de precios y detalles para 1ero primaria atte ana
Web,requisitos para traslado a inicial 4 años. Postulante: Valentina.,requisitos para traslado a inicial 4 anos postulante valentina
Web,entrevistas de admision para 1ero primaria. Mi menor es Ana.,entrevistas de admision para 1ero primaria mi menor es ana
Email,"Estimados, quisiera saber los cuotas de inicial 5 años para mi hijo Juan.",estimados quisiera saber los cuotas de inicial 5 anos para mi hijo juan
Web,<p><b>entrevistas de admision para inicial 4 años. Mi menor es Nicolas.</b></p>,entrevistas de admision para inicial 4 anos mi menor es nicolas
Email,"Estimados, quisiera saber los pensiones de secundaria para mi hijo Lucia.",estimados quisiera saber los pensiones de secundaria para mi hijo lucia
WhatsApp,SABER SI HAY CUPOS EN 1ERO SECUNDARIA PARA MARIA. GRACIAS.,saber si hay cupos en 1ero secundaria para maria gracias
Web,reunión de admision para 6to primaria. Mi menor es Gabriel.,reunion de admision para 6to primaria mi menor es gabriel
Email,Solicito información de mensualidad y detalles para secundaria. Atte: Valentina.,solicito informacion de mensualidad y detalles para secundaria atte valentina
Email,<p><b>Solicito información de pensiones y detalles para 6to primaria. Atte: Valentina.</b></p>,solicito informacion de pensiones y detalles para 6to primaria atte valentina
WhatsApp,<p><b>Hola hay espacios para inicial 4 años? Mi niño se llama Camila.</b></p>,hola hay espacios para inicial 4 anos mi nino se llama camila
Email,"Estimados, quisiera saber los mensualidad de secundaria para mi hijo Valentina.",estimados quisiera saber los mensualidad de secundaria para mi hijo valentina
WhatsApp,Saber si hay espacios en inicial 3 años para Gabriel. Gracias.,saber si hay espacios en inicial 3 anos para gabriel gracias
Email,"Estimados, quisiera saber los pensiones de 1ero secundaria para mi hijo Nicolas.",estimados quisiera saber los pensiones de 1ero secundaria para mi hijo nicolas
Web,documentación para traslado a inicial 3 años. Postulante: Valentina.,documentacion para traslado a inicial 3 anos postulante valentina
Web,<p><b>requisitos para traslado a primer año. Postulante: Lucia.</b></p>,requisitos para traslado a primer ano postulante lucia
Email,<p><b>Solicito información de cuotas y detalles para 1ero secundaria. Atte: Lucia.</b></p>,solicito informacion de cuotas y detalles para 1ero secundaria atte lucia
WhatsApp,Hola hay espacios para primer año? Mi niño se llama Valentina.,hola hay espacios para primer ano mi nino se llama valentina
Web,documentos para traslado a inicial 5 años. Postulante: Juan.,documentos para traslado a inicial 5 anos postulante juan
Email,<p><b>Solicito información de cuotas y detalles para inicial 5 años. Atte: Gabriel.</b></p>,solicito informacion de cuotas y detalles para inicial 5 anos atte gabriel
Email,<p><b>Solicito información de pagos y detalles para 5to secundaria. Atte: Maria.</b></p>,solicito informacion de pagos y detalles para 5to secundaria atte maria
WhatsApp,Saber si hay vacantes en 1ero primaria para Mateo. Gracias.,saber si hay vacantes en 1ero primaria para mateo gracias
Web,CHARLAS DE ADMISION PARA 5TO SECUNDARIA. MI MENOR ES VALENTINA.,charlas de admision para 5to secundaria mi menor es valentina
WhatsApp,<p><b>Saber si hay disponibilidad de ingreso en primer año para Ana. Gracias.</b></p>,saber si hay disponibilidad de ingreso en primer ano para ana gracias
WhatsApp,<p><b>Saber si hay espacios en 1ero secundaria para Pedro. Gracias.</b></p>,saber si hay espacios en 1ero secundaria para pedro gracias
WhatsApp,Saber si hay cupos en primer grado para Mateo. Gracias.,saber si hay cupos en primer grado para mateo gracias
WhatsApp,Saber si hay vacantes en 6to primaria para Nicolas. Gracias.,saber si hay vacantes en 6to primaria para nicolas gracias
Email,"Estimados, quisiera saber los pagos de 1ero secundaria para mi hijo Juan.",estimados quisiera saber los pagos de 1ero secundaria para mi hijo juan
Web,<p><b>requisitos para traslado a inicial 3 años. Postulante: Elena.</b></p>,requisitos para traslado a inicial 3 anos postulante elena
Web,partidas para traslado a 6to primaria. Postulante: Valentina.,partidas para traslado a 6to primaria postulante valentina
WhatsApp,Hola hay disponibilidad de ingreso para primer grado? Mi niño se llama Juan.,hola hay disponibilidad de ingreso para primer grado mi nino se llama juan
Web,CRONOGRAMA DE ADMISION PARA PRIMER GRADO. MI MENOR ES JUAN.,cronograma de admision para primer grado mi menor es juan
Email,Solicito información de pagos y detalles para 1ero secundaria. Atte: Thiago.,solicito informacion de pagos y detalles para 1ero secundaria atte thiago
Web,<p><b>reunión de admision para 5to secundaria. Mi menor es Juan.</b></p>,reunion de admision para 5to secundaria mi menor es juan
Web,documentación para traslado a primer año. Postulante: Sofia.,documentacion para traslado a primer ano postulante sofia
Web,charlas de admision para inicial 3 años. Mi menor es Nicolas.,charlas de admision para inicial 3 anos mi menor es nicolas
WhatsApp,Hola hay lugares para inicial 3 años? Mi niño se llama Elena.,hola hay lugares para inicial 3 anos mi nino se llama elena
Email,"Estimados, quisiera saber los pensiones de 6to primaria para mi hijo Juan.",estimados quisiera saber los pensiones de 6to primaria para mi hijo juan
WhatsApp,Saber si hay lugares en inicial 4 años para Maria. Gracias.,saber si hay lugares en inicial 4 anos para maria gracias
WhatsApp,Saber si hay disponibilidad de ingreso en 1ero secundaria para Luis. Gracias.,saber si hay disponibilidad de ingreso en 1ero secundaria para luis gracias
WhatsApp,Saber si hay cupos en 5to secundaria para Camila. Gracias.,saber si hay cupos en 5to secundaria para camila gracias
Email,"<p><b>Estimados, quisiera saber los costos de inicial 3 años para mi hijo Ana.</b></p>",estimados quisiera saber los costos de inicial 3 anos para mi hijo ana
Web,entrevistas de admision para primer grado. Mi menor es Thiago.,entrevistas de admision para primer grado mi menor es thiago
Email,Solicito información de mensualidad y detalles para primer año. Atte: Pedro.,solicito informacion de mensualidad y detalles para primer ano atte pedro
Web,<p><b>reunión de admision para secundaria. Mi menor es Sebastian.</b></p>,reunion de admision para secundaria mi menor es sebastian
Email,Solicito información de costos y detalles para 6to primaria. Atte: Ana.,solicito informacion de costos y detalles para 6to primaria atte ana
Web,citas de admision para inicial 5 años. Mi menor es Gabriel.,citas de admision para inicial 5 anos mi menor es gabriel
WhatsApp,Hola hay cupos para primer grado? Mi niño se llama Elena.,hola hay cupos para primer grado mi nino se llama elena
Web,ENTREVISTAS DE ADMISION PARA PRIMER GRADO. MI MENOR ES CAMILA.,entrevistas de admision para primer grado mi menor es camila
Web,REUNIÓN DE ADMISION PARA INICIAL 3 AÑOS. MI MENOR ES SOFIA.,reunion de admision para inicial 3 anos mi menor es sofia
Web,documentos para traslado a primer año. Postulante: Maria.,documentos para traslado a primer ano postulante maria
WhatsApp,<p><b>Hola hay cupos para 5to secundaria? Mi niño se llama Lucia.</b></p>,hola hay cupos para 5to secundaria mi nino se llama lucia
Web,ficha de matrícula para traslado a primer grado. Postulante: Sofia.,ficha de matricula para traslado a primer grado postulante sofia
Email,"Estimados, quisiera saber los mensualidad de inicial 5 años para mi hijo Elena.",estimados quisiera saber los mensualidad de inicial 5 anos para mi hijo elena
Email,"<p><b>Estimados, quisiera saber los pensiones de primer grado para mi hijo Juan.</b></p>",estimados quisiera saber los pensiones de primer grado para mi hijo juan
WhatsApp,SABER SI HAY CUPOS EN SECUNDARIA PARA MATEO. GRACIAS.,saber si hay cupos en secundaria para mateo gracias
Web,charlas de admision para 1ero primaria. Mi menor es Sofia.,charlas de admision para 1ero primaria mi menor es sofia
WhatsApp,<p><b>Saber si hay vacantes en inicial 5 años para Nicolas. Gracias.</b></p>,saber si hay vacantes en inicial 5 anos para nicolas gracias
WhatsApp,Hola hay cupos para secundaria? Mi niño se llama Pedro.,hola hay cupos para secundaria mi nino se llama pedro
Web,<p><b>documentos para traslado a inicial 4 años. Postulante: Sofia.</b></p>,documentos para traslado a inicial 4 anos postulante sofia
Web,citas de admision para 1ero primaria. Mi menor es Sebastian.,citas de admision para 1ero primaria mi menor es sebastian
Web,documentación para traslado a primer grado. Postulante: Luis.,documentacion para traslado a primer grado postulante luis
Email,Solicito información de cuotas y detalles para secundaria. Atte: Camila.,solicito informacion de cuotas y detalles para secundaria atte camila
WhatsApp,Saber si hay lugares en primer grado para Lucia. Gracias.,saber si hay lugares en primer grado para lucia gracias
Web,documentos para traslado a secundaria. Postulante: Gabriel.,documentos para traslado a secundaria postulante gabriel
Email,"Estimados, quisiera saber los pagos de inicial 3 años para mi hijo Ana.",estimados quisiera saber los pagos de inicial 3 anos para mi hijo ana
WhatsApp,Hola hay espacios para inicial 4 años? Mi niño se llama Lucia.,hola hay espacios para inicial 4 anos mi nino se llama lucia
Email,"Estimados, quisiera saber los precios de primer grado para mi hijo Luis.",estimados quisiera saber los precios de primer grado para mi hijo luis
WhatsApp,Saber si hay cupos en inicial 5 años para Ana. Gracias.,saber si hay cupos en inicial 5 anos para ana gracias
WhatsApp,Hola hay cupos para primer grado? Mi niño se llama Lucia.,hola hay cupos para primer grado mi nino se llama lucia
Email,Solicito información de cuotas y detalles para primer año. Atte: Sebastian.,solicito informacion de cuotas y detalles para primer ano atte sebastian
WhatsApp,<p><b>Hola hay cupos para 1ero primaria? Mi niño se llama Sofia.</b></p>,hola hay cupos para 1ero primaria mi nino se llama sofia
Email,<p><b>Solicito información de pagos y detalles para inicial 5 años. Atte: Elena.</b></p>,solicito informacion de pagos y detalles para inicial 5 anos atte elena
Web,<p><b>papeles para traslado a primer año. Postulante: Camila.</b></p>,papeles para traslado a primer ano postulante camila
Web,reunión de admision para inicial 5 años. Mi menor es Valentina.,reunion de admision para inicial 5 anos mi menor es valentina
Web,charlas de admision para inicial 5 años. Mi menor es Mateo.,charlas de admision para inicial 5 anos mi menor es mateo
Email,"Estimados, quisiera saber los costos de primer año para mi hijo Camila.",estimados quisiera saber los costos de primer ano para mi hijo camila
WhatsApp,Hola hay espacios para primer año? Mi niño se llama Maria.,hola hay espacios para primer ano mi nino se llama maria
Email,Solicito información de pensiones y detalles para 1ero secundaria. Atte: Gabriel.,solicito informacion de pensiones y detalles para 1ero secundaria atte gabriel
Email,<p><b>Solicito información de precios y detalles para inicial 4 años. Atte: Maria.</b></p>,solicito informacion de precios y detalles para inicial 4 anos atte maria
WhatsApp,Hola hay disponibilidad de ingreso para 1ero secundaria? Mi niño se llama Ana.,hola hay disponibilidad de ingreso para 1ero secundaria mi nino se llama ana
WhatsApp,Hola hay lugares para 5to secundaria? Mi niño se llama Valentina.,hola hay lugares para 5to secundaria mi nino se llama valentina
WhatsApp,Hola hay disponibilidad de ingreso para primer año? Mi niño se llama Pedro.,hola hay disponibilidad de ingreso para primer ano mi nino se llama pedro
Email,"ESTIMADOS, QUISIERA SABER LOS PAGOS DE 1ERO SECUNDARIA PARA MI HIJO MATEO.",estimados quisiera saber los pagos de 1ero secundaria para mi hijo mateo
WhatsApp,Hola hay lugares para inicial 4 años? Mi niño se llama Ana.,hola hay lugares para inicial 4 anos mi nino se llama ana
Email,<p><b>Solicito información de mensualidad y detalles para 6to primaria. Atte: Elena.</b></p>,solicito informacion de mensualidad y detalles para 6to primaria atte elena
Email,"<p><b>Estimados, quisiera saber los precios de 1ero secundaria para mi hijo Pedro.</b></p>",estimados quisiera saber los precios de 1ero secundaria para mi hijo pedro
WhatsApp,Saber si hay espacios en 1ero secundaria para Luis. Gracias.,saber si hay espacios en 1ero secundaria para luis gracias
Email,"ESTIMADOS, QUISIERA SABER LOS CUOTAS DE PRIMER GRADO PARA MI HIJO LUCIA.",estimados quisiera saber los cuotas de primer grado para mi hijo lucia
Email,"<p><b>Estimados, quisiera saber los cuotas de secundaria para mi hijo Sofia.</b></p>",estimados quisiera saber los cuotas de secundaria para mi hijo sofia
Email,Solicito información de precios y detalles para primer grado. Atte: Thiago.,solicito informacion de precios y detalles para primer grado atte thiago
WhatsApp,Saber si hay lugares en primer grado para Juan. Gracias.,saber si hay lugares en primer grado para juan gracias
Web,<p><b>citas de admision para primer año. Mi menor es Camila.</b></p>,citas de admision para primer ano mi menor es camila
Email,"Estimados, quisiera saber los mensualidad de inicial 5 años para mi hijo Lucia.",estimados quisiera saber los mensualidad de inicial 5 anos para mi hijo lucia
Web,<p><b>documentación para traslado a primer grado. Postulante: Lucia.</b></p>,documentacion para traslado a primer grado postulante lucia
Email,Solicito información de pensiones y detalles para inicial 4 años. Atte: Lucia.,solicito informacion de pensiones y detalles para inicial 4 anos atte lucia
WhatsApp,<p><b>Saber si hay lugares en inicial 4 años para Mateo. Gracias.</b></p>,saber si hay lugares en inicial 4 anos para mateo gracias
Web,charlas de admision para 1ero secundaria. Mi menor es Pedro.,charlas de admision para 1ero secundaria mi menor es pedro
Web,charlas de admision para primer grado. Mi menor es Ana.,charlas de admision para primer grado mi menor es ana
Email,SOLICITO INFORMACIÓN DE COSTOS Y DETALLES PARA 1ERO SECUNDARIA. ATTE: LUCIA.,solicito informacion de costos y detalles para 1ero secundaria atte lucia
Web,documentación para traslado a 1ero primaria. Postulante: Juan.,documentacion para traslado a 1ero primaria postulante juan
Web,<p><b>citas de admision para primer año. Mi menor es Pedro.</b></p>,citas de admision para primer ano mi menor es pedro
WhatsApp,Hola hay espacios para primer año? Mi niño se llama Elena.,hola hay espacios para primer ano mi nino se llama elena
Web,documentos para traslado a secundaria. Postulante: Sofia.,documentos para traslado a secundaria postulante sofia
WhatsApp,<p><b>Saber si hay lugares en 6to primaria para Juan. Gracias.</b></p>,saber si hay lugares en 6to primaria para juan gracias
Web,entrevistas de admision para 1ero primaria. Mi menor es Valentina.,entrevistas de admision para 1ero primaria mi menor es valentina
WhatsApp,<p><b>Saber si hay espacios en 1ero secundaria para Camila. Gracias.</b></p>,saber si hay espacios en 1ero secundaria para camila gracias
Web,FICHA DE MATRÍCULA PARA TRASLADO A 1ERO SECUNDARIA. POSTULANTE: GABRIEL.,ficha de matricula para traslado a 1ero secundaria postulante gabriel
WhatsApp,<p><b>Hola hay vacantes para inicial 5 años? Mi niño se llama Valentina.</b></p>,hola hay vacantes para inicial 5 anos mi nino se llama valentina
Email,"Estimados, quisiera saber los precios de 5to secundaria para mi hijo Mateo.",estimados quisiera saber los precios de 5to secundaria para mi hijo mateo
Web,<p><b>citas de admision para inicial 4 años. Mi menor es Pedro.</b></p>,citas de admision para inicial 4 anos mi menor es pedro
WhatsApp,<p><b>Hola hay disponibilidad de ingreso para inicial 3 años? Mi niño se llama Sebastian.</b></p>,hola hay disponibilidad de ingreso para inicial 3 anos mi nino se llama sebastian
Email,Solicito información de pagos y detalles para inicial 3 años. Atte: Luis.,solicito informacion de pagos y detalles para inicial 3 anos atte luis
Email,SOLICITO INFORMACIÓN DE MENSUALIDAD Y DETALLES PARA PRIMER AÑO. ATTE: GABRIEL.,solicito informacion de mensualidad y detalles para primer ano atte gabriel
Email,"<p><b>Estimados, quisiera saber los mensualidad de 1ero secundaria para mi hijo Luis.</b></p>",estimados quisiera saber los mensualidad de 1ero secundaria para mi hijo luis
Email,"ESTIMADOS, QUISIERA SABER LOS PAGOS DE 5TO SECUNDARIA PARA MI HIJO GABRIEL.",estimados quisiera saber los pagos de 5to secundaria para mi hijo gabriel
WhatsApp,Saber si hay disponibilidad de ingreso en 1ero primaria para Luis. Gracias.,saber si hay disponibilidad de ingreso en 1ero primaria para luis gracias
Email,"Estimados, quisiera saber los pensiones de inicial 4 años para mi hijo Valentina.",estimados quisiera saber los pensiones de inicial 4 anos para mi hijo valentina
Web,PAPELES PARA TRASLADO A 1ERO PRIMARIA. POSTULANTE: SEBASTIAN.,papeles para traslado a 1ero primaria postulante sebastian
Web,reunión de admision para inicial 5 años. Mi menor es Ana.,reunion de admision para inicial 5 anos mi menor es ana
Email,Solicito información de pensiones y detalles para 1ero secundaria. Atte: Juan.,solicito informacion de pensiones y detalles para 1ero secundaria atte juan
Web,<p><b>citas de admision para primer grado. Mi menor es Luis.</b></p>,citas de admision para primer grado mi menor es luis
WhatsApp,<p><b>Hola hay disponibilidad de ingreso para inicial 5 años? Mi niño se llama Gabriel.</b></p>,hola hay disponibilidad de ingreso para inicial 5 anos mi nino se llama gabriel
Email,"<p><b>Estimados, quisiera saber los precios de 5to secundaria para mi hijo Gabriel.</b></p>",estimados quisiera saber los precios de 5to secundaria para mi hijo gabriel
Web,reunión de admision para 1ero primaria. Mi menor es Thiago.,reunion de admision para 1ero primaria mi menor es thiago
Web,papeles para traslado a 1ero primaria. Postulante: Luis.,papeles para traslado a 1ero primaria postulante luis
Web,papeles para traslado a primer grado. Postulante: Juan.,papeles para traslado a primer grado postulante juan
Web,entrevistas de admision para inicial 5 años. Mi menor es Lucia.,entrevistas de admision para inicial 5 anos mi menor es lucia
Email,"Estimados, quisiera saber los pagos de secundaria para mi hijo Gabriel.",estimados quisiera saber los pagos de secundaria para mi hijo gabriel
Web,cronograma de admision para 1ero secundaria. Mi menor es Thiago.,cronograma de admision para 1ero secundaria mi menor es thiago
WhatsApp,Hola hay vacantes para secundaria? Mi niño se llama Camila.,hola hay vacantes para secundaria mi nino se llama camila
Email,Solicito información de pensiones y detalles para primer año. Atte: Ana.,solicito informacion de pensiones y detalles para primer ano atte ana
Web,citas de admision para inicial 3 años. Mi menor es Lucia.,citas de admision para inicial 3 anos mi menor es lucia
WhatsApp,Saber si hay espacios en inicial 4 años para Valentina. Gracias.,saber si hay espacios en inicial 4 anos para valentina gracias
Email,Solicito información de mensualidad y detalles para 5to secundaria. Atte: Ana.,solicito informacion de mensualidad y detalles para 5to secundaria atte ana
WhatsApp,SABER SI HAY LUGARES EN PRIMER GRADO PARA ANA. GRACIAS.,saber si hay lugares en primer grado para ana gracias
WhatsApp,<p><b>Hola hay vacantes para primer grado? Mi niño se llama Sofia.</b></p>,hola hay vacantes para primer grado mi nino se llama sofia
Email,Solicito información de precios y detalles para 5to secundaria. Atte: Camila.,solicito informacion de precios y detalles para 5to secundaria atte camila
WhatsApp,Hola hay espacios para secundaria? Mi niño se llama Gabriel.,hola hay espacios para secundaria mi nino se llama gabriel
Web,<p><b>documentación para traslado a inicial 3 años. Postulante: Camila.</b></p>,documentacion para traslado a inicial 3 anos postulante camila
WhatsApp,Saber si hay lugares en 1ero primaria para Mateo. Gracias.,saber si hay lugares en 1ero primaria para mateo gracias
Email,"Estimados, quisiera saber los mensualidad de secundaria para mi hijo Lucia.",estimados quisiera saber los mensualidad de secundaria para mi hijo lucia
WhatsApp,Saber si hay disponibilidad de ingreso en primer grado para Juan. Gracias.,saber si hay disponibilidad de ingreso en primer grado para juan gracias
WhatsApp,Hola hay espacios para inicial 5 años? Mi niño se llama Maria.,hola hay espacios para inicial 5 anos mi nino se llama maria
WhatsApp,Hola hay disponibilidad de ingreso para 5to secundaria? Mi niño se llama Lucia.,hola hay disponibilidad de ingreso para 5to secundaria mi nino se llama lucia
Web,papeles para traslado a 1ero secundaria. Postulante: Mateo.,papeles para traslado a 1ero secundaria postulante mateo
Web,DOCUMENTACIÓN PARA TRASLADO A PRIMER GRADO. POSTULANTE: JUAN.,documentacion para traslado a primer grado postulante juan
WhatsApp,<p><b>Saber si hay cupos en secundaria para Ana. Gracias.</b></p>,saber si hay cupos en secundaria para ana gracias
Web,charlas de admision para inicial 4 años. Mi menor es Ana.,charlas de admision para inicial 4 anos mi menor es ana
Web,reunión de admision para inicial 3 años. Mi menor es Elena.,reunion de admision para inicial 3 anos mi menor es elena
Web,<p><b>cronograma de admision para primer año. Mi menor es Thiago.</b></p>,cronograma de admision para primer ano mi menor es thiago
Web,<p><b>documentación para traslado a inicial 3 años. Postulante: Lucia.</b></p>,documentacion para traslado a inicial 3 anos postulante lucia
WhatsApp,Hola hay disponibilidad de ingreso para secundaria? Mi niño se llama Pedro.,hola hay disponibilidad de ingreso para secundaria mi nino se llama pedro
WhatsApp,Hola hay lugares para 5to secundaria? Mi niño se llama Juan.,hola hay lugares para 5to secundaria mi nino se llama juan
Email,SOLICITO INFORMACIÓN DE PAGOS Y DETALLES PARA INICIAL 3 AÑOS. ATTE: ANA.,solicito informacion de pagos y detalles para inicial 3 anos atte ana
WhatsApp,Saber si hay espacios en primer año para Sofia. Gracias.,saber si hay espacios en primer ano para sofia gracias
WhatsApp,<p><b>Hola hay vacantes para 6to primaria? Mi niño se llama Thiago.</b></p>,hola hay vacantes para 6to primaria mi nino se llama thiago
WhatsApp,Hola hay cupos para 5to secundaria? Mi niño se llama Nicolas.,hola hay cupos para 5to secundaria mi nino se llama nicolas
WhatsApp,HOLA HAY VACANTES PARA 1ERO PRIMARIA? MI NIÑO SE LLAMA MARIA.,hola hay vacantes para 1ero primaria mi nino se llama maria
Web,cronograma de admision para 6to primaria. Mi menor es Maria.,cronograma de admision para 6to primaria mi menor es maria
WhatsApp,<p><b>Saber si hay cupos en 1ero secundaria para Nicolas. Gracias.</b></p>,saber si hay cupos en 1ero secundaria para nicolas gracias
WhatsApp,<p><b>Hola hay disponibilidad de ingreso para primer grado? Mi niño se llama Sofia.</b></p>,hola hay disponibilidad de ingreso para primer grado mi nino se llama sofia
WhatsApp,Hola hay cupos para primer año? Mi niño se llama Pedro.,hola hay cupos para primer ano mi nino se llama pedro
Email,"Estimados, quisiera saber los mensualidad de inicial 4 años para mi hijo Nicolas.",estimados quisiera saber los mensualidad de inicial 4 anos para mi hijo nicolas
Email,Solicito información de pagos y detalles para primer grado. Atte: Nicolas.,solicito informacion de pagos y detalles para primer grado atte nicolas
Web,ficha de matrícula para traslado a 1ero secundaria. Postulante: Sebastian.,ficha de matricula para traslado a 1ero secundaria postulante sebastian
WhatsApp,<p><b>Saber si hay cupos en inicial 4 años para Nicolas. Gracias.</b></p>,saber si hay cupos en inicial 4 anos para nicolas gracias
Email,Solicito información de pensiones y detalles para primer año. Atte: Nicolas.,solicito informacion de pensiones y detalles para primer ano atte nicolas
Web,reunión de admision para secundaria. Mi menor es Maria.,reunion de admision para secundaria mi menor es maria
WhatsApp,Saber si hay disponibilidad de ingreso en inicial 3 años para Camila. Gracias.,saber si hay disponibilidad de ingreso en inicial 3 anos para camila gracias
WhatsApp,Saber si hay vacantes en inicial 5 años para Pedro. Gracias.,saber si hay vacantes en inicial 5 anos para pedro gracias
Web,citas de admision para 5to secundaria. Mi menor es Sofia.,citas de admision para 5to secundaria mi menor es sofia
WhatsApp,<p><b>Hola hay disponibilidad de ingreso para 6to primaria? Mi niño se llama Nicolas.</b></p>,hola hay disponibilidad de ingreso para 6to primaria mi nino se llama nicolas
Web,charlas de admision para 6to primaria. Mi menor es Sofia.,charlas de admision para 6to primaria mi menor es sofia
Web,reunión de admision para 1ero secundaria. Mi menor es Lucia.,reunion de admision para 1ero secundaria mi menor es lucia
Email,"Estimados, quisiera saber los cuotas de 6to primaria para mi hijo Valentina.",estimados quisiera saber los cuotas de 6to primaria para mi hijo valentina
WhatsApp,Saber si hay cupos en secundaria para Gabriel. Gracias.,saber si hay cupos en secundaria para gabriel gracias
WhatsApp,Hola hay espacios para 6to primaria? Mi niño se llama Lucia.,hola hay espacios para 6to primaria mi nino se llama lucia
WhatsApp,Hola hay espacios para inicial 4 años? Mi niño se llama Luis.,hola hay espacios para inicial 4 anos mi nino se llama luis
Email,"<p><b>Estimados, quisiera saber los pagos de primer año para mi hijo Juan.</b></p>",estimados quisiera saber los pagos de primer ano para mi hijo juan
Web,ficha de matrícula para traslado a secundaria. Postulante: Thiago.,ficha de matricula para traslado a secundaria postulante thiago
Email,Solicito información de costos y detalles para 1ero secundaria. Atte: Sofia.,solicito informacion de costos y detalles para 1ero secundaria atte sofia
Email,Solicito información de pagos y detalles para secundaria. Atte: Lucia.,solicito informacion de pagos y detalles para secundaria atte lucia
WhatsApp,HOLA HAY VACANTES PARA PRIMER GRADO? MI NIÑO SE LLAMA LUCIA.,hola hay vacantes para primer grado mi nino se llama lucia
WhatsApp,Hola hay cupos para inicial 5 años? Mi niño se llama Sebastian.,hola hay cupos para inicial 5 anos mi nino se llama sebastian
Web,ENTREVISTAS DE ADMISION PARA 1ERO PRIMARIA. MI MENOR ES CAMILA.,entrevistas de admision para 1ero primaria mi menor es camila
WhatsApp,<p><b>Hola hay lugares para 1ero primaria? Mi niño se llama Valentina.</b></p>,hola hay lugares para 1ero primaria mi nino se llama valentina
Web,FICHA DE MATRÍCULA PARA TRASLADO A 1ERO PRIMARIA. POSTULANTE: NICOLAS.,ficha de matricula para traslado a 1ero primaria postulante nicolas
Web,REQUISITOS PARA TRASLADO A INICIAL 5 AÑOS. POSTULANTE: JUAN.,requisitos para traslado a inicial 5 anos postulante juan
WhatsApp,Saber si hay lugares en 6to primaria para Luis. Gracias.,saber si hay lugares en 6to primaria para luis gracias
Email,"Estimados, quisiera saber los costos de 6to primaria para mi hijo Nicolas.",estimados quisiera saber los costos de 6to primaria para mi hijo nicolas
Email,<p><b>Solicito información de pensiones y detalles para inicial 4 años. Atte: Nicolas.</b></p>,solicito informacion de pensiones y detalles para inicial 4 anos atte nicolas
Email,Solicito información de precios y detalles para inicial 4 años. Atte: Luis.,solicito informacion de precios y detalles para inicial 4 anos atte luis
Web,reunión de admision para inicial 3 años. Mi menor es Camila.,reunion de admision para inicial 3 anos mi menor es camila
Web,PAPELES PARA TRASLADO A INICIAL 3 AÑOS. POSTULANTE: MATEO.,papeles para traslado a inicial 3 anos postulante mateo
Web,entrevistas de admision para inicial 3 años. Mi menor es Pedro.,entrevistas de admision para inicial 3 anos mi menor es pedro
WhatsApp,Saber si hay lugares en 5to secundaria para Luis. Gracias.,saber si hay lugares en 5to secundaria para luis gracias
Email,"Estimados, quisiera saber los costos de primer año para mi hijo Pedro.",estimados quisiera saber los costos de primer ano para mi hijo pedro
WhatsApp,Saber si hay disponibilidad de ingreso en secundaria para Sebastian. Gracias.,saber si hay disponibilidad de ingreso en secundaria para sebastian gracias
Email,<p><b>Solicito información de pensiones y detalles para secundaria. Atte: Elena.</b></p>,solicito informacion de pensiones y detalles para secundaria atte elena
WhatsApp,<p><b>Hola hay lugares para inicial 3 años? Mi niño se llama Juan.</b></p>,hola hay lugares para inicial 3 anos mi nino se llama juan
WhatsApp,Saber si hay cupos en 5to secundaria para Nicolas. Gracias.,saber si hay cupos en 5to secundaria para nicolas gracias
WhatsApp,Saber si hay disponibilidad de ingreso en 6to primaria para Gabriel. Gracias.,saber si hay disponibilidad de ingreso en 6to primaria para gabriel gracias
Email,Solicito información de costos y detalles para 6to primaria. Atte: Sebastian.,solicito informacion de costos y detalles para 6to primaria atte sebastian
WhatsApp,<p><b>Saber si hay vacantes en primer año para Camila. Gracias.</b></p>,saber si hay vacantes en primer ano para camila gracias
Web,REUNIÓN DE ADMISION PARA INICIAL 5 AÑOS. MI MENOR ES GABRIEL.,reunion de admision para inicial 5 anos mi menor es gabriel
WhatsApp,Saber si hay lugares en 1ero primaria para Lucia. Gracias.,saber si hay lugares en 1ero primaria para lucia gracias
WhatsApp,Saber si hay espacios en 1ero primaria para Sebastian. Gracias.,saber si hay espacios en 1ero primaria para sebastian gracias
Web,reunión de admision para 6to primaria. Mi menor es Pedro.,reunion de admision para 6to primaria mi menor es pedro
Email,Solicito información de pagos y detalles para inicial 4 años. Atte: Ana.,solicito informacion de pagos y detalles para inicial 4 anos atte ana
Email,"Estimados, quisiera saber los mensualidad de 5to secundaria para mi hijo Lucia.",estimados quisiera saber los mensualidad de 5to secundaria para mi hijo lucia
Email,Solicito información de costos y detalles para primer año. Atte: Sofia.,solicito informacion de costos y detalles para primer ano atte sofia
Email,Solicito información de cuotas y detalles para secundaria. Atte: Elena.,solicito informacion de cuotas y detalles para secundaria atte elena
Email,Solicito información de precios y detalles para secundaria. Atte: Gabriel.,solicito informacion de precios y detalles para secundaria atte gabriel
Email,"<p><b>Estimados, quisiera saber los mensualidad de inicial 3 años para mi hijo Lucia.</b></p>",estimados quisiera saber los mensualidad de inicial 3 anos para mi hijo lucia
Web,FICHA DE MATRÍCULA PARA TRASLADO A SECUNDARIA. POSTULANTE: SOFIA.,ficha de matricula para traslado a secundaria postulante sofia
Web,documentos para traslado a inicial 4 años. Postulante: Mateo.,documentos para traslado a inicial 4 anos postulante mateo
Email,SOLICITO INFORMACIÓN DE CUOTAS Y DETALLES PARA PRIMER AÑO. ATTE: SOFIA.,solicito informacion de cuotas y detalles para primer ano atte sofia
Email,<p><b>Solicito información de costos y detalles para inicial 3 años. Atte: Ana.</b></p>,solicito informacion de costos y detalles para inicial 3 anos atte ana
Web,reunión de admision para inicial 4 años. Mi menor es Camila.,reunion de admision para inicial 4 anos mi menor es camila
Web,citas de admision para 5to secundaria. Mi menor es Elena.,citas de admision para 5to secundaria mi menor es elena
WhatsApp,<p><b>Saber si hay disponibilidad de ingreso en inicial 3 años para Juan. Gracias.</b></p>,saber si hay disponibilidad de ingreso en inicial 3 anos para juan gracias
Web,entrevistas de admision para 1ero secundaria. Mi menor es Elena.,entrevistas de admision para 1ero secundaria mi menor es elena
Web,reunión de admision para primer año. Mi menor es Mateo.,reunion de admision para primer ano mi menor es mateo
WhatsApp,Hola hay disponibilidad de ingreso para 1ero primaria? Mi niño se llama Maria.,hola hay disponibilidad de ingreso para 1ero primaria mi nino se llama maria
Web,documentación para traslado a primer año. Postulante: Maria.,documentacion para traslado a primer ano postulante maria
Email,Solicito información de costos y detalles para 1ero secundaria. Atte: Sebastian.,solicito informacion de costos y detalles para 1ero secundaria atte sebastian
Email,"Estimados, quisiera saber los cuotas de inicial 4 años para mi hijo Sebastian.",estimados quisiera saber los cuotas de inicial 4 anos para mi hijo sebastian
Email,"Estimados, quisiera saber los precios de 6to primaria para mi hijo Elena.",estimados quisiera saber los precios de 6to primaria para mi hijo elena
Email,"Estimados, quisiera saber los pagos de inicial 4 años para mi hijo Sofia.",estimados quisiera saber los pagos de inicial 4 anos para mi hijo sofia
Web,<p><b>documentación para traslado a 1ero primaria. Postulante: Valentina.</b></p>,documentacion para traslado a 1ero primaria postulante valentina
Web,DOCUMENTACIÓN PARA TRASLADO A INICIAL 3 AÑOS. POSTULANTE: MATEO.,documentacion para traslado a inicial 3 anos postulante mateo
Email,Solicito información de pensiones y detalles para inicial 4 años. Atte: Camila.,solicito informacion de pensiones y detalles para inicial 4 anos atte camila
Email,SOLICITO INFORMACIÓN DE PRECIOS Y DETALLES PARA 6TO PRIMARIA. ATTE: SEBASTIAN.,solicito informacion de precios y detalles para 6to primaria atte sebastian
WhatsApp,<p><b>Saber si hay vacantes en secundaria para Nicolas. Gracias.</b></p>,saber si hay vacantes en secundaria para nicolas gracias
WhatsApp,HOLA HAY VACANTES PARA 1ERO SECUNDARIA? MI NIÑO SE LLAMA GABRIEL.,hola hay vacantes para 1ero secundaria mi nino se llama gabriel
Web,documentos para traslado a 1ero primaria. Postulante: Sebastian.,documentos para traslado a 1ero primaria postulante sebastian
WhatsApp,Saber si hay vacantes en primer grado para Pedro. Gracias.,saber si hay vacantes en primer grado para pedro gracias
WhatsApp,Hola hay lugares para inicial 5 años? Mi niño se llama Ana.,hola hay lugares para inicial 5 anos mi nino se llama ana
Email,"<p><b>Estimados, quisiera saber los mensualidad de 1ero secundaria para mi hijo Elena.</b></p>",estimados quisiera saber los mensualidad de 1ero secundaria para mi hijo elena
WhatsApp,Hola hay espacios para primer año? Mi niño se llama Luis.,hola hay espacios para primer ano mi nino se llama luis
WhatsApp,Saber si hay espacios en inicial 5 años para Camila. Gracias.,saber si hay espacios en inicial 5 anos para camila gracias
Web,ficha de matrícula para traslado a secundaria. Postulante: Valentina.,ficha de matricula para traslado a secundaria postulante valentina
WhatsApp,<p><b>Saber si hay lugares en secundaria para Nicolas. Gracias.</b></p>,saber si hay lugares en secundaria para nicolas gracias
WhatsApp,Saber si hay cupos en 1ero secundaria para Valentina. Gracias.,saber si hay cupos en 1ero secundaria para valentina gracias
Web,<p><b>reunión de admision para 1ero primaria. Mi menor es Lucia.</b></p>,reunion de admision para 1ero primaria mi menor es lucia
Web,partidas para traslado a primer año. Postulante: Camila.,partidas para traslado a primer ano postulante camila
WhatsApp,Saber si hay lugares en 1ero secundaria para Gabriel. Gracias.,saber si hay lugares en 1ero secundaria para gabriel gracias
Web,<p><b>citas de admision para 1ero secundaria. Mi menor es Sofia.</b></p>,citas de admision para 1ero secundaria mi menor es sofia
WhatsApp,Hola hay espacios para secundaria? Mi niño se llama Elena.,hola hay espacios para secundaria mi nino se llama elena
Email,Solicito información de costos y detalles para 6to primaria. Atte: Maria.,solicito informacion de costos y detalles para 6to primaria atte maria
Web,requisitos para traslado a inicial 5 años. Postulante: Lucia.,requisitos para traslado a inicial 5 anos postulante lucia
Web,entrevistas de admision para inicial 5 años. Mi menor es Ana.,entrevistas de admision para inicial 5 anos mi menor es ana
WhatsApp,Saber si hay lugares en 6to primaria para Valentina. Gracias.,saber si hay lugares en 6to primaria para valentina gracias
WhatsApp,Saber si hay espacios en primer grado para Camila. Gracias.,saber si hay espacios en primer grado para camila gracias
WhatsApp,Saber si hay lugares en primer grado para Pedro. Gracias.,saber si hay lugares en primer grado para pedro gracias
Web,cronograma de admision para 5to secundaria. Mi menor es Juan.,cronograma de admision para 5to secundaria mi menor es juan
Web,FICHA DE MATRÍCULA PARA TRASLADO A INICIAL 5 AÑOS. POSTULANTE: CAMILA.,ficha de matricula para traslado a inicial 5 anos postulante camila
WhatsApp,Saber si hay espacios en 6to primaria para Nicolas. Gracias.,saber si hay espacios en 6to primaria para nicolas gracias
Web,charlas de admision para 5to secundaria. Mi menor es Nicolas.,charlas de admision para 5to secundaria mi menor es nicolas
Web,documentos para traslado a 1ero primaria. Postulante: Thiago.,documentos para traslado a 1ero primaria postulante thiago
WhatsApp,<p><b>Hola hay espacios para 1ero primaria? Mi niño se llama Nicolas.</b></p>,hola hay espacios para 1ero primaria mi nino se llama nicolas
Email,<p><b>Solicito información de pagos y detalles para inicial 3 años. Atte: Elena.</b></p>,solicito informacion de pagos y detalles para inicial 3 anos atte elena
Email,"Estimados, quisiera saber los pagos de secundaria para mi hijo Lucia.",estimados quisiera saber los pagos de secundaria para mi hijo lucia
Web,CITAS DE ADMISION PARA 5TO SECUNDARIA. MI MENOR ES NICOLAS.,citas de admision para 5to secundaria mi menor es nicolas
WhatsApp,Saber si hay vacantes en 1ero primaria para Juan. Gracias.,saber si hay vacantes en 1ero primaria para juan gracias
Email,SOLICITO INFORMACIÓN DE CUOTAS Y DETALLES PARA SECUNDARIA. ATTE: SOFIA.,solicito informacion de cuotas y detalles para secundaria atte sofia
WhatsApp,SABER SI HAY LUGARES EN 5TO SECUNDARIA PARA MATEO. GRACIAS.,saber si hay lugares en 5to secundaria para mateo gracias
Web,citas de admision para 1ero primaria. Mi menor es Ana.,citas de admision para 1ero primaria mi menor es ana
Email,Solicito información de cuotas y detalles para inicial 4 años. Atte: Juan.,solicito informacion de cuotas y detalles para inicial 4 anos atte juan
Web,requisitos para traslado a primer año. Postulante: Sofia.,requisitos para traslado a primer ano postulante sofia
WhatsApp,Saber si hay cupos en inicial 5 años para Camila. Gracias.,saber si hay cupos en inicial 5 anos para camila gracias
Web,charlas de admision para primer grado. Mi menor es Mateo.,charlas de admision para primer grado mi menor es mateo
Email,Solicito información de costos y detalles para 5to secundaria. Atte: Valentina.,solicito informacion de costos y detalles para 5to secundaria atte valentina
Email,<p><b>Solicito información de mensualidad y detalles para primer año. Atte: Elena.</b></p>,solicito informacion de mensualidad y detalles para primer ano atte elena
Web,documentación para traslado a 1ero secundaria. Postulante: Pedro.,documentacion para traslado a 1ero secundaria postulante pedro
WhatsApp,Saber si hay vacantes en secundaria para Maria. Gracias.,saber si hay vacantes en secundaria para maria gracias
Web,entrevistas de admision para 6to primaria. Mi menor es Thiago.,entrevistas de admision para 6to primaria mi menor es thiago
Web,FICHA DE MATRÍCULA PARA TRASLADO A 5TO SECUNDARIA. POSTULANTE: JUAN.,ficha de matricula para traslado a 5to secundaria postulante juan
Email,SOLICITO INFORMACIÓN DE PENSIONES Y DETALLES PARA 1ERO PRIMARIA. ATTE: LUIS.,solicito informacion de pensiones y detalles para 1ero primaria atte luis
Web,documentos para traslado a 5to secundaria. Postulante: Juan.,documentos para traslado a 5to secundaria postulante juan
Web,entrevistas de admision para inicial 5 años. Mi menor es Gabriel.,entrevistas de admision para inicial 5 anos mi menor es gabriel
WhatsApp,Saber si hay cupos en secundaria para Maria. Gracias.,saber si hay cupos en secundaria para maria gracias
WhatsApp,Saber si hay vacantes en inicial 3 años para Gabriel. Gracias.,saber si hay vacantes en inicial 3 anos para gabriel gracias
Web,citas de admision para 5to secundaria. Mi menor es Mateo.,citas de admision para 5to secundaria mi menor es mateo
Email,Solicito información de pagos y detalles para 6to primaria. Atte: Elena.,solicito informacion de pagos y detalles para 6to primaria atte elena
Web,reunión de admision para 1ero primaria. Mi menor es Camila.,reunion de admision para 1ero primaria mi menor es camila
WhatsApp,Hola hay lugares para secundaria? Mi niño se llama Juan.,hola hay lugares para secundaria mi nino se llama juan
WhatsApp,Hola hay lugares para 1ero secundaria? Mi niño se llama Lucia.,hola hay lugares para 1ero secundaria mi nino se llama lucia
WhatsApp,Saber si hay vacantes en 1ero secundaria para Sofia. Gracias.,saber si hay vacantes en 1ero secundaria para sofia gracias
Email,Solicito información de cuotas y detalles para 1ero primaria. Atte: Thiago.,solicito informacion de cuotas y detalles para 1ero primaria atte thiago
WhatsApp,Hola hay lugares para inicial 5 años? Mi niño se llama Sebastian.,hola hay lugares para inicial 5 anos mi nino se llama sebastian
Web,citas de admision para inicial 5 años. Mi menor es Nicolas.,citas de admision para inicial 5 anos mi menor es nicolas
Email,"ESTIMADOS, QUISIERA SABER LOS CUOTAS DE PRIMER GRADO PARA MI HIJO GABRIEL.",estimados quisiera saber los cuotas de primer grado para mi hijo gabriel
Email,"Estimados, quisiera saber los cuotas de inicial 5 años para mi hijo Pedro.",estimados quisiera saber los cuotas de inicial 5 anos para mi hijo pedro
Email,Solicito información de cuotas y detalles para primer grado. Atte: Thiago.,solicito informacion de cuotas y detalles para primer grado atte thiago
Web,partidas para traslado a primer grado. Postulante: Luis.,partidas para traslado a primer grado postulante luis
Email,Solicito información de cuotas y detalles para inicial 3 años. Atte: Luis.,solicito informacion de cuotas y detalles para inicial 3 anos atte luis
Web,documentación para traslado a secundaria. Postulante: Maria.,documentacion para traslado a secundaria postulante maria
Email,Solicito información de pagos y detalles para primer año. Atte: Elena.,solicito informacion de pagos y detalles para primer ano atte elena
Web,charlas de admision para secundaria. Mi menor es Elena.,charlas de admision para secundaria mi menor es elena
Web,documentos para traslado a primer grado. Postulante: Juan.,documentos para traslado a primer grado postulante juan
Web,papeles para traslado a inicial 3 años. Postulante: Maria.,papeles para traslado a inicial 3 anos postulante maria
Web,reunión de admision para primer año. Mi menor es Lucia.,reunion de admision para primer ano mi menor es lucia
WhatsApp,<p><b>Hola hay disponibilidad de ingreso para inicial 5 años? Mi niño se llama Nicolas.</b></p>,hola hay disponibilidad de ingreso para inicial 5 anos mi nino se llama nicolas
WhatsApp,<p><b>Saber si hay cupos en primer año para Elena. Gracias.</b></p>,saber si hay cupos en primer ano para elena gracias
Email,"ESTIMADOS, QUISIERA SABER LOS PAGOS DE PRIMER AÑO PARA MI HIJO SEBASTIAN.",estimados quisiera saber los pagos de primer ano para mi hijo sebastian
WhatsApp,<p><b>Hola hay lugares para 1ero primaria? Mi niño se llama Elena.</b></p>,hola hay lugares para 1ero primaria mi nino se llama elena
Email,Solicito información de precios y detalles para inicial 3 años. Atte: Valentina.,solicito informacion de precios y detalles para inicial 3 anos atte valentina
Web,<p><b>ficha de matrícula para traslado a 6to primaria. Postulante: Pedro.</b></p>,ficha de matricula para traslado a 6to primaria postulante pedro
Web,requisitos para traslado a inicial 5 años. Postulante: Ana.,requisitos para traslado a inicial 5 anos postulante ana
Web,CHARLAS DE ADMISION PARA INICIAL 3 AÑOS. MI MENOR ES ELENA.,charlas de admision para inicial 3 anos mi menor es elena
Email,"<p><b>Estimados, quisiera saber los cuotas de inicial 4 años para mi hijo Gabriel.</b></p>",estimados quisiera saber los cuotas de inicial 4 anos para mi hijo gabriel
WhatsApp,Hola hay vacantes para secundaria? Mi niño se llama Juan.,hola hay vacantes para secundaria mi nino se llama juan
WhatsApp,Saber si hay lugares en 1ero secundaria para Ana. Gracias.,saber si hay lugares en 1ero secundaria para ana gracias
WhatsApp,SABER SI HAY LUGARES EN SECUNDARIA PARA MATEO. GRACIAS.,saber si hay lugares en secundaria para mateo gracias
Email,"Estimados, quisiera saber los costos de secundaria para mi hijo Luis.",estimados quisiera saber los costos de secundaria para mi hijo luis
Email,Solicito información de cuotas y detalles para inicial 3 años. Atte: Mateo.,solicito informacion de cuotas y detalles para inicial 3 anos atte mateo
Web,CHARLAS DE ADMISION PARA INICIAL 3 AÑOS. MI MENOR ES ANA.,charlas de admision para inicial 3 anos mi menor es ana
Web,<p><b>charlas de admision para inicial 3 años. Mi menor es Gabriel.</b></p>,charlas de admision para inicial 3 anos mi menor es gabriel
WhatsApp,Hola hay disponibilidad de ingreso para inicial 4 años? Mi niño se llama Gabriel.,hola hay disponibilidad de ingreso para inicial 4 anos mi nino se llama gabriel
WhatsApp,HOLA HAY ESPACIOS PARA INICIAL 4 AÑOS? MI NIÑO SE LLAMA GABRIEL.,hola hay espacios para inicial 4 anos mi nino se llama gabriel
Web,partidas para traslado a 5to secundaria. Postulante: Nicolas.,partidas para traslado a 5to secundaria postulante nicolas
Web,documentos para traslado a 1ero secundaria. Postulante: Sofia.,documentos para traslado a 1ero secundaria postulante sofia
Web,entrevistas de admision para inicial 3 años. Mi menor es Ana.,entrevistas de admision para inicial 3 anos mi menor es ana
WhatsApp,<p><b>Hola hay espacios para inicial 4 años? Mi niño se llama Mateo.</b></p>,hola hay espacios para inicial 4 anos mi nino se llama mateo
Web,<p><b>reunión de admision para 5to secundaria. Mi menor es Sebastian.</b></p>,reunion de admision para 5to secundaria mi menor es sebastian
Email,"Estimados, quisiera saber los mensualidad de secundaria para mi hijo Sofia.",estimados quisiera saber los mensualidad de secundaria para mi hijo sofia
Web,<p><b>papeles para traslado a 5to secundaria. Postulante: Luis.</b></p>,papeles para traslado a 5to secundaria postulante luis
Web,citas de admision para primer año. Mi menor es Sebastian.,citas de admision para primer ano mi menor es sebastian
WhatsApp,<p><b>Hola hay vacantes para inicial 3 años? Mi niño se llama Nicolas.</b></p>,hola hay vacantes para inicial 3 anos mi nino se llama nicolas
Web,citas de admision para secundaria. Mi menor es Ana.,citas de admision para secundaria mi menor es ana
Web,charlas de admision para inicial 3 años. Mi menor es Pedro.,charlas de admision para inicial 3 anos mi menor es pedro
WhatsApp,Saber si hay lugares en inicial 4 años para Sofia. Gracias.,saber si hay lugares en inicial 4 anos para sofia gracias
Web,citas de admision para 1ero primaria. Mi menor es Sofia.,citas de admision para 1ero primaria mi menor es sofia
Email,"<p><b>Estimados, quisiera saber los cuotas de 1ero secundaria para mi hijo Camila.</b></p>",estimados quisiera saber los cuotas de 1ero secundaria para mi hijo camila
Email,SOLICITO INFORMACIÓN DE MENSUALIDAD Y DETALLES PARA PRIMER GRADO. ATTE: NICOLAS.,solicito informacion de mensualidad y detalles para primer grado atte nicolas
Web,requisitos para traslado a primer grado. Postulante: Camila.,requisitos para traslado a primer grado postulante camila
WhatsApp,<p><b>Saber si hay vacantes en 1ero primaria para Sofia. Gracias.</b></p>,saber si hay vacantes en 1ero primaria para sofia gracias
WhatsApp,<p><b>Saber si hay vacantes en inicial 5 años para Camila. Gracias.</b></p>,saber si hay vacantes en inicial 5 anos para camila gracias
Email,Solicito información de cuotas y detalles para inicial 4 años. Atte: Maria.,solicito informacion de cuotas y detalles para inicial 4 anos atte maria
Web,reunión de admision para inicial 5 años. Mi menor es Mateo.,reunion de admision para inicial 5 anos mi menor es mateo
Web,cronograma de admision para primer año. Mi menor es Valentina.,cronograma de admision para primer ano mi menor es valentina
WhatsApp,Saber si hay cupos en inicial 5 años para Pedro. Gracias.,saber si hay cupos en inicial 5 anos para pedro gracias
WhatsApp,Hola hay cupos para secundaria? Mi niño se llama Sebastian.,hola hay cupos para secundaria mi nino se llama sebastian
Email,"ESTIMADOS, QUISIERA SABER LOS PAGOS DE PRIMER GRADO PARA MI HIJO MARIA.",estimados quisiera saber los pagos de primer grado para mi hijo maria
Email,"<p><b>Estimados, quisiera saber los mensualidad de 6to primaria para mi hijo Camila.</b></p>",estimados quisiera saber los mensualidad de 6to primaria para mi hijo camila
Email,Solicito información de mensualidad y detalles para primer grado. Atte: Camila.,solicito informacion de mensualidad y detalles para primer grado atte camila
Email,"Estimados, quisiera saber los costos de 6to primaria para mi hijo Lucia.",estimados quisiera saber los costos de 6to primaria para mi hijo lucia
WhatsApp,Hola hay disponibilidad de ingreso para 6to primaria? Mi niño se llama Maria.,hola hay disponibilidad de ingreso para 6to primaria mi nino se llama maria
WhatsApp,Hola hay lugares para 1ero secundaria? Mi niño se llama Valentina.,hola hay lugares para 1ero secundaria mi nino se llama valentina
Web,papeles para traslado a primer grado. Postulante: Nicolas.,papeles para traslado a primer grado postulante nicolas
Email,"ESTIMADOS, QUISIERA SABER LOS PAGOS DE 5TO SECUNDARIA PARA MI HIJO PEDRO.",estimados quisiera saber los pagos de 5to secundaria para mi hijo pedro
Email,Solicito información de precios y detalles para primer grado. Atte: Ana.,solicito informacion de precios y detalles para primer grado atte ana
Email,"Estimados, quisiera saber los costos de 1ero secundaria para mi hijo Pedro.",estimados quisiera saber los costos de 1ero secundaria para mi hijo pedro
WhatsApp,Saber si hay espacios en 5to secundaria para Camila. Gracias.,saber si hay espacios en 5to secundaria para camila gracias
Web,cronograma de admision para inicial 4 años. Mi menor es Gabriel.,cronograma de admision para inicial 4 anos mi menor es gabriel
WhatsApp,Hola hay disponibilidad de ingreso para primer año? Mi niño se llama Elena.,hola hay disponibilidad de ingreso para primer ano mi nino se llama elena
Email,Solicito información de pensiones y detalles para primer grado. Atte: Valentina.,solicito informacion de pensiones y detalles para primer grado atte valentina
Email,Solicito información de precios y detalles para 5to secundaria. Atte: Luis.,solicito informacion de precios y detalles para 5to secundaria atte luis
Email,"ESTIMADOS, QUISIERA SABER LOS PENSIONES DE 5TO SECUNDARIA PARA MI HIJO PEDRO.",estimados quisiera saber los pensiones de 5to secundaria para mi hijo pedro
Email,Solicito información de pagos y detalles para 5to secundaria. Atte: Valentina.,solicito informacion de pagos y detalles para 5to secundaria atte valentina
Email,<p><b>Solicito información de cuotas y detalles para primer año. Atte: Ana.</b></p>,solicito informacion de cuotas y detalles para primer ano atte ana
Web,partidas para traslado a primer año. Postulante: Maria.,partidas para traslado a primer ano postulante maria
Email,Solicito información de cuotas y detalles para 6to primaria. Atte: Luis.,solicito informacion de cuotas y detalles para 6to primaria atte luis
WhatsApp,<p><b>Saber si hay cupos en 1ero primaria para Nicolas. Gracias.</b></p>,saber si hay cupos en 1ero primaria para nicolas gracias
Email,<p><b>Solicito información de precios y detalles para inicial 3 años. Atte: Camila.</b></p>,solicito informacion de precios y detalles para inicial 3 anos atte camila
WhatsApp,<p><b>Hola hay disponibilidad de ingreso para 1ero secundaria? Mi niño se llama Thiago.</b></p>,hola hay disponibilidad de ingreso para 1ero secundaria mi nino se llama thiago
WhatsApp,Saber si hay vacantes en 6to primaria para Pedro. Gracias.,saber si hay vacantes en 6to primaria para pedro gracias
WhatsApp,Saber si hay disponibilidad de ingreso en 1ero secundaria para Mateo. Gracias.,saber si hay disponibilidad de ingreso en 1ero secundaria para mateo gracias
Email,Solicito información de precios y detalles para inicial 3 años. Atte: Juan.,solicito informacion de precios y detalles para inicial 3 anos atte juan
Web,<p><b>entrevistas de admision para secundaria. Mi menor es Nicolas.</b></p>,entrevistas de admision para secundaria mi menor es nicolas
Email,Solicito información de pensiones y detalles para inicial 3 años. Atte: Thiago.,solicito informacion de pensiones y detalles para inicial 3 anos atte thiago
Web,<p><b>entrevistas de admision para 6to primaria. Mi menor es Mateo.</b></p>,entrevistas de admision para 6to primaria mi menor es mateo
Email,"ESTIMADOS, QUISIERA SABER LOS CUOTAS DE INICIAL 3 AÑOS PARA MI HIJO NICOLAS.",estimados quisiera saber los cuotas de inicial 3 anos para mi hijo nicolas
Email,Solicito información de mensualidad y detalles para inicial 3 años. Atte: Gabriel.,solicito informacion de mensualidad y detalles para inicial 3 anos atte gabriel
WhatsApp,Saber si hay cupos en primer grado para Juan. Gracias.,saber si hay cupos en primer grado para juan gracias
WhatsApp,<p><b>Hola hay vacantes para 1ero primaria? Mi niño se llama Thiago.</b></p>,hola hay vacantes para 1ero primaria mi nino se llama thiago
Web,cronograma de admision para inicial 5 años. Mi menor es Juan.,cronograma de admision para inicial 5 anos mi menor es juan
Web,ficha de matrícula para traslado a 5to secundaria. Postulante: Mateo.,ficha de matricula para traslado a 5to secundaria postulante mateo
Web,partidas para traslado a inicial 3 años. Postulante: Elena.,partidas para traslado a inicial 3 anos postulante elena
Web,CITAS DE ADMISION PARA INICIAL 3 AÑOS. MI MENOR ES MATEO.,citas de admision para inicial 3 anos mi menor es mateo
Email,Solicito información de pensiones y detalles para 6to primaria. Atte: Nicolas.,solicito informacion de pensiones y detalles para 6to primaria atte nicolas
WhatsApp,Saber si hay cupos en primer año para Ana. Gracias.,saber si hay cupos en primer ano para ana gracias
Email,"Estimados, quisiera saber los precios de inicial 5 años para mi hijo Maria.",estimados quisiera saber los precios de inicial 5 anos para mi hijo maria
Email,"<p><b>Estimados, quisiera saber los costos de 6to primaria para mi hijo Ana.</b></p>",estimados quisiera saber los costos de 6to primaria para mi hijo ana
Email,Solicito información de costos y detalles para primer año. Atte: Pedro.,solicito informacion de costos y detalles para primer ano atte pedro
Web,cronograma de admision para inicial 5 años. Mi menor es Gabriel.,cronograma de admision para inicial 5 anos mi menor es gabriel
Web,PAPELES PARA TRASLADO A 1ERO PRIMARIA. POSTULANTE: PEDRO.,papeles para traslado a 1ero primaria postulante pedro
Email,Solicito información de costos y detalles para inicial 3 años. Atte: Valentina.,solicito informacion de costos y detalles para inicial 3 anos atte valentina
Email,Solicito información de pagos y detalles para 6to primaria. Atte: Juan.,solicito informacion de pagos y detalles para 6to primaria atte juan
WhatsApp,<p><b>Saber si hay cupos en 5to secundaria para Maria. Gracias.</b></p>,saber si hay cupos en 5to secundaria para maria gracias
Web,<p><b>papeles para traslado a primer grado. Postulante: Mateo.</b></p>,papeles para traslado a primer grado postulante mateo
Email,"<p><b>Estimados, quisiera saber los cuotas de inicial 4 años para mi hijo Ana.</b></p>",estimados quisiera saber los cuotas de inicial 4 anos para mi hijo ana
Web,entrevistas de admision para 1ero secundaria. Mi menor es Camila.,entrevistas de admision para 1ero secundaria mi menor es camila
Web,documentos para traslado a inicial 4 años. Postulante: Juan.,documentos para traslado a inicial 4 anos postulante juan
Email,"Estimados, quisiera saber los precios de primer año para mi hijo Valentina.",estimados quisiera saber los precios de primer ano para mi hijo valentina
Web,partidas para traslado a secundaria. Postulante: Luis.,partidas para traslado a secundaria postulante luis
Email,<p><b>Solicito información de pagos y detalles para 1ero primaria. Atte: Ana.</b></p>,solicito informacion de pagos y detalles para 1ero primaria atte ana
WhatsApp,HOLA HAY DISPONIBILIDAD DE INGRESO PARA PRIMER GRADO? MI NIÑO SE LLAMA THIAGO.,hola hay disponibilidad de ingreso para primer grado mi nino se llama thiago
Email,"<p><b>Estimados, quisiera saber los pagos de inicial 4 años para mi hijo Valentina.</b></p>",estimados quisiera saber los pagos de inicial 4 anos para mi hijo valentina
Email,SOLICITO INFORMACIÓN DE CUOTAS Y DETALLES PARA INICIAL 5 AÑOS. ATTE: MARIA.,solicito informacion de cuotas y detalles para inicial 5 anos atte maria
Email,"Estimados, quisiera saber los pensiones de inicial 4 años para mi hijo Pedro.",estimados quisiera saber los pensiones de inicial 4 anos para mi hijo pedro
Email,SOLICITO INFORMACIÓN DE PENSIONES Y DETALLES PARA 1ERO PRIMARIA. ATTE: PEDRO.,solicito informacion de pensiones y detalles para 1ero primaria atte pedro
WhatsApp,HOLA HAY DISPONIBILIDAD DE INGRESO PARA INICIAL 4 AÑOS? MI NIÑO SE LLAMA JUAN.,hola hay disponibilidad de ingreso para inicial 4 anos mi nino se llama juan
Email,Solicito información de cuotas y detalles para inicial 4 años. Atte: Ana.,solicito informacion de cuotas y detalles para inicial 4 anos atte ana
Web,requisitos para traslado a inicial 3 años. Postulante: Valentina.,requisitos para traslado a inicial 3 anos postulante valentina
WhatsApp,<p><b>Hola hay cupos para secundaria? Mi niño se llama Valentina.</b></p>,hola hay cupos para secundaria mi nino se llama valentina
Web,reunión de admision para 6to primaria. Mi menor es Lucia.,reunion de admision para 6to primaria mi menor es lucia
WhatsApp,HOLA HAY ESPACIOS PARA PRIMER GRADO? MI NIÑO SE LLAMA ANA.,hola hay espacios para primer grado mi nino se llama ana
WhatsApp,Saber si hay cupos en primer grado para Luis. Gracias.,saber si hay cupos en primer grado para luis gracias
Email,"Estimados, quisiera saber los mensualidad de 1ero secundaria para mi hijo Nicolas.",estimados quisiera saber los mensualidad de 1ero secundaria para mi hijo nicolas
Email,"ESTIMADOS, QUISIERA SABER LOS PAGOS DE 5TO SECUNDARIA PARA MI HIJO NICOLAS.",estimados quisiera saber los pagos de 5to secundaria para mi hijo nicolas
Web,REQUISITOS PARA TRASLADO A INICIAL 3 AÑOS. POSTULANTE: JUAN.,requisitos para traslado a inicial 3 anos postulante juan
WhatsApp,Saber si hay lugares en inicial 5 años para Sofia. Gracias.,saber si hay lugares en inicial 5 anos para sofia gracias
Web,DOCUMENTOS PARA TRASLADO A INICIAL 4 AÑOS. POSTULANTE: THIAGO.,documentos para traslado a inicial 4 anos postulante thiago
Email,"Estimados, quisiera saber los precios de inicial 5 años para mi hijo Sofia.",estimados quisiera saber los precios de inicial 5 anos para mi hijo sofia
WhatsApp,HOLA HAY LUGARES PARA 6TO PRIMARIA? MI NIÑO SE LLAMA VALENTINA.,hola hay lugares para 6to primaria mi nino se llama valentina
Web,<p><b>reunión de admision para inicial 4 años. Mi menor es Maria.</b></p>,reunion de admision para inicial 4 anos mi menor es maria
Email,<p><b>Solicito información de mensualidad y detalles para primer año. Atte: Ana.</b></p>,solicito informacion de mensualidad y detalles para primer ano atte ana
Email,<p><b>Solicito información de mensualidad y detalles para inicial 3 años. Atte: Nicolas.</b></p>,solicito informacion de mensualidad y detalles para inicial 3 anos atte nicolas
Email,Solicito información de cuotas y detalles para 1ero secundaria. Atte: Juan.,solicito informacion de cuotas y detalles para 1ero secundaria atte juan
Web,<p><b>documentación para traslado a primer grado. Postulante: Sofia.</b></p>,documentacion para traslado a primer grado postulante sofia
WhatsApp,HOLA HAY CUPOS PARA INICIAL 4 AÑOS? MI NIÑO SE LLAMA CAMILA.,hola hay cupos para inicial 4 anos mi nino se llama camila
Email,Solicito información de cuotas y detalles para 1ero primaria. Atte: Lucia.,solicito informacion de cuotas y detalles para 1ero primaria atte lucia
Web,partidas para traslado a 1ero secundaria. Postulante: Gabriel.,partidas para traslado a 1ero secundaria postulante gabriel
WhatsApp,Hola hay disponibilidad de ingreso para 1ero secundaria? Mi niño se llama Valentina.,hola hay disponibilidad de ingreso para 1ero secundaria mi nino se llama valentina
Web,PAPELES PARA TRASLADO A 5TO SECUNDARIA. POSTULANTE: GABRIEL.,papeles para traslado a 5to secundaria postulante gabriel
Email,"Estimados, quisiera saber los pensiones de inicial 4 años para mi hijo Gabriel.",estimados quisiera saber los pensiones de inicial 4 anos para mi hijo gabriel
Email,<p><b>Solicito información de costos y detalles para primer año. Atte: Nicolas.</b></p>,solicito informacion de costos y detalles para primer ano atte nicolas
Email,"ESTIMADOS, QUISIERA SABER LOS COSTOS DE 5TO SECUNDARIA PARA MI HIJO SEBASTIAN.",estimados quisiera saber los costos de 5to secundaria para mi hijo sebastian
Email,<p><b>Solicito información de costos y detalles para primer año. Atte: Camila.</b></p>,solicito informacion de costos y detalles para primer ano atte camila
Web,citas de admision para 1ero secundaria. Mi menor es Mateo.,citas de admision para 1ero secundaria mi menor es mateo
Email,Solicito información de costos y detalles para inicial 4 años. Atte: Camila.,solicito informacion de costos y detalles para inicial 4 anos atte camila
WhatsApp,<p><b>Hola hay disponibilidad de ingreso para 5to secundaria? Mi niño se llama Thiago.</b></p>,hola hay disponibilidad de ingreso para 5to secundaria mi nino se llama thiago
Email,Solicito información de pensiones y detalles para inicial 3 años. Atte: Camila.,solicito informacion de pensiones y detalles para inicial 3 anos atte camila
WhatsApp,HOLA HAY LUGARES PARA INICIAL 4 AÑOS? MI NIÑO SE LLAMA SEBASTIAN.,hola hay lugares para inicial 4 anos mi nino se llama sebastian
Web,charlas de admision para inicial 4 años. Mi menor es Sofia.,charlas de admision para inicial 4 anos mi menor es sofia
Email,"Estimados, quisiera saber los cuotas de primer grado para mi hijo Thiago.",estimados quisiera saber los cuotas de primer grado para mi hijo thiago
Web,citas de admision para primer grado. Mi menor es Juan.,citas de admision para primer grado mi menor es juan
Email,Solicito información de precios y detalles para secundaria. Atte: Sofia.,solicito informacion de precios y detalles para secundaria atte sofia
Web,<p><b>charlas de admision para inicial 3 años. Mi menor es Luis.</b></p>,charlas de admision para inicial 3 anos mi menor es luis
Web,entrevistas de admision para secundaria. Mi menor es Sofia.,entrevistas de admision para secundaria mi menor es sofia
Web,papeles para traslado a 5to secundaria. Postulante: Valentina.,papeles para traslado a 5to secundaria postulante valentina
Email,"ESTIMADOS, QUISIERA SABER LOS PAGOS DE SECUNDARIA PARA MI HIJO ANA.",estimados quisiera saber los pagos de secundaria para mi hijo ana
Email,"Estimados, quisiera saber los costos de 6to primaria para mi hijo Camila.",estimados quisiera saber los costos de 6to primaria para mi hijo camila
WhatsApp,Saber si hay lugares en inicial 4 años para Lucia. Gracias.,saber si hay lugares en inicial 4 anos para lucia gracias
Email,<p><b>Solicito información de pagos y detalles para inicial 4 años. Atte: Camila.</b></p>,solicito informacion de pagos y detalles para inicial 4 anos atte camila
Web,entrevistas de admision para inicial 4 años. Mi menor es Lucia.,entrevistas de admision para inicial 4 anos mi menor es lucia
Email,Solicito información de precios y detalles para primer año. Atte: Lucia.,solicito informacion de precios y detalles para primer ano atte lucia
Web,<p><b>reunión de admision para 5to secundaria. Mi menor es Gabriel.</b></p>,reunion de admision para 5to secundaria mi menor es gabriel
Email,"<p><b>Estimados, quisiera saber los pagos de inicial 5 años para mi hijo Ana.</b></p>",estimados quisiera saber los pagos de inicial 5 anos para mi hijo ana
WhatsApp,Saber si hay disponibilidad de ingreso en 1ero primaria para Sebastian. Gracias.,saber si hay disponibilidad de ingreso en 1ero primaria para sebastian gracias
Email,<p><b>Solicito información de cuotas y detalles para inicial 3 años. Atte: Gabriel.</b></p>,solicito informacion de cuotas y detalles para inicial 3 anos atte gabriel
WhatsApp,Hola hay espacios para inicial 4 años? Mi niño se llama Juan.,hola hay espacios para inicial 4 anos mi nino se llama juan
WhatsApp,<p><b>Saber si hay cupos en 5to secundaria para Lucia. Gracias.</b></p>,saber si hay cupos en 5to secundaria para lucia gracias
Web,<p><b>reunión de admision para 1ero secundaria. Mi menor es Gabriel.</b></p>,reunion de admision para 1ero secundaria mi menor es gabriel
Email,"Estimados, quisiera saber los pagos de inicial 4 años para mi hijo Pedro.",estimados quisiera saber los pagos de inicial 4 anos para mi hijo pedro
Email,Solicito información de cuotas y detalles para 1ero secundaria. Atte: Valentina.,solicito informacion de cuotas y detalles para 1ero secundaria atte valentina
Email,Solicito información de cuotas y detalles para 1ero primaria. Atte: Sofia.,solicito informacion de cuotas y detalles para 1ero primaria atte sofia
Email,"Estimados, quisiera saber los pagos de inicial 4 años para mi hijo Gabriel.",estimados quisiera saber los pagos de inicial 4 anos para mi hijo gabriel
Web,documentos para traslado a secundaria. Postulante: Ana.,documentos para traslado a secundaria postulante ana
Email,<p><b>Solicito información de cuotas y detalles para inicial 3 años. Atte: Maria.</b></p>,solicito informacion de cuotas y detalles para inicial 3 anos atte maria
Web,reunión de admision para secundaria. Mi menor es Elena.,reunion de admision para secundaria mi menor es elena
Email,SOLICITO INFORMACIÓN DE PAGOS Y DETALLES PARA INICIAL 5 AÑOS. ATTE: LUCIA.,solicito informacion de pagos y detalles para inicial 5 anos atte lucia
Email,SOLICITO INFORMACIÓN DE CUOTAS Y DETALLES PARA INICIAL 4 AÑOS. ATTE: VALENTINA.,solicito informacion de cuotas y detalles para inicial 4 anos atte valentina
Email,"<p><b>Estimados, quisiera saber los cuotas de primer grado para mi hijo Luis.</b></p>",estimados quisiera saber los cuotas de primer grado para mi hijo luis
WhatsApp,<p><b>Hola hay espacios para 1ero primaria? Mi niño se llama Gabriel.</b></p>,hola hay espacios para 1ero primaria mi nino se llama gabriel
Email,"Estimados, quisiera saber los mensualidad de inicial 5 años para mi hijo Sebastian.",estimados quisiera saber los mensualidad de inicial 5 anos para mi hijo sebastian
Email,<p><b>Solicito información de costos y detalles para primer año. Atte: Luis.</b></p>,solicito informacion de costos y detalles para primer ano atte luis
WhatsApp,<p><b>Saber si hay espacios en secundaria para Elena. Gracias.</b></p>,saber si hay espacios en secundaria para elena gracias
Email,"<p><b>Estimados, quisiera saber los mensualidad de 1ero secundaria para mi hijo Sebastian.</b></p>",estimados quisiera saber los mensualidad de 1ero secundaria para mi hijo sebastian
Email,SOLICITO INFORMACIÓN DE MENSUALIDAD Y DETALLES PARA SECUNDARIA. ATTE: LUCIA.,solicito informacion de mensualidad y detalles para secundaria atte lucia
Email,Solicito información de precios y detalles para 6to primaria. Atte: Camila.,solicito informacion de precios y detalles para 6to primaria atte camila
Email,"Estimados, quisiera saber los costos de 1ero secundaria para mi hijo Valentina.",estimados quisiera saber los costos de 1ero secundaria para mi hijo valentina
Web,reunión de admision para secundaria. Mi menor es Ana.,reunion de admision para secundaria mi menor es ana
Email,"Estimados, quisiera saber los precios de 6to primaria para mi hijo Luis.",estimados quisiera saber los precios de 6to primaria para mi hijo luis
Email,"<p><b>Estimados, quisiera saber los pensiones de primer grado para mi hijo Thiago.</b></p>",estimados quisiera saber los pensiones de primer grado para mi hijo thiago
Email,"Estimados, quisiera saber los cuotas de inicial 5 años para mi hijo Elena.",estimados quisiera saber los cuotas de inicial 5 anos para mi hijo elena
WhatsApp,HOLA HAY LUGARES PARA INICIAL 5 AÑOS? MI NIÑO SE LLAMA LUIS.,hola hay lugares para inicial 5 anos mi nino se llama luis
WhatsApp,SABER SI HAY LUGARES EN 1ERO PRIMARIA PARA SEBASTIAN. GRACIAS.,saber si hay lugares en 1ero primaria para sebastian gracias
WhatsApp,<p><b>Hola hay espacios para inicial 4 años? Mi niño se llama Elena.</b></p>,hola hay espacios para inicial 4 anos mi nino se llama elena
Web,<p><b>citas de admision para inicial 4 años. Mi menor es Valentina.</b></p>,citas de admision para inicial 4 anos mi menor es valentina
WhatsApp,Hola hay vacantes para inicial 5 años? Mi niño se llama Ana.,hola hay vacantes para inicial 5 anos mi nino se llama ana
Email,"ESTIMADOS, QUISIERA SABER LOS PRECIOS DE 6TO PRIMARIA PARA MI HIJO ANA.",estimados quisiera saber los precios de 6to primaria para mi hijo ana
Email,<p><b>Solicito información de pensiones y detalles para 1ero secundaria. Atte: Camila.</b></p>,solicito informacion de pensiones y detalles para 1ero secundaria atte camila
Web,ENTREVISTAS DE ADMISION PARA PRIMER AÑO. MI MENOR ES PEDRO.,entrevistas de admision para primer ano mi menor es pedro
WhatsApp,Saber si hay disponibilidad de ingreso en 1ero secundaria para Juan. Gracias.,saber si hay disponibilidad de ingreso en 1ero secundaria para juan gracias
WhatsApp,<p><b>Hola hay cupos para 1ero primaria? Mi niño se llama Juan.</b></p>,hola hay cupos para 1ero primaria mi nino se llama juan
Email,"Estimados, quisiera saber los pensiones de 1ero primaria para mi hijo Maria.",estimados quisiera saber los pensiones de 1ero primaria para mi hijo maria
WhatsApp,Hola hay espacios para secundaria? Mi niño se llama Pedro.,hola hay espacios para secundaria mi nino se llama pedro
Web,partidas para traslado a 5to secundaria. Postulante: Thiago.,partidas para traslado a 5to secundaria postulante thiago
WhatsApp,Hola hay vacantes para 1ero primaria? Mi niño se llama Pedro.,hola hay vacantes para 1ero primaria mi nino se llama pedro
Web,CITAS DE ADMISION PARA 6TO PRIMARIA. MI MENOR ES NICOLAS.,citas de admision para 6to primaria mi menor es nicolas
Email,Solicito información de pensiones y detalles para secundaria. Atte: Valentina.,solicito informacion de pensiones y detalles para secundaria atte valentina
WhatsApp,<p><b>Hola hay disponibilidad de ingreso para primer año? Mi niño se llama Maria.</b></p>,hola hay disponibilidad de ingreso para primer ano mi nino se llama maria
Web,<p><b>papeles para traslado a primer año. Postulante: Mateo.</b></p>,papeles para traslado a primer ano postulante mateo
Email,Solicito información de pensiones y detalles para secundaria. Atte: Mateo.,solicito informacion de pensiones y detalles para secundaria atte mateo
WhatsApp,Saber si hay disponibilidad de ingreso en primer año para Thiago. Gracias.,saber si hay disponibilidad de ingreso en primer ano para thiago gracias
WhatsApp,Hola hay espacios para primer grado? Mi niño se llama Gabriel.,hola hay espacios para primer grado mi nino se llama gabriel
WhatsApp,Hola hay vacantes para 1ero secundaria? Mi niño se llama Valentina.,hola hay vacantes para 1ero secundaria mi nino se llama valentina
WhatsApp,Hola hay cupos para inicial 3 años? Mi niño se llama Luis.,hola hay cupos para inicial 3 anos mi nino se llama luis
Email,"ESTIMADOS, QUISIERA SABER LOS MENSUALIDAD DE 1ERO SECUNDARIA PARA MI HIJO CAMILA.",estimados quisiera saber los mensualidad de 1ero secundaria para mi hijo camila
WhatsApp,<p><b>Saber si hay disponibilidad de ingreso en 6to primaria para Sofia. Gracias.</b></p>,saber si hay disponibilidad de ingreso en 6to primaria para sofia gracias
WhatsApp,<p><b>Hola hay espacios para inicial 5 años? Mi niño se llama Juan.</b></p>,hola hay espacios para inicial 5 anos mi nino se llama juan
Web,<p><b>partidas para traslado a 6to primaria. Postulante: Thiago.</b></p>,partidas para traslado a 6to primaria postulante thiago
Email,"Estimados, quisiera saber los precios de 1ero primaria para mi hijo Maria.",estimados quisiera saber los precios de 1ero primaria para mi hijo maria
Web,<p><b>documentación para traslado a inicial 3 años. Postulante: Luis.</b></p>,documentacion para traslado a inicial 3 anos postulante luis
Email,"Estimados, quisiera saber los costos de primer año para mi hijo Sebastian.",estimados quisiera saber los costos de primer ano para mi hijo sebastian
WhatsApp,Saber si hay cupos en secundaria para Pedro. Gracias.,saber si hay cupos en secundaria para pedro gracias
Web,papeles para traslado a inicial 3 años. Postulante: Ana.,papeles para traslado a inicial 3 anos postulante ana
WhatsApp,Hola hay espacios para 1ero secundaria? Mi niño se llama Valentina.,hola hay espacios para 1ero secundaria mi nino se llama valentina
WhatsApp,Saber si hay lugares en inicial 3 años para Lucia. Gracias.,saber si hay lugares en inicial 3 anos para lucia gracias
Web,citas de admision para 6to primaria. Mi menor es Ana.,citas de admision para 6to primaria mi menor es ana
WhatsApp,Hola hay cupos para inicial 3 años? Mi niño se llama Gabriel.,hola hay cupos para inicial 3 anos mi nino se llama gabriel
Email,<p><b>Solicito información de costos y detalles para inicial 5 años. Atte: Juan.</b></p>,solicito informacion de costos y detalles para inicial 5 anos atte juan
Email,"<p><b>Estimados, quisiera saber los costos de inicial 4 años para mi hijo Camila.</b></p>",estimados quisiera saber los costos de inicial 4 anos para mi hijo camila
WhatsApp,HOLA HAY VACANTES PARA INICIAL 4 AÑOS? MI NIÑO SE LLAMA VALENTINA.,hola hay vacantes para inicial 4 anos mi nino se llama valentina
Web,requisitos para traslado a 1ero primaria. Postulante: Luis.,requisitos para traslado a 1ero primaria postulante luis
Web,DOCUMENTOS PARA TRASLADO A 1ERO PRIMARIA. POSTULANTE: JUAN.,documentos para traslado a 1ero primaria postulante juan
Web,documentos para traslado a 1ero secundaria. Postulante: Luis.,documentos para traslado a 1ero secundaria postulante luis
Email,Solicito información de costos y detalles para inicial 5 años. Atte: Pedro.,solicito informacion de costos y detalles para inicial 5 anos atte pedro
Web,<p><b>documentación para traslado a 1ero primaria. Postulante: Mateo.</b></p>,documentacion para traslado a 1ero primaria postulante mateo
Web,cronograma de admision para inicial 5 años. Mi menor es Camila.,cronograma de admision para inicial 5 anos mi menor es camila
Web,<p><b>documentación para traslado a 6to primaria. Postulante: Sebastian.</b></p>,documentacion para traslado a 6to primaria postulante sebastian
Email,"ESTIMADOS, QUISIERA SABER LOS PAGOS DE 1ERO SECUNDARIA PARA MI HIJO GABRIEL.",estimados quisiera saber los pagos de 1ero secundaria para mi hijo gabriel
Email,"Estimados, quisiera saber los precios de inicial 3 años para mi hijo Maria.",estimados quisiera saber los precios de inicial 3 anos para mi hijo maria
Web,citas de admision para 5to secundaria. Mi menor es Camila.,citas de admision para 5to secundaria mi menor es camila
Email,Solicito información de precios y detalles para 1ero secundaria. Atte: Camila.,solicito informacion de precios y detalles para 1ero secundaria atte camila
WhatsApp,<p><b>Hola hay cupos para 5to secundaria? Mi niño se llama Sofia.</b></p>,hola hay cupos para 5to secundaria mi nino se llama sofia
Email,Solicito información de cuotas y detalles para inicial 3 años. Atte: Juan.,solicito informacion de cuotas y detalles para inicial 3 anos atte juan
Email,"Estimados, quisiera saber los costos de 1ero secundaria para mi hijo Camila.",estimados quisiera saber los costos de 1ero secundaria para mi hijo camila
Email,"Estimados, quisiera saber los pagos de primer año para mi hijo Mateo.",estimados quisiera saber los pagos de primer ano para mi hijo mateo
Web,<p><b>citas de admision para primer año. Mi menor es Thiago.</b></p>,citas de admision para primer ano mi menor es thiago
Email,"Estimados, quisiera saber los costos de inicial 5 años para mi hijo Ana.",estimados quisiera saber los costos de inicial 5 anos para mi hijo ana
WhatsApp,Hola hay lugares para secundaria? Mi niño se llama Sebastian.,hola hay lugares para secundaria mi nino se llama sebastian
Web,reunión de admision para 1ero primaria. Mi menor es Luis.,reunion de admision para 1ero primaria mi menor es luis
Web,documentación para traslado a 5to secundaria. Postulante: Mateo.,documentacion para traslado a 5to secundaria postulante mateo
Web,reunión de admision para inicial 3 años. Mi menor es Luis.,reunion de admision para inicial 3 anos mi menor es luis
Email,<p><b>Solicito información de cuotas y detalles para primer año. Atte: Nicolas.</b></p>,solicito informacion de cuotas y detalles para primer ano atte nicolas
Email,"ESTIMADOS, QUISIERA SABER LOS PRECIOS DE SECUNDARIA PARA MI HIJO GABRIEL.",estimados quisiera saber los precios de secundaria para mi hijo gabriel
WhatsApp,Hola hay lugares para primer grado? Mi niño se llama Ana.,hola hay lugares para primer grado mi nino se llama ana
Web,documentos para traslado a inicial 5 años. Postulante: Camila.,documentos para traslado a inicial 5 anos postulante camila
WhatsApp,Hola hay espacios para inicial 5 años? Mi niño se llama Lucia.,hola hay espacios para inicial 5 anos mi nino se llama lucia
Web,<p><b>requisitos para traslado a inicial 4 años. Postulante: Sebastian.</b></p>,requisitos para traslado a inicial 4 anos postulante sebastian
Web,<p><b>cronograma de admision para 5to secundaria. Mi menor es Camila.</b></p>,cronograma de admision para 5to secundaria mi menor es camila
Web,PAPELES PARA TRASLADO A PRIMER GRADO. POSTULANTE: SEBASTIAN.,papeles para traslado a primer grado postulante sebastian
Email,"<p><b>Estimados, quisiera saber los pensiones de primer grado para mi hijo Valentina.</b></p>",estimados quisiera saber los pensiones de primer grado para mi hijo valentina
Email,"Estimados, quisiera saber los precios de primer año para mi hijo Pedro.",estimados quisiera saber los precios de primer ano para mi hijo pedro
WhatsApp,Saber si hay espacios en inicial 5 años para Luis. Gracias.,saber si hay espacios en inicial 5 anos para luis gracias
Web,cronograma de admision para 6to primaria. Mi menor es Nicolas.,cronograma de admision para 6to primaria mi menor es nicolas
Web,documentos para traslado a primer año. Postulante: Ana.,documentos para traslado a primer ano postulante ana
Web,DOCUMENTACIÓN PARA TRASLADO A INICIAL 5 AÑOS. POSTULANTE: VALENTINA.,documentacion para traslado a inicial 5 anos postulante valentina
WhatsApp,SABER SI HAY CUPOS EN SECUNDARIA PARA THIAGO. GRACIAS.,saber si hay cupos en secundaria para thiago gracias
Email,<p><b>Solicito información de costos y detalles para primer año. Atte: Juan.</b></p>,solicito informacion de costos y detalles para primer ano atte juan
WhatsApp,<p><b>Hola hay disponibilidad de ingreso para inicial 4 años? Mi niño se llama Mateo.</b></p>,hola hay disponibilidad de ingreso para inicial 4 anos mi nino se llama mateo
Web,papeles para traslado a 5to secundaria. Postulante: Mateo.,papeles para traslado a 5to secundaria postulante mateo
Email,"ESTIMADOS, QUISIERA SABER LOS MENSUALIDAD DE 1ERO PRIMARIA PARA MI HIJO SEBASTIAN.",estimados quisiera saber los mensualidad de 1ero primaria para mi hijo sebastian
Web,partidas para traslado a 1ero primaria. Postulante: Nicolas.,partidas para traslado a 1ero primaria postulante nicolas
Web,ENTREVISTAS DE ADMISION PARA INICIAL 3 AÑOS. MI MENOR ES JUAN.,entrevistas de admision para inicial 3 anos mi menor es juan
Web,<p><b>reunión de admision para secundaria. Mi menor es Pedro.</b></p>,reunion de admision para secundaria mi menor es pedro
Email,"<p><b>Estimados, quisiera saber los mensualidad de primer grado para mi hijo Pedro.</b></p>",estimados quisiera saber los mensualidad de primer grado para mi hijo pedro
Email,"<p><b>Estimados, quisiera saber los mensualidad de primer grado para mi hijo Elena.</b></p>",estimados quisiera saber los mensualidad de primer grado para mi hijo elena
Email,Solicito información de mensualidad y detalles para 1ero primaria. Atte: Nicolas.,solicito informacion de mensualidad y detalles para 1ero primaria atte nicolas
WhatsApp,<p><b>Hola hay vacantes para 1ero secundaria? Mi niño se llama Sofia.</b></p>,hola hay vacantes para 1ero secundaria mi nino se llama sofia
Email,SOLICITO INFORMACIÓN DE CUOTAS Y DETALLES PARA INICIAL 3 AÑOS. ATTE: ANA.,solicito informacion de cuotas y detalles para inicial 3 anos atte ana
Email,"<p><b>Estimados, quisiera saber los mensualidad de primer año para mi hijo Camila.</b></p>",estimados quisiera saber los mensualidad de primer ano para mi hijo camila
Email,"<p><b>Estimados, quisiera saber los cuotas de 1ero secundaria para mi hijo Nicolas.</b></p>",estimados quisiera saber los cuotas de 1ero secundaria para mi hijo nicolas
WhatsApp,Saber si hay disponibilidad de ingreso en primer año para Pedro. Gracias.,saber si hay disponibilidad de ingreso en primer ano para pedro gracias
WhatsApp,SABER SI HAY VACANTES EN 6TO PRIMARIA PARA ELENA. GRACIAS.,saber si hay vacantes en 6to primaria para elena gracias
WhatsApp,HOLA HAY CUPOS PARA SECUNDARIA? MI NIÑO SE LLAMA LUCIA.,hola hay cupos para secundaria mi nino se llama lucia
Web,entrevistas de admision para 6to primaria. Mi menor es Elena.,entrevistas de admision para 6to primaria mi menor es elena
Email,"Estimados, quisiera saber los costos de 6to primaria para mi hijo Elena.",estimados quisiera saber los costos de 6to primaria para mi hijo elena
WhatsApp,Hola hay cupos para primer grado? Mi niño se llama Camila.,hola hay cupos para primer grado mi nino se llama camila
Email,"Estimados, quisiera saber los mensualidad de 6to primaria para mi hijo Ana.",estimados quisiera saber los mensualidad de 6to primaria para mi hijo ana
WhatsApp,Saber si hay cupos en secundaria para Luis. Gracias.,saber si hay cupos en secundaria para luis gracias
Web,cronograma de admision para 5to secundaria. Mi menor es Mateo.,cronograma de admision para 5to secundaria mi menor es mateo
Email,Solicito información de precios y detalles para primer grado. Atte: Lucia.,solicito informacion de precios y detalles para primer grado atte lucia
Web,citas de admision para inicial 4 años. Mi menor es Sebastian.,citas de admision para inicial 4 anos mi menor es sebastian
Web,reunión de admision para inicial 4 años. Mi menor es Lucia.,reunion de admision para inicial 4 anos mi menor es lucia
Web,<p><b>documentación para traslado a 1ero secundaria. Postulante: Valentina.</b></p>,documentacion para traslado a 1ero secundaria postulante valentina
WhatsApp,<p><b>Saber si hay disponibilidad de ingreso en inicial 5 años para Gabriel. Gracias.</b></p>,saber si hay disponibilidad de ingreso en inicial 5 anos para gabriel gracias
WhatsApp,Saber si hay vacantes en inicial 4 años para Camila. Gracias.,saber si hay vacantes en inicial 4 anos para camila gracias
Email,Solicito información de pagos y detalles para inicial 3 años. Atte: Sofia.,solicito informacion de pagos y detalles para inicial 3 anos atte sofia
Email,Solicito información de precios y detalles para inicial 3 años. Atte: Nicolas.,solicito informacion de precios y detalles para inicial 3 anos atte nicolas
WhatsApp,HOLA HAY LUGARES PARA PRIMER GRADO? MI NIÑO SE LLAMA JUAN.,hola hay lugares para primer grado mi nino se llama juan
WhatsApp,HOLA HAY DISPONIBILIDAD DE INGRESO PARA INICIAL 5 AÑOS? MI NIÑO SE LLAMA LUCIA.,hola hay disponibilidad de ingreso para inicial 5 anos mi nino se llama lucia
Email,"Estimados, quisiera saber los pagos de inicial 3 años para mi hijo Lucia.",estimados quisiera saber los pagos de inicial 3 anos para mi hijo lucia
Email,Solicito información de pensiones y detalles para 6to primaria. Atte: Sofia.,solicito informacion de pensiones y detalles para 6to primaria atte sofia
WhatsApp,Saber si hay vacantes en primer grado para Luis. Gracias.,saber si hay vacantes en primer grado para luis gracias
Email,"Estimados, quisiera saber los pagos de inicial 5 años para mi hijo Camila.",estimados quisiera saber los pagos de inicial 5 anos para mi hijo camila
Email,Solicito información de precios y detalles para 1ero primaria. Atte: Luis.,solicito informacion de precios y detalles para 1ero primaria atte luis
Web,documentación para traslado a 1ero secundaria. Postulante: Nicolas.,documentacion para traslado a 1ero secundaria postulante nicolas
Web,citas de admision para inicial 4 años. Mi menor es Juan.,citas de admision para inicial 4 anos mi menor es juan
Web,requisitos para traslado a inicial 3 años. Postulante: Camila.,requisitos para traslado a inicial 3 anos postulante camila
Email,"<p><b>Estimados, quisiera saber los pagos de primer año para mi hijo Camila.</b></p>",estimados quisiera saber los pagos de primer ano para mi hijo camila
Email,Solicito información de precios y detalles para 5to secundaria. Atte: Lucia.,solicito informacion de precios y detalles para 5to secundaria atte lucia
Email,"Estimados, quisiera saber los pagos de inicial 3 años para mi hijo Maria.",estimados quisiera saber los pagos de inicial 3 anos para mi hijo maria
Email,"ESTIMADOS, QUISIERA SABER LOS PRECIOS DE PRIMER AÑO PARA MI HIJO JUAN.",estimados quisiera saber los precios de primer ano para mi hijo juan
Email,Solicito información de cuotas y detalles para primer año. Atte: Gabriel.,solicito informacion de cuotas y detalles para primer ano atte gabriel
Web,<p><b>cronograma de admision para 5to secundaria. Mi menor es Sofia.</b></p>,cronograma de admision para 5to secundaria mi menor es sofia
WhatsApp,Saber si hay lugares en inicial 3 años para Luis. Gracias.,saber si hay lugares en inicial 3 anos para luis gracias
Web,ficha de matrícula para traslado a inicial 5 años. Postulante: Juan.,ficha de matricula para traslado a inicial 5 anos postulante juan
WhatsApp,SABER SI HAY VACANTES EN PRIMER GRADO PARA ELENA. GRACIAS.,saber si hay vacantes en primer grado para elena gracias
Email,"Estimados, quisiera saber los costos de 1ero secundaria para mi hijo Gabriel.",estimados quisiera saber los costos de 1ero secundaria para mi hijo gabriel
Web,entrevistas de admision para secundaria. Mi menor es Camila.,entrevistas de admision para secundaria mi menor es camila
Web,CRONOGRAMA DE ADMISION PARA 1ERO SECUNDARIA. MI MENOR ES JUAN.,cronograma de admision para 1ero secundaria mi menor es juan
Email,Solicito información de precios y detalles para inicial 3 años. Atte: Luis.,solicito informacion de precios y detalles para inicial 3 anos atte luis
Email,Solicito información de pagos y detalles para inicial 5 años. Atte: Maria.,solicito informacion de pagos y detalles para inicial 5 anos atte maria
Web,citas de admision para 1ero secundaria. Mi menor es Nicolas.,citas de admision para 1ero secundaria mi menor es nicolas
Email,<p><b>Solicito información de costos y detalles para 5to secundaria. Atte: Camila.</b></p>,solicito informacion de costos y detalles para 5to secundaria atte camila
Web,requisitos para traslado a 1ero primaria. Postulante: Valentina.,requisitos para traslado a 1ero primaria postulante valentina
WhatsApp,Hola hay disponibilidad de ingreso para inicial 5 años? Mi niño se llama Mateo.,hola hay disponibilidad de ingreso para inicial 5 anos mi nino se llama mateo
Web,<p><b>charlas de admision para 6to primaria. Mi menor es Sebastian.</b></p>,charlas de admision para 6to primaria mi menor es sebastian
Web,entrevistas de admision para secundaria. Mi menor es Juan.,entrevistas de admision para secundaria mi menor es juan
Email,"Estimados, quisiera saber los precios de inicial 3 años para mi hijo Thiago.",estimados quisiera saber los precios de inicial 3 anos para mi hijo thiago
WhatsApp,Saber si hay vacantes en primer grado para Valentina. Gracias.,saber si hay vacantes en primer grado para valentina gracias
Email,"Estimados, quisiera saber los mensualidad de 5to secundaria para mi hijo Mateo.",estimados quisiera saber los mensualidad de 5to secundaria para mi hijo mateo
Web,entrevistas de admision para 1ero secundaria. Mi menor es Lucia.,entrevistas de admision para 1ero secundaria mi menor es lucia
Web,documentos para traslado a secundaria. Postulante: Luis.,documentos para traslado a secundaria postulante luis
WhatsApp,Saber si hay espacios en inicial 3 años para Sebastian. Gracias.,saber si hay espacios en inicial 3 anos para sebastian gracias
Email,SOLICITO INFORMACIÓN DE PRECIOS Y DETALLES PARA PRIMER AÑO. ATTE: MARIA.,solicito informacion de precios y detalles para primer ano atte maria
Web,reunión de admision para inicial 4 años. Mi menor es Pedro.,reunion de admision para inicial 4 anos mi menor es pedro
Email,"Estimados, quisiera saber los mensualidad de inicial 5 años para mi hijo Pedro.",estimados quisiera saber los mensualidad de inicial 5 anos para mi hijo pedro
Web,ficha de matrícula para traslado a 1ero secundaria. Postulante: Maria.,ficha de matricula para traslado a 1ero secundaria postulante maria
WhatsApp,Saber si hay lugares en 6to primaria para Camila. Gracias.,saber si hay lugares en 6to primaria para camila gracias
Web,<p><b>documentos para traslado a 6to primaria. Postulante: Nicolas.</b></p>,documentos para traslado a 6to primaria postulante nicolas
Email,"ESTIMADOS, QUISIERA SABER LOS CUOTAS DE INICIAL 4 AÑOS PARA MI HIJO ELENA.",estimados quisiera saber los cuotas de inicial 4 anos para mi hijo elena
Email,"<p><b>Estimados, quisiera saber los cuotas de 1ero secundaria para mi hijo Mateo.</b></p>",estimados quisiera saber los cuotas de 1ero secundaria para mi hijo mateo
Email,"Estimados, quisiera saber los precios de 1ero secundaria para mi hijo Nicolas.",estimados quisiera saber los precios de 1ero secundaria para mi hijo nicolas
Web,documentos para traslado a secundaria. Postulante: Valentina.,documentos para traslado a secundaria postulante valentina
Web,<p><b>charlas de admision para 1ero secundaria. Mi menor es Ana.</b></p>,charlas de admision para 1ero secundaria mi menor es ana
Web,documentos para traslado a primer año. Postulante: Juan.,documentos para traslado a primer ano postulante juan
WhatsApp,Hola hay lugares para secundaria? Mi niño se llama Ana.,hola hay lugares para secundaria mi nino se llama ana
Email,"Estimados, quisiera saber los cuotas de primer año para mi hijo Pedro.",estimados quisiera saber los cuotas de primer ano para mi hijo pedro
WhatsApp,Hola hay espacios para primer año? Mi niño se llama Ana.,hola hay espacios para primer ano mi nino se llama ana
Web,charlas de admision para 1ero secundaria. Mi menor es Gabriel.,charlas de admision para 1ero secundaria mi menor es gabriel
Email,"Estimados, quisiera saber los costos de primer grado para mi hijo Pedro.",estimados quisiera saber los costos de primer grado para mi hijo pedro
Web,charlas de admision para 1ero secundaria. Mi menor es Luis.,charlas de admision para 1ero secundaria mi menor es luis
Email,Solicito información de cuotas y detalles para primer grado. Atte: Nicolas.,solicito informacion de cuotas y detalles para primer grado atte nicolas
Web,documentación para traslado a 1ero secundaria. Postulante: Lucia.,documentacion para traslado a 1ero secundaria postulante lucia
WhatsApp,<p><b>Hola hay cupos para inicial 5 años? Mi niño se llama Maria.</b></p>,hola hay cupos para inicial 5 anos mi nino se llama maria
Email,SOLICITO INFORMACIÓN DE MENSUALIDAD Y DETALLES PARA 1ERO PRIMARIA. ATTE: MATEO.,solicito informacion de mensualidad y detalles para 1ero primaria atte mateo
Email,SOLICITO INFORMACIÓN DE PAGOS Y DETALLES PARA INICIAL 4 AÑOS. ATTE: NICOLAS.,solicito informacion de pagos y detalles para inicial 4 anos atte nicolas
WhatsApp,Saber si hay espacios en 1ero secundaria para Lucia. Gracias.,saber si hay espacios en 1ero secundaria para lucia gracias
WhatsApp,Hola hay disponibilidad de ingreso para 1ero primaria? Mi niño se llama Ana.,hola hay disponibilidad de ingreso para 1ero primaria mi nino se llama ana
Web,documentación para traslado a inicial 5 años. Postulante: Sofia.,documentacion para traslado a inicial 5 anos postulante sofia
WhatsApp,Hola hay vacantes para primer año? Mi niño se llama Valentina.,hola hay vacantes para primer ano mi nino se llama valentina
Web,partidas para traslado a primer grado. Postulante: Juan.,partidas para traslado a primer grado postulante juan
WhatsApp,Saber si hay espacios en inicial 5 años para Sofia. Gracias.,saber si hay espacios en inicial 5 anos para sofia gracias
Web,cronograma de admision para inicial 5 años. Mi menor es Thiago.,cronograma de admision para inicial 5 anos mi menor es thiago
Web,<p><b>partidas para traslado a inicial 4 años. Postulante: Pedro.</b></p>,partidas para traslado a inicial 4 anos postulante pedro
Email,"Estimados, quisiera saber los costos de 1ero primaria para mi hijo Maria.",estimados quisiera saber los costos de 1ero primaria para mi hijo maria
WhatsApp,Hola hay cupos para inicial 3 años? Mi niño se llama Pedro.,hola hay cupos para inicial 3 anos mi nino se llama pedro
Email,Solicito información de pagos y detalles para inicial 5 años. Atte: Luis.,solicito informacion de pagos y detalles para inicial 5 anos atte luis
WhatsApp,Saber si hay vacantes en 5to secundaria para Nicolas. Gracias.,saber si hay vacantes en 5to secundaria para nicolas gracias
Email,"Estimados, quisiera saber los pagos de inicial 4 años para mi hijo Lucia.",estimados quisiera saber los pagos de inicial 4 anos para mi hijo lucia
Email,"Estimados, quisiera saber los costos de secundaria para mi hijo Ana.",estimados quisiera saber los costos de secundaria para mi hijo ana
WhatsApp,SABER SI HAY DISPONIBILIDAD DE INGRESO EN SECUNDARIA PARA VALENTINA. GRACIAS.,saber si hay disponibilidad de ingreso en secundaria para valentina gracias
WhatsApp,Saber si hay espacios en 6to primaria para Elena. Gracias.,saber si hay espacios en 6to primaria para elena gracias
Web,documentos para traslado a primer año. Postulante: Sofia.,documentos para traslado a primer ano postulante sofia
WhatsApp,Hola hay disponibilidad de ingreso para inicial 5 años? Mi niño se llama Camila.,hola hay disponibilidad de ingreso para inicial 5 anos mi nino se llama camila
Email,"<p><b>Estimados, quisiera saber los precios de 1ero secundaria para mi hijo Ana.</b></p>",estimados quisiera saber los precios de 1ero secundaria para mi hijo ana
Email,<p><b>Solicito información de costos y detalles para primer grado. Atte: Gabriel.</b></p>,solicito informacion de costos y detalles para primer grado atte gabriel
WhatsApp,Saber si hay cupos en 1ero primaria para Sebastian. Gracias.,saber si hay cupos en 1ero primaria para sebastian gracias
Email,Solicito información de pagos y detalles para secundaria. Atte: Ana.,solicito informacion de pagos y detalles para secundaria atte ana
Email,"Estimados, quisiera saber los pagos de inicial 4 años para mi hijo Nicolas.",estimados quisiera saber los pagos de inicial 4 anos para mi hijo nicolas
Web,ficha de matrícula para traslado a inicial 5 años. Postulante: Mateo.,ficha de matricula para traslado a inicial 5 anos postulante mateo
Email,"<p><b>Estimados, quisiera saber los pensiones de secundaria para mi hijo Gabriel.</b></p>",estimados quisiera saber los pensiones de secundaria para mi hijo gabriel
WhatsApp,Hola hay cupos para inicial 5 años? Mi niño se llama Camila.,hola hay cupos para inicial 5 anos mi nino se llama camila
WhatsApp,Saber si hay vacantes en 6to primaria para Ana. Gracias.,saber si hay vacantes en 6to primaria para ana gracias
Web,cronograma de admision para 5to secundaria. Mi menor es Thiago.,cronograma de admision para 5to secundaria mi menor es thiago
Web,<p><b>entrevistas de admision para primer grado. Mi menor es Lucia.</b></p>,entrevistas de admision para primer grado mi menor es lucia
Web,requisitos para traslado a primer grado. Postulante: Valentina.,requisitos para traslado a primer grado postulante valentina
Web,FICHA DE MATRÍCULA PARA TRASLADO A INICIAL 3 AÑOS. POSTULANTE: VALENTINA.,ficha de matricula para traslado a inicial 3 anos postulante valentina
WhatsApp,Saber si hay vacantes en primer grado para Juan. Gracias.,saber si hay vacantes en primer grado para juan gracias
Web,requisitos para traslado a 5to secundaria. Postulante: Juan.,requisitos para traslado a 5to secundaria postulante juan
Email,Solicito información de precios y detalles para primer año. Atte: Pedro.,solicito informacion de precios y detalles para primer ano atte pedro
Email,"Estimados, quisiera saber los mensualidad de inicial 5 años para mi hijo Thiago.",estimados quisiera saber los mensualidad de inicial 5 anos para mi hijo thiago
Web,requisitos para traslado a inicial 4 años. Postulante: Elena.,requisitos para traslado a inicial 4 anos postulante elena
WhatsApp,<p><b>Hola hay cupos para primer grado? Mi niño se llama Pedro.</b></p>,hola hay cupos para primer grado mi nino se llama pedro
Web,PARTIDAS PARA TRASLADO A INICIAL 5 AÑOS. POSTULANTE: MATEO.,partidas para traslado a inicial 5 anos postulante mateo
Email,"<p><b>Estimados, quisiera saber los costos de inicial 5 años para mi hijo Maria.</b></p>",estimados quisiera saber los costos de inicial 5 anos para mi hijo maria
Web,partidas para traslado a primer año. Postulante: Lucia.,partidas para traslado a primer ano postulante lucia
Email,"Estimados, quisiera saber los precios de primer grado para mi hijo Sofia.",estimados quisiera saber los precios de primer grado para mi hijo sofia
Web,<p><b>ficha de matrícula para traslado a 6to primaria. Postulante: Juan.</b></p>,ficha de matricula para traslado a 6to primaria postulante juan
WhatsApp,Hola hay cupos para secundaria? Mi niño se llama Gabriel.,hola hay cupos para secundaria mi nino se llama gabriel
Web,documentación para traslado a inicial 4 años. Postulante: Pedro.,documentacion para traslado a inicial 4 anos postulante pedro
Web,documentación para traslado a primer año. Postulante: Elena.,documentacion para traslado a primer ano postulante elena
Email,Solicito información de precios y detalles para inicial 4 años. Atte: Elena.,solicito informacion de precios y detalles para inicial 4 anos atte elena
Web,reunión de admision para inicial 3 años. Mi menor es Mateo.,reunion de admision para inicial 3 anos mi menor es mateo
Email,Solicito información de mensualidad y detalles para primer grado. Atte: Sofia.,solicito informacion de mensualidad y detalles para primer grado atte sofia
Web,DOCUMENTACIÓN PARA TRASLADO A 1ERO SECUNDARIA. POSTULANTE: THIAGO.,documentacion para traslado a 1ero secundaria postulante thiago
Email,"<p><b>Estimados, quisiera saber los cuotas de primer año para mi hijo Elena.</b></p>",estimados quisiera saber los cuotas de primer ano para mi hijo elena
WhatsApp,<p><b>Hola hay vacantes para primer grado? Mi niño se llama Ana.</b></p>,hola hay vacantes para primer grado mi nino se llama ana
Email,Solicito información de mensualidad y detalles para secundaria. Atte: Elena.,solicito informacion de mensualidad y detalles para secundaria atte elena
WhatsApp,Hola hay cupos para primer año? Mi niño se llama Nicolas.,hola hay cupos para primer ano mi nino se llama nicolas
Email,"Estimados, quisiera saber los precios de 6to primaria para mi hijo Sebastian.",estimados quisiera saber los precios de 6to primaria para mi hijo sebastian
Email,"Estimados, quisiera saber los precios de primer grado para mi hijo Nicolas.",estimados quisiera saber los precios de primer grado para mi hijo nicolas
Email,Solicito información de costos y detalles para 1ero primaria. Atte: Elena.,solicito informacion de costos y detalles para 1ero primaria atte elena
Web,DOCUMENTACIÓN PARA TRASLADO A 1ERO SECUNDARIA. POSTULANTE: CAMILA.,documentacion para traslado a 1ero secundaria postulante camila
WhatsApp,Saber si hay disponibilidad de ingreso en 5to secundaria para Juan. Gracias.,saber si hay disponibilidad de ingreso en 5to secundaria para juan gracias
WhatsApp,<p><b>Saber si hay espacios en primer año para Sebastian. Gracias.</b></p>,saber si hay espacios en primer ano para sebastian gracias
WhatsApp,Saber si hay disponibilidad de ingreso en inicial 5 años para Ana. Gracias.,saber si hay disponibilidad de ingreso en inicial 5 anos para ana gracias
Email,Solicito información de costos y detalles para 5to secundaria. Atte: Maria.,solicito informacion de costos y detalles para 5to secundaria atte maria
WhatsApp,HOLA HAY CUPOS PARA 1ERO PRIMARIA? MI NIÑO SE LLAMA LUIS.,hola hay cupos para 1ero primaria mi nino se llama luis
Email,"Estimados, quisiera saber los pagos de primer grado para mi hijo Valentina.",estimados quisiera saber los pagos de primer grado para mi hijo valentina
Web,citas de admision para 6to primaria. Mi menor es Pedro.,citas de admision para 6to primaria mi menor es pedro
Email,<p><b>Solicito información de pagos y detalles para 1ero secundaria. Atte: Sofia.</b></p>,solicito informacion de pagos y detalles para 1ero secundaria atte sofia
Web,documentos para traslado a 6to primaria. Postulante: Pedro.,documentos para traslado a 6to primaria postulante pedro
Email,"Estimados, quisiera saber los cuotas de secundaria para mi hijo Gabriel.",estimados quisiera saber los cuotas de secundaria para mi hijo gabriel
Web,<p><b>cronograma de admision para 6to primaria. Mi menor es Camila.</b></p>,cronograma de admision para 6to primaria mi menor es camila
Email,SOLICITO INFORMACIÓN DE COSTOS Y DETALLES PARA INICIAL 3 AÑOS. ATTE: LUIS.,solicito informacion de costos y detalles para inicial 3 anos atte luis
Web,requisitos para traslado a inicial 4 años. Postulante: Mateo.,requisitos para traslado a inicial 4 anos postulante mateo
WhatsApp,Hola hay disponibilidad de ingreso para inicial 3 años? Mi niño se llama Sofia.,hola hay disponibilidad de ingreso para inicial 3 anos mi nino se llama sofia
Email,"Estimados, quisiera saber los cuotas de secundaria para mi hijo Maria.",estimados quisiera saber los cuotas de secundaria para mi hijo maria
Web,papeles para traslado a 5to secundaria. Postulante: Elena.,papeles para traslado a 5to secundaria postulante elena
WhatsApp,<p><b>Hola hay cupos para 6to primaria? Mi niño se llama Nicolas.</b></p>,hola hay cupos para 6to primaria mi nino se llama nicolas
Email,"Estimados, quisiera saber los mensualidad de inicial 4 años para mi hijo Camila.",estimados quisiera saber los mensualidad de inicial 4 anos para mi hijo camila
WhatsApp,<p><b>Saber si hay cupos en primer grado para Camila. Gracias.</b></p>,saber si hay cupos en primer grado para camila gracias
Email,"ESTIMADOS, QUISIERA SABER LOS COSTOS DE SECUNDARIA PARA MI HIJO ELENA.",estimados quisiera saber los costos de secundaria para mi hijo elena
Email,"Estimados, quisiera saber los mensualidad de 6to primaria para mi hijo Luis.",estimados quisiera saber los mensualidad de 6to primaria para mi hijo luis
Web,REQUISITOS PARA TRASLADO A INICIAL 3 AÑOS. POSTULANTE: PEDRO.,requisitos para traslado a inicial 3 anos postulante pedro
Web,citas de admision para 5to secundaria. Mi menor es Luis.,citas de admision para 5to secundaria mi menor es luis
Web,cronograma de admision para inicial 3 años. Mi menor es Ana.,cronograma de admision para inicial 3 anos mi menor es ana
WhatsApp,Hola hay lugares para inicial 3 años? Mi niño se llama Nicolas.,hola hay lugares para inicial 3 anos mi nino se llama nicolas
WhatsApp,Saber si hay lugares en inicial 4 años para Sebastian. Gracias.,saber si hay lugares en inicial 4 anos para sebastian gracias
Email,Solicito información de pagos y detalles para 6to primaria. Atte: Gabriel.,solicito informacion de pagos y detalles para 6to primaria atte gabriel
Email,"Estimados, quisiera saber los mensualidad de 1ero secundaria para mi hijo Pedro.",estimados quisiera saber los mensualidad de 1ero secundaria para mi hijo pedro
Web,FICHA DE MATRÍCULA PARA TRASLADO A INICIAL 4 AÑOS. POSTULANTE: CAMILA.,ficha de matricula para traslado a inicial 4 anos postulante camila
WhatsApp,Saber si hay disponibilidad de ingreso en 6to primaria para Luis. Gracias.,saber si hay disponibilidad de ingreso en 6to primaria para luis gracias
Email,"Estimados, quisiera saber los pagos de inicial 3 años para mi hijo Sofia.",estimados quisiera saber los pagos de inicial 3 anos para mi hijo sofia
Web,DOCUMENTOS PARA TRASLADO A PRIMER GRADO. POSTULANTE: SEBASTIAN.,documentos para traslado a primer grado postulante sebastian
WhatsApp,<p><b>Hola hay espacios para 5to secundaria? Mi niño se llama Mateo.</b></p>,hola hay espacios para 5to secundaria mi nino se llama mateo
WhatsApp,Hola hay cupos para inicial 3 años? Mi niño se llama Sofia.,hola hay cupos para inicial 3 anos mi nino se llama sofia
Email,"Estimados, quisiera saber los mensualidad de primer año para mi hijo Gabriel.",estimados quisiera saber los mensualidad de primer ano para mi hijo gabriel
Web,cronograma de admision para primer año. Mi menor es Lucia.,cronograma de admision para primer ano mi menor es lucia
WhatsApp,Hola hay disponibilidad de ingreso para inicial 4 años? Mi niño se llama Ana.,hola hay disponibilidad de ingreso para inicial 4 anos mi nino se llama ana
WhatsApp,Saber si hay cupos en secundaria para Sofia. Gracias.,saber si hay cupos en secundaria para sofia gracias
Web,documentos para traslado a 1ero secundaria. Postulante: Lucia.,documentos para traslado a 1ero secundaria postulante lucia
Email,"<p><b>Estimados, quisiera saber los cuotas de 1ero primaria para mi hijo Thiago.</b></p>",estimados quisiera saber los cuotas de 1ero primaria para mi hijo thiago
Email,"Estimados, quisiera saber los cuotas de secundaria para mi hijo Luis.",estimados quisiera saber los cuotas de secundaria para mi hijo luis
Web,charlas de admision para 5to secundaria. Mi menor es Camila.,charlas de admision para 5to secundaria mi menor es camila
WhatsApp,<p><b>Saber si hay lugares en 1ero primaria para Pedro. Gracias.</b></p>,saber si hay lugares en 1ero primaria para pedro gracias
Email,"Estimados, quisiera saber los costos de inicial 3 años para mi hijo Gabriel.",estimados quisiera saber los costos de inicial 3 anos para mi hijo gabriel
WhatsApp,Saber si hay disponibilidad de ingreso en inicial 3 años para Thiago. Gracias.,saber si hay disponibilidad de ingreso en inicial 3 anos para thiago gracias
WhatsApp,HOLA HAY CUPOS PARA 6TO PRIMARIA? MI NIÑO SE LLAMA MARIA.,hola hay cupos para 6to primaria mi nino se llama maria
Email,"<p><b>Estimados, quisiera saber los pagos de 6to primaria para mi hijo Pedro.</b></p>",estimados quisiera saber los pagos de 6to primaria para mi hijo pedro
Web,documentos para traslado a primer grado. Postulante: Maria.,documentos para traslado a primer grado postulante maria
Email,"Estimados, quisiera saber los cuotas de 1ero primaria para mi hijo Luis.",estimados quisiera saber los cuotas de 1ero primaria para mi hijo luis
Web,cronograma de admision para 1ero primaria. Mi menor es Lucia.,cronograma de admision para 1ero primaria mi menor es lucia
Email,"<p><b>Estimados, quisiera saber los costos de primer año para mi hijo Nicolas.</b></p>",estimados quisiera saber los costos de primer ano para mi hijo nicolas
Web,CHARLAS DE ADMISION PARA INICIAL 4 AÑOS. MI MENOR ES MARIA.,charlas de admision para inicial 4 anos mi menor es maria
Web,DOCUMENTACIÓN PARA TRASLADO A 5TO SECUNDARIA. POSTULANTE: LUIS.,documentacion para traslado a 5to secundaria postulante luis
Email,<p><b>Solicito información de pagos y detalles para 1ero primaria. Atte: Sebastian.</b></p>,solicito informacion de pagos y detalles para 1ero primaria atte sebastian
WhatsApp,Hola hay cupos para 1ero primaria? Mi niño se llama Sebastian.,hola hay cupos para 1ero primaria mi nino se llama sebastian
Web,charlas de admision para 1ero secundaria. Mi menor es Mateo.,charlas de admision para 1ero secundaria mi menor es mateo
WhatsApp,<p><b>Saber si hay vacantes en primer grado para Lucia. Gracias.</b></p>,saber si hay vacantes en primer grado para lucia gracias
Web,charlas de admision para inicial 3 años. Mi menor es Thiago.,charlas de admision para inicial 3 anos mi menor es thiago
Email,"Estimados, quisiera saber los precios de primer grado para mi hijo Gabriel.",estimados quisiera saber los precios de primer grado para mi hijo gabriel
Email,"Estimados, quisiera saber los mensualidad de primer grado para mi hijo Valentina.",estimados quisiera saber los mensualidad de primer grado para mi hijo valentina
Web,<p><b>documentos para traslado a inicial 5 años. Postulante: Nicolas.</b></p>,documentos para traslado a inicial 5 anos postulante nicolas
WhatsApp,<p><b>Saber si hay disponibilidad de ingreso en inicial 5 años para Pedro. Gracias.</b></p>,saber si hay disponibilidad de ingreso en inicial 5 anos para pedro gracias
Email,"<p><b>Estimados, quisiera saber los costos de primer grado para mi hijo Luis.</b></p>",estimados quisiera saber los costos de primer grado para mi hijo luis
Email,"ESTIMADOS, QUISIERA SABER LOS PRECIOS DE 1ERO PRIMARIA PARA MI HIJO SOFIA.",estimados quisiera saber los precios de 1ero primaria para mi hijo sofia
Email,"Estimados, quisiera saber los mensualidad de 1ero secundaria para mi hijo Mateo.",estimados quisiera saber los mensualidad de 1ero secundaria para mi hijo mateo
WhatsApp,Saber si hay lugares en secundaria para Camila. Gracias.,saber si hay lugares en secundaria para camila gracias
Web,citas de admision para 5to secundaria. Mi menor es Ana.,citas de admision para 5to secundaria mi menor es ana
WhatsApp,Hola hay lugares para 5to secundaria? Mi niño se llama Mateo.,hola hay lugares para 5to secundaria mi nino se llama mateo
Email,Solicito información de cuotas y detalles para inicial 5 años. Atte: Sofia.,solicito informacion de cuotas y detalles para inicial 5 anos atte sofia
Email,"Estimados, quisiera saber los pagos de primer año para mi hijo Pedro.",estimados quisiera saber los pagos de primer ano para mi hijo pedro
WhatsApp,<p><b>Hola hay vacantes para primer grado? Mi niño se llama Thiago.</b></p>,hola hay vacantes para primer grado mi nino se llama thiago
Email,"ESTIMADOS, QUISIERA SABER LOS PENSIONES DE PRIMER AÑO PARA MI HIJO MARIA.",estimados quisiera saber los pensiones de primer ano para mi hijo maria
WhatsApp,Hola hay lugares para 5to secundaria? Mi niño se llama Pedro.,hola hay lugares para 5to secundaria mi nino se llama pedro
Email,<p><b>Solicito información de pagos y detalles para primer año. Atte: Pedro.</b></p>,solicito informacion de pagos y detalles para primer ano atte pedro
Email,"Estimados, quisiera saber los pensiones de primer año para mi hijo Camila.",estimados quisiera saber los pensiones de primer ano para mi hijo camila
Email,Solicito información de costos y detalles para 1ero secundaria. Atte: Mateo.,solicito informacion de costos y detalles para 1ero secundaria atte mateo
Email,"Estimados, quisiera saber los precios de 5to secundaria para mi hijo Sebastian.",estimados quisiera saber los precios de 5to secundaria para mi hijo sebastian
Web,CRONOGRAMA DE ADMISION PARA PRIMER GRADO. MI MENOR ES ELENA.,cronograma de admision para primer grado mi menor es elena
Web,<p><b>reunión de admision para 5to secundaria. Mi menor es Nicolas.</b></p>,reunion de admision para 5to secundaria mi menor es nicolas
Web,<p><b>citas de admision para secundaria. Mi menor es Maria.</b></p>,citas de admision para secundaria mi menor es maria
Web,requisitos para traslado a inicial 5 años. Postulante: Pedro.,requisitos para traslado a inicial 5 anos postulante pedro
Email,Solicito información de pensiones y detalles para inicial 4 años. Atte: Elena.,solicito informacion de pensiones y detalles para inicial 4 anos atte elena
Web,partidas para traslado a inicial 4 años. Postulante: Thiago.,partidas para traslado a inicial 4 anos postulante thiago
Web,<p><b>entrevistas de admision para 1ero secundaria. Mi menor es Maria.</b></p>,entrevistas de admision para 1ero secundaria mi menor es maria
WhatsApp,Hola hay espacios para primer año? Mi niño se llama Gabriel.,hola hay espacios para primer ano mi nino se llama gabriel
WhatsApp,HOLA HAY LUGARES PARA 1ERO PRIMARIA? MI NIÑO SE LLAMA THIAGO.,hola hay lugares para 1ero primaria mi nino se llama thiago
WhatsApp,Saber si hay espacios en inicial 5 años para Thiago. Gracias.,saber si hay espacios en inicial 5 anos para thiago gracias
Web,papeles para traslado a 6to primaria. Postulante: Nicolas.,papeles para traslado a 6to primaria postulante nicolas
WhatsApp,Saber si hay vacantes en inicial 3 años para Nicolas. Gracias.,saber si hay vacantes en inicial 3 anos para nicolas gracias
Web,requisitos para traslado a inicial 4 años. Postulante: Luis.,requisitos para traslado a inicial 4 anos postulante luis
Web,cronograma de admision para 5to secundaria. Mi menor es Ana.,cronograma de admision para 5to secundaria mi menor es ana
WhatsApp,<p><b>Saber si hay lugares en primer año para Camila. Gracias.</b></p>,saber si hay lugares en primer ano para camila gracias
Web,papeles para traslado a 1ero secundaria. Postulante: Gabriel.,papeles para traslado a 1ero secundaria postulante gabriel
Web,documentación para traslado a 5to secundaria. Postulante: Valentina.,documentacion para traslado a 5to secundaria postulante valentina
Web,<p><b>cronograma de admision para 1ero secundaria. Mi menor es Maria.</b></p>,cronograma de admision para 1ero secundaria mi menor es maria
WhatsApp,<p><b>Hola hay cupos para 5to secundaria? Mi niño se llama Maria.</b></p>,hola hay cupos para 5to secundaria mi nino se llama maria
Email,Solicito información de costos y detalles para 1ero secundaria. Atte: Pedro.,solicito informacion de costos y detalles para 1ero secundaria atte pedro
Web,documentación para traslado a 6to primaria. Postulante: Luis.,documentacion para traslado a 6to primaria postulante luis
Email,"ESTIMADOS, QUISIERA SABER LOS PAGOS DE INICIAL 5 AÑOS PARA MI HIJO JUAN.",estimados quisiera saber los pagos de inicial 5 anos para mi hijo juan
Web,PARTIDAS PARA TRASLADO A SECUNDARIA. POSTULANTE: PEDRO.,partidas para traslado a secundaria postulante pedro
Web,<p><b>entrevistas de admision para 5to secundaria. Mi menor es Nicolas.</b></p>,entrevistas de admision para 5to secundaria mi menor es nicolas
Email,"Estimados, quisiera saber los mensualidad de 5to secundaria para mi hijo Elena.",estimados quisiera saber los mensualidad de 5to secundaria para mi hijo elena
Web,papeles para traslado a 6to primaria. Postulante: Valentina.,papeles para traslado a 6to primaria postulante valentina
Web,citas de admision para inicial 3 años. Mi menor es Pedro.,citas de admision para inicial 3 anos mi menor es pedro
WhatsApp,Saber si hay cupos en secundaria para Lucia. Gracias.,saber si hay cupos en secundaria para lucia gracias
WhatsApp,<p><b>Hola hay lugares para 5to secundaria? Mi niño se llama Lucia.</b></p>,hola hay lugares para 5to secundaria mi nino se llama lucia
Email,<p><b>Solicito información de pensiones y detalles para 5to secundaria. Atte: Sebastian.</b></p>,solicito informacion de pensiones y detalles para 5to secundaria atte sebastian
Email,"<p><b>Estimados, quisiera saber los pagos de 1ero secundaria para mi hijo Lucia.</b></p>",estimados quisiera saber los pagos de 1ero secundaria para mi hijo lucia
Web,reunión de admision para 5to secundaria. Mi menor es Luis.,reunion de admision para 5to secundaria mi menor es luis
Web,reunión de admision para 6to primaria. Mi menor es Nicolas.,reunion de admision para 6to primaria mi menor es nicolas
WhatsApp,Hola hay espacios para inicial 4 años? Mi niño se llama Sofia.,hola hay espacios para inicial 4 anos mi nino se llama sofia
WhatsApp,<p><b>Hola hay disponibilidad de ingreso para inicial 4 años? Mi niño se llama Pedro.</b></p>,hola hay disponibilidad de ingreso para inicial 4 anos mi nino se llama pedro
Web,CHARLAS DE ADMISION PARA PRIMER AÑO. MI MENOR ES LUCIA.,charlas de admision para primer ano mi menor es lucia
Email,Solicito información de mensualidad y detalles para secundaria. Atte: Luis.,solicito informacion de mensualidad y detalles para secundaria atte luis
Email,Solicito información de pensiones y detalles para inicial 3 años. Atte: Valentina.,solicito informacion de pensiones y detalles para inicial 3 anos atte valentina
Email,Solicito información de cuotas y detalles para 1ero primaria. Atte: Gabriel.,solicito informacion de cuotas y detalles para 1ero primaria atte gabriel
WhatsApp,Saber si hay espacios en primer grado para Sebastian. Gracias.,saber si hay espacios en primer grado para sebastian gracias
WhatsApp,Saber si hay lugares en primer año para Sebastian. Gracias.,saber si hay lugares en primer ano para sebastian gracias
Web,entrevistas de admision para 1ero secundaria. Mi menor es Valentina.,entrevistas de admision para 1ero secundaria mi menor es valentina
Email,"ESTIMADOS, QUISIERA SABER LOS PAGOS DE INICIAL 3 AÑOS PARA MI HIJO THIAGO.",estimados quisiera saber los pagos de inicial 3 anos para mi hijo thiago
Email,"<p><b>Estimados, quisiera saber los pagos de 6to primaria para mi hijo Ana.</b></p>",estimados quisiera saber los pagos de 6to primaria para mi hijo ana
Web,<p><b>citas de admision para inicial 4 años. Mi menor es Luis.</b></p>,citas de admision para inicial 4 anos mi menor es luis
WhatsApp,HOLA HAY LUGARES PARA INICIAL 3 AÑOS? MI NIÑO SE LLAMA GABRIEL.,hola hay lugares para inicial 3 anos mi nino se llama gabriel
WhatsApp,Hola hay cupos para 1ero secundaria? Mi niño se llama Gabriel.,hola hay cupos para 1ero secundaria mi nino se llama gabriel
Email,"ESTIMADOS, QUISIERA SABER LOS MENSUALIDAD DE PRIMER GRADO PARA MI HIJO CAMILA.",estimados quisiera saber los mensualidad de primer grado para mi hijo camila
Email,"Estimados, quisiera saber los costos de secundaria para mi hijo Sofia.",estimados quisiera saber los costos de secundaria para mi hijo sofia
Web,documentos para traslado a inicial 4 años. Postulante: Nicolas.,documentos para traslado a inicial 4 anos postulante nicolas
Web,citas de admision para primer grado. Mi menor es Nicolas.,citas de admision para primer grado mi menor es nicolas
Web,<p><b>charlas de admision para inicial 3 años. Mi menor es Valentina.</b></p>,charlas de admision para inicial 3 anos mi menor es valentina
Web,papeles para traslado a inicial 3 años. Postulante: Valentina.,papeles para traslado a inicial 3 anos postulante valentina
Email,Solicito información de precios y detalles para 5to secundaria. Atte: Pedro.,solicito informacion de precios y detalles para 5to secundaria atte pedro
WhatsApp,SABER SI HAY ESPACIOS EN 1ERO PRIMARIA PARA ELENA. GRACIAS.,saber si hay espacios en 1ero primaria para elena gracias
Email,Solicito información de cuotas y detalles para inicial 5 años. Atte: Nicolas.,solicito informacion de cuotas y detalles para inicial 5 anos atte nicolas
Email,SOLICITO INFORMACIÓN DE PRECIOS Y DETALLES PARA 5TO SECUNDARIA. ATTE: ANA.,solicito informacion de precios y detalles para 5to secundaria atte ana
Email,"Estimados, quisiera saber los pensiones de 1ero secundaria para mi hijo Camila.",estimados quisiera saber los pensiones de 1ero secundaria para mi hijo camila
Email,<p><b>Solicito información de cuotas y detalles para 6to primaria. Atte: Ana.</b></p>,solicito informacion de cuotas y detalles para 6to primaria atte ana
Web,documentación para traslado a primer grado. Postulante: Sebastian.,documentacion para traslado a primer grado postulante sebastian
Email,SOLICITO INFORMACIÓN DE PAGOS Y DETALLES PARA SECUNDARIA. ATTE: GABRIEL.,solicito informacion de pagos y detalles para secundaria atte gabriel
Email,"Estimados, quisiera saber los precios de primer grado para mi hijo Maria.",estimados quisiera saber los precios de primer grado para mi hijo maria
Web,<p><b>ficha de matrícula para traslado a 1ero primaria. Postulante: Mateo.</b></p>,ficha de matricula para traslado a 1ero primaria postulante mateo
Email,Solicito información de pagos y detalles para inicial 5 años. Atte: Mateo.,solicito informacion de pagos y detalles para inicial 5 anos atte mateo
WhatsApp,<p><b>Hola hay lugares para inicial 5 años? Mi niño se llama Juan.</b></p>,hola hay lugares para inicial 5 anos mi nino se llama juan
Email,Solicito información de costos y detalles para secundaria. Atte: Maria.,solicito informacion de costos y detalles para secundaria atte maria
WhatsApp,Hola hay vacantes para primer grado? Mi niño se llama Sebastian.,hola hay vacantes para primer grado mi nino se llama sebastian
Web,<p><b>documentos para traslado a inicial 3 años. Postulante: Gabriel.</b></p>,documentos para traslado a inicial 3 anos postulante gabriel
Email,"Estimados, quisiera saber los pensiones de 5to secundaria para mi hijo Ana.",estimados quisiera saber los pensiones de 5to secundaria para mi hijo ana
WhatsApp,SABER SI HAY VACANTES EN SECUNDARIA PARA CAMILA. GRACIAS.,saber si hay vacantes en secundaria para camila gracias
Email,"Estimados, quisiera saber los precios de inicial 3 años para mi hijo Pedro.",estimados quisiera saber los precios de inicial 3 anos para mi hijo pedro
Email,"Estimados, quisiera saber los mensualidad de 5to secundaria para mi hijo Luis.",estimados quisiera saber los mensualidad de 5to secundaria para mi hijo luis
Email,SOLICITO INFORMACIÓN DE CUOTAS Y DETALLES PARA 5TO SECUNDARIA. ATTE: LUIS.,solicito informacion de cuotas y detalles para 5to secundaria atte luis
Email,"Estimados, quisiera saber los cuotas de 6to primaria para mi hijo Nicolas.",estimados quisiera saber los cuotas de 6to primaria para mi hijo nicolas
Web,requisitos para traslado a inicial 5 años. Postulante: Thiago.,requisitos para traslado a inicial 5 anos postulante thiago
Web,entrevistas de admision para primer año. Mi menor es Camila.,entrevistas de admision para primer ano mi menor es camila
WhatsApp,Hola hay lugares para primer año? Mi niño se llama Nicolas.,hola hay lugares para primer ano mi nino se llama nicolas
WhatsApp,Hola hay espacios para 5to secundaria? Mi niño se llama Gabriel.,hola hay espacios para 5to secundaria mi nino se llama gabriel
Email,"Estimados, quisiera saber los precios de 1ero secundaria para mi hijo Valentina.",estimados quisiera saber los precios de 1ero secundaria para mi hijo valentina
Email,Solicito información de pagos y detalles para inicial 3 años. Atte: Pedro.,solicito informacion de pagos y detalles para inicial 3 anos atte pedro
WhatsApp,Hola hay disponibilidad de ingreso para 5to secundaria? Mi niño se llama Elena.,hola hay disponibilidad de ingreso para 5to secundaria mi nino se llama elena
Email,"Estimados, quisiera saber los pensiones de inicial 3 años para mi hijo Thiago.",estimados quisiera saber los pensiones de inicial 3 anos para mi hijo thiago
WhatsApp,Saber si hay cupos en 1ero primaria para Valentina. Gracias.,saber si hay cupos en 1ero primaria para valentina gracias
Email,<p><b>Solicito información de precios y detalles para 1ero primaria. Atte: Mateo.</b></p>,solicito informacion de precios y detalles para 1ero primaria atte mateo
WhatsApp,HOLA HAY CUPOS PARA SECUNDARIA? MI NIÑO SE LLAMA CAMILA.,hola hay cupos para secundaria mi nino se llama camila
Email,SOLICITO INFORMACIÓN DE COSTOS Y DETALLES PARA INICIAL 5 AÑOS. ATTE: NICOLAS.,solicito informacion de costos y detalles para inicial 5 anos atte nicolas
WhatsApp,HOLA HAY VACANTES PARA INICIAL 3 AÑOS? MI NIÑO SE LLAMA LUCIA.,hola hay vacantes para inicial 3 anos mi nino se llama lucia
Web,PARTIDAS PARA TRASLADO A 1ERO SECUNDARIA. POSTULANTE: MARIA.,partidas para traslado a 1ero secundaria postulante maria
Web,charlas de admision para inicial 4 años. Mi menor es Thiago.,charlas de admision para inicial 4 anos mi menor es thiago
Email,Solicito información de precios y detalles para inicial 5 años. Atte: Sebastian.,solicito informacion de precios y detalles para inicial 5 anos atte sebastian
Web,reunión de admision para inicial 5 años. Mi menor es Luis.,reunion de admision para inicial 5 anos mi menor es luis
Email,SOLICITO INFORMACIÓN DE PRECIOS Y DETALLES PARA PRIMER AÑO. ATTE: ELENA.,solicito informacion de precios y detalles para primer ano atte elena
Web,DOCUMENTOS PARA TRASLADO A SECUNDARIA. POSTULANTE: LUCIA.,documentos para traslado a secundaria postulante lucia
WhatsApp,<p><b>Hola hay vacantes para primer año? Mi niño se llama Mateo.</b></p>,hola hay vacantes para primer ano mi nino se llama mateo
Email,"Estimados, quisiera saber los pensiones de inicial 3 años para mi hijo Gabriel.",estimados quisiera saber los pensiones de inicial 3 anos para mi hijo gabriel
Web,entrevistas de admision para secundaria. Mi menor es Maria.,entrevistas de admision para secundaria mi menor es maria
WhatsApp,Saber si hay vacantes en 5to secundaria para Lucia. Gracias.,saber si hay vacantes en 5to secundaria para lucia gracias
WhatsApp,Hola hay espacios para 6to primaria? Mi niño se llama Juan.,hola hay espacios para 6to primaria mi nino se llama juan
WhatsApp,<p><b>Saber si hay lugares en inicial 5 años para Mateo. Gracias.</b></p>,saber si hay lugares en inicial 5 anos para mateo gracias
Email,Solicito información de cuotas y detalles para primer año. Atte: Pedro.,solicito informacion de cuotas y detalles para primer ano atte pedro
Email,Solicito información de precios y detalles para 1ero primaria. Atte: Maria.,solicito informacion de precios y detalles para 1ero primaria atte maria
Web,<p><b>entrevistas de admision para primer grado. Mi menor es Nicolas.</b></p>,entrevistas de admision para primer grado mi menor es nicolas
Email,Solicito información de precios y detalles para inicial 5 años. Atte: Nicolas.,solicito informacion de precios y detalles para inicial 5 anos atte nicolas
WhatsApp,Hola hay espacios para secundaria? Mi niño se llama Thiago.,hola hay espacios para secundaria mi nino se llama thiago
WhatsApp,<p><b>Hola hay espacios para inicial 4 años? Mi niño se llama Valentina.</b></p>,hola hay espacios para inicial 4 anos mi nino se llama valentina
Web,CITAS DE ADMISION PARA 1ERO SECUNDARIA. MI MENOR ES MARIA.,citas de admision para 1ero secundaria mi menor es maria
WhatsApp,Hola hay espacios para primer año? Mi niño se llama Thiago.,hola hay espacios para primer ano mi nino se llama thiago
Web,charlas de admision para secundaria. Mi menor es Juan.,charlas de admision para secundaria mi menor es juan
WhatsApp,<p><b>Saber si hay espacios en 5to secundaria para Pedro. Gracias.</b></p>,saber si hay espacios en 5to secundaria para pedro gracias
Web,requisitos para traslado a inicial 4 años. Postulante: Ana.,requisitos para traslado a inicial 4 anos postulante ana
Email,"Estimados, quisiera saber los mensualidad de inicial 5 años para mi hijo Ana.",estimados quisiera saber los mensualidad de inicial 5 anos para mi hijo ana
Web,entrevistas de admision para 5to secundaria. Mi menor es Lucia.,entrevistas de admision para 5to secundaria mi menor es lucia
WhatsApp,HOLA HAY LUGARES PARA 1ERO PRIMARIA? MI NIÑO SE LLAMA ANA.,hola hay lugares para 1ero primaria mi nino se llama ana
Email,Solicito información de pagos y detalles para inicial 4 años. Atte: Gabriel.,solicito informacion de pagos y detalles para inicial 4 anos atte gabriel
Email,"Estimados, quisiera saber los pensiones de 6to primaria para mi hijo Thiago.",estimados quisiera saber los pensiones de 6to primaria para mi hijo thiago
WhatsApp,Hola hay disponibilidad de ingreso para primer año? Mi niño se llama Sofia.,hola hay disponibilidad de ingreso para primer ano mi nino se llama sofia
Email,"Estimados, quisiera saber los cuotas de secundaria para mi hijo Pedro.",estimados quisiera saber los cuotas de secundaria para mi hijo pedro
WhatsApp,<p><b>Saber si hay cupos en 1ero secundaria para Elena. Gracias.</b></p>,saber si hay cupos en 1ero secundaria para elena gracias
Email,"<p><b>Estimados, quisiera saber los cuotas de 5to secundaria para mi hijo Nicolas.</b></p>",estimados quisiera saber los cuotas de 5to secundaria para mi hijo nicolas
WhatsApp,<p><b>Hola hay espacios para primer grado? Mi niño se llama Camila.</b></p>,hola hay espacios para primer grado mi nino se llama camila
WhatsApp,Saber si hay cupos en inicial 3 años para Maria. Gracias.,saber si hay cupos en inicial 3 anos para maria gracias
Email,Solicito información de pensiones y detalles para inicial 3 años. Atte: Sofia.,solicito informacion de pensiones y detalles para inicial 3 anos atte sofia
WhatsApp,<p><b>Hola hay cupos para primer año? Mi niño se llama Lucia.</b></p>,hola hay cupos para primer ano mi nino se llama lucia
Web,CITAS DE ADMISION PARA PRIMER GRADO. MI MENOR ES VALENTINA.,citas de admision para primer grado mi menor es valentina
Web,<p><b>partidas para traslado a 1ero primaria. Postulante: Thiago.</b></p>,partidas para traslado a 1ero primaria postulante thiago
Web,entrevistas de admision para primer grado. Mi menor es Luis.,entrevistas de admision para primer grado mi menor es luis
Email,"Estimados, quisiera saber los pagos de 6to primaria para mi hijo Elena.",estimados quisiera saber los pagos de 6to primaria para mi hijo elena
WhatsApp,Saber si hay disponibilidad de ingreso en 1ero primaria para Mateo. Gracias.,saber si hay disponibilidad de ingreso en 1ero primaria para mateo gracias
Email,<p><b>Solicito información de precios y detalles para primer grado. Atte: Camila.</b></p>,solicito informacion de precios y detalles para primer grado atte camila
Email,Solicito información de costos y detalles para inicial 5 años. Atte: Mateo.,solicito informacion de costos y detalles para inicial 5 anos atte mateo
Web,DOCUMENTOS PARA TRASLADO A 1ERO SECUNDARIA. POSTULANTE: THIAGO.,documentos para traslado a 1ero secundaria postulante thiago
WhatsApp,HOLA HAY CUPOS PARA 1ERO SECUNDARIA? MI NIÑO SE LLAMA THIAGO.,hola hay cupos para 1ero secundaria mi nino se llama thiago
Web,entrevistas de admision para 1ero primaria. Mi menor es Lucia.,entrevistas de admision para 1ero primaria mi menor es lucia
Web,documentos para traslado a inicial 5 años. Postulante: Elena.,documentos para traslado a inicial 5 anos postulante elena
WhatsApp,Saber si hay lugares en 6to primaria para Mateo. Gracias.,saber si hay lugares en 6to primaria para mateo gracias
Web,citas de admision para primer año. Mi menor es Valentina.,citas de admision para primer ano mi menor es valentina
WhatsApp,Hola hay vacantes para 5to secundaria? Mi niño se llama Luis.,hola hay vacantes para 5to secundaria mi nino se llama luis
Email,Solicito información de costos y detalles para 1ero secundaria. Atte: Luis.,solicito informacion de costos y detalles para 1ero secundaria atte luis
Web,requisitos para traslado a 1ero primaria. Postulante: Maria.,requisitos para traslado a 1ero primaria postulante maria
WhatsApp,<p><b>Saber si hay espacios en primer año para Gabriel. Gracias.</b></p>,saber si hay espacios en primer ano para gabriel gracias
Web,entrevistas de admision para 1ero primaria. Mi menor es Mateo.,entrevistas de admision para 1ero primaria mi menor es mateo
Web,entrevistas de admision para inicial 4 años. Mi menor es Valentina.,entrevistas de admision para inicial 4 anos mi menor es valentina
Web,papeles para traslado a secundaria. Postulante: Luis.,papeles para traslado a secundaria postulante luis
Email,"<p><b>Estimados, quisiera saber los mensualidad de inicial 4 años para mi hijo Sebastian.</b></p>",estimados quisiera saber los mensualidad de inicial 4 anos para mi hijo sebastian
WhatsApp,Saber si hay vacantes en inicial 3 años para Camila. Gracias.,saber si hay vacantes en inicial 3 anos para camila gracias
WhatsApp,Saber si hay lugares en primer grado para Elena. Gracias.,saber si hay lugares en primer grado para elena gracias
Web,reunión de admision para secundaria. Mi menor es Nicolas.,reunion de admision para secundaria mi menor es nicolas
Web,CRONOGRAMA DE ADMISION PARA 1ERO SECUNDARIA. MI MENOR ES ELENA.,cronograma de admision para 1ero secundaria mi menor es elena
Email,Solicito información de precios y detalles para inicial 3 años. Atte: Lucia.,solicito informacion de precios y detalles para inicial 3 anos atte lucia
WhatsApp,Hola hay espacios para 1ero secundaria? Mi niño se llama Sebastian.,hola hay espacios para 1ero secundaria mi nino se llama sebastian
Email,Solicito información de cuotas y detalles para 1ero primaria. Atte: Maria.,solicito informacion de cuotas y detalles para 1ero primaria atte maria
Web,citas de admision para inicial 4 años. Mi menor es Gabriel.,citas de admision para inicial 4 anos mi menor es gabriel
Web,<p><b>charlas de admision para 6to primaria. Mi menor es Maria.</b></p>,charlas de admision para 6to primaria mi menor es maria
WhatsApp,<p><b>Saber si hay espacios en primer grado para Thiago. Gracias.</b></p>,saber si hay espacios en primer grado para thiago gracias
Web,FICHA DE MATRÍCULA PARA TRASLADO A INICIAL 5 AÑOS. POSTULANTE: LUIS.,ficha de matricula para traslado a inicial 5 anos postulante luis
WhatsApp,<p><b>Hola hay disponibilidad de ingreso para inicial 5 años? Mi niño se llama Thiago.</b></p>,hola hay disponibilidad de ingreso para inicial 5 anos mi nino se llama thiago
WhatsApp,HOLA HAY CUPOS PARA 6TO PRIMARIA? MI NIÑO SE LLAMA JUAN.,hola hay cupos para 6to primaria mi nino se llama juan
Email,"ESTIMADOS, QUISIERA SABER LOS COSTOS DE 1ERO SECUNDARIA PARA MI HIJO LUCIA.",estimados quisiera saber los costos de 1ero secundaria para mi hijo lucia
WhatsApp,Saber si hay cupos en primer año para Camila. Gracias.,saber si hay cupos en primer ano para camila gracias
Email,<p><b>Solicito información de cuotas y detalles para primer año. Atte: Juan.</b></p>,solicito informacion de cuotas y detalles para primer ano atte juan
Web,charlas de admision para secundaria. Mi menor es Sofia.,charlas de admision para secundaria mi menor es sofia
Email,"Estimados, quisiera saber los cuotas de 1ero secundaria para mi hijo Maria.",estimados quisiera saber los cuotas de 1ero secundaria para mi hijo maria
Email,"Estimados, quisiera saber los costos de primer grado para mi hijo Elena.",estimados quisiera saber los costos de primer grado para mi hijo elena
Web,partidas para traslado a inicial 4 años. Postulante: Gabriel.,partidas para traslado a inicial 4 anos postulante gabriel
WhatsApp,Hola hay cupos para 6to primaria? Mi niño se llama Camila.,hola hay cupos para 6to primaria mi nino se llama camila
Web,requisitos para traslado a primer grado. Postulante: Lucia.,requisitos para traslado a primer grado postulante lucia
Web,CRONOGRAMA DE ADMISION PARA 1ERO PRIMARIA. MI MENOR ES SOFIA.,cronograma de admision para 1ero primaria mi menor es sofia
WhatsApp,Saber si hay vacantes en primer año para Elena. Gracias.,saber si hay vacantes en primer ano para elena gracias
Web,<p><b>partidas para traslado a secundaria. Postulante: Gabriel.</b></p>,partidas para traslado a secundaria postulante gabriel
Email,"Estimados, quisiera saber los precios de primer año para mi hijo Lucia.",estimados quisiera saber los precios de primer ano para mi hijo lucia
Email,"Estimados, quisiera saber los pagos de 1ero primaria para mi hijo Lucia.",estimados quisiera saber los pagos de 1ero primaria para mi hijo lucia
WhatsApp,Hola hay lugares para 1ero secundaria? Mi niño se llama Camila.,hola hay lugares para 1ero secundaria mi nino se llama camila
Web,ficha de matrícula para traslado a secundaria. Postulante: Luis.,ficha de matricula para traslado a secundaria postulante luis
Web,<p><b>requisitos para traslado a 1ero secundaria. Postulante: Gabriel.</b></p>,requisitos para traslado a 1ero secundaria postulante gabriel
Web,charlas de admision para inicial 5 años. Mi menor es Elena.,charlas de admision para inicial 5 anos mi menor es elena
WhatsApp,Hola hay lugares para primer año? Mi niño se llama Elena.,hola hay lugares para primer ano mi nino se llama elena
Web,ENTREVISTAS DE ADMISION PARA 5TO SECUNDARIA. MI MENOR ES ANA.,entrevistas de admision para 5to secundaria mi menor es ana
WhatsApp,<p><b>Hola hay lugares para inicial 3 años? Mi niño se llama Camila.</b></p>,hola hay lugares para inicial 3 anos mi nino se llama camila
Email,SOLICITO INFORMACIÓN DE PRECIOS Y DETALLES PARA SECUNDARIA. ATTE: VALENTINA.,solicito informacion de precios y detalles para secundaria atte valentina
WhatsApp,Hola hay espacios para 1ero secundaria? Mi niño se llama Juan.,hola hay espacios para 1ero secundaria mi nino se llama juan
Web,partidas para traslado a primer grado. Postulante: Thiago.,partidas para traslado a primer grado postulante thiago
Email,SOLICITO INFORMACIÓN DE MENSUALIDAD Y DETALLES PARA SECUNDARIA. ATTE: JUAN.,solicito informacion de mensualidad y detalles para secundaria atte juan
Web,<p><b>requisitos para traslado a 5to secundaria. Postulante: Ana.</b></p>,requisitos para traslado a 5to secundaria postulante ana
WhatsApp,<p><b>Hola hay vacantes para 1ero primaria? Mi niño se llama Lucia.</b></p>,hola hay vacantes para 1ero primaria mi nino se llama lucia
WhatsApp,Saber si hay espacios en secundaria para Valentina. Gracias.,saber si hay espacios en secundaria para valentina gracias
Email,Solicito información de mensualidad y detalles para 1ero primaria. Atte: Valentina.,solicito informacion de mensualidad y detalles para 1ero primaria atte valentina
Web,reunión de admision para inicial 4 años. Mi menor es Valentina.,reunion de admision para inicial 4 anos mi menor es valentina
WhatsApp,Saber si hay cupos en inicial 4 años para Pedro. Gracias.,saber si hay cupos en inicial 4 anos para pedro gracias
WhatsApp,Hola hay lugares para inicial 4 años? Mi niño se llama Camila.,hola hay lugares para inicial 4 anos mi nino se llama camila
Web,<p><b>reunión de admision para inicial 5 años. Mi menor es Pedro.</b></p>,reunion de admision para inicial 5 anos mi menor es pedro
WhatsApp,Saber si hay vacantes en inicial 5 años para Thiago. Gracias.,saber si hay vacantes en inicial 5 anos para thiago gracias
Email,"<p><b>Estimados, quisiera saber los pagos de inicial 5 años para mi hijo Sebastian.</b></p>",estimados quisiera saber los pagos de inicial 5 anos para mi hijo sebastian
Email,Solicito información de pagos y detalles para primer año. Atte: Lucia.,solicito informacion de pagos y detalles para primer ano atte lucia
WhatsApp,Saber si hay disponibilidad de ingreso en inicial 3 años para Maria. Gracias.,saber si hay disponibilidad de ingreso en inicial 3 anos para maria gracias
WhatsApp,SABER SI HAY LUGARES EN PRIMER AÑO PARA JUAN. GRACIAS.,saber si hay lugares en primer ano para juan gracias
WhatsApp,<p><b>Hola hay vacantes para inicial 4 años? Mi niño se llama Elena.</b></p>,hola hay vacantes para inicial 4 anos mi nino se llama elena
WhatsApp,Saber si hay cupos en 6to primaria para Pedro. Gracias.,saber si hay cupos en 6to primaria para pedro gracias
Web,documentos para traslado a secundaria. Postulante: Sebastian.,documentos para traslado a secundaria postulante sebastian
Web,documentación para traslado a 6to primaria. Postulante: Gabriel.,documentacion para traslado a 6to primaria postulante gabriel
WhatsApp,SABER SI HAY ESPACIOS EN INICIAL 4 AÑOS PARA ELENA. GRACIAS.,saber si hay espacios en inicial 4 anos para elena gracias
Email,"Estimados, quisiera saber los pagos de primer grado para mi hijo Lucia.",estimados quisiera saber los pagos de primer grado para mi hijo lucia
WhatsApp,HOLA HAY VACANTES PARA 6TO PRIMARIA? MI NIÑO SE LLAMA CAMILA.,hola hay vacantes para 6to primaria mi nino se llama camila
Email,Solicito información de pagos y detalles para secundaria. Atte: Nicolas.,solicito informacion de pagos y detalles para secundaria atte nicolas
WhatsApp,Hola hay cupos para inicial 4 años? Mi niño se llama Ana.,hola hay cupos para inicial 4 anos mi nino se llama ana
Web,<p><b>cronograma de admision para 5to secundaria. Mi menor es Valentina.</b></p>,cronograma de admision para 5to secundaria mi menor es valentina
Web,entrevistas de admision para inicial 5 años. Mi menor es Sebastian.,entrevistas de admision para inicial 5 anos mi menor es sebastian
Email,"ESTIMADOS, QUISIERA SABER LOS PAGOS DE INICIAL 5 AÑOS PARA MI HIJO THIAGO.",estimados quisiera saber los pagos de inicial 5 anos para mi hijo thiago
Email,"<p><b>Estimados, quisiera saber los pagos de 1ero secundaria para mi hijo Luis.</b></p>",estimados quisiera saber los pagos de 1ero secundaria para mi hijo luis
Email,Solicito información de pensiones y detalles para secundaria. Atte: Juan.,solicito informacion de pensiones y detalles para secundaria atte juan
Email,"Estimados, quisiera saber los pagos de inicial 3 años para mi hijo Pedro.",estimados quisiera saber los pagos de inicial 3 anos para mi hijo pedro
Web,entrevistas de admision para primer grado. Mi menor es Mateo.,entrevistas de admision para primer grado mi menor es mateo
Email,<p><b>Solicito información de precios y detalles para inicial 4 años. Atte: Sebastian.</b></p>,solicito informacion de precios y detalles para inicial 4 anos atte sebastian
Web,charlas de admision para 1ero primaria. Mi menor es Nicolas.,charlas de admision para 1ero primaria mi menor es nicolas
Email,Solicito información de pagos y detalles para inicial 5 años. Atte: Thiago.,solicito informacion de pagos y detalles para inicial 5 anos atte thiago
WhatsApp,Saber si hay lugares en primer grado para Thiago. Gracias.,saber si hay lugares en primer grado para thiago gracias
WhatsApp,HOLA HAY VACANTES PARA 5TO SECUNDARIA? MI NIÑO SE LLAMA SEBASTIAN.,hola hay vacantes para 5to secundaria mi nino se llama sebastian
Email,"Estimados, quisiera saber los precios de inicial 5 años para mi hijo Juan.",estimados quisiera saber los precios de inicial 5 anos para mi hijo juan
Web,<p><b>citas de admision para 1ero primaria. Mi menor es Nicolas.</b></p>,citas de admision para 1ero primaria mi menor es nicolas
Web,citas de admision para inicial 5 años. Mi menor es Elena.,citas de admision para inicial 5 anos mi menor es elena
Email,"Estimados, quisiera saber los pensiones de 5to secundaria para mi hijo Sebastian.",estimados quisiera saber los pensiones de 5to secundaria para mi hijo sebastian
Email,Solicito información de mensualidad y detalles para inicial 3 años. Atte: Luis.,solicito informacion de mensualidad y detalles para inicial 3 anos atte luis
WhatsApp,<p><b>Saber si hay cupos en inicial 4 años para Luis. Gracias.</b></p>,saber si hay cupos en inicial 4 anos para luis gracias
Web,requisitos para traslado a inicial 5 años. Postulante: Mateo.,requisitos para traslado a inicial 5 anos postulante mateo
Email,"Estimados, quisiera saber los pensiones de primer año para mi hijo Ana.",estimados quisiera saber los pensiones de primer ano para mi hijo ana
Web,papeles para traslado a 1ero secundaria. Postulante: Sebastian.,papeles para traslado a 1ero secundaria postulante sebastian
WhatsApp,Saber si hay cupos en 6to primaria para Gabriel. Gracias.,saber si hay cupos en 6to primaria para gabriel gracias
Email,Solicito información de costos y detalles para 1ero secundaria. Atte: Juan.,solicito informacion de costos y detalles para 1ero secundaria atte juan
Web,documentación para traslado a 5to secundaria. Postulante: Maria.,documentacion para traslado a 5to secundaria postulante maria
Web,documentos para traslado a inicial 5 años. Postulante: Ana.,documentos para traslado a inicial 5 anos postulante ana
Web,PAPELES PARA TRASLADO A SECUNDARIA. POSTULANTE: THIAGO.,papeles para traslado a secundaria postulante thiago
WhatsApp,HOLA HAY LUGARES PARA INICIAL 4 AÑOS? MI NIÑO SE LLAMA ELENA.,hola hay lugares para inicial 4 anos mi nino se llama elena
WhatsApp,Hola hay disponibilidad de ingreso para 5to secundaria? Mi niño se llama Mateo.,hola hay disponibilidad de ingreso para 5to secundaria mi nino se llama mateo
Web,partidas para traslado a 1ero primaria. Postulante: Mateo.,partidas para traslado a 1ero primaria postulante mateo
Web,partidas para traslado a 1ero secundaria. Postulante: Lucia.,partidas para traslado a 1ero secundaria postulante lucia
Web,partidas para traslado a 1ero primaria. Postulante: Valentina.,partidas para traslado a 1ero primaria postulante valentina
Email,"Estimados, quisiera saber los mensualidad de secundaria para mi hijo Sebastian.",estimados quisiera saber los mensualidad de secundaria para mi hijo sebastian
Email,SOLICITO INFORMACIÓN DE CUOTAS Y DETALLES PARA 1ERO PRIMARIA. ATTE: ANA.,solicito informacion de cuotas y detalles para 1ero primaria atte ana
Email,Solicito información de costos y detalles para inicial 4 años. Atte: Mateo.,solicito informacion de costos y detalles para inicial 4 anos atte mateo
Email,Solicito información de mensualidad y detalles para inicial 5 años. Atte: Sofia.,solicito informacion de mensualidad y detalles para inicial 5 anos atte sofia
Web,documentación para traslado a 5to secundaria. Postulante: Sebastian.,documentacion para traslado a 5to secundaria postulante sebastian
WhatsApp,HOLA HAY LUGARES PARA INICIAL 5 AÑOS? MI NIÑO SE LLAMA PEDRO.,hola hay lugares para inicial 5 anos mi nino se llama pedro
Web,CRONOGRAMA DE ADMISION PARA 1ERO SECUNDARIA. MI MENOR ES MATEO.,cronograma de admision para 1ero secundaria mi menor es mateo
Email,Solicito información de pagos y detalles para inicial 5 años. Atte: Ana.,solicito informacion de pagos y detalles para inicial 5 anos atte ana
Email,Solicito información de pensiones y detalles para inicial 3 años. Atte: Pedro.,solicito informacion de pensiones y detalles para inicial 3 anos atte pedro
WhatsApp,Saber si hay lugares en secundaria para Luis. Gracias.,saber si hay lugares en secundaria para luis gracias
Web,<p><b>ficha de matrícula para traslado a primer grado. Postulante: Lucia.</b></p>,ficha de matricula para traslado a primer grado postulante lucia
Email,Solicito información de cuotas y detalles para 5to secundaria. Atte: Pedro.,solicito informacion de cuotas y detalles para 5to secundaria atte pedro
WhatsApp,<p><b>Saber si hay espacios en inicial 4 años para Gabriel. Gracias.</b></p>,saber si hay espacios en inicial 4 anos para gabriel gracias
Web,<p><b>entrevistas de admision para inicial 4 años. Mi menor es Thiago.</b></p>,entrevistas de admision para inicial 4 anos mi menor es thiago
Web,CHARLAS DE ADMISION PARA INICIAL 4 AÑOS. MI MENOR ES PEDRO.,charlas de admision para inicial 4 anos mi menor es pedro
Email,Solicito información de pagos y detalles para inicial 4 años. Atte: Elena.,solicito informacion de pagos y detalles para inicial 4 anos atte elena
WhatsApp,Saber si hay vacantes en 5to secundaria para Sofia. Gracias.,saber si hay vacantes en 5to secundaria para sofia gracias
Web,partidas para traslado a inicial 3 años. Postulante: Gabriel.,partidas para traslado a inicial 3 anos postulante gabriel
WhatsApp,Hola hay disponibilidad de ingreso para 1ero secundaria? Mi niño se llama Elena.,hola hay disponibilidad de ingreso para 1ero secundaria mi nino se llama elena
Email,"Estimados, quisiera saber los cuotas de inicial 4 años para mi hijo Lucia.",estimados quisiera saber los cuotas de inicial 4 anos para mi hijo lucia
Email,Solicito información de pagos y detalles para 1ero secundaria. Atte: Camila.,solicito informacion de pagos y detalles para 1ero secundaria atte camila
Email,"ESTIMADOS, QUISIERA SABER LOS MENSUALIDAD DE 6TO PRIMARIA PARA MI HIJO LUCIA.",estimados quisiera saber los mensualidad de 6to primaria para mi hijo lucia
Email,"Estimados, quisiera saber los costos de 1ero primaria para mi hijo Gabriel.",estimados quisiera saber los costos de 1ero primaria para mi hijo gabriel
WhatsApp,Hola hay cupos para primer grado? Mi niño se llama Valentina.,hola hay cupos para primer grado mi nino se llama valentina
WhatsApp,Saber si hay cupos en inicial 3 años para Valentina. Gracias.,saber si hay cupos en inicial 3 anos para valentina gracias
Email,"Estimados, quisiera saber los cuotas de 6to primaria para mi hijo Juan.",estimados quisiera saber los cuotas de 6to primaria para mi hijo juan
Web,charlas de admision para primer año. Mi menor es Sofia.,charlas de admision para primer ano mi menor es sofia
Web,charlas de admision para primer año. Mi menor es Thiago.,charlas de admision para primer ano mi menor es thiago
Web,documentación para traslado a 6to primaria. Postulante: Lucia.,documentacion para traslado a 6to primaria postulante lucia
Web,cronograma de admision para inicial 3 años. Mi menor es Lucia.,cronograma de admision para inicial 3 anos mi menor es lucia
Email,Solicito información de pensiones y detalles para secundaria. Atte: Thiago.,solicito informacion de pensiones y detalles para secundaria atte thiago
WhatsApp,HOLA HAY LUGARES PARA 6TO PRIMARIA? MI NIÑO SE LLAMA THIAGO.,hola hay lugares para 6to primaria mi nino se llama thiago
Web,documentos para traslado a inicial 3 años. Postulante: Ana.,documentos para traslado a inicial 3 anos postulante ana
Email,"Estimados, quisiera saber los pensiones de inicial 5 años para mi hijo Mateo.",estimados quisiera saber los pensiones de inicial 5 anos para mi hijo mateo
Web,documentos para traslado a 5to secundaria. Postulante: Thiago.,documentos para traslado a 5to secundaria postulante thiago
Email,"ESTIMADOS, QUISIERA SABER LOS MENSUALIDAD DE 5TO SECUNDARIA PARA MI HIJO SEBASTIAN.",estimados quisiera saber los mensualidad de 5to secundaria para mi hijo sebastian
Email,SOLICITO INFORMACIÓN DE PRECIOS Y DETALLES PARA INICIAL 3 AÑOS. ATTE: SOFIA.,solicito informacion de precios y detalles para inicial 3 anos atte sofia
WhatsApp,SABER SI HAY CUPOS EN INICIAL 4 AÑOS PARA JUAN. GRACIAS.,saber si hay cupos en inicial 4 anos para juan gracias
Web,entrevistas de admision para inicial 4 años. Mi menor es Camila.,entrevistas de admision para inicial 4 anos mi menor es camila
Email,"Estimados, quisiera saber los pensiones de 6to primaria para mi hijo Ana.",estimados quisiera saber los pensiones de 6to primaria para mi hijo ana
Web,ENTREVISTAS DE ADMISION PARA 5TO SECUNDARIA. MI MENOR ES MARIA.,entrevistas de admision para 5to secundaria mi menor es maria
Email,"Estimados, quisiera saber los costos de 5to secundaria para mi hijo Gabriel.",estimados quisiera saber los costos de 5to secundaria para mi hijo gabriel
Email,<p><b>Solicito información de mensualidad y detalles para 1ero secundaria. Atte: Sofia.</b></p>,solicito informacion de mensualidad y detalles para 1ero secundaria atte sofia
Email,Solicito información de costos y detalles para inicial 3 años. Atte: Sebastian.,solicito informacion de costos y detalles para inicial 3 anos atte sebastian
Web,partidas para traslado a inicial 5 años. Postulante: Gabriel.,partidas para traslado a inicial 5 anos postulante gabriel
Web,partidas para traslado a 1ero primaria. Postulante: Luis.,partidas para traslado a 1ero primaria postulante luis
Email,Solicito información de precios y detalles para inicial 5 años. Atte: Elena.,solicito informacion de precios y detalles para inicial 5 anos atte elena
Email,"ESTIMADOS, QUISIERA SABER LOS PENSIONES DE INICIAL 3 AÑOS PARA MI HIJO CAMILA.",estimados quisiera saber los pensiones de inicial 3 anos para mi hijo camila
Email,<p><b>Solicito información de cuotas y detalles para primer grado. Atte: Gabriel.</b></p>,solicito informacion de cuotas y detalles para primer grado atte gabriel
WhatsApp,<p><b>Hola hay cupos para 6to primaria? Mi niño se llama Gabriel.</b></p>,hola hay cupos para 6to primaria mi nino se llama gabriel
Email,SOLICITO INFORMACIÓN DE MENSUALIDAD Y DETALLES PARA INICIAL 5 AÑOS. ATTE: VALENTINA.,solicito informacion de mensualidad y detalles para inicial 5 anos atte valentina
Email,Solicito información de cuotas y detalles para secundaria. Atte: Gabriel.,solicito informacion de cuotas y detalles para secundaria atte gabriel
WhatsApp,Hola hay espacios para 6to primaria? Mi niño se llama Ana.,hola hay espacios para 6to primaria mi nino se llama ana
WhatsApp,Saber si hay vacantes en 5to secundaria para Thiago. Gracias.,saber si hay vacantes en 5to secundaria para thiago gracias
Web,PARTIDAS PARA TRASLADO A 6TO PRIMARIA. POSTULANTE: NICOLAS.,partidas para traslado a 6to primaria postulante nicolas
Email,"Estimados, quisiera saber los pagos de inicial 4 años para mi hijo Mateo.",estimados quisiera saber los pagos de inicial 4 anos para mi hijo mateo
WhatsApp,Saber si hay vacantes en inicial 5 años para Sofia. Gracias.,saber si hay vacantes en inicial 5 anos para sofia gracias
Web,charlas de admision para 1ero primaria. Mi menor es Gabriel.,charlas de admision para 1ero primaria mi menor es gabriel
Email,"<p><b>Estimados, quisiera saber los mensualidad de primer año para mi hijo Nicolas.</b></p>",estimados quisiera saber los mensualidad de primer ano para mi hijo nicolas
WhatsApp,Saber si hay cupos en primer grado para Sebastian. Gracias.,saber si hay cupos en primer grado para sebastian gracias
Email,<p><b>Solicito información de precios y detalles para inicial 3 años. Atte: Mateo.</b></p>,solicito informacion de precios y detalles para inicial 3 anos atte mateo
Web,reunión de admision para inicial 3 años. Mi menor es Nicolas.,reunion de admision para inicial 3 anos mi menor es nicolas
Web,REUNIÓN DE ADMISION PARA 1ERO PRIMARIA. MI MENOR ES MARIA.,reunion de admision para 1ero primaria mi menor es maria
Email,"Estimados, quisiera saber los mensualidad de primer año para mi hijo Mateo.",estimados quisiera saber los mensualidad de primer ano para mi hijo mateo
Email,"Estimados, quisiera saber los pagos de 6to primaria para mi hijo Sebastian.",estimados quisiera saber los pagos de 6to primaria para mi hijo sebastian
Email,Solicito información de pensiones y detalles para primer año. Atte: Mateo.,solicito informacion de pensiones y detalles para primer ano atte mateo
Web,REQUISITOS PARA TRASLADO A INICIAL 5 AÑOS. POSTULANTE: GABRIEL.,requisitos para traslado a inicial 5 anos postulante gabriel
Email,"Estimados, quisiera saber los costos de inicial 3 años para mi hijo Mateo.",estimados quisiera saber los costos de inicial 3 anos para mi hijo mateo
Email,<p><b>Solicito información de cuotas y detalles para inicial 5 años. Atte: Valentina.</b></p>,solicito informacion de cuotas y detalles para inicial 5 anos atte valentina
Email,"Estimados, quisiera saber los pagos de secundaria para mi hijo Nicolas.",estimados quisiera saber los pagos de secundaria para mi hijo nicolas
Web,documentación para traslado a inicial 5 años. Postulante: Pedro.,documentacion para traslado a inicial 5 anos postulante pedro
Web,entrevistas de admision para inicial 3 años. Mi menor es Mateo.,entrevistas de admision para inicial 3 anos mi menor es mateo
Email,Solicito información de pagos y detalles para primer grado. Atte: Sebastian.,solicito informacion de pagos y detalles para primer grado atte sebastian
Web,partidas para traslado a primer grado. Postulante: Valentina.,partidas para traslado a primer grado postulante valentina
WhatsApp,Saber si hay espacios en primer año para Elena. Gracias.,saber si hay espacios en primer ano para elena gracias
Web,charlas de admision para secundaria. Mi menor es Sebastian.,charlas de admision para secundaria mi menor es sebastian
Web,papeles para traslado a inicial 5 años. Postulante: Gabriel.,papeles para traslado a inicial 5 anos postulante gabriel
Email,"Estimados, quisiera saber los precios de 5to secundaria para mi hijo Sofia.",estimados quisiera saber los precios de 5to secundaria para mi hijo sofia
Email,Solicito información de mensualidad y detalles para inicial 3 años. Atte: Lucia.,solicito informacion de mensualidad y detalles para inicial 3 anos atte lucia
WhatsApp,Saber si hay espacios en primer grado para Lucia. Gracias.,saber si hay espacios en primer grado para lucia gracias
Email,"ESTIMADOS, QUISIERA SABER LOS CUOTAS DE INICIAL 3 AÑOS PARA MI HIJO JUAN.",estimados quisiera saber los cuotas de inicial 3 anos para mi hijo juan
WhatsApp,Hola hay espacios para secundaria? Mi niño se llama Ana.,hola hay espacios para secundaria mi nino se llama ana
WhatsApp,Saber si hay lugares en primer grado para Sebastian. Gracias.,saber si hay lugares en primer grado para sebastian gracias
WhatsApp,HOLA HAY LUGARES PARA 6TO PRIMARIA? MI NIÑO SE LLAMA LUCIA.,hola hay lugares para 6to primaria mi nino se llama lucia
Web,REUNIÓN DE ADMISION PARA PRIMER GRADO. MI MENOR ES CAMILA.,reunion de admision para primer grado mi menor es camila
Email,"Estimados, quisiera saber los cuotas de primer año para mi hijo Valentina.",estimados quisiera saber los cuotas de primer ano para mi hijo valentina
WhatsApp,Hola hay espacios para primer grado? Mi niño se llama Thiago.,hola hay espacios para primer grado mi nino se llama thiago
Email,"ESTIMADOS, QUISIERA SABER LOS PENSIONES DE INICIAL 3 AÑOS PARA MI HIJO SEBASTIAN.",estimados quisiera saber los pensiones de inicial 3 anos para mi hijo sebastian
WhatsApp,Hola hay cupos para 1ero primaria? Mi niño se llama Ana.,hola hay cupos para 1ero primaria mi nino se llama ana
Web,partidas para traslado a secundaria. Postulante: Maria.,partidas para traslado a secundaria postulante maria
WhatsApp,<p><b>Hola hay vacantes para primer grado? Mi niño se llama Elena.</b></p>,hola hay vacantes para primer grado mi nino se llama elena
Web,cronograma de admision para inicial 5 años. Mi menor es Mateo.,cronograma de admision para inicial 5 anos mi menor es mateo
Email,Solicito información de precios y detalles para inicial 4 años. Atte: Ana.,solicito informacion de precios y detalles para inicial 4 anos atte ana
Email,"<p><b>Estimados, quisiera saber los mensualidad de 1ero secundaria para mi hijo Valentina.</b></p>",estimados quisiera saber los mensualidad de 1ero secundaria para mi hijo valentina
Web,papeles para traslado a inicial 5 años. Postulante: Valentina.,papeles para traslado a inicial 5 anos postulante valentina
WhatsApp,Saber si hay vacantes en inicial 5 años para Luis. Gracias.,saber si hay vacantes en inicial 5 anos para luis gracias
Email,"<p><b>Estimados, quisiera saber los precios de inicial 4 años para mi hijo Lucia.</b></p>",estimados quisiera saber los precios de inicial 4 anos para mi hijo lucia
Email,Solicito información de pagos y detalles para secundaria. Atte: Elena.,solicito informacion de pagos y detalles para secundaria atte elena
WhatsApp,Saber si hay espacios en 1ero secundaria para Valentina. Gracias.,saber si hay espacios en 1ero secundaria para valentina gracias
WhatsApp,Saber si hay vacantes en 1ero secundaria para Gabriel. Gracias.,saber si hay vacantes en 1ero secundaria para gabriel gracias
WhatsApp,Hola hay vacantes para 5to secundaria? Mi niño se llama Juan.,hola hay vacantes para 5to secundaria mi nino se llama juan
Web,papeles para traslado a inicial 4 años. Postulante: Gabriel.,papeles para traslado a inicial 4 anos postulante gabriel
Web,charlas de admision para primer grado. Mi menor es Sebastian.,charlas de admision para primer grado mi menor es sebastian
WhatsApp,<p><b>Saber si hay lugares en secundaria para Lucia. Gracias.</b></p>,saber si hay lugares en secundaria para lucia gracias
WhatsApp,<p><b>Saber si hay lugares en 1ero primaria para Valentina. Gracias.</b></p>,saber si hay lugares en 1ero primaria para valentina gracias
WhatsApp,SABER SI HAY DISPONIBILIDAD DE INGRESO EN 1ERO PRIMARIA PARA LUCIA. GRACIAS.,saber si hay disponibilidad de ingreso en 1ero primaria para lucia gracias
WhatsApp,<p><b>Saber si hay disponibilidad de ingreso en 6to primaria para Elena. Gracias.</b></p>,saber si hay disponibilidad de ingreso en 6to primaria para elena gracias
WhatsApp,Saber si hay cupos en inicial 5 años para Lucia. Gracias.,saber si hay cupos en inicial 5 anos para lucia gracias
WhatsApp,HOLA HAY VACANTES PARA SECUNDARIA? MI NIÑO SE LLAMA ANA.,hola hay vacantes para secundaria mi nino se llama ana
Email,"Estimados, quisiera saber los precios de inicial 3 años para mi hijo Nicolas.",estimados quisiera saber los precios de inicial 3 anos para mi hijo nicolas
WhatsApp,<p><b>Hola hay lugares para secundaria? Mi niño se llama Pedro.</b></p>,hola hay lugares para secundaria mi nino se llama pedro
Email,"Estimados, quisiera saber los precios de secundaria para mi hijo Thiago.",estimados quisiera saber los precios de secundaria para mi hijo thiago
Email,Solicito información de costos y detalles para secundaria. Atte: Valentina.,solicito informacion de costos y detalles para secundaria atte valentina
Email,<p><b>Solicito información de precios y detalles para 1ero secundaria. Atte: Pedro.</b></p>,solicito informacion de precios y detalles para 1ero secundaria atte pedro
Email,"Estimados, quisiera saber los mensualidad de 1ero primaria para mi hijo Camila.",estimados quisiera saber los mensualidad de 1ero primaria para mi hijo camila
WhatsApp,Hola hay espacios para inicial 5 años? Mi niño se llama Sofia.,hola hay espacios para inicial 5 anos mi nino se llama sofia
Web,partidas para traslado a secundaria. Postulante: Mateo.,partidas para traslado a secundaria postulante mateo
Email,<p><b>Solicito información de pagos y detalles para primer grado. Atte: Valentina.</b></p>,solicito informacion de pagos y detalles para primer grado atte valentina
WhatsApp,SABER SI HAY DISPONIBILIDAD DE INGRESO EN PRIMER AÑO PARA NICOLAS. GRACIAS.,saber si hay disponibilidad de ingreso en primer ano para nicolas gracias
Web,<p><b>ficha de matrícula para traslado a inicial 3 años. Postulante: Camila.</b></p>,ficha de matricula para traslado a inicial 3 anos postulante camila
WhatsApp,SABER SI HAY LUGARES EN SECUNDARIA PARA JUAN. GRACIAS.,saber si hay lugares en secundaria para juan gracias
Web,cronograma de admision para primer año. Mi menor es Nicolas.,cronograma de admision para primer ano mi menor es nicolas
Email,Solicito información de pensiones y detalles para 1ero secundaria. Atte: Thiago.,solicito informacion de pensiones y detalles para 1ero secundaria atte thiago
Email,"ESTIMADOS, QUISIERA SABER LOS PENSIONES DE 1ERO PRIMARIA PARA MI HIJO NICOLAS.",estimados quisiera saber los pensiones de 1ero primaria para mi hijo nicolas
Web,documentos para traslado a 5to secundaria. Postulante: Sofia.,documentos para traslado a 5to secundaria postulante sofia
Web,documentos para traslado a inicial 5 años. Postulante: Pedro.,documentos para traslado a inicial 5 anos postulante pedro
Web,ENTREVISTAS DE ADMISION PARA 1ERO SECUNDARIA. MI MENOR ES THIAGO.,entrevistas de admision para 1ero secundaria mi menor es thiago
WhatsApp,Saber si hay cupos en inicial 3 años para Gabriel. Gracias.,saber si hay cupos en inicial 3 anos para gabriel gracias
Web,requisitos para traslado a secundaria. Postulante: Ana.,requisitos para traslado a secundaria postulante ana
Email,"Estimados, quisiera saber los precios de secundaria para mi hijo Ana.",estimados quisiera saber los precios de secundaria para mi hijo ana
Web,cronograma de admision para 1ero secundaria. Mi menor es Pedro.,cronograma de admision para 1ero secundaria mi menor es pedro
Email,<p><b>Solicito información de cuotas y detalles para primer año. Atte: Elena.</b></p>,solicito informacion de cuotas y detalles para primer ano atte elena
Web,requisitos para traslado a secundaria. Postulante: Luis.,requisitos para traslado a secundaria postulante luis
Web,citas de admision para 1ero secundaria. Mi menor es Thiago.,citas de admision para 1ero secundaria mi menor es thiago
Email,Solicito información de costos y detalles para 1ero primaria. Atte: Nicolas.,solicito informacion de costos y detalles para 1ero primaria atte nicolas
WhatsApp,Saber si hay disponibilidad de ingreso en primer año para Luis. Gracias.,saber si hay disponibilidad de ingreso en primer ano para luis gracias
Email,<p><b>Solicito información de costos y detalles para inicial 3 años. Atte: Lucia.</b></p>,solicito informacion de costos y detalles para inicial 3 anos atte lucia
Web,requisitos para traslado a primer año. Postulante: Sebastian.,requisitos para traslado a primer ano postulante sebastian
WhatsApp,<p><b>Hola hay cupos para 5to secundaria? Mi niño se llama Gabriel.</b></p>,hola hay cupos para 5to secundaria mi nino se llama gabriel
WhatsApp,Saber si hay cupos en inicial 3 años para Nicolas. Gracias.,saber si hay cupos en inicial 3 anos para nicolas gracias
Email,"ESTIMADOS, QUISIERA SABER LOS COSTOS DE 5TO SECUNDARIA PARA MI HIJO MATEO.",estimados quisiera saber los costos de 5to secundaria para mi hijo mateo
Web,entrevistas de admision para primer año. Mi menor es Lucia.,entrevistas de admision para primer ano mi menor es lucia
Email,"Estimados, quisiera saber los precios de inicial 4 años para mi hijo Juan.",estimados quisiera saber los precios de inicial 4 anos para mi hijo juan
Web,<p><b>documentación para traslado a inicial 3 años. Postulante: Sebastian.</b></p>,documentacion para traslado a inicial 3 anos postulante sebastian
WhatsApp,<p><b>Hola hay disponibilidad de ingreso para inicial 4 años? Mi niño se llama Luis.</b></p>,hola hay disponibilidad de ingreso para inicial 4 anos mi nino se llama luis
WhatsApp,Hola hay vacantes para secundaria? Mi niño se llama Gabriel.,hola hay vacantes para secundaria mi nino se llama gabriel
WhatsApp,Saber si hay espacios en primer año para Pedro. Gracias.,saber si hay espacios en primer ano para pedro gracias
Web,charlas de admision para 5to secundaria. Mi menor es Elena.,charlas de admision para 5to secundaria mi menor es elena
Email,Solicito información de costos y detalles para 5to secundaria. Atte: Nicolas.,solicito informacion de costos y detalles para 5to secundaria atte nicolas
Email,"Estimados, quisiera saber los pensiones de inicial 5 años para mi hijo Sofia.",estimados quisiera saber los pensiones de inicial 5 anos para mi hijo sofia
WhatsApp,Hola hay cupos para primer grado? Mi niño se llama Maria.,hola hay cupos para primer grado mi nino se llama maria
WhatsApp,Saber si hay cupos en inicial 4 años para Sebastian. Gracias.,saber si hay cupos en inicial 4 anos para sebastian gracias
WhatsApp,Hola hay vacantes para secundaria? Mi niño se llama Pedro.,hola hay vacantes para secundaria mi nino se llama pedro
Email,Solicito información de pagos y detalles para inicial 3 años. Atte: Camila.,solicito informacion de pagos y detalles para inicial 3 anos atte camila
Web,reunión de admision para 1ero secundaria. Mi menor es Pedro.,reunion de admision para 1ero secundaria mi menor es pedro
WhatsApp,Hola hay cupos para primer grado? Mi niño se llama Nicolas.,hola hay cupos para primer grado mi nino se llama nicolas
WhatsApp,Hola hay lugares para secundaria? Mi niño se llama Thiago.,hola hay lugares para secundaria mi nino se llama thiago
WhatsApp,Hola hay lugares para primer año? Mi niño se llama Camila.,hola hay lugares para primer ano mi nino se llama camila
Email,<p><b>Solicito información de pensiones y detalles para primer grado. Atte: Thiago.</b></p>,solicito informacion de pensiones y detalles para primer grado atte thiago
Email,Solicito información de cuotas y detalles para secundaria. Atte: Luis.,solicito informacion de cuotas y detalles para secundaria atte luis
Web,papeles para traslado a 1ero primaria. Postulante: Nicolas.,papeles para traslado a 1ero primaria postulante nicolas
Web,citas de admision para 1ero secundaria. Mi menor es Elena.,citas de admision para 1ero secundaria mi menor es elena
Web,documentación para traslado a inicial 3 años. Postulante: Maria.,documentacion para traslado a inicial 3 anos postulante maria
Web,charlas de admision para primer año. Mi menor es Elena.,charlas de admision para primer ano mi menor es elena
WhatsApp,<p><b>Hola hay lugares para primer año? Mi niño se llama Maria.</b></p>,hola hay lugares para primer ano mi nino se llama maria
Email,Solicito información de precios y detalles para primer grado. Atte: Valentina.,solicito informacion de precios y detalles para primer grado atte valentina
Web,charlas de admision para 6to primaria. Mi menor es Gabriel.,charlas de admision para 6to primaria mi menor es gabriel
WhatsApp,Saber si hay cupos en 5to secundaria para Pedro. Gracias.,saber si hay cupos en 5to secundaria para pedro gracias
WhatsApp,<p><b>Hola hay cupos para inicial 5 años? Mi niño se llama Ana.</b></p>,hola hay cupos para inicial 5 anos mi nino se llama ana
WhatsApp,Hola hay vacantes para inicial 5 años? Mi niño se llama Sebastian.,hola hay vacantes para inicial 5 anos mi nino se llama sebastian
WhatsApp,Hola hay lugares para primer grado? Mi niño se llama Gabriel.,hola hay lugares para primer grado mi nino se llama gabriel
Email,Solicito información de pagos y detalles para 5to secundaria. Atte: Elena.,solicito informacion de pagos y detalles para 5to secundaria atte elena
Email,<p><b>Solicito información de pagos y detalles para primer año. Atte: Valentina.</b></p>,solicito informacion de pagos y detalles para primer ano atte valentina
Email,"Estimados, quisiera saber los pagos de primer grado para mi hijo Pedro.",estimados quisiera saber los pagos de primer grado para mi hijo pedro
Email,Solicito información de precios y detalles para primer año. Atte: Mateo.,solicito informacion de precios y detalles para primer ano atte mateo
Web,ficha de matrícula para traslado a inicial 3 años. Postulante: Elena.,ficha de matricula para traslado a inicial 3 anos postulante elena
Web,REQUISITOS PARA TRASLADO A INICIAL 5 AÑOS. POSTULANTE: NICOLAS.,requisitos para traslado a inicial 5 anos postulante nicolas
WhatsApp,Hola hay espacios para 1ero primaria? Mi niño se llama Luis.,hola hay espacios para 1ero primaria mi nino se llama luis
WhatsApp,Hola hay vacantes para secundaria? Mi niño se llama Thiago.,hola hay vacantes para secundaria mi nino se llama thiago
Email,Solicito información de pagos y detalles para 1ero primaria. Atte: Camila.,solicito informacion de pagos y detalles para 1ero primaria atte camila
Email,"Estimados, quisiera saber los mensualidad de inicial 5 años para mi hijo Gabriel.",estimados quisiera saber los mensualidad de inicial 5 anos para mi hijo gabriel
WhatsApp,HOLA HAY ESPACIOS PARA INICIAL 5 AÑOS? MI NIÑO SE LLAMA THIAGO.,hola hay espacios para inicial 5 anos mi nino se llama thiago
Web,reunión de admision para primer grado. Mi menor es Luis.,reunion de admision para primer grado mi menor es luis
WhatsApp,Saber si hay lugares en primer grado para Gabriel. Gracias.,saber si hay lugares en primer grado para gabriel gracias
WhatsApp,<p><b>Hola hay espacios para 1ero secundaria? Mi niño se llama Mateo.</b></p>,hola hay espacios para 1ero secundaria mi nino se llama mateo
Web,papeles para traslado a primer grado. Postulante: Lucia.,papeles para traslado a primer grado postulante lucia
Web,citas de admision para primer grado. Mi menor es Thiago.,citas de admision para primer grado mi menor es thiago
WhatsApp,Saber si hay espacios en inicial 3 años para Maria. Gracias.,saber si hay espacios en inicial 3 anos para maria gracias
Email,Solicito información de cuotas y detalles para 6to primaria. Atte: Camila.,solicito informacion de cuotas y detalles para 6to primaria atte camila
Email,Solicito información de mensualidad y detalles para primer año. Atte: Juan.,solicito informacion de mensualidad y detalles para primer ano atte juan
WhatsApp,HOLA HAY ESPACIOS PARA 1ERO PRIMARIA? MI NIÑO SE LLAMA JUAN.,hola hay espacios para 1ero primaria mi nino se llama juan
WhatsApp,HOLA HAY CUPOS PARA 5TO SECUNDARIA? MI NIÑO SE LLAMA JUAN.,hola hay cupos para 5to secundaria mi nino se llama juan
WhatsApp,<p><b>Hola hay disponibilidad de ingreso para secundaria? Mi niño se llama Gabriel.</b></p>,hola hay disponibilidad de ingreso para secundaria mi nino se llama gabriel
Web,partidas para traslado a inicial 5 años. Postulante: Nicolas.,partidas para traslado a inicial 5 anos postulante nicolas
Web,reunión de admision para inicial 4 años. Mi menor es Thiago.,reunion de admision para inicial 4 anos mi menor es thiago
WhatsApp,<p><b>Hola hay vacantes para 1ero primaria? Mi niño se llama Mateo.</b></p>,hola hay vacantes para 1ero primaria mi nino se llama mateo
Web,partidas para traslado a 1ero primaria. Postulante: Lucia.,partidas para traslado a 1ero primaria postulante lucia
WhatsApp,Hola hay lugares para inicial 3 años? Mi niño se llama Lucia.,hola hay lugares para inicial 3 anos mi nino se llama lucia
Web,<p><b>documentación para traslado a inicial 4 años. Postulante: Thiago.</b></p>,documentacion para traslado a inicial 4 anos postulante thiago
WhatsApp,Hola hay lugares para secundaria? Mi niño se llama Maria.,hola hay lugares para secundaria mi nino se llama maria
Email,SOLICITO INFORMACIÓN DE PRECIOS Y DETALLES PARA 1ERO SECUNDARIA. ATTE: GABRIEL.,solicito informacion de precios y detalles para 1ero secundaria atte gabriel
WhatsApp,SABER SI HAY CUPOS EN INICIAL 5 AÑOS PARA GABRIEL. GRACIAS.,saber si hay cupos en inicial 5 anos para gabriel gracias
Web,documentación para traslado a 1ero secundaria. Postulante: Juan.,documentacion para traslado a 1ero secundaria postulante juan
WhatsApp,HOLA HAY DISPONIBILIDAD DE INGRESO PARA INICIAL 5 AÑOS? MI NIÑO SE LLAMA SEBASTIAN.,hola hay disponibilidad de ingreso para inicial 5 anos mi nino se llama sebastian
Email,"Estimados, quisiera saber los pensiones de inicial 5 años para mi hijo Camila.",estimados quisiera saber los pensiones de inicial 5 anos para mi hijo camila
Email,"Estimados, quisiera saber los pensiones de inicial 3 años para mi hijo Lucia.",estimados quisiera saber los pensiones de inicial 3 anos para mi hijo lucia
Web,reunión de admision para secundaria. Mi menor es Gabriel.,reunion de admision para secundaria mi menor es gabriel
WhatsApp,SABER SI HAY VACANTES EN INICIAL 5 AÑOS PARA SEBASTIAN. GRACIAS.,saber si hay vacantes en inicial 5 anos para sebastian gracias
Email,"ESTIMADOS, QUISIERA SABER LOS MENSUALIDAD DE PRIMER AÑO PARA MI HIJO SOFIA.",estimados quisiera saber los mensualidad de primer ano para mi hijo sofia
WhatsApp,SABER SI HAY VACANTES EN SECUNDARIA PARA JUAN. GRACIAS.,saber si hay vacantes en secundaria para juan gracias
Email,"Estimados, quisiera saber los mensualidad de secundaria para mi hijo Ana.",estimados quisiera saber los mensualidad de secundaria para mi hijo ana
WhatsApp,<p><b>Hola hay disponibilidad de ingreso para 1ero primaria? Mi niño se llama Thiago.</b></p>,hola hay disponibilidad de ingreso para 1ero primaria mi nino se llama thiago
Web,reunión de admision para 6to primaria. Mi menor es Maria.,reunion de admision para 6to primaria mi menor es maria
Email,Solicito información de costos y detalles para primer año. Atte: Maria.,solicito informacion de costos y detalles para primer ano atte maria
Email,"Estimados, quisiera saber los costos de inicial 4 años para mi hijo Mateo.",estimados quisiera saber los costos de inicial 4 anos para mi hijo mateo
Web,<p><b>ficha de matrícula para traslado a inicial 4 años. Postulante: Thiago.</b></p>,ficha de matricula para traslado a inicial 4 anos postulante thiago
WhatsApp,HOLA HAY VACANTES PARA PRIMER GRADO? MI NIÑO SE LLAMA JUAN.,hola hay vacantes para primer grado mi nino se llama juan
Email,"Estimados, quisiera saber los precios de primer grado para mi hijo Lucia.",estimados quisiera saber los precios de primer grado para mi hijo lucia
WhatsApp,Hola hay cupos para inicial 5 años? Mi niño se llama Elena.,hola hay cupos para inicial 5 anos mi nino se llama elena
Email,Solicito información de mensualidad y detalles para primer año. Atte: Valentina.,solicito informacion de mensualidad y detalles para primer ano atte valentina
WhatsApp,Hola hay cupos para inicial 4 años? Mi niño se llama Maria.,hola hay cupos para inicial 4 anos mi nino se llama maria
WhatsApp,<p><b>Saber si hay disponibilidad de ingreso en inicial 3 años para Elena. Gracias.</b></p>,saber si hay disponibilidad de ingreso en inicial 3 anos para elena gracias
Email,Solicito información de costos y detalles para primer grado. Atte: Thiago.,solicito informacion de costos y detalles para primer grado atte thiago
WhatsApp,SABER SI HAY CUPOS EN 5TO SECUNDARIA PARA LUIS. GRACIAS.,saber si hay cupos en 5to secundaria para luis gracias
Email,<p><b>Solicito información de pagos y detalles para 1ero primaria. Atte: Valentina.</b></p>,solicito informacion de pagos y detalles para 1ero primaria atte valentina
WhatsApp,Hola hay vacantes para inicial 3 años? Mi niño se llama Valentina.,hola hay vacantes para inicial 3 anos mi nino se llama valentina
Email,SOLICITO INFORMACIÓN DE CUOTAS Y DETALLES PARA INICIAL 5 AÑOS. ATTE: LUIS.,solicito informacion de cuotas y detalles para inicial 5 anos atte luis
WhatsApp,Saber si hay cupos en primer grado para Thiago. Gracias.,saber si hay cupos en primer grado para thiago gracias
Email,Solicito información de mensualidad y detalles para secundaria. Atte: Maria.,solicito informacion de mensualidad y detalles para secundaria atte maria
Email,"<p><b>Estimados, quisiera saber los cuotas de inicial 4 años para mi hijo Luis.</b></p>",estimados quisiera saber los cuotas de inicial 4 anos para mi hijo luis
Web,<p><b>ficha de matrícula para traslado a 5to secundaria. Postulante: Valentina.</b></p>,ficha de matricula para traslado a 5to secundaria postulante valentina
Web,cronograma de admision para inicial 4 años. Mi menor es Valentina.,cronograma de admision para inicial 4 anos mi menor es valentina
Email,SOLICITO INFORMACIÓN DE PRECIOS Y DETALLES PARA SECUNDARIA. ATTE: JUAN.,solicito informacion de precios y detalles para secundaria atte juan
Web,<p><b>ficha de matrícula para traslado a 1ero secundaria. Postulante: Nicolas.</b></p>,ficha de matricula para traslado a 1ero secundaria postulante nicolas
WhatsApp,Saber si hay espacios en 1ero secundaria para Nicolas. Gracias.,saber si hay espacios en 1ero secundaria para nicolas gracias
Web,citas de admision para secundaria. Mi menor es Juan.,citas de admision para secundaria mi menor es juan
Web,papeles para traslado a inicial 4 años. Postulante: Elena.,papeles para traslado a inicial 4 anos postulante elena
Web,papeles para traslado a 5to secundaria. Postulante: Sofia.,papeles para traslado a 5to secundaria postulante sofia
Email,Solicito información de cuotas y detalles para 1ero primaria. Atte: Mateo.,solicito informacion de cuotas y detalles para 1ero primaria atte mateo
Email,"Estimados, quisiera saber los costos de 1ero secundaria para mi hijo Nicolas.",estimados quisiera saber los costos de 1ero secundaria para mi hijo nicolas
Email,"<p><b>Estimados, quisiera saber los costos de inicial 4 años para mi hijo Gabriel.</b></p>",estimados quisiera saber los costos de inicial 4 anos para mi hijo gabriel
Email,Solicito información de pensiones y detalles para 1ero secundaria. Atte: Sofia.,solicito informacion de pensiones y detalles para 1ero secundaria atte sofia
WhatsApp,Hola hay cupos para secundaria? Mi niño se llama Luis.,hola hay cupos para secundaria mi nino se llama luis
Email,SOLICITO INFORMACIÓN DE PENSIONES Y DETALLES PARA 5TO SECUNDARIA. ATTE: CAMILA.,solicito informacion de pensiones y detalles para 5to secundaria atte camila
Email,"<p><b>Estimados, quisiera saber los pensiones de secundaria para mi hijo Sofia.</b></p>",estimados quisiera saber los pensiones de secundaria para mi hijo sofia
Web,<p><b>papeles para traslado a 5to secundaria. Postulante: Sebastian.</b></p>,papeles para traslado a 5to secundaria postulante sebastian
WhatsApp,Hola hay lugares para inicial 3 años? Mi niño se llama Pedro.,hola hay lugares para inicial 3 anos mi nino se llama pedro
WhatsApp,SABER SI HAY LUGARES EN 1ERO PRIMARIA PARA SOFIA. GRACIAS.,saber si hay lugares en 1ero primaria para sofia gracias
WhatsApp,HOLA HAY ESPACIOS PARA INICIAL 3 AÑOS? MI NIÑO SE LLAMA ANA.,hola hay espacios para inicial 3 anos mi nino se llama ana
Email,"Estimados, quisiera saber los costos de 1ero secundaria para mi hijo Maria.",estimados quisiera saber los costos de 1ero secundaria para mi hijo maria
Email,"Estimados, quisiera saber los pagos de inicial 5 años para mi hijo Elena.",estimados quisiera saber los pagos de inicial 5 anos para mi hijo elena
WhatsApp,Hola hay lugares para inicial 5 años? Mi niño se llama Camila.,hola hay lugares para inicial 5 anos mi nino se llama camila
Web,PARTIDAS PARA TRASLADO A INICIAL 4 AÑOS. POSTULANTE: LUCIA.,partidas para traslado a inicial 4 anos postulante lucia
Email,"Estimados, quisiera saber los pensiones de 6to primaria para mi hijo Luis.",estimados quisiera saber los pensiones de 6to primaria para mi hijo luis
Email,Solicito información de costos y detalles para 1ero primaria. Atte: Ana.,solicito informacion de costos y detalles para 1ero primaria atte ana
WhatsApp,<p><b>Saber si hay espacios en primer grado para Sofia. Gracias.</b></p>,saber si hay espacios en primer grado para sofia gracias
WhatsApp,HOLA HAY CUPOS PARA 6TO PRIMARIA? MI NIÑO SE LLAMA MATEO.,hola hay cupos para 6to primaria mi nino se llama mateo
WhatsApp,Hola hay vacantes para secundaria? Mi niño se llama Mateo.,hola hay vacantes para secundaria mi nino se llama mateo
Email,"Estimados, quisiera saber los mensualidad de inicial 3 años para mi hijo Nicolas.",estimados quisiera saber los mensualidad de inicial 3 anos para mi hijo nicolas
Email,"<p><b>Estimados, quisiera saber los pensiones de inicial 5 años para mi hijo Luis.</b></p>",estimados quisiera saber los pensiones de inicial 5 anos para mi hijo luis
Email,"Estimados, quisiera saber los mensualidad de secundaria para mi hijo Juan.",estimados quisiera saber los mensualidad de secundaria para mi hijo juan
Web,cronograma de admision para secundaria. Mi menor es Luis.,cronograma de admision para secundaria mi menor es luis
Web,<p><b>papeles para traslado a inicial 5 años. Postulante: Ana.</b></p>,papeles para traslado a inicial 5 anos postulante ana
Email,"Estimados, quisiera saber los pensiones de primer grado para mi hijo Ana.",estimados quisiera saber los pensiones de primer grado para mi hijo ana
Web,CITAS DE ADMISION PARA 1ERO SECUNDARIA. MI MENOR ES VALENTINA.,citas de admision para 1ero secundaria mi menor es valentina
WhatsApp,Saber si hay espacios en 5to secundaria para Sofia. Gracias.,saber si hay espacios en 5to secundaria para sofia gracias
Email,"Estimados, quisiera saber los cuotas de inicial 5 años para mi hijo Valentina.",estimados quisiera saber los cuotas de inicial 5 anos para mi hijo valentina
Email,"Estimados, quisiera saber los cuotas de inicial 3 años para mi hijo Valentina.",estimados quisiera saber los cuotas de inicial 3 anos para mi hijo valentina
WhatsApp,<p><b>Hola hay disponibilidad de ingreso para 1ero secundaria? Mi niño se llama Camila.</b></p>,hola hay disponibilidad de ingreso para 1ero secundaria mi nino se llama camila
WhatsApp,SABER SI HAY LUGARES EN 5TO SECUNDARIA PARA SEBASTIAN. GRACIAS.,saber si hay lugares en 5to secundaria para sebastian gracias
Email,"Estimados, quisiera saber los pagos de secundaria para mi hijo Thiago.",estimados quisiera saber los pagos de secundaria para mi hijo thiago
Email,"Estimados, quisiera saber los cuotas de inicial 3 años para mi hijo Maria.",estimados quisiera saber los cuotas de inicial 3 anos para mi hijo maria
Web,ficha de matrícula para traslado a inicial 4 años. Postulante: Mateo.,ficha de matricula para traslado a inicial 4 anos postulante mateo
Email,<p><b>Solicito información de mensualidad y detalles para 5to secundaria. Atte: Luis.</b></p>,solicito informacion de mensualidad y detalles para 5to secundaria atte luis
Email,"ESTIMADOS, QUISIERA SABER LOS PENSIONES DE 6TO PRIMARIA PARA MI HIJO MATEO.",estimados quisiera saber los pensiones de 6to primaria para mi hijo mateo
Email,Solicito información de cuotas y detalles para 5to secundaria. Atte: Sebastian.,solicito informacion de cuotas y detalles para 5to secundaria atte sebastian
Web,<p><b>requisitos para traslado a 6to primaria. Postulante: Juan.</b></p>,requisitos para traslado a 6to primaria postulante juan
WhatsApp,HOLA HAY LUGARES PARA SECUNDARIA? MI NIÑO SE LLAMA VALENTINA.,hola hay lugares para secundaria mi nino se llama valentina
Web,entrevistas de admision para primer grado. Mi menor es Maria.,entrevistas de admision para primer grado mi menor es maria
Email,Solicito información de pagos y detalles para 5to secundaria. Atte: Pedro.,solicito informacion de pagos y detalles para 5to secundaria atte pedro
WhatsApp,<p><b>Saber si hay espacios en primer grado para Pedro. Gracias.</b></p>,saber si hay espacios en primer grado para pedro gracias
WhatsApp,Hola hay lugares para 1ero secundaria? Mi niño se llama Nicolas.,hola hay lugares para 1ero secundaria mi nino se llama nicolas
Web,<p><b>partidas para traslado a inicial 4 años. Postulante: Maria.</b></p>,partidas para traslado a inicial 4 anos postulante maria
WhatsApp,Hola hay disponibilidad de ingreso para secundaria? Mi niño se llama Valentina.,hola hay disponibilidad de ingreso para secundaria mi nino se llama valentina
WhatsApp,Hola hay disponibilidad de ingreso para primer grado? Mi niño se llama Pedro.,hola hay disponibilidad de ingreso para primer grado mi nino se llama pedro
Web,charlas de admision para 1ero primaria. Mi menor es Luis.,charlas de admision para 1ero primaria mi menor es luis
Email,Solicito información de pagos y detalles para 1ero primaria. Atte: Thiago.,solicito informacion de pagos y detalles para 1ero primaria atte thiago
Email,"Estimados, quisiera saber los pensiones de primer grado para mi hijo Lucia.",estimados quisiera saber los pensiones de primer grado para mi hijo lucia
WhatsApp,<p><b>Saber si hay disponibilidad de ingreso en 1ero secundaria para Lucia. Gracias.</b></p>,saber si hay disponibilidad de ingreso en 1ero secundaria para lucia gracias
Web,CRONOGRAMA DE ADMISION PARA INICIAL 4 AÑOS. MI MENOR ES MARIA.,cronograma de admision para inicial 4 anos mi menor es maria
Email,"Estimados, quisiera saber los mensualidad de 6to primaria para mi hijo Maria.",estimados quisiera saber los mensualidad de 6to primaria para mi hijo maria
WhatsApp,Hola hay espacios para primer grado? Mi niño se llama Lucia.,hola hay espacios para primer grado mi nino se llama lucia
WhatsApp,Hola hay lugares para inicial 3 años? Mi niño se llama Maria.,hola hay lugares para inicial 3 anos mi nino se llama maria
Email,"<p><b>Estimados, quisiera saber los pagos de primer año para mi hijo Sofia.</b></p>",estimados quisiera saber los pagos de primer ano para mi hijo sofia
Web,documentos para traslado a secundaria. Postulante: Mateo.,documentos para traslado a secundaria postulante mateo
WhatsApp,HOLA HAY VACANTES PARA PRIMER GRADO? MI NIÑO SE LLAMA LUIS.,hola hay vacantes para primer grado mi nino se llama luis
Email,SOLICITO INFORMACIÓN DE PENSIONES Y DETALLES PARA 5TO SECUNDARIA. ATTE: JUAN.,solicito informacion de pensiones y detalles para 5to secundaria atte juan
Email,Solicito información de pagos y detalles para 5to secundaria. Atte: Camila.,solicito informacion de pagos y detalles para 5to secundaria atte camila
Email,"Estimados, quisiera saber los pensiones de 1ero primaria para mi hijo Valentina.",estimados quisiera saber los pensiones de 1ero primaria para mi hijo valentina
Web,CRONOGRAMA DE ADMISION PARA 1ERO PRIMARIA. MI MENOR ES LUIS.,cronograma de admision para 1ero primaria mi menor es luis
Email,Solicito información de mensualidad y detalles para secundaria. Atte: Ana.,solicito informacion de mensualidad y detalles para secundaria atte ana
WhatsApp,Hola hay vacantes para 1ero primaria? Mi niño se llama Sebastian.,hola hay vacantes para 1ero primaria mi nino se llama sebastian
Email,"Estimados, quisiera saber los precios de inicial 4 años para mi hijo Camila.",estimados quisiera saber los precios de inicial 4 anos para mi hijo camila
Web,partidas para traslado a primer año. Postulante: Gabriel.,partidas para traslado a primer ano postulante gabriel
Email,Solicito información de pagos y detalles para 1ero primaria. Atte: Pedro.,solicito informacion de pagos y detalles para 1ero primaria atte pedro
Web,CRONOGRAMA DE ADMISION PARA SECUNDARIA. MI MENOR ES NICOLAS.,cronograma de admision para secundaria mi menor es nicolas
Web,<p><b>cronograma de admision para 1ero secundaria. Mi menor es Sebastian.</b></p>,cronograma de admision para 1ero secundaria mi menor es sebastian
Web,<p><b>charlas de admision para inicial 4 años. Mi menor es Sebastian.</b></p>,charlas de admision para inicial 4 anos mi menor es sebastian
Web,FICHA DE MATRÍCULA PARA TRASLADO A INICIAL 4 AÑOS. POSTULANTE: NICOLAS.,ficha de matricula para traslado a inicial 4 anos postulante nicolas
WhatsApp,Saber si hay espacios en primer grado para Mateo. Gracias.,saber si hay espacios en primer grado para mateo gracias
Web,reunión de admision para 1ero secundaria. Mi menor es Nicolas.,reunion de admision para 1ero secundaria mi menor es nicolas
WhatsApp,Saber si hay disponibilidad de ingreso en 1ero secundaria para Thiago. Gracias.,saber si hay disponibilidad de ingreso en 1ero secundaria para thiago gracias
Web,PARTIDAS PARA TRASLADO A SECUNDARIA. POSTULANTE: SOFIA.,partidas para traslado a secundaria postulante sofia
Web,citas de admision para 6to primaria. Mi menor es Thiago.,citas de admision para 6to primaria mi menor es thiago
Email,Solicito información de mensualidad y detalles para inicial 4 años. Atte: Nicolas.,solicito informacion de mensualidad y detalles para inicial 4 anos atte nicolas
Email,"Estimados, quisiera saber los costos de 5to secundaria para mi hijo Juan.",estimados quisiera saber los costos de 5to secundaria para mi hijo juan
Email,Solicito información de cuotas y detalles para inicial 4 años. Atte: Camila.,solicito informacion de cuotas y detalles para inicial 4 anos atte camila
Email,SOLICITO INFORMACIÓN DE PENSIONES Y DETALLES PARA 1ERO PRIMARIA. ATTE: SOFIA.,solicito informacion de pensiones y detalles para 1ero primaria atte sofia
Web,<p><b>entrevistas de admision para inicial 5 años. Mi menor es Thiago.</b></p>,entrevistas de admision para inicial 5 anos mi menor es thiago
Web,CRONOGRAMA DE ADMISION PARA 1ERO PRIMARIA. MI MENOR ES GABRIEL.,cronograma de admision para 1ero primaria mi menor es gabriel
Email,Solicito información de pensiones y detalles para inicial 3 años. Atte: Gabriel.,solicito informacion de pensiones y detalles para inicial 3 anos atte gabriel
Email,"Estimados, quisiera saber los cuotas de primer grado para mi hijo Elena.",estimados quisiera saber los cuotas de primer grado para mi hijo elena
Web,charlas de admision para primer año. Mi menor es Luis.,charlas de admision para primer ano mi menor es luis
Email,Solicito información de pagos y detalles para primer grado. Atte: Ana.,solicito informacion de pagos y detalles para primer grado atte ana
Web,<p><b>entrevistas de admision para 1ero primaria. Mi menor es Nicolas.</b></p>,entrevistas de admision para 1ero primaria mi menor es nicolas
Web,reunión de admision para primer año. Mi menor es Thiago.,reunion de admision para primer ano mi menor es thiago
Web,citas de admision para inicial 5 años. Mi menor es Camila.,citas de admision para inicial 5 anos mi menor es camila
WhatsApp,Saber si hay espacios en inicial 4 años para Ana. Gracias.,saber si hay espacios en inicial 4 anos para ana gracias
Email,"Estimados, quisiera saber los pensiones de 5to secundaria para mi hijo Lucia.",estimados quisiera saber los pensiones de 5to secundaria para mi hijo lucia
Web,papeles para traslado a primer grado. Postulante: Camila.,papeles para traslado a primer grado postulante camila
Email,SOLICITO INFORMACIÓN DE COSTOS Y DETALLES PARA PRIMER GRADO. ATTE: ELENA.,solicito informacion de costos y detalles para primer grado atte elena
Web,partidas para traslado a 6to primaria. Postulante: Mateo.,partidas para traslado a 6to primaria postulante mateo
Email,Solicito información de pensiones y detalles para primer grado. Atte: Sebastian.,solicito informacion de pensiones y detalles para primer grado atte sebastian
Web,<p><b>reunión de admision para inicial 4 años. Mi menor es Juan.</b></p>,reunion de admision para inicial 4 anos mi menor es juan
Email,Solicito información de pensiones y detalles para 1ero secundaria. Atte: Pedro.,solicito informacion de pensiones y detalles para 1ero secundaria atte pedro
WhatsApp,Hola hay cupos para inicial 3 años? Mi niño se llama Sebastian.,hola hay cupos para inicial 3 anos mi nino se llama sebastian
WhatsApp,Hola hay disponibilidad de ingreso para 6to primaria? Mi niño se llama Luis.,hola hay disponibilidad de ingreso para 6to primaria mi nino se llama luis
Email,"<p><b>Estimados, quisiera saber los pensiones de secundaria para mi hijo Pedro.</b></p>",estimados quisiera saber los pensiones de secundaria para mi hijo pedro
Web,documentos para traslado a primer año. Postulante: Elena.,documentos para traslado a primer ano postulante elena
Web,requisitos para traslado a 1ero secundaria. Postulante: Elena.,requisitos para traslado a 1ero secundaria postulante elena
WhatsApp,<p><b>Hola hay disponibilidad de ingreso para 6to primaria? Mi niño se llama Camila.</b></p>,hola hay disponibilidad de ingreso para 6to primaria mi nino se llama camila
WhatsApp,Hola hay cupos para inicial 3 años? Mi niño se llama Valentina.,hola hay cupos para inicial 3 anos mi nino se llama valentina
WhatsApp,Saber si hay lugares en secundaria para Valentina. Gracias.,saber si hay lugares en secundaria para valentina gracias
WhatsApp,Saber si hay lugares en primer año para Mateo. Gracias.,saber si hay lugares en primer ano para mateo gracias
Web,partidas para traslado a inicial 3 años. Postulante: Sofia.,partidas para traslado a inicial 3 anos postulante sofia
Web,partidas para traslado a 5to secundaria. Postulante: Ana.,partidas para traslado a 5to secundaria postulante ana
Email,Solicito información de pagos y detalles para 5to secundaria. Atte: Thiago.,solicito informacion de pagos y detalles para 5to secundaria atte thiago
Web,requisitos para traslado a inicial 4 años. Postulante: Thiago.,requisitos para traslado a inicial 4 anos postulante thiago
WhatsApp,<p><b>Hola hay espacios para 1ero secundaria? Mi niño se llama Camila.</b></p>,hola hay espacios para 1ero secundaria mi nino se llama camila
WhatsApp,Saber si hay disponibilidad de ingreso en 5to secundaria para Thiago. Gracias.,saber si hay disponibilidad de ingreso en 5to secundaria para thiago gracias
WhatsApp,HOLA HAY LUGARES PARA INICIAL 3 AÑOS? MI NIÑO SE LLAMA VALENTINA.,hola hay lugares para inicial 3 anos mi nino se llama valentina
WhatsApp,Hola hay cupos para inicial 3 años? Mi niño se llama Elena.,hola hay cupos para inicial 3 anos mi nino se llama elena
Web,<p><b>charlas de admision para secundaria. Mi menor es Mateo.</b></p>,charlas de admision para secundaria mi menor es mateo
Email,Solicito información de cuotas y detalles para inicial 3 años. Atte: Sebastian.,solicito informacion de cuotas y detalles para inicial 3 anos atte sebastian
WhatsApp,Saber si hay disponibilidad de ingreso en inicial 4 años para Sofia. Gracias.,saber si hay disponibilidad de ingreso en inicial 4 anos para sofia gracias
WhatsApp,Saber si hay disponibilidad de ingreso en 1ero secundaria para Sebastian. Gracias.,saber si hay disponibilidad de ingreso en 1ero secundaria para sebastian gracias
WhatsApp,<p><b>Saber si hay espacios en primer grado para Nicolas. Gracias.</b></p>,saber si hay espacios en primer grado para nicolas gracias
Web,FICHA DE MATRÍCULA PARA TRASLADO A INICIAL 4 AÑOS. POSTULANTE: JUAN.,ficha de matricula para traslado a inicial 4 anos postulante juan
WhatsApp,Hola hay lugares para 1ero primaria? Mi niño se llama Juan.,hola hay lugares para 1ero primaria mi nino se llama juan
Email,"Estimados, quisiera saber los mensualidad de 1ero primaria para mi hijo Gabriel.",estimados quisiera saber los mensualidad de 1ero primaria para mi hijo gabriel
WhatsApp,Hola hay disponibilidad de ingreso para primer año? Mi niño se llama Nicolas.,hola hay disponibilidad de ingreso para primer ano mi nino se llama nicolas
Web,partidas para traslado a inicial 3 años. Postulante: Nicolas.,partidas para traslado a inicial 3 anos postulante nicolas
Web,<p><b>reunión de admision para 1ero primaria. Mi menor es Sofia.</b></p>,reunion de admision para 1ero primaria mi menor es sofia
Email,Solicito información de mensualidad y detalles para inicial 5 años. Atte: Thiago.,solicito informacion de mensualidad y detalles para inicial 5 anos atte thiago
Email,"Estimados, quisiera saber los precios de 5to secundaria para mi hijo Maria.",estimados quisiera saber los precios de 5to secundaria para mi hijo maria
Email,"ESTIMADOS, QUISIERA SABER LOS COSTOS DE 1ERO PRIMARIA PARA MI HIJO JUAN.",estimados quisiera saber los costos de 1ero primaria para mi hijo juan
Email,SOLICITO INFORMACIÓN DE PENSIONES Y DETALLES PARA 1ERO PRIMARIA. ATTE: ELENA.,solicito informacion de pensiones y detalles para 1ero primaria atte elena
Email,"Estimados, quisiera saber los costos de 1ero secundaria para mi hijo Ana.",estimados quisiera saber los costos de 1ero secundaria para mi hijo ana
Email,"Estimados, quisiera saber los cuotas de primer grado para mi hijo Sebastian.",estimados quisiera saber los cuotas de primer grado para mi hijo sebastian
Email,"Estimados, quisiera saber los costos de primer año para mi hijo Sofia.",estimados quisiera saber los costos de primer ano para mi hijo sofia
Web,partidas para traslado a inicial 4 años. Postulante: Valentina.,partidas para traslado a inicial 4 anos postulante valentina
WhatsApp,Saber si hay disponibilidad de ingreso en inicial 4 años para Gabriel. Gracias.,saber si hay disponibilidad de ingreso en inicial 4 anos para gabriel gracias
Web,citas de admision para inicial 3 años. Mi menor es Ana.,citas de admision para inicial 3 anos mi menor es ana
Email,Solicito información de costos y detalles para primer grado. Atte: Mateo.,solicito informacion de costos y detalles para primer grado atte mateo
Email,"<p><b>Estimados, quisiera saber los costos de primer grado para mi hijo Nicolas.</b></p>",estimados quisiera saber los costos de primer grado para mi hijo nicolas
Web,papeles para traslado a 6to primaria. Postulante: Maria.,papeles para traslado a 6to primaria postulante maria
Web,<p><b>partidas para traslado a secundaria. Postulante: Juan.</b></p>,partidas para traslado a secundaria postulante juan
WhatsApp,<p><b>Hola hay espacios para 5to secundaria? Mi niño se llama Juan.</b></p>,hola hay espacios para 5to secundaria mi nino se llama juan
WhatsApp,<p><b>Hola hay lugares para inicial 5 años? Mi niño se llama Elena.</b></p>,hola hay lugares para inicial 5 anos mi nino se llama elena
Web,<p><b>partidas para traslado a primer año. Postulante: Mateo.</b></p>,partidas para traslado a primer ano postulante mateo
WhatsApp,<p><b>Saber si hay vacantes en inicial 4 años para Nicolas. Gracias.</b></p>,saber si hay vacantes en inicial 4 anos para nicolas gracias
WhatsApp,Hola hay lugares para 5to secundaria? Mi niño se llama Gabriel.,hola hay lugares para 5to secundaria mi nino se llama gabriel
WhatsApp,Saber si hay vacantes en 6to primaria para Mateo. Gracias.,saber si hay vacantes en 6to primaria para mateo gracias
Email,"<p><b>Estimados, quisiera saber los precios de primer año para mi hijo Mateo.</b></p>",estimados quisiera saber los precios de primer ano para mi hijo mateo
WhatsApp,Hola hay vacantes para inicial 5 años? Mi niño se llama Camila.,hola hay vacantes para inicial 5 anos mi nino se llama camila
WhatsApp,Hola hay cupos para 1ero primaria? Mi niño se llama Elena.,hola hay cupos para 1ero primaria mi nino se llama elena
WhatsApp,Hola hay lugares para 1ero secundaria? Mi niño se llama Gabriel.,hola hay lugares para 1ero secundaria mi nino se llama gabriel
Email,Solicito información de precios y detalles para primer año. Atte: Sofia.,solicito informacion de precios y detalles para primer ano atte sofia
WhatsApp,Saber si hay espacios en 1ero secundaria para Juan. Gracias.,saber si hay espacios en 1ero secundaria para juan gracias
Email,"Estimados, quisiera saber los precios de 1ero primaria para mi hijo Nicolas.",estimados quisiera saber los precios de 1ero primaria para mi hijo nicolas
WhatsApp,Saber si hay cupos en 1ero secundaria para Gabriel. Gracias.,saber si hay cupos en 1ero secundaria para gabriel gracias
WhatsApp,Saber si hay vacantes en secundaria para Gabriel. Gracias.,saber si hay vacantes en secundaria para gabriel gracias
Web,citas de admision para primer grado. Mi menor es Sofia.,citas de admision para primer grado mi menor es sofia
Email,"ESTIMADOS, QUISIERA SABER LOS PAGOS DE SECUNDARIA PARA MI HIJO LUIS.",estimados quisiera saber los pagos de secundaria para mi hijo luis
Web,charlas de admision para primer grado. Mi menor es Elena.,charlas de admision para primer grado mi menor es elena
WhatsApp,Hola hay disponibilidad de ingreso para inicial 3 años? Mi niño se llama Nicolas.,hola hay disponibilidad de ingreso para inicial 3 anos mi nino se llama nicolas
Web,CRONOGRAMA DE ADMISION PARA PRIMER AÑO. MI MENOR ES MATEO.,cronograma de admision para primer ano mi menor es mateo
Web,partidas para traslado a secundaria. Postulante: Nicolas.,partidas para traslado a secundaria postulante nicolas
WhatsApp,Saber si hay cupos en primer grado para Gabriel. Gracias.,saber si hay cupos en primer grado para gabriel gracias
Email,Solicito información de cuotas y detalles para secundaria. Atte: Ana.,solicito informacion de cuotas y detalles para secundaria atte ana
WhatsApp,<p><b>Saber si hay disponibilidad de ingreso en secundaria para Ana. Gracias.</b></p>,saber si hay disponibilidad de ingreso en secundaria para ana gracias
Email,"Estimados, quisiera saber los mensualidad de secundaria para mi hijo Pedro.",estimados quisiera saber los mensualidad de secundaria para mi hijo pedro
Email,<p><b>Solicito información de costos y detalles para secundaria. Atte: Nicolas.</b></p>,solicito informacion de costos y detalles para secundaria atte nicolas
WhatsApp,Saber si hay espacios en primer año para Maria. Gracias.,saber si hay espacios en primer ano para maria gracias
Email,"Estimados, quisiera saber los cuotas de 5to secundaria para mi hijo Pedro.",estimados quisiera saber los cuotas de 5to secundaria para mi hijo pedro
WhatsApp,HOLA HAY LUGARES PARA 1ERO PRIMARIA? MI NIÑO SE LLAMA LUIS.,hola hay lugares para 1ero primaria mi nino se llama luis
Email,<p><b>Solicito información de pensiones y detalles para 5to secundaria. Atte: Gabriel.</b></p>,solicito informacion de pensiones y detalles para 5to secundaria atte gabriel
Web,<p><b>documentos para traslado a primer grado. Postulante: Pedro.</b></p>,documentos para traslado a primer grado postulante pedro
WhatsApp,Hola hay espacios para 6to primaria? Mi niño se llama Valentina.,hola hay espacios para 6to primaria mi nino se llama valentina
Email,"Estimados, quisiera saber los costos de secundaria para mi hijo Nicolas.",estimados quisiera saber los costos de secundaria para mi hijo nicolas
Web,cronograma de admision para inicial 4 años. Mi menor es Pedro.,cronograma de admision para inicial 4 anos mi menor es pedro
Web,entrevistas de admision para inicial 4 años. Mi menor es Ana.,entrevistas de admision para inicial 4 anos mi menor es ana
Email,SOLICITO INFORMACIÓN DE PAGOS Y DETALLES PARA PRIMER GRADO. ATTE: MARIA.,solicito informacion de pagos y detalles para primer grado atte maria
Email,Solicito información de costos y detalles para 1ero secundaria. Atte: Maria.,solicito informacion de costos y detalles para 1ero secundaria atte maria
Email,Solicito información de precios y detalles para inicial 5 años. Atte: Lucia.,solicito informacion de precios y detalles para inicial 5 anos atte lucia
WhatsApp,HOLA HAY CUPOS PARA PRIMER AÑO? MI NIÑO SE LLAMA JUAN.,hola hay cupos para primer ano mi nino se llama juan
Email,"<p><b>Estimados, quisiera saber los mensualidad de inicial 3 años para mi hijo Elena.</b></p>",estimados quisiera saber los mensualidad de inicial 3 anos para mi hijo elena
Email,"Estimados, quisiera saber los precios de secundaria para mi hijo Camila.",estimados quisiera saber los precios de secundaria para mi hijo camila
Web,<p><b>papeles para traslado a inicial 3 años. Postulante: Thiago.</b></p>,papeles para traslado a inicial 3 anos postulante thiago
WhatsApp,<p><b>Saber si hay espacios en primer grado para Elena. Gracias.</b></p>,saber si hay espacios en primer grado para elena gracias
WhatsApp,SABER SI HAY CUPOS EN PRIMER AÑO PARA MATEO. GRACIAS.,saber si hay cupos en primer ano para mateo gracias
Web,reunión de admision para secundaria. Mi menor es Mateo.,reunion de admision para secundaria mi menor es mateo
Email,Solicito información de pensiones y detalles para 5to secundaria. Atte: Elena.,solicito informacion de pensiones y detalles para 5to secundaria atte elena
WhatsApp,Hola hay lugares para inicial 3 años? Mi niño se llama Thiago.,hola hay lugares para inicial 3 anos mi nino se llama thiago
Email,Solicito información de mensualidad y detalles para secundaria. Atte: Nicolas.,solicito informacion de mensualidad y detalles para secundaria atte nicolas
WhatsApp,SABER SI HAY ESPACIOS EN 1ERO PRIMARIA PARA LUIS. GRACIAS.,saber si hay espacios en 1ero primaria para luis gracias
Web,<p><b>partidas para traslado a primer año. Postulante: Valentina.</b></p>,partidas para traslado a primer ano postulante valentina
Web,<p><b>documentación para traslado a secundaria. Postulante: Nicolas.</b></p>,documentacion para traslado a secundaria postulante nicolas
Email,"Estimados, quisiera saber los cuotas de 1ero primaria para mi hijo Gabriel.",estimados quisiera saber los cuotas de 1ero primaria para mi hijo gabriel
Email,Solicito información de precios y detalles para 5to secundaria. Atte: Maria.,solicito informacion de precios y detalles para 5to secundaria atte maria
WhatsApp,Hola hay espacios para 6to primaria? Mi niño se llama Luis.,hola hay espacios para 6to primaria mi nino se llama luis
Email,Solicito información de cuotas y detalles para inicial 4 años. Atte: Sofia.,solicito informacion de cuotas y detalles para inicial 4 anos atte sofia
Email,Solicito información de mensualidad y detalles para 1ero primaria. Atte: Lucia.,solicito informacion de mensualidad y detalles para 1ero primaria atte lucia
WhatsApp,Saber si hay disponibilidad de ingreso en 1ero secundaria para Pedro. Gracias.,saber si hay disponibilidad de ingreso en 1ero secundaria para pedro gracias
Email,"ESTIMADOS, QUISIERA SABER LOS PENSIONES DE INICIAL 4 AÑOS PARA MI HIJO JUAN.",estimados quisiera saber los pensiones de inicial 4 anos para mi hijo juan
Web,documentos para traslado a primer año. Postulante: Sebastian.,documentos para traslado a primer ano postulante sebastian
Web,<p><b>documentación para traslado a inicial 5 años. Postulante: Juan.</b></p>,documentacion para traslado a inicial 5 anos postulante juan
WhatsApp,<p><b>Hola hay lugares para 6to primaria? Mi niño se llama Gabriel.</b></p>,hola hay lugares para 6to primaria mi nino se llama gabriel
WhatsApp,Hola hay disponibilidad de ingreso para primer grado? Mi niño se llama Valentina.,hola hay disponibilidad de ingreso para primer grado mi nino se llama valentina
WhatsApp,<p><b>Hola hay cupos para primer grado? Mi niño se llama Sofia.</b></p>,hola hay cupos para primer grado mi nino se llama sofia
Web,DOCUMENTOS PARA TRASLADO A INICIAL 4 AÑOS. POSTULANTE: LUIS.,documentos para traslado a inicial 4 anos postulante luis
Web,CRONOGRAMA DE ADMISION PARA INICIAL 3 AÑOS. MI MENOR ES VALENTINA.,cronograma de admision para inicial 3 anos mi menor es valentina
WhatsApp,<p><b>Hola hay vacantes para 1ero primaria? Mi niño se llama Valentina.</b></p>,hola hay vacantes para 1ero primaria mi nino se llama valentina
Email,"ESTIMADOS, QUISIERA SABER LOS COSTOS DE INICIAL 5 AÑOS PARA MI HIJO GABRIEL.",estimados quisiera saber los costos de inicial 5 anos para mi hijo gabriel
WhatsApp,HOLA HAY DISPONIBILIDAD DE INGRESO PARA 5TO SECUNDARIA? MI NIÑO SE LLAMA MARIA.,hola hay disponibilidad de ingreso para 5to secundaria mi nino se llama maria
Email,Solicito información de costos y detalles para inicial 4 años. Atte: Elena.,solicito informacion de costos y detalles para inicial 4 anos atte elena
Email,<p><b>Solicito información de pagos y detalles para primer grado. Atte: Mateo.</b></p>,solicito informacion de pagos y detalles para primer grado atte mateo
Email,"Estimados, quisiera saber los mensualidad de primer grado para mi hijo Ana.",estimados quisiera saber los mensualidad de primer grado para mi hijo ana
WhatsApp,Saber si hay disponibilidad de ingreso en primer grado para Pedro. Gracias.,saber si hay disponibilidad de ingreso en primer grado para pedro gracias
WhatsApp,HOLA HAY LUGARES PARA INICIAL 4 AÑOS? MI NIÑO SE LLAMA JUAN.,hola hay lugares para inicial 4 anos mi nino se llama juan
WhatsApp,SABER SI HAY ESPACIOS EN SECUNDARIA PARA LUIS. GRACIAS.,saber si hay espacios en secundaria para luis gracias
Email,SOLICITO INFORMACIÓN DE PENSIONES Y DETALLES PARA PRIMER AÑO. ATTE: SOFIA.,solicito informacion de pensiones y detalles para primer ano atte sofia
Email,Solicito información de precios y detalles para 6to primaria. Atte: Nicolas.,solicito informacion de precios y detalles para 6to primaria atte nicolas
Web,documentos para traslado a 5to secundaria. Postulante: Elena.,documentos para traslado a 5to secundaria postulante elena
WhatsApp,<p><b>Hola hay disponibilidad de ingreso para 1ero primaria? Mi niño se llama Valentina.</b></p>,hola hay disponibilidad de ingreso para 1ero primaria mi nino se llama valentina
WhatsApp,Hola hay vacantes para 1ero secundaria? Mi niño se llama Maria.,hola hay vacantes para 1ero secundaria mi nino se llama maria
Web,documentos para traslado a primer grado. Postulante: Gabriel.,documentos para traslado a primer grado postulante gabriel
Web,requisitos para traslado a inicial 3 años. Postulante: Ana.,requisitos para traslado a inicial 3 anos postulante ana
Email,"<p><b>Estimados, quisiera saber los precios de primer año para mi hijo Luis.</b></p>",estimados quisiera saber los precios de primer ano para mi hijo luis
Web,cronograma de admision para 6to primaria. Mi menor es Pedro.,cronograma de admision para 6to primaria mi menor es pedro
Email,"Estimados, quisiera saber los cuotas de 1ero primaria para mi hijo Mateo.",estimados quisiera saber los cuotas de 1ero primaria para mi hijo mateo
WhatsApp,SABER SI HAY VACANTES EN 5TO SECUNDARIA PARA CAMILA. GRACIAS.,saber si hay vacantes en 5to secundaria para camila gracias
WhatsApp,SABER SI HAY DISPONIBILIDAD DE INGRESO EN 6TO PRIMARIA PARA THIAGO. GRACIAS.,saber si hay disponibilidad de ingreso en 6to primaria para thiago gracias
WhatsApp,Hola hay cupos para 1ero primaria? Mi niño se llama Lucia.,hola hay cupos para 1ero primaria mi nino se llama lucia
Web,documentos para traslado a 5to secundaria. Postulante: Mateo.,documentos para traslado a 5to secundaria postulante mateo
WhatsApp,Saber si hay cupos en primer grado para Valentina. Gracias.,saber si hay cupos en primer grado para valentina gracias
Email,SOLICITO INFORMACIÓN DE COSTOS Y DETALLES PARA 5TO SECUNDARIA. ATTE: MATEO.,solicito informacion de costos y detalles para 5to secundaria atte mateo
Email,"Estimados, quisiera saber los pagos de secundaria para mi hijo Sofia.",estimados quisiera saber los pagos de secundaria para mi hijo sofia
Web,entrevistas de admision para primer año. Mi menor es Gabriel.,entrevistas de admision para primer ano mi menor es gabriel
WhatsApp,Hola hay lugares para primer año? Mi niño se llama Juan.,hola hay lugares para primer ano mi nino se llama juan
Web,<p><b>requisitos para traslado a inicial 3 años. Postulante: Gabriel.</b></p>,requisitos para traslado a inicial 3 anos postulante gabriel
Email,Solicito información de costos y detalles para 6to primaria. Atte: Valentina.,solicito informacion de costos y detalles para 6to primaria atte valentina
Email,Solicito información de precios y detalles para primer grado. Atte: Maria.,solicito informacion de precios y detalles para primer grado atte maria
Web,requisitos para traslado a 5to secundaria. Postulante: Lucia.,requisitos para traslado a 5to secundaria postulante lucia
Email,<p><b>Solicito información de cuotas y detalles para inicial 5 años. Atte: Elena.</b></p>,solicito informacion de cuotas y detalles para inicial 5 anos atte elena
WhatsApp,Saber si hay lugares en inicial 4 años para Ana. Gracias.,saber si hay lugares en inicial 4 anos para ana gracias
Web,PAPELES PARA TRASLADO A 5TO SECUNDARIA. POSTULANTE: ANA.,papeles para traslado a 5to secundaria postulante ana
Email,Solicito información de pensiones y detalles para inicial 5 años. Atte: Sebastian.,solicito informacion de pensiones y detalles para inicial 5 anos atte sebastian
Web,entrevistas de admision para inicial 3 años. Mi menor es Sebastian.,entrevistas de admision para inicial 3 anos mi menor es sebastian
WhatsApp,Saber si hay espacios en inicial 3 años para Nicolas. Gracias.,saber si hay espacios en inicial 3 anos para nicolas gracias
WhatsApp,Hola hay lugares para 6to primaria? Mi niño se llama Luis.,hola hay lugares para 6to primaria mi nino se llama luis
WhatsApp,Hola hay lugares para inicial 3 años? Mi niño se llama Mateo.,hola hay lugares para inicial 3 anos mi nino se llama mateo
Web,PARTIDAS PARA TRASLADO A 5TO SECUNDARIA. POSTULANTE: MATEO.,partidas para traslado a 5to secundaria postulante mateo
WhatsApp,Saber si hay lugares en primer año para Gabriel. Gracias.,saber si hay lugares en primer ano para gabriel gracias
Email,Solicito información de costos y detalles para 1ero primaria. Atte: Sebastian.,solicito informacion de costos y detalles para 1ero primaria atte sebastian
Email,"<p><b>Estimados, quisiera saber los costos de inicial 5 años para mi hijo Lucia.</b></p>",estimados quisiera saber los costos de inicial 5 anos para mi hijo lucia
WhatsApp,Hola hay cupos para 6to primaria? Mi niño se llama Valentina.,hola hay cupos para 6to primaria mi nino se llama valentina
Email,<p><b>Solicito información de cuotas y detalles para secundaria. Atte: Juan.</b></p>,solicito informacion de cuotas y detalles para secundaria atte juan
WhatsApp,<p><b>Hola hay cupos para 1ero secundaria? Mi niño se llama Pedro.</b></p>,hola hay cupos para 1ero secundaria mi nino se llama pedro
Web,papeles para traslado a inicial 3 años. Postulante: Pedro.,papeles para traslado a inicial 3 anos postulante pedro
Email,SOLICITO INFORMACIÓN DE PRECIOS Y DETALLES PARA INICIAL 5 AÑOS. ATTE: MATEO.,solicito informacion de precios y detalles para inicial 5 anos atte mateo
Email,"Estimados, quisiera saber los cuotas de 1ero primaria para mi hijo Juan.",estimados quisiera saber los cuotas de 1ero primaria para mi hijo juan
Web,cronograma de admision para 1ero primaria. Mi menor es Mateo.,cronograma de admision para 1ero primaria mi menor es mateo
WhatsApp,Saber si hay espacios en 1ero secundaria para Sofia. Gracias.,saber si hay espacios en 1ero secundaria para sofia gracias
Email,"Estimados, quisiera saber los cuotas de primer año para mi hijo Sofia.",estimados quisiera saber los cuotas de primer ano para mi hijo sofia
Email,"Estimados, quisiera saber los mensualidad de inicial 3 años para mi hijo Thiago.",estimados quisiera saber los mensualidad de inicial 3 anos para mi hijo thiago
WhatsApp,HOLA HAY DISPONIBILIDAD DE INGRESO PARA SECUNDARIA? MI NIÑO SE LLAMA LUCIA.,hola hay disponibilidad de ingreso para secundaria mi nino se llama lucia
WhatsApp,Saber si hay disponibilidad de ingreso en 1ero primaria para Sofia. Gracias.,saber si hay disponibilidad de ingreso en 1ero primaria para sofia gracias
Web,reunión de admision para primer grado. Mi menor es Elena.,reunion de admision para primer grado mi menor es elena
Web,documentación para traslado a inicial 4 años. Postulante: Sofia.,documentacion para traslado a inicial 4 anos postulante sofia
Email,SOLICITO INFORMACIÓN DE MENSUALIDAD Y DETALLES PARA 6TO PRIMARIA. ATTE: LUIS.,solicito informacion de mensualidad y detalles para 6to primaria atte luis
Email,"Estimados, quisiera saber los precios de inicial 5 años para mi hijo Ana.",estimados quisiera saber los precios de inicial 5 anos para mi hijo ana
Email,"<p><b>Estimados, quisiera saber los costos de 1ero primaria para mi hijo Ana.</b></p>",estimados quisiera saber los costos de 1ero primaria para mi hijo ana
WhatsApp,Hola hay vacantes para inicial 5 años? Mi niño se llama Gabriel.,hola hay vacantes para inicial 5 anos mi nino se llama gabriel
Web,reunión de admision para primer año. Mi menor es Sofia.,reunion de admision para primer ano mi menor es sofia
Web,citas de admision para primer año. Mi menor es Maria.,citas de admision para primer ano mi menor es maria
Email,Solicito información de precios y detalles para 6to primaria. Atte: Pedro.,solicito informacion de precios y detalles para 6to primaria atte pedro
WhatsApp,<p><b>Saber si hay espacios en 1ero primaria para Pedro. Gracias.</b></p>,saber si hay espacios en 1ero primaria para pedro gracias
Email,SOLICITO INFORMACIÓN DE COSTOS Y DETALLES PARA PRIMER AÑO. ATTE: MATEO.,solicito informacion de costos y detalles para primer ano atte mateo
Email,Solicito información de pensiones y detalles para secundaria. Atte: Gabriel.,solicito informacion de pensiones y detalles para secundaria atte gabriel
Web,documentos para traslado a primer grado. Postulante: Luis.,documentos para traslado a primer grado postulante luis
Web,CITAS DE ADMISION PARA 1ERO PRIMARIA. MI MENOR ES THIAGO.,citas de admision para 1ero primaria mi menor es thiago
WhatsApp,Hola hay cupos para primer grado? Mi niño se llama Gabriel.,hola hay cupos para primer grado mi nino se llama gabriel
WhatsApp,Hola hay lugares para secundaria? Mi niño se llama Mateo.,hola hay lugares para secundaria mi nino se llama mateo
Email,Solicito información de cuotas y detalles para 5to secundaria. Atte: Maria.,solicito informacion de cuotas y detalles para 5to secundaria atte maria
WhatsApp,Hola hay lugares para primer grado? Mi niño se llama Elena.,hola hay lugares para primer grado mi nino se llama elena
Web,DOCUMENTACIÓN PARA TRASLADO A INICIAL 4 AÑOS. POSTULANTE: MARIA.,documentacion para traslado a inicial 4 anos postulante maria
Web,PAPELES PARA TRASLADO A PRIMER AÑO. POSTULANTE: SEBASTIAN.,papeles para traslado a primer ano postulante sebastian
WhatsApp,SABER SI HAY CUPOS EN INICIAL 3 AÑOS PARA ELENA. GRACIAS.,saber si hay cupos en inicial 3 anos para elena gracias
Web,entrevistas de admision para 1ero primaria. Mi menor es Juan.,entrevistas de admision para 1ero primaria mi menor es juan
Web,papeles para traslado a 1ero secundaria. Postulante: Valentina.,papeles para traslado a 1ero secundaria postulante valentina
Web,citas de admision para secundaria. Mi menor es Mateo.,citas de admision para secundaria mi menor es mateo
Web,<p><b>ficha de matrícula para traslado a 1ero primaria. Postulante: Ana.</b></p>,ficha de matricula para traslado a 1ero primaria postulante ana
Email,SOLICITO INFORMACIÓN DE COSTOS Y DETALLES PARA SECUNDARIA. ATTE: MATEO.,solicito informacion de costos y detalles para secundaria atte mateo
Email,SOLICITO INFORMACIÓN DE PENSIONES Y DETALLES PARA INICIAL 5 AÑOS. ATTE: LUCIA.,solicito informacion de pensiones y detalles para inicial 5 anos atte lucia
Email,Solicito información de pagos y detalles para inicial 3 años. Atte: Sebastian.,solicito informacion de pagos y detalles para inicial 3 anos atte sebastian
WhatsApp,SABER SI HAY ESPACIOS EN INICIAL 5 AÑOS PARA SEBASTIAN. GRACIAS.,saber si hay espacios en inicial 5 anos para sebastian gracias
Email,Solicito información de mensualidad y detalles para primer grado. Atte: Ana.,solicito informacion de mensualidad y detalles para primer grado atte ana
WhatsApp,Saber si hay lugares en inicial 5 años para Nicolas. Gracias.,saber si hay lugares en inicial 5 anos para nicolas gracias
Web,REUNIÓN DE ADMISION PARA 5TO SECUNDARIA. MI MENOR ES SOFIA.,reunion de admision para 5to secundaria mi menor es sofia
Web,requisitos para traslado a 6to primaria. Postulante: Pedro.,requisitos para traslado a 6to primaria postulante pedro
WhatsApp,SABER SI HAY DISPONIBILIDAD DE INGRESO EN 6TO PRIMARIA PARA CAMILA. GRACIAS.,saber si hay disponibilidad de ingreso en 6to primaria para camila gracias
Web,CRONOGRAMA DE ADMISION PARA 6TO PRIMARIA. MI MENOR ES LUCIA.,cronograma de admision para 6to primaria mi menor es lucia
Web,ficha de matrícula para traslado a inicial 5 años. Postulante: Gabriel.,ficha de matricula para traslado a inicial 5 anos postulante gabriel
Web,CRONOGRAMA DE ADMISION PARA 1ERO PRIMARIA. MI MENOR ES PEDRO.,cronograma de admision para 1ero primaria mi menor es pedro
Web,CHARLAS DE ADMISION PARA PRIMER GRADO. MI MENOR ES JUAN.,charlas de admision para primer grado mi menor es juan
Email,"Estimados, quisiera saber los cuotas de secundaria para mi hijo Ana.",estimados quisiera saber los cuotas de secundaria para mi hijo ana
Web,ficha de matrícula para traslado a secundaria. Postulante: Sebastian.,ficha de matricula para traslado a secundaria postulante sebastian
Web,CITAS DE ADMISION PARA 1ERO PRIMARIA. MI MENOR ES LUCIA.,citas de admision para 1ero primaria mi menor es lucia
Web,papeles para traslado a primer grado. Postulante: Sofia.,papeles para traslado a primer grado postulante sofia
Email,<p><b>Solicito información de mensualidad y detalles para inicial 4 años. Atte: Thiago.</b></p>,solicito informacion de mensualidad y detalles para inicial 4 anos atte thiago
Web,entrevistas de admision para 6to primaria. Mi menor es Juan.,entrevistas de admision para 6to primaria mi menor es juan
WhatsApp,Hola hay disponibilidad de ingreso para secundaria? Mi niño se llama Sofia.,hola hay disponibilidad de ingreso para secundaria mi nino se llama sofia
Web,papeles para traslado a 1ero secundaria. Postulante: Camila.,papeles para traslado a 1ero secundaria postulante camila
Email,"<p><b>Estimados, quisiera saber los mensualidad de inicial 4 años para mi hijo Ana.</b></p>",estimados quisiera saber los mensualidad de inicial 4 anos para mi hijo ana
WhatsApp,SABER SI HAY CUPOS EN 6TO PRIMARIA PARA SEBASTIAN. GRACIAS.,saber si hay cupos en 6to primaria para sebastian gracias
Email,Solicito información de mensualidad y detalles para 1ero secundaria. Atte: Elena.,solicito informacion de mensualidad y detalles para 1ero secundaria atte elena
Email,"<p><b>Estimados, quisiera saber los pagos de 5to secundaria para mi hijo Luis.</b></p>",estimados quisiera saber los pagos de 5to secundaria para mi hijo luis
Email,SOLICITO INFORMACIÓN DE COSTOS Y DETALLES PARA 1ERO PRIMARIA. ATTE: SOFIA.,solicito informacion de costos y detalles para 1ero primaria atte sofia
WhatsApp,Hola hay cupos para 1ero secundaria? Mi niño se llama Mateo.,hola hay cupos para 1ero secundaria mi nino se llama mateo
Email,"Estimados, quisiera saber los pagos de primer año para mi hijo Lucia.",estimados quisiera saber los pagos de primer ano para mi hijo lucia
Web,documentos para traslado a 5to secundaria. Postulante: Gabriel.,documentos para traslado a 5to secundaria postulante gabriel
Email,"Estimados, quisiera saber los pagos de inicial 4 años para mi hijo Luis.",estimados quisiera saber los pagos de inicial 4 anos para mi hijo luis
WhatsApp,HOLA HAY DISPONIBILIDAD DE INGRESO PARA INICIAL 3 AÑOS? MI NIÑO SE LLAMA GABRIEL.,hola hay disponibilidad de ingreso para inicial 3 anos mi nino se llama gabriel
Email,Solicito información de pagos y detalles para inicial 3 años. Atte: Lucia.,solicito informacion de pagos y detalles para inicial 3 anos atte lucia
Web,documentos para traslado a 1ero primaria. Postulante: Lucia.,documentos para traslado a 1ero primaria postulante lucia
WhatsApp,HOLA HAY DISPONIBILIDAD DE INGRESO PARA PRIMER GRADO? MI NIÑO SE LLAMA ELENA.,hola hay disponibilidad de ingreso para primer grado mi nino se llama elena
Email,Solicito información de pensiones y detalles para 1ero primaria. Atte: Gabriel.,solicito informacion de pensiones y detalles para 1ero primaria atte gabriel
Email,"Estimados, quisiera saber los mensualidad de secundaria para mi hijo Gabriel.",estimados quisiera saber los mensualidad de secundaria para mi hijo gabriel
Web,ficha de matrícula para traslado a 6to primaria. Postulante: Valentina.,ficha de matricula para traslado a 6to primaria postulante valentina
Email,Solicito información de costos y detalles para 1ero primaria. Atte: Valentina.,solicito informacion de costos y detalles para 1ero primaria atte valentina
Email,Solicito información de mensualidad y detalles para primer grado. Atte: Mateo.,solicito informacion de mensualidad y detalles para primer grado atte mateo
WhatsApp,<p><b>Hola hay lugares para inicial 5 años? Mi niño se llama Thiago.</b></p>,hola hay lugares para inicial 5 anos mi nino se llama thiago
Email,"<p><b>Estimados, quisiera saber los pagos de 5to secundaria para mi hijo Ana.</b></p>",estimados quisiera saber los pagos de 5to secundaria para mi hijo ana
Email,<p><b>Solicito información de precios y detalles para secundaria. Atte: Pedro.</b></p>,solicito informacion de precios y detalles para secundaria atte pedro
Email,"<p><b>Estimados, quisiera saber los pagos de 5to secundaria para mi hijo Valentina.</b></p>",estimados quisiera saber los pagos de 5to secundaria para mi hijo valentina
Email,SOLICITO INFORMACIÓN DE MENSUALIDAD Y DETALLES PARA PRIMER AÑO. ATTE: CAMILA.,solicito informacion de mensualidad y detalles para primer ano atte camila
WhatsApp,Saber si hay disponibilidad de ingreso en primer año para Mateo. Gracias.,saber si hay disponibilidad de ingreso en primer ano para mateo gracias
WhatsApp,Saber si hay lugares en inicial 3 años para Gabriel. Gracias.,saber si hay lugares en inicial 3 anos para gabriel gracias
WhatsApp,Hola hay disponibilidad de ingreso para primer grado? Mi niño se llama Maria.,hola hay disponibilidad de ingreso para primer grado mi nino se llama maria
Web,ficha de matrícula para traslado a 6to primaria. Postulante: Maria.,ficha de matricula para traslado a 6to primaria postulante maria
Email,SOLICITO INFORMACIÓN DE COSTOS Y DETALLES PARA INICIAL 4 AÑOS. ATTE: GABRIEL.,solicito informacion de costos y detalles para inicial 4 anos atte gabriel
Web,CRONOGRAMA DE ADMISION PARA INICIAL 5 AÑOS. MI MENOR ES ELENA.,cronograma de admision para inicial 5 anos mi menor es elena
Web,DOCUMENTOS PARA TRASLADO A PRIMER GRADO. POSTULANTE: THIAGO.,documentos para traslado a primer grado postulante thiago
Email,SOLICITO INFORMACIÓN DE PENSIONES Y DETALLES PARA 5TO SECUNDARIA. ATTE: SOFIA.,solicito informacion de pensiones y detalles para 5to secundaria atte sofia
Email,"<p><b>Estimados, quisiera saber los costos de inicial 5 años para mi hijo Luis.</b></p>",estimados quisiera saber los costos de inicial 5 anos para mi hijo luis
Web,partidas para traslado a 6to primaria. Postulante: Sofia.,partidas para traslado a 6to primaria postulante sofia
WhatsApp,Hola hay vacantes para primer grado? Mi niño se llama Maria.,hola hay vacantes para primer grado mi nino se llama maria
Email,Solicito información de cuotas y detalles para primer año. Atte: Lucia.,solicito informacion de cuotas y detalles para primer ano atte lucia
Email,"Estimados, quisiera saber los costos de primer año para mi hijo Juan.",estimados quisiera saber los costos de primer ano para mi hijo juan
Email,Solicito información de costos y detalles para primer año. Atte: Lucia.,solicito informacion de costos y detalles para primer ano atte lucia
Web,documentación para traslado a inicial 4 años. Postulante: Sebastian.,documentacion para traslado a inicial 4 anos postulante sebastian
Email,"Estimados, quisiera saber los pagos de 1ero secundaria para mi hijo Pedro.",estimados quisiera saber los pagos de 1ero secundaria para mi hijo pedro
Web,partidas para traslado a 1ero primaria. Postulante: Sebastian.,partidas para traslado a 1ero primaria postulante sebastian
Email,<p><b>Solicito información de mensualidad y detalles para 1ero secundaria. Atte: Maria.</b></p>,solicito informacion de mensualidad y detalles para 1ero secundaria atte maria
WhatsApp,<p><b>Hola hay espacios para secundaria? Mi niño se llama Camila.</b></p>,hola hay espacios para secundaria mi nino se llama camila
Email,"Estimados, quisiera saber los cuotas de primer año para mi hijo Camila.",estimados quisiera saber los cuotas de primer ano para mi hijo camila
Email,Solicito información de costos y detalles para primer año. Atte: Gabriel.,solicito informacion de costos y detalles para primer ano atte gabriel
WhatsApp,<p><b>Hola hay espacios para 1ero primaria? Mi niño se llama Elena.</b></p>,hola hay espacios para 1ero primaria mi nino se llama elena
Email,"Estimados, quisiera saber los mensualidad de secundaria para mi hijo Mateo.",estimados quisiera saber los mensualidad de secundaria para mi hijo mateo
WhatsApp,Hola hay disponibilidad de ingreso para inicial 4 años? Mi niño se llama Nicolas.,hola hay disponibilidad de ingreso para inicial 4 anos mi nino se llama nicolas
WhatsApp,Hola hay vacantes para 5to secundaria? Mi niño se llama Nicolas.,hola hay vacantes para 5to secundaria mi nino se llama nicolas
WhatsApp,Saber si hay espacios en secundaria para Mateo. Gracias.,saber si hay espacios en secundaria para mateo gracias
WhatsApp,Hola hay disponibilidad de ingreso para 6to primaria? Mi niño se llama Mateo.,hola hay disponibilidad de ingreso para 6to primaria mi nino se llama mateo
Web,partidas para traslado a 1ero secundaria. Postulante: Nicolas.,partidas para traslado a 1ero secundaria postulante nicolas
Email,"Estimados, quisiera saber los precios de inicial 3 años para mi hijo Elena.",estimados quisiera saber los precios de inicial 3 anos para mi hijo elena
Web,DOCUMENTACIÓN PARA TRASLADO A PRIMER GRADO. POSTULANTE: CAMILA.,documentacion para traslado a primer grado postulante camila
Web,ficha de matrícula para traslado a secundaria. Postulante: Lucia.,ficha de matricula para traslado a secundaria postulante lucia
WhatsApp,Saber si hay espacios en 5to secundaria para Juan. Gracias.,saber si hay espacios en 5to secundaria para juan gracias
WhatsApp,SABER SI HAY CUPOS EN 5TO SECUNDARIA PARA GABRIEL. GRACIAS.,saber si hay cupos en 5to secundaria para gabriel gracias
Web,<p><b>charlas de admision para primer grado. Mi menor es Sofia.</b></p>,charlas de admision para primer grado mi menor es sofia
Web,citas de admision para inicial 3 años. Mi menor es Juan.,citas de admision para inicial 3 anos mi menor es juan
WhatsApp,<p><b>Saber si hay disponibilidad de ingreso en primer grado para Thiago. Gracias.</b></p>,saber si hay disponibilidad de ingreso en primer grado para thiago gracias
WhatsApp,HOLA HAY DISPONIBILIDAD DE INGRESO PARA SECUNDARIA? MI NIÑO SE LLAMA MARIA.,hola hay disponibilidad de ingreso para secundaria mi nino se llama maria
Email,"Estimados, quisiera saber los pagos de 5to secundaria para mi hijo Camila.",estimados quisiera saber los pagos de 5to secundaria para mi hijo camila
Web,entrevistas de admision para 5to secundaria. Mi menor es Luis.,entrevistas de admision para 5to secundaria mi menor es luis
Web,documentos para traslado a inicial 4 años. Postulante: Ana.,documentos para traslado a inicial 4 anos postulante ana
Web,cronograma de admision para primer grado. Mi menor es Maria.,cronograma de admision para primer grado mi menor es maria
Email,Solicito información de cuotas y detalles para 1ero secundaria. Atte: Mateo.,solicito informacion de cuotas y detalles para 1ero secundaria atte mateo
WhatsApp,Saber si hay espacios en 1ero secundaria para Ana. Gracias.,saber si hay espacios en 1ero secundaria para ana gracias
Web,charlas de admision para 1ero primaria. Mi menor es Sebastian.,charlas de admision para 1ero primaria mi menor es sebastian
Email,"Estimados, quisiera saber los mensualidad de inicial 5 años para mi hijo Maria.",estimados quisiera saber los mensualidad de inicial 5 anos para mi hijo maria
Web,<p><b>documentación para traslado a 6to primaria. Postulante: Thiago.</b></p>,documentacion para traslado a 6to primaria postulante thiago
Email,"Estimados, quisiera saber los pagos de 6to primaria para mi hijo Nicolas.",estimados quisiera saber los pagos de 6to primaria para mi hijo nicolas
Email,"Estimados, quisiera saber los pensiones de inicial 3 años para mi hijo Ana.",estimados quisiera saber los pensiones de inicial 3 anos para mi hijo ana
WhatsApp,SABER SI HAY VACANTES EN PRIMER AÑO PARA LUCIA. GRACIAS.,saber si hay vacantes en primer ano para lucia gracias
WhatsApp,Saber si hay vacantes en 6to primaria para Maria. Gracias.,saber si hay vacantes en 6to primaria para maria gracias
Web,FICHA DE MATRÍCULA PARA TRASLADO A 6TO PRIMARIA. POSTULANTE: LUCIA.,ficha de matricula para traslado a 6to primaria postulante lucia
WhatsApp,<p><b>Hola hay lugares para secundaria? Mi niño se llama Elena.</b></p>,hola hay lugares para secundaria mi nino se llama elena
WhatsApp,Hola hay cupos para secundaria? Mi niño se llama Elena.,hola hay cupos para secundaria mi nino se llama elena
Web,partidas para traslado a 1ero primaria. Postulante: Camila.,partidas para traslado a 1ero primaria postulante camila
Email,"Estimados, quisiera saber los pagos de primer grado para mi hijo Ana.",estimados quisiera saber los pagos de primer grado para mi hijo ana
Email,Solicito información de costos y detalles para secundaria. Atte: Ana.,solicito informacion de costos y detalles para secundaria atte ana
Web,citas de admision para 6to primaria. Mi menor es Sebastian.,citas de admision para 6to primaria mi menor es sebastian
WhatsApp,<p><b>Saber si hay disponibilidad de ingreso en 1ero secundaria para Valentina. Gracias.</b></p>,saber si hay disponibilidad de ingreso en 1ero secundaria para valentina gracias
Web,cronograma de admision para 1ero secundaria. Mi menor es Nicolas.,cronograma de admision para 1ero secundaria mi menor es nicolas
Web,charlas de admision para secundaria. Mi menor es Camila.,charlas de admision para secundaria mi menor es camila
WhatsApp,Saber si hay lugares en 5to secundaria para Ana. Gracias.,saber si hay lugares en 5to secundaria para ana gracias
WhatsApp,Hola hay lugares para inicial 5 años? Mi niño se llama Maria.,hola hay lugares para inicial 5 anos mi nino se llama maria
Email,Solicito información de cuotas y detalles para primer grado. Atte: Camila.,solicito informacion de cuotas y detalles para primer grado atte camila
WhatsApp,Hola hay disponibilidad de ingreso para 5to secundaria? Mi niño se llama Luis.,hola hay disponibilidad de ingreso para 5to secundaria mi nino se llama luis
Web,documentación para traslado a 1ero secundaria. Postulante: Sebastian.,documentacion para traslado a 1ero secundaria postulante sebastian
Email,Solicito información de costos y detalles para secundaria. Atte: Pedro.,solicito informacion de costos y detalles para secundaria atte pedro
Web,papeles para traslado a inicial 5 años. Postulante: Sofia.,papeles para traslado a inicial 5 anos postulante sofia
Web,CRONOGRAMA DE ADMISION PARA PRIMER AÑO. MI MENOR ES GABRIEL.,cronograma de admision para primer ano mi menor es gabriel
Email,<p><b>Solicito información de pensiones y detalles para inicial 3 años. Atte: Nicolas.</b></p>,solicito informacion de pensiones y detalles para inicial 3 anos atte nicolas
Email,"Estimados, quisiera saber los pensiones de 6to primaria para mi hijo Camila.",estimados quisiera saber los pensiones de 6to primaria para mi hijo camila
Web,PAPELES PARA TRASLADO A SECUNDARIA. POSTULANTE: SOFIA.,papeles para traslado a secundaria postulante sofia
WhatsApp,<p><b>Saber si hay cupos en 1ero primaria para Camila. Gracias.</b></p>,saber si hay cupos en 1ero primaria para camila gracias
WhatsApp,Hola hay vacantes para inicial 5 años? Mi niño se llama Luis.,hola hay vacantes para inicial 5 anos mi nino se llama luis
Email,"<p><b>Estimados, quisiera saber los precios de inicial 4 años para mi hijo Valentina.</b></p>",estimados quisiera saber los precios de inicial 4 anos para mi hijo valentina
Email,"Estimados, quisiera saber los pensiones de secundaria para mi hijo Elena.",estimados quisiera saber los pensiones de secundaria para mi hijo elena
Web,citas de admision para primer grado. Mi menor es Elena.,citas de admision para primer grado mi menor es elena
Email,Solicito información de pagos y detalles para 5to secundaria. Atte: Juan.,solicito informacion de pagos y detalles para 5to secundaria atte juan
Web,ficha de matrícula para traslado a primer grado. Postulante: Camila.,ficha de matricula para traslado a primer grado postulante camila
Web,entrevistas de admision para inicial 3 años. Mi menor es Luis.,entrevistas de admision para inicial 3 anos mi menor es luis
WhatsApp,Saber si hay espacios en 5to secundaria para Gabriel. Gracias.,saber si hay espacios en 5to secundaria para gabriel gracias
Email,SOLICITO INFORMACIÓN DE COSTOS Y DETALLES PARA PRIMER GRADO. ATTE: SEBASTIAN.,solicito informacion de costos y detalles para primer grado atte sebastian
Email,Solicito información de mensualidad y detalles para inicial 4 años. Atte: Sofia.,solicito informacion de mensualidad y detalles para inicial 4 anos atte sofia
Email,Solicito información de precios y detalles para inicial 5 años. Atte: Juan.,solicito informacion de precios y detalles para inicial 5 anos atte juan
WhatsApp,SABER SI HAY VACANTES EN SECUNDARIA PARA LUIS. GRACIAS.,saber si hay vacantes en secundaria para luis gracias
Email,"Estimados, quisiera saber los mensualidad de primer año para mi hijo Juan.",estimados quisiera saber los mensualidad de primer ano para mi hijo juan
Web,partidas para traslado a 5to secundaria. Postulante: Juan.,partidas para traslado a 5to secundaria postulante juan
WhatsApp,<p><b>Hola hay disponibilidad de ingreso para 1ero primaria? Mi niño se llama Sebastian.</b></p>,hola hay disponibilidad de ingreso para 1ero primaria mi nino se llama sebastian
WhatsApp,Saber si hay cupos en secundaria para Valentina. Gracias.,saber si hay cupos en secundaria para valentina gracias
Web,ficha de matrícula para traslado a 1ero primaria. Postulante: Thiago.,ficha de matricula para traslado a 1ero primaria postulante thiago
Web,CRONOGRAMA DE ADMISION PARA 1ERO PRIMARIA. MI MENOR ES THIAGO.,cronograma de admision para 1ero primaria mi menor es thiago
Email,"Estimados, quisiera saber los mensualidad de 6to primaria para mi hijo Juan.",estimados quisiera saber los mensualidad de 6to primaria para mi hijo juan
WhatsApp,Hola hay lugares para primer año? Mi niño se llama Thiago.,hola hay lugares para primer ano mi nino se llama thiago
Email,"<p><b>Estimados, quisiera saber los costos de primer año para mi hijo Lucia.</b></p>",estimados quisiera saber los costos de primer ano para mi hijo lucia
Email,SOLICITO INFORMACIÓN DE PRECIOS Y DETALLES PARA 5TO SECUNDARIA. ATTE: ELENA.,solicito informacion de precios y detalles para 5to secundaria atte elena
Email,Solicito información de pagos y detalles para primer grado. Atte: Sofia.,solicito informacion de pagos y detalles para primer grado atte sofia
Email,"Estimados, quisiera saber los cuotas de secundaria para mi hijo Elena.",estimados quisiera saber los cuotas de secundaria para mi hijo elena
Web,citas de admision para 1ero primaria. Mi menor es Valentina.,citas de admision para 1ero primaria mi menor es valentina
WhatsApp,Saber si hay disponibilidad de ingreso en 5to secundaria para Mateo. Gracias.,saber si hay disponibilidad de ingreso en 5to secundaria para mateo gracias
WhatsApp,<p><b>Saber si hay disponibilidad de ingreso en 1ero primaria para Thiago. Gracias.</b></p>,saber si hay disponibilidad de ingreso en 1ero primaria para thiago gracias
Web,charlas de admision para 6to primaria. Mi menor es Ana.,charlas de admision para 6to primaria mi menor es ana
WhatsApp,<p><b>Saber si hay vacantes en 6to primaria para Luis. Gracias.</b></p>,saber si hay vacantes en 6to primaria para luis gracias
Email,<p><b>Solicito información de pagos y detalles para inicial 4 años. Atte: Maria.</b></p>,solicito informacion de pagos y detalles para inicial 4 anos atte maria
WhatsApp,Hola hay disponibilidad de ingreso para inicial 3 años? Mi niño se llama Ana.,hola hay disponibilidad de ingreso para inicial 3 anos mi nino se llama ana
WhatsApp,<p><b>Saber si hay cupos en primer grado para Elena. Gracias.</b></p>,saber si hay cupos en primer grado para elena gracias
Email,"Estimados, quisiera saber los cuotas de 1ero secundaria para mi hijo Thiago.",estimados quisiera saber los cuotas de 1ero secundaria para mi hijo thiago
Email,"Estimados, quisiera saber los pagos de primer año para mi hijo Gabriel.",estimados quisiera saber los pagos de primer ano para mi hijo gabriel
Web,documentación para traslado a 1ero secundaria. Postulante: Sofia.,documentacion para traslado a 1ero secundaria postulante sofia
WhatsApp,Saber si hay vacantes en inicial 3 años para Pedro. Gracias.,saber si hay vacantes en inicial 3 anos para pedro gracias
WhatsApp,Hola hay disponibilidad de ingreso para secundaria? Mi niño se llama Elena.,hola hay disponibilidad de ingreso para secundaria mi nino se llama elena
WhatsApp,<p><b>Saber si hay vacantes en 6to primaria para Juan. Gracias.</b></p>,saber si hay vacantes en 6to primaria para juan gracias
Email,SOLICITO INFORMACIÓN DE PENSIONES Y DETALLES PARA INICIAL 3 AÑOS. ATTE: LUIS.,solicito informacion de pensiones y detalles para inicial 3 anos atte luis
Email,Solicito información de mensualidad y detalles para 1ero secundaria. Atte: Ana.,solicito informacion de mensualidad y detalles para 1ero secundaria atte ana
WhatsApp,Saber si hay espacios en 6to primaria para Sebastian. Gracias.,saber si hay espacios en 6to primaria para sebastian gracias
Email,Solicito información de precios y detalles para 1ero primaria. Atte: Camila.,solicito informacion de precios y detalles para 1ero primaria atte camila
WhatsApp,Hola hay disponibilidad de ingreso para inicial 3 años? Mi niño se llama Pedro.,hola hay disponibilidad de ingreso para inicial 3 anos mi nino se llama pedro
Email,"Estimados, quisiera saber los pagos de secundaria para mi hijo Pedro.",estimados quisiera saber los pagos de secundaria para mi hijo pedro
WhatsApp,HOLA HAY LUGARES PARA INICIAL 4 AÑOS? MI NIÑO SE LLAMA THIAGO.,hola hay lugares para inicial 4 anos mi nino se llama thiago
Email,"<p><b>Estimados, quisiera saber los costos de inicial 5 años para mi hijo Pedro.</b></p>",estimados quisiera saber los costos de inicial 5 anos para mi hijo pedro
Email,Solicito información de pagos y detalles para 1ero primaria. Atte: Mateo.,solicito informacion de pagos y detalles para 1ero primaria atte mateo
Email,"Estimados, quisiera saber los cuotas de inicial 4 años para mi hijo Sofia.",estimados quisiera saber los cuotas de inicial 4 anos para mi hijo sofia
Web,documentación para traslado a inicial 3 años. Postulante: Nicolas.,documentacion para traslado a inicial 3 anos postulante nicolas
Email,"Estimados, quisiera saber los cuotas de 1ero secundaria para mi hijo Sebastian.",estimados quisiera saber los cuotas de 1ero secundaria para mi hijo sebastian
WhatsApp,<p><b>Hola hay lugares para 1ero secundaria? Mi niño se llama Sofia.</b></p>,hola hay lugares para 1ero secundaria mi nino se llama sofia
WhatsApp,Saber si hay vacantes en inicial 4 años para Sebastian. Gracias.,saber si hay vacantes en inicial 4 anos para sebastian gracias
WhatsApp,<p><b>Hola hay cupos para inicial 4 años? Mi niño se llama Luis.</b></p>,hola hay cupos para inicial 4 anos mi nino se llama luis
WhatsApp,<p><b>Saber si hay lugares en inicial 3 años para Camila. Gracias.</b></p>,saber si hay lugares en inicial 3 anos para camila gracias
Email,"Estimados, quisiera saber los costos de inicial 4 años para mi hijo Sofia.",estimados quisiera saber los costos de inicial 4 anos para mi hijo sofia
Email,"ESTIMADOS, QUISIERA SABER LOS PRECIOS DE 6TO PRIMARIA PARA MI HIJO VALENTINA.",estimados quisiera saber los precios de 6to primaria para mi hijo valentina
WhatsApp,Hola hay disponibilidad de ingreso para primer grado? Mi niño se llama Mateo.,hola hay disponibilidad de ingreso para primer grado mi nino se llama mateo
WhatsApp,<p><b>Hola hay vacantes para inicial 3 años? Mi niño se llama Gabriel.</b></p>,hola hay vacantes para inicial 3 anos mi nino se llama gabriel
Email,"ESTIMADOS, QUISIERA SABER LOS PRECIOS DE 1ERO SECUNDARIA PARA MI HIJO ELENA.",estimados quisiera saber los precios de 1ero secundaria para mi hijo elena
WhatsApp,SABER SI HAY LUGARES EN SECUNDARIA PARA MARIA. GRACIAS.,saber si hay lugares en secundaria para maria gracias
Web,papeles para traslado a 1ero primaria. Postulante: Mateo.,papeles para traslado a 1ero primaria postulante mateo
WhatsApp,Saber si hay cupos en 1ero primaria para Sofia. Gracias.,saber si hay cupos en 1ero primaria para sofia gracias
WhatsApp,<p><b>Hola hay vacantes para inicial 5 años? Mi niño se llama Nicolas.</b></p>,hola hay vacantes para inicial 5 anos mi nino se llama nicolas
Web,entrevistas de admision para primer grado. Mi menor es Gabriel.,entrevistas de admision para primer grado mi menor es gabriel
WhatsApp,Saber si hay espacios en inicial 3 años para Sofia. Gracias.,saber si hay espacios en inicial 3 anos para sofia gracias
Web,documentos para traslado a inicial 3 años. Postulante: Maria.,documentos para traslado a inicial 3 anos postulante maria
WhatsApp,Saber si hay vacantes en primer año para Gabriel. Gracias.,saber si hay vacantes en primer ano para gabriel gracias
Web,documentación para traslado a secundaria. Postulante: Ana.,documentacion para traslado a secundaria postulante ana
Email,"Estimados, quisiera saber los costos de inicial 4 años para mi hijo Juan.",estimados quisiera saber los costos de inicial 4 anos para mi hijo juan
Web,documentación para traslado a inicial 3 años. Postulante: Pedro.,documentacion para traslado a inicial 3 anos postulante pedro
Email,Solicito información de pensiones y detalles para inicial 4 años. Atte: Thiago.,solicito informacion de pensiones y detalles para inicial 4 anos atte thiago
Email,Solicito información de pagos y detalles para primer año. Atte: Ana.,solicito informacion de pagos y detalles para primer ano atte ana
Web,citas de admision para primer grado. Mi menor es Maria.,citas de admision para primer grado mi menor es maria
Email,SOLICITO INFORMACIÓN DE MENSUALIDAD Y DETALLES PARA 1ERO SECUNDARIA. ATTE: LUCIA.,solicito informacion de mensualidad y detalles para 1ero secundaria atte lucia
Web,documentos para traslado a 1ero primaria. Postulante: Mateo.,documentos para traslado a 1ero primaria postulante mateo
WhatsApp,<p><b>Saber si hay lugares en 1ero secundaria para Thiago. Gracias.</b></p>,saber si hay lugares en 1ero secundaria para thiago gracias
WhatsApp,Hola hay vacantes para inicial 3 años? Mi niño se llama Maria.,hola hay vacantes para inicial 3 anos mi nino se llama maria
Email,Solicito información de precios y detalles para 6to primaria. Atte: Thiago.,solicito informacion de precios y detalles para 6to primaria atte thiago
Email,<p><b>Solicito información de costos y detalles para secundaria. Atte: Luis.</b></p>,solicito informacion de costos y detalles para secundaria atte luis
Web,CHARLAS DE ADMISION PARA INICIAL 3 AÑOS. MI MENOR ES SOFIA.,charlas de admision para inicial 3 anos mi menor es sofia
Email,SOLICITO INFORMACIÓN DE PENSIONES Y DETALLES PARA 6TO PRIMARIA. ATTE: ANA.,solicito informacion de pensiones y detalles para 6to primaria atte ana
Email,SOLICITO INFORMACIÓN DE PENSIONES Y DETALLES PARA 6TO PRIMARIA. ATTE: MATEO.,solicito informacion de pensiones y detalles para 6to primaria atte mateo
WhatsApp,HOLA HAY ESPACIOS PARA INICIAL 3 AÑOS? MI NIÑO SE LLAMA GABRIEL.,hola hay espacios para inicial 3 anos mi nino se llama gabriel
Web,CRONOGRAMA DE ADMISION PARA SECUNDARIA. MI MENOR ES ANA.,cronograma de admision para secundaria mi menor es ana
WhatsApp,SABER SI HAY DISPONIBILIDAD DE INGRESO EN 5TO SECUNDARIA PARA PEDRO. GRACIAS.,saber si hay disponibilidad de ingreso en 5to secundaria para pedro gracias
WhatsApp,<p><b>Hola hay espacios para inicial 5 años? Mi niño se llama Mateo.</b></p>,hola hay espacios para inicial 5 anos mi nino se llama mateo
WhatsApp,Hola hay vacantes para secundaria? Mi niño se llama Sofia.,hola hay vacantes para secundaria mi nino se llama sofia
WhatsApp,Saber si hay disponibilidad de ingreso en inicial 3 años para Lucia. Gracias.,saber si hay disponibilidad de ingreso en inicial 3 anos para lucia gracias
Web,documentos para traslado a primer grado. Postulante: Camila.,documentos para traslado a primer grado postulante camila
WhatsApp,Hola hay cupos para 1ero primaria? Mi niño se llama Pedro.,hola hay cupos para 1ero primaria mi nino se llama pedro
WhatsApp,<p><b>Saber si hay disponibilidad de ingreso en primer año para Camila. Gracias.</b></p>,saber si hay disponibilidad de ingreso en primer ano para camila gracias
WhatsApp,Saber si hay vacantes en primer año para Sofia. Gracias.,saber si hay vacantes en primer ano para sofia gracias
Email,"ESTIMADOS, QUISIERA SABER LOS CUOTAS DE 6TO PRIMARIA PARA MI HIJO CAMILA.",estimados quisiera saber los cuotas de 6to primaria para mi hijo camila
WhatsApp,Hola hay espacios para 5to secundaria? Mi niño se llama Ana.,hola hay espacios para 5to secundaria mi nino se llama ana
Email,"Estimados, quisiera saber los pagos de primer grado para mi hijo Luis.",estimados quisiera saber los pagos de primer grado para mi hijo luis
Web,requisitos para traslado a inicial 3 años. Postulante: Luis.,requisitos para traslado a inicial 3 anos postulante luis
Email,"ESTIMADOS, QUISIERA SABER LOS PRECIOS DE 1ERO SECUNDARIA PARA MI HIJO THIAGO.",estimados quisiera saber los precios de 1ero secundaria para mi hijo thiago
WhatsApp,HOLA HAY DISPONIBILIDAD DE INGRESO PARA 1ERO PRIMARIA? MI NIÑO SE LLAMA ELENA.,hola hay disponibilidad de ingreso para 1ero primaria mi nino se llama elena
WhatsApp,Saber si hay espacios en inicial 4 años para Thiago. Gracias.,saber si hay espacios en inicial 4 anos para thiago gracias
WhatsApp,Hola hay cupos para inicial 4 años? Mi niño se llama Elena.,hola hay cupos para inicial 4 anos mi nino se llama elena
Web,cronograma de admision para primer grado. Mi menor es Nicolas.,cronograma de admision para primer grado mi menor es nicolas
WhatsApp,<p><b>Hola hay cupos para inicial 3 años? Mi niño se llama Juan.</b></p>,hola hay cupos para inicial 3 anos mi nino se llama juan
Email,Solicito información de precios y detalles para inicial 3 años. Atte: Pedro.,solicito informacion de precios y detalles para inicial 3 anos atte pedro
Email,Solicito información de costos y detalles para 5to secundaria. Atte: Pedro.,solicito informacion de costos y detalles para 5to secundaria atte pedro
WhatsApp,SABER SI HAY CUPOS EN INICIAL 3 AÑOS PARA ANA. GRACIAS.,saber si hay cupos en inicial 3 anos para ana gracias
Email,"<p><b>Estimados, quisiera saber los cuotas de primer año para mi hijo Sebastian.</b></p>",estimados quisiera saber los cuotas de primer ano para mi hijo sebastian
Web,documentos para traslado a 1ero secundaria. Postulante: Nicolas.,documentos para traslado a 1ero secundaria postulante nicolas
Email,Solicito información de mensualidad y detalles para secundaria. Atte: Gabriel.,solicito informacion de mensualidad y detalles para secundaria atte gabriel
WhatsApp,Saber si hay lugares en 1ero secundaria para Lucia. Gracias.,saber si hay lugares en 1ero secundaria para lucia gracias
Email,Solicito información de mensualidad y detalles para 6to primaria. Atte: Camila.,solicito informacion de mensualidad y detalles para 6to primaria atte camila
WhatsApp,HOLA HAY DISPONIBILIDAD DE INGRESO PARA PRIMER AÑO? MI NIÑO SE LLAMA JUAN.,hola hay disponibilidad de ingreso para primer ano mi nino se llama juan
Web,requisitos para traslado a 5to secundaria. Postulante: Pedro.,requisitos para traslado a 5to secundaria postulante pedro
WhatsApp,Hola hay vacantes para inicial 4 años? Mi niño se llama Nicolas.,hola hay vacantes para inicial 4 anos mi nino se llama nicolas
Web,<p><b>reunión de admision para primer año. Mi menor es Luis.</b></p>,reunion de admision para primer ano mi menor es luis
WhatsApp,<p><b>Saber si hay vacantes en 5to secundaria para Mateo. Gracias.</b></p>,saber si hay vacantes en 5to secundaria para mateo gracias
Web,cronograma de admision para 1ero primaria. Mi menor es Valentina.,cronograma de admision para 1ero primaria mi menor es valentina
Web,<p><b>partidas para traslado a 1ero secundaria. Postulante: Mateo.</b></p>,partidas para traslado a 1ero secundaria postulante mateo
Web,papeles para traslado a 6to primaria. Postulante: Lucia.,papeles para traslado a 6to primaria postulante lucia
Web,entrevistas de admision para inicial 4 años. Mi menor es Maria.,entrevistas de admision para inicial 4 anos mi menor es maria
Email,"Estimados, quisiera saber los costos de inicial 4 años para mi hijo Pedro.",estimados quisiera saber los costos de inicial 4 anos para mi hijo pedro
Web,papeles para traslado a inicial 4 años. Postulante: Luis.,papeles para traslado a inicial 4 anos postulante luis
Web,documentos para traslado a 5to secundaria. Postulante: Camila.,documentos para traslado a 5to secundaria postulante camila
WhatsApp,Saber si hay espacios en 6to primaria para Lucia. Gracias.,saber si hay espacios en 6to primaria para lucia gracias
Email,Solicito información de pensiones y detalles para 1ero primaria. Atte: Ana.,solicito informacion de pensiones y detalles para 1ero primaria atte ana
WhatsApp,Hola hay lugares para 1ero secundaria? Mi niño se llama Sebastian.,hola hay lugares para 1ero secundaria mi nino se llama sebastian
WhatsApp,Hola hay lugares para primer grado? Mi niño se llama Camila.,hola hay lugares para primer grado mi nino se llama camila
Web,<p><b>partidas para traslado a inicial 3 años. Postulante: Mateo.</b></p>,partidas para traslado a inicial 3 anos postulante mateo
Email,Solicito información de cuotas y detalles para inicial 3 años. Atte: Elena.,solicito informacion de cuotas y detalles para inicial 3 anos atte elena
WhatsApp,SABER SI HAY DISPONIBILIDAD DE INGRESO EN 1ERO SECUNDARIA PARA GABRIEL. GRACIAS.,saber si hay disponibilidad de ingreso en 1ero secundaria para gabriel gracias
Email,SOLICITO INFORMACIÓN DE MENSUALIDAD Y DETALLES PARA PRIMER AÑO. ATTE: THIAGO.,solicito informacion de mensualidad y detalles para primer ano atte thiago
WhatsApp,Hola hay vacantes para primer grado? Mi niño se llama Mateo.,hola hay vacantes para primer grado mi nino se llama mateo
WhatsApp,<p><b>Hola hay vacantes para 1ero secundaria? Mi niño se llama Lucia.</b></p>,hola hay vacantes para 1ero secundaria mi nino se llama lucia
WhatsApp,<p><b>Saber si hay espacios en 6to primaria para Ana. Gracias.</b></p>,saber si hay espacios en 6to primaria para ana gracias
Email,Solicito información de precios y detalles para 1ero primaria. Atte: Nicolas.,solicito informacion de precios y detalles para 1ero primaria atte nicolas
Email,Solicito información de mensualidad y detalles para 1ero secundaria. Atte: Camila.,solicito informacion de mensualidad y detalles para 1ero secundaria atte camila
Email,Solicito información de precios y detalles para inicial 3 años. Atte: Ana.,solicito informacion de precios y detalles para inicial 3 anos atte ana
Email,"Estimados, quisiera saber los costos de 5to secundaria para mi hijo Lucia.",estimados quisiera saber los costos de 5to secundaria para mi hijo lucia
Email,"Estimados, quisiera saber los costos de 6to primaria para mi hijo Luis.",estimados quisiera saber los costos de 6to primaria para mi hijo luis
Web,charlas de admision para 1ero secundaria. Mi menor es Lucia.,charlas de admision para 1ero secundaria mi menor es lucia
Web,reunión de admision para 1ero primaria. Mi menor es Pedro.,reunion de admision para 1ero primaria mi menor es pedro
WhatsApp,Hola hay cupos para 5to secundaria? Mi niño se llama Valentina.,hola hay cupos para 5to secundaria mi nino se llama valentina
Web,documentos para traslado a primer grado. Postulante: Lucia.,documentos para traslado a primer grado postulante lucia
Web,ficha de matrícula para traslado a inicial 3 años. Postulante: Maria.,ficha de matricula para traslado a inicial 3 anos postulante maria
WhatsApp,<p><b>Hola hay disponibilidad de ingreso para inicial 4 años? Mi niño se llama Elena.</b></p>,hola hay disponibilidad de ingreso para inicial 4 anos mi nino se llama elena
WhatsApp,<p><b>Saber si hay espacios en inicial 4 años para Pedro. Gracias.</b></p>,saber si hay espacios en inicial 4 anos para pedro gracias
WhatsApp,Saber si hay disponibilidad de ingreso en 5to secundaria para Lucia. Gracias.,saber si hay disponibilidad de ingreso en 5to secundaria para lucia gracias
Email,"<p><b>Estimados, quisiera saber los cuotas de inicial 4 años para mi hijo Mateo.</b></p>",estimados quisiera saber los cuotas de inicial 4 anos para mi hijo mateo
Email,Solicito información de pagos y detalles para inicial 3 años. Atte: Juan.,solicito informacion de pagos y detalles para inicial 3 anos atte juan
Email,<p><b>Solicito información de precios y detalles para inicial 3 años. Atte: Thiago.</b></p>,solicito informacion de precios y detalles para inicial 3 anos atte thiago
Email,Solicito información de cuotas y detalles para primer grado. Atte: Pedro.,solicito informacion de cuotas y detalles para primer grado atte pedro
WhatsApp,<p><b>Saber si hay disponibilidad de ingreso en 6to primaria para Juan. Gracias.</b></p>,saber si hay disponibilidad de ingreso en 6to primaria para juan gracias
Web,charlas de admision para inicial 5 años. Mi menor es Sebastian.,charlas de admision para inicial 5 anos mi menor es sebastian
WhatsApp,Hola hay espacios para secundaria? Mi niño se llama Sebastian.,hola hay espacios para secundaria mi nino se llama sebastian
Email,SOLICITO INFORMACIÓN DE MENSUALIDAD Y DETALLES PARA 6TO PRIMARIA. ATTE: SOFIA.,solicito informacion de mensualidad y detalles para 6to primaria atte sofia
Web,partidas para traslado a 6to primaria. Postulante: Pedro.,partidas para traslado a 6to primaria postulante pedro
WhatsApp,Saber si hay disponibilidad de ingreso en secundaria para Mateo. Gracias.,saber si hay disponibilidad de ingreso en secundaria para mateo gracias
WhatsApp,Saber si hay lugares en 5to secundaria para Nicolas. Gracias.,saber si hay lugares en 5to secundaria para nicolas gracias
Web,entrevistas de admision para inicial 3 años. Mi menor es Lucia.,entrevistas de admision para inicial 3 anos mi menor es lucia
WhatsApp,Saber si hay disponibilidad de ingreso en primer grado para Camila. Gracias.,saber si hay disponibilidad de ingreso en primer grado para camila gracias
WhatsApp,<p><b>Hola hay vacantes para inicial 5 años? Mi niño se llama Pedro.</b></p>,hola hay vacantes para inicial 5 anos mi nino se llama pedro
Web,<p><b>citas de admision para secundaria. Mi menor es Valentina.</b></p>,citas de admision para secundaria mi menor es valentina
Email,"Estimados, quisiera saber los costos de 5to secundaria para mi hijo Valentina.",estimados quisiera saber los costos de 5to secundaria para mi hijo valentina
Email,<p><b>Solicito información de cuotas y detalles para inicial 4 años. Atte: Gabriel.</b></p>,solicito informacion de cuotas y detalles para inicial 4 anos atte gabriel
Email,Solicito información de pensiones y detalles para 5to secundaria. Atte: Nicolas.,solicito informacion de pensiones y detalles para 5to secundaria atte nicolas
Web,papeles para traslado a 5to secundaria. Postulante: Juan.,papeles para traslado a 5to secundaria postulante juan
Web,papeles para traslado a 1ero primaria. Postulante: Maria.,papeles para traslado a 1ero primaria postulante maria
Email,SOLICITO INFORMACIÓN DE COSTOS Y DETALLES PARA SECUNDARIA. ATTE: GABRIEL.,solicito informacion de costos y detalles para secundaria atte gabriel
WhatsApp,Hola hay vacantes para 5to secundaria? Mi niño se llama Mateo.,hola hay vacantes para 5to secundaria mi nino se llama mateo
Web,ficha de matrícula para traslado a inicial 5 años. Postulante: Pedro.,ficha de matricula para traslado a inicial 5 anos postulante pedro
Web,<p><b>charlas de admision para inicial 3 años. Mi menor es Lucia.</b></p>,charlas de admision para inicial 3 anos mi menor es lucia
Email,"Estimados, quisiera saber los mensualidad de 5to secundaria para mi hijo Pedro.",estimados quisiera saber los mensualidad de 5to secundaria para mi hijo pedro
Email,<p><b>Solicito información de mensualidad y detalles para 6to primaria. Atte: Valentina.</b></p>,solicito informacion de mensualidad y detalles para 6to primaria atte valentina
WhatsApp,Saber si hay lugares en 1ero secundaria para Elena. Gracias.,saber si hay lugares en 1ero secundaria para elena gracias
WhatsApp,Hola hay cupos para inicial 4 años? Mi niño se llama Valentina.,hola hay cupos para inicial 4 anos mi nino se llama valentina
Web,DOCUMENTOS PARA TRASLADO A INICIAL 4 AÑOS. POSTULANTE: SEBASTIAN.,documentos para traslado a inicial 4 anos postulante sebastian
WhatsApp,<p><b>Saber si hay vacantes en inicial 5 años para Ana. Gracias.</b></p>,saber si hay vacantes en inicial 5 anos para ana gracias
Web,cronograma de admision para secundaria. Mi menor es Elena.,cronograma de admision para secundaria mi menor es elena
Email,"Estimados, quisiera saber los pensiones de 5to secundaria para mi hijo Sofia.",estimados quisiera saber los pensiones de 5to secundaria para mi hijo sofia
WhatsApp,Hola hay cupos para 6to primaria? Mi niño se llama Elena.,hola hay cupos para 6to primaria mi nino se llama elena
Email,"Estimados, quisiera saber los costos de primer grado para mi hijo Lucia.",estimados quisiera saber los costos de primer grado para mi hijo lucia
Email,"ESTIMADOS, QUISIERA SABER LOS PENSIONES DE PRIMER AÑO PARA MI HIJO GABRIEL.",estimados quisiera saber los pensiones de primer ano para mi hijo gabriel
Email,Solicito información de pensiones y detalles para primer grado. Atte: Nicolas.,solicito informacion de pensiones y detalles para primer grado atte nicolas
WhatsApp,Saber si hay vacantes en 1ero primaria para Luis. Gracias.,saber si hay vacantes en 1ero primaria para luis gracias
Email,"Estimados, quisiera saber los mensualidad de 1ero secundaria para mi hijo Thiago.",estimados quisiera saber los mensualidad de 1ero secundaria para mi hijo thiago
Web,partidas para traslado a inicial 4 años. Postulante: Elena.,partidas para traslado a inicial 4 anos postulante elena
WhatsApp,<p><b>Hola hay cupos para primer grado? Mi niño se llama Thiago.</b></p>,hola hay cupos para primer grado mi nino se llama thiago
Web,<p><b>requisitos para traslado a inicial 3 años. Postulante: Sebastian.</b></p>,requisitos para traslado a inicial 3 anos postulante sebastian
Web,citas de admision para 6to primaria. Mi menor es Juan.,citas de admision para 6to primaria mi menor es juan
Email,"Estimados, quisiera saber los costos de secundaria para mi hijo Juan.",estimados quisiera saber los costos de secundaria para mi hijo juan
Email,"Estimados, quisiera saber los costos de 5to secundaria para mi hijo Luis.",estimados quisiera saber los costos de 5to secundaria para mi hijo luis
Email,"Estimados, quisiera saber los costos de secundaria para mi hijo Camila.",estimados quisiera saber los costos de secundaria para mi hijo camila
Email,Solicito información de pagos y detalles para primer año. Atte: Camila.,solicito informacion de pagos y detalles para primer ano atte camila
WhatsApp,<p><b>Saber si hay lugares en 1ero primaria para Juan. Gracias.</b></p>,saber si hay lugares en 1ero primaria para juan gracias
Web,ENTREVISTAS DE ADMISION PARA PRIMER GRADO. MI MENOR ES PEDRO.,entrevistas de admision para primer grado mi menor es pedro
WhatsApp,Saber si hay cupos en inicial 5 años para Elena. Gracias.,saber si hay cupos en inicial 5 anos para elena gracias
Email,"Estimados, quisiera saber los costos de inicial 4 años para mi hijo Valentina.",estimados quisiera saber los costos de inicial 4 anos para mi hijo valentina
Email,Solicito información de mensualidad y detalles para inicial 4 años. Atte: Lucia.,solicito informacion de mensualidad y detalles para inicial 4 anos atte lucia
WhatsApp,Saber si hay vacantes en inicial 3 años para Luis. Gracias.,saber si hay vacantes en inicial 3 anos para luis gracias
Web,ficha de matrícula para traslado a inicial 4 años. Postulante: Maria.,ficha de matricula para traslado a inicial 4 anos postulante maria
Email,"Estimados, quisiera saber los cuotas de inicial 3 años para mi hijo Mateo.",estimados quisiera saber los cuotas de inicial 3 anos para mi hijo mateo
WhatsApp,HOLA HAY CUPOS PARA 5TO SECUNDARIA? MI NIÑO SE LLAMA LUIS.,hola hay cupos para 5to secundaria mi nino se llama luis
Web,<p><b>partidas para traslado a secundaria. Postulante: Sebastian.</b></p>,partidas para traslado a secundaria postulante sebastian
Web,requisitos para traslado a 5to secundaria. Postulante: Nicolas.,requisitos para traslado a 5to secundaria postulante nicolas
Web,<p><b>documentación para traslado a 1ero secundaria. Postulante: Luis.</b></p>,documentacion para traslado a 1ero secundaria postulante luis
Web,<p><b>requisitos para traslado a primer año. Postulante: Thiago.</b></p>,requisitos para traslado a primer ano postulante thiago
Email,"Estimados, quisiera saber los costos de 6to primaria para mi hijo Gabriel.",estimados quisiera saber los costos de 6to primaria para mi hijo gabriel
Email,Solicito información de mensualidad y detalles para inicial 3 años. Atte: Valentina.,solicito informacion de mensualidad y detalles para inicial 3 anos atte valentina
WhatsApp,HOLA HAY ESPACIOS PARA PRIMER GRADO? MI NIÑO SE LLAMA VALENTINA.,hola hay espacios para primer grado mi nino se llama valentina
WhatsApp,Saber si hay espacios en secundaria para Camila. Gracias.,saber si hay espacios en secundaria para camila gracias
Web,papeles para traslado a inicial 5 años. Postulante: Juan.,papeles para traslado a inicial 5 anos postulante juan
WhatsApp,Saber si hay cupos en primer año para Sofia. Gracias.,saber si hay cupos en primer ano para sofia gracias
WhatsApp,Hola hay espacios para inicial 3 años? Mi niño se llama Lucia.,hola hay espacios para inicial 3 anos mi nino se llama lucia
WhatsApp,<p><b>Saber si hay disponibilidad de ingreso en inicial 4 años para Valentina. Gracias.</b></p>,saber si hay disponibilidad de ingreso en inicial 4 anos para valentina gracias
Email,Solicito información de precios y detalles para primer grado. Atte: Gabriel.,solicito informacion de precios y detalles para primer grado atte gabriel
Web,papeles para traslado a 6to primaria. Postulante: Camila.,papeles para traslado a 6to primaria postulante camila
Web,partidas para traslado a 5to secundaria. Postulante: Sebastian.,partidas para traslado a 5to secundaria postulante sebastian
Email,"Estimados, quisiera saber los precios de 5to secundaria para mi hijo Luis.",estimados quisiera saber los precios de 5to secundaria para mi hijo luis
Email,"Estimados, quisiera saber los pagos de primer año para mi hijo Thiago.",estimados quisiera saber los pagos de primer ano para mi hijo thiago
WhatsApp,Saber si hay disponibilidad de ingreso en 1ero primaria para Gabriel. Gracias.,saber si hay disponibilidad de ingreso en 1ero primaria para gabriel gracias
Web,citas de admision para 1ero primaria. Mi menor es Luis.,citas de admision para 1ero primaria mi menor es luis
Web,<p><b>requisitos para traslado a primer año. Postulante: Luis.</b></p>,requisitos para traslado a primer ano postulante luis
Email,Solicito información de cuotas y detalles para 1ero secundaria. Atte: Maria.,solicito informacion de cuotas y detalles para 1ero secundaria atte maria
Web,<p><b>requisitos para traslado a secundaria. Postulante: Lucia.</b></p>,requisitos para traslado a secundaria postulante lucia
Email,"<p><b>Estimados, quisiera saber los pensiones de primer año para mi hijo Nicolas.</b></p>",estimados quisiera saber los pensiones de primer ano para mi hijo nicolas
Email,Solicito información de pensiones y detalles para inicial 4 años. Atte: Pedro.,solicito informacion de pensiones y detalles para inicial 4 anos atte pedro
Email,"Estimados, quisiera saber los costos de inicial 3 años para mi hijo Thiago.",estimados quisiera saber los costos de inicial 3 anos para mi hijo thiago
WhatsApp,Hola hay lugares para primer grado? Mi niño se llama Sebastian.,hola hay lugares para primer grado mi nino se llama sebastian
Web,cronograma de admision para inicial 4 años. Mi menor es Nicolas.,cronograma de admision para inicial 4 anos mi menor es nicolas
Web,reunión de admision para primer año. Mi menor es Gabriel.,reunion de admision para primer ano mi menor es gabriel
Email,Solicito información de pagos y detalles para 6to primaria. Atte: Luis.,solicito informacion de pagos y detalles para 6to primaria atte luis
Web,ficha de matrícula para traslado a secundaria. Postulante: Gabriel.,ficha de matricula para traslado a secundaria postulante gabriel
WhatsApp,Saber si hay espacios en inicial 4 años para Sofia. Gracias.,saber si hay espacios en inicial 4 anos para sofia gracias
Web,<p><b>citas de admision para inicial 5 años. Mi menor es Lucia.</b></p>,citas de admision para inicial 5 anos mi menor es lucia
Web,documentos para traslado a primer año. Postulante: Luis.,documentos para traslado a primer ano postulante luis
Web,ficha de matrícula para traslado a 1ero primaria. Postulante: Juan.,ficha de matricula para traslado a 1ero primaria postulante juan
Email,Solicito información de costos y detalles para inicial 4 años. Atte: Luis.,solicito informacion de costos y detalles para inicial 4 anos atte luis
WhatsApp,<p><b>Saber si hay lugares en primer año para Ana. Gracias.</b></p>,saber si hay lugares en primer ano para ana gracias
WhatsApp,Saber si hay disponibilidad de ingreso en 1ero secundaria para Ana. Gracias.,saber si hay disponibilidad de ingreso en 1ero secundaria para ana gracias
Email,Solicito información de costos y detalles para 5to secundaria. Atte: Gabriel.,solicito informacion de costos y detalles para 5to secundaria atte gabriel
Email,Solicito información de pagos y detalles para inicial 3 años. Atte: Valentina.,solicito informacion de pagos y detalles para inicial 3 anos atte valentina
Email,Solicito información de mensualidad y detalles para 1ero primaria. Atte: Sofia.,solicito informacion de mensualidad y detalles para 1ero primaria atte sofia
Web,charlas de admision para 1ero secundaria. Mi menor es Sebastian.,charlas de admision para 1ero secundaria mi menor es sebastian
Email,Solicito información de pensiones y detalles para 1ero primaria. Atte: Nicolas.,solicito informacion de pensiones y detalles para 1ero primaria atte nicolas
Email,<p><b>Solicito información de mensualidad y detalles para secundaria. Atte: Mateo.</b></p>,solicito informacion de mensualidad y detalles para secundaria atte mateo
Web,<p><b>entrevistas de admision para 1ero primaria. Mi menor es Maria.</b></p>,entrevistas de admision para 1ero primaria mi menor es maria
WhatsApp,<p><b>Saber si hay disponibilidad de ingreso en 1ero primaria para Camila. Gracias.</b></p>,saber si hay disponibilidad de ingreso en 1ero primaria para camila gracias
Web,requisitos para traslado a 6to primaria. Postulante: Sofia.,requisitos para traslado a 6to primaria postulante sofia
WhatsApp,SABER SI HAY ESPACIOS EN 1ERO SECUNDARIA PARA THIAGO. GRACIAS.,saber si hay espacios en 1ero secundaria para thiago gracias
Web,<p><b>citas de admision para secundaria. Mi menor es Camila.</b></p>,citas de admision para secundaria mi menor es camila
WhatsApp,SABER SI HAY VACANTES EN PRIMER AÑO PARA VALENTINA. GRACIAS.,saber si hay vacantes en primer ano para valentina gracias
Email,"ESTIMADOS, QUISIERA SABER LOS PENSIONES DE 1ERO SECUNDARIA PARA MI HIJO VALENTINA.",estimados quisiera saber los pensiones de 1ero secundaria para mi hijo valentina
Web,citas de admision para secundaria. Mi menor es Luis.,citas de admision para secundaria mi menor es luis
Web,documentación para traslado a 1ero primaria. Postulante: Sofia.,documentacion para traslado a 1ero primaria postulante sofia
Email,Solicito información de pagos y detalles para primer grado. Atte: Thiago.,solicito informacion de pagos y detalles para primer grado atte thiago
WhatsApp,SABER SI HAY LUGARES EN INICIAL 4 AÑOS PARA ELENA. GRACIAS.,saber si hay lugares en inicial 4 anos para elena gracias
WhatsApp,Hola hay disponibilidad de ingreso para inicial 4 años? Mi niño se llama Sofia.,hola hay disponibilidad de ingreso para inicial 4 anos mi nino se llama sofia
Email,<p><b>Solicito información de pagos y detalles para 5to secundaria. Atte: Mateo.</b></p>,solicito informacion de pagos y detalles para 5to secundaria atte mateo
Web,documentos para traslado a 1ero primaria. Postulante: Luis.,documentos para traslado a 1ero primaria postulante luis
Email,Solicito información de cuotas y detalles para primer grado. Atte: Elena.,solicito informacion de cuotas y detalles para primer grado atte elena
WhatsApp,<p><b>Hola hay lugares para primer grado? Mi niño se llama Pedro.</b></p>,hola hay lugares para primer grado mi nino se llama pedro
WhatsApp,<p><b>Hola hay lugares para inicial 4 años? Mi niño se llama Valentina.</b></p>,hola hay lugares para inicial 4 anos mi nino se llama valentina
Web,papeles para traslado a 5to secundaria. Postulante: Maria.,papeles para traslado a 5to secundaria postulante maria
Email,"<p><b>Estimados, quisiera saber los pagos de 6to primaria para mi hijo Sofia.</b></p>",estimados quisiera saber los pagos de 6to primaria para mi hijo sofia
WhatsApp,Hola hay disponibilidad de ingreso para 1ero secundaria? Mi niño se llama Luis.,hola hay disponibilidad de ingreso para 1ero secundaria mi nino se llama luis
Email,"<p><b>Estimados, quisiera saber los pagos de 5to secundaria para mi hijo Maria.</b></p>",estimados quisiera saber los pagos de 5to secundaria para mi hijo maria
WhatsApp,Saber si hay espacios en inicial 5 años para Pedro. Gracias.,saber si hay espacios en inicial 5 anos para pedro gracias
Email,"ESTIMADOS, QUISIERA SABER LOS PENSIONES DE INICIAL 3 AÑOS PARA MI HIJO VALENTINA.",estimados quisiera saber los pensiones de inicial 3 anos para mi hijo valentina
Web,papeles para traslado a primer año. Postulante: Elena.,papeles para traslado a primer ano postulante elena
Web,citas de admision para 5to secundaria. Mi menor es Maria.,citas de admision para 5to secundaria mi menor es maria
WhatsApp,Hola hay disponibilidad de ingreso para 5to secundaria? Mi niño se llama Nicolas.,hola hay disponibilidad de ingreso para 5to secundaria mi nino se llama nicolas
Email,<p><b>Solicito información de mensualidad y detalles para 1ero primaria. Atte: Ana.</b></p>,solicito informacion de mensualidad y detalles para 1ero primaria atte ana
WhatsApp,Saber si hay espacios en 1ero secundaria para Mateo. Gracias.,saber si hay espacios en 1ero secundaria para mateo gracias
Email,"<p><b>Estimados, quisiera saber los precios de 1ero secundaria para mi hijo Lucia.</b></p>",estimados quisiera saber los precios de 1ero secundaria para mi hijo lucia
Email,"Estimados, quisiera saber los pensiones de 6to primaria para mi hijo Sofia.",estimados quisiera saber los pensiones de 6to primaria para mi hijo sofia
Email,Solicito información de mensualidad y detalles para secundaria. Atte: Pedro.,solicito informacion de mensualidad y detalles para secundaria atte pedro
WhatsApp,Hola hay disponibilidad de ingreso para primer año? Mi niño se llama Mateo.,hola hay disponibilidad de ingreso para primer ano mi nino se llama mateo
WhatsApp,Hola hay vacantes para inicial 4 años? Mi niño se llama Sebastian.,hola hay vacantes para inicial 4 anos mi nino se llama sebastian
Email,"ESTIMADOS, QUISIERA SABER LOS PENSIONES DE 5TO SECUNDARIA PARA MI HIJO GABRIEL.",estimados quisiera saber los pensiones de 5to secundaria para mi hijo gabriel
Email,Solicito información de cuotas y detalles para 1ero primaria. Atte: Luis.,solicito informacion de cuotas y detalles para 1ero primaria atte luis
Web,REUNIÓN DE ADMISION PARA SECUNDARIA. MI MENOR ES VALENTINA.,reunion de admision para secundaria mi menor es valentina
Web,documentación para traslado a primer grado. Postulante: Elena.,documentacion para traslado a primer grado postulante elena
Email,"<p><b>Estimados, quisiera saber los pensiones de 1ero secundaria para mi hijo Mateo.</b></p>",estimados quisiera saber los pensiones de 1ero secundaria para mi hijo mateo
Email,"Estimados, quisiera saber los mensualidad de 6to primaria para mi hijo Pedro.",estimados quisiera saber los mensualidad de 6to primaria para mi hijo pedro
WhatsApp,Hola hay espacios para 1ero secundaria? Mi niño se llama Elena.,hola hay espacios para 1ero secundaria mi nino se llama elena
Email,"Estimados, quisiera saber los precios de 1ero primaria para mi hijo Juan.",estimados quisiera saber los precios de 1ero primaria para mi hijo juan
WhatsApp,<p><b>Hola hay espacios para 1ero secundaria? Mi niño se llama Pedro.</b></p>,hola hay espacios para 1ero secundaria mi nino se llama pedro
Web,citas de admision para 1ero primaria. Mi menor es Pedro.,citas de admision para 1ero primaria mi menor es pedro
WhatsApp,Hola hay vacantes para secundaria? Mi niño se llama Nicolas.,hola hay vacantes para secundaria mi nino se llama nicolas
Web,requisitos para traslado a 6to primaria. Postulante: Maria.,requisitos para traslado a 6to primaria postulante maria
WhatsApp,Saber si hay cupos en 1ero primaria para Elena. Gracias.,saber si hay cupos en 1ero primaria para elena gracias
WhatsApp,SABER SI HAY CUPOS EN INICIAL 3 AÑOS PARA LUIS. GRACIAS.,saber si hay cupos en inicial 3 anos para luis gracias
Web,reunión de admision para 6to primaria. Mi menor es Ana.,reunion de admision para 6to primaria mi menor es ana
WhatsApp,<p><b>Hola hay vacantes para 6to primaria? Mi niño se llama Sofia.</b></p>,hola hay vacantes para 6to primaria mi nino se llama sofia
WhatsApp,Hola hay cupos para 1ero primaria? Mi niño se llama Nicolas.,hola hay cupos para 1ero primaria mi nino se llama nicolas
Web,documentación para traslado a secundaria. Postulante: Juan.,documentacion para traslado a secundaria postulante juan
Web,citas de admision para inicial 5 años. Mi menor es Sebastian.,citas de admision para inicial 5 anos mi menor es sebastian
Email,<p><b>Solicito información de precios y detalles para primer año. Atte: Luis.</b></p>,solicito informacion de precios y detalles para primer ano atte luis
WhatsApp,Hola hay cupos para inicial 4 años? Mi niño se llama Sofia.,hola hay cupos para inicial 4 anos mi nino se llama sofia
Email,Solicito información de pensiones y detalles para 5to secundaria. Atte: Mateo.,solicito informacion de pensiones y detalles para 5to secundaria atte mateo
Web,<p><b>partidas para traslado a 1ero secundaria. Postulante: Camila.</b></p>,partidas para traslado a 1ero secundaria postulante camila
Email,<p><b>Solicito información de costos y detalles para inicial 3 años. Atte: Maria.</b></p>,solicito informacion de costos y detalles para inicial 3 anos atte maria
Web,charlas de admision para inicial 4 años. Mi menor es Nicolas.,charlas de admision para inicial 4 anos mi menor es nicolas
WhatsApp,Saber si hay disponibilidad de ingreso en 1ero primaria para Pedro. Gracias.,saber si hay disponibilidad de ingreso en 1ero primaria para pedro gracias
WhatsApp,<p><b>Saber si hay espacios en 1ero primaria para Valentina. Gracias.</b></p>,saber si hay espacios en 1ero primaria para valentina gracias
Web,papeles para traslado a inicial 3 años. Postulante: Luis.,papeles para traslado a inicial 3 anos postulante luis
Email,"Estimados, quisiera saber los cuotas de inicial 4 años para mi hijo Maria.",estimados quisiera saber los cuotas de inicial 4 anos para mi hijo maria
Email,SOLICITO INFORMACIÓN DE PENSIONES Y DETALLES PARA PRIMER AÑO. ATTE: LUCIA.,solicito informacion de pensiones y detalles para primer ano atte lucia
Web,ficha de matrícula para traslado a secundaria. Postulante: Elena.,ficha de matricula para traslado a secundaria postulante elena
Web,papeles para traslado a inicial 4 años. Postulante: Ana.,papeles para traslado a inicial 4 anos postulante ana
Email,<p><b>Solicito información de mensualidad y detalles para 6to primaria. Atte: Thiago.</b></p>,solicito informacion de mensualidad y detalles para 6to primaria atte thiago
WhatsApp,Hola hay espacios para 1ero primaria? Mi niño se llama Maria.,hola hay espacios para 1ero primaria mi nino se llama maria
WhatsApp,<p><b>Saber si hay espacios en secundaria para Nicolas. Gracias.</b></p>,saber si hay espacios en secundaria para nicolas gracias
WhatsApp,<p><b>Hola hay vacantes para 6to primaria? Mi niño se llama Nicolas.</b></p>,hola hay vacantes para 6to primaria mi nino se llama nicolas
Email,Solicito información de cuotas y detalles para 1ero secundaria. Atte: Camila.,solicito informacion de cuotas y detalles para 1ero secundaria atte camila
Web,papeles para traslado a 1ero primaria. Postulante: Thiago.,papeles para traslado a 1ero primaria postulante thiago
Email,"Estimados, quisiera saber los pensiones de secundaria para mi hijo Mateo.",estimados quisiera saber los pensiones de secundaria para mi hijo mateo
WhatsApp,<p><b>Saber si hay vacantes en primer grado para Thiago. Gracias.</b></p>,saber si hay vacantes en primer grado para thiago gracias
Email,<p><b>Solicito información de precios y detalles para inicial 4 años. Atte: Gabriel.</b></p>,solicito informacion de precios y detalles para inicial 4 anos atte gabriel
Web,cronograma de admision para inicial 4 años. Mi menor es Lucia.,cronograma de admision para inicial 4 anos mi menor es lucia
Email,Solicito información de costos y detalles para 1ero secundaria. Atte: Thiago.,solicito informacion de costos y detalles para 1ero secundaria atte thiago
Email,Solicito información de precios y detalles para inicial 4 años. Atte: Nicolas.,solicito informacion de precios y detalles para inicial 4 anos atte nicolas
WhatsApp,Hola hay lugares para primer grado? Mi niño se llama Maria.,hola hay lugares para primer grado mi nino se llama maria
Web,<p><b>papeles para traslado a inicial 5 años. Postulante: Nicolas.</b></p>,papeles para traslado a inicial 5 anos postulante nicolas
WhatsApp,Saber si hay vacantes en 6to primaria para Gabriel. Gracias.,saber si hay vacantes en 6to primaria para gabriel gracias
Email,"Estimados, quisiera saber los pagos de inicial 5 años para mi hijo Valentina.",estimados quisiera saber los pagos de inicial 5 anos para mi hijo valentina
Email,Solicito información de cuotas y detalles para inicial 3 años. Atte: Thiago.,solicito informacion de cuotas y detalles para inicial 3 anos atte thiago
Web,REQUISITOS PARA TRASLADO A 1ERO SECUNDARIA. POSTULANTE: MARIA.,requisitos para traslado a 1ero secundaria postulante maria
Web,<p><b>charlas de admision para inicial 3 años. Mi menor es Sebastian.</b></p>,charlas de admision para inicial 3 anos mi menor es sebastian
Email,Solicito información de mensualidad y detalles para 5to secundaria. Atte: Thiago.,solicito informacion de mensualidad y detalles para 5to secundaria atte thiago
Web,<p><b>reunión de admision para primer año. Mi menor es Pedro.</b></p>,reunion de admision para primer ano mi menor es pedro
WhatsApp,Hola hay lugares para primer grado? Mi niño se llama Lucia.,hola hay lugares para primer grado mi nino se llama lucia
Email,"<p><b>Estimados, quisiera saber los precios de primer grado para mi hijo Pedro.</b></p>",estimados quisiera saber los precios de primer grado para mi hijo pedro
WhatsApp,SABER SI HAY ESPACIOS EN PRIMER GRADO PARA LUIS. GRACIAS.,saber si hay espacios en primer grado para luis gracias
Email,SOLICITO INFORMACIÓN DE PENSIONES Y DETALLES PARA 1ERO PRIMARIA. ATTE: MATEO.,solicito informacion de pensiones y detalles para 1ero primaria atte mateo
WhatsApp,Saber si hay cupos en primer grado para Lucia. Gracias.,saber si hay cupos en primer grado para lucia gracias
WhatsApp,Saber si hay lugares en primer grado para Camila. Gracias.,saber si hay lugares en primer grado para camila gracias
WhatsApp,Saber si hay lugares en inicial 5 años para Maria. Gracias.,saber si hay lugares en inicial 5 anos para maria gracias
Web,cronograma de admision para inicial 3 años. Mi menor es Maria.,cronograma de admision para inicial 3 anos mi menor es maria
Email,Solicito información de costos y detalles para 6to primaria. Atte: Nicolas.,solicito informacion de costos y detalles para 6to primaria atte nicolas
WhatsApp,Hola hay espacios para 5to secundaria? Mi niño se llama Lucia.,hola hay espacios para 5to secundaria mi nino se llama lucia
Web,documentos para traslado a primer grado. Postulante: Valentina.,documentos para traslado a primer grado postulante valentina
WhatsApp,SABER SI HAY LUGARES EN INICIAL 4 AÑOS PARA NICOLAS. GRACIAS.,saber si hay lugares en inicial 4 anos para nicolas gracias
Email,Solicito información de precios y detalles para 5to secundaria. Atte: Juan.,solicito informacion de precios y detalles para 5to secundaria atte juan
Email,<p><b>Solicito información de mensualidad y detalles para inicial 5 años. Atte: Gabriel.</b></p>,solicito informacion de mensualidad y detalles para inicial 5 anos atte gabriel
Web,PAPELES PARA TRASLADO A 5TO SECUNDARIA. POSTULANTE: THIAGO.,papeles para traslado a 5to secundaria postulante thiago
Email,<p><b>Solicito información de mensualidad y detalles para inicial 4 años. Atte: Ana.</b></p>,solicito informacion de mensualidad y detalles para inicial 4 anos atte ana
WhatsApp,Hola hay disponibilidad de ingreso para inicial 5 años? Mi niño se llama Pedro.,hola hay disponibilidad de ingreso para inicial 5 anos mi nino se llama pedro
Email,"Estimados, quisiera saber los pensiones de inicial 5 años para mi hijo Ana.",estimados quisiera saber los pensiones de inicial 5 anos para mi hijo ana
Web,entrevistas de admision para inicial 4 años. Mi menor es Sebastian.,entrevistas de admision para inicial 4 anos mi menor es sebastian
WhatsApp,HOLA HAY DISPONIBILIDAD DE INGRESO PARA 1ERO PRIMARIA? MI NIÑO SE LLAMA NICOLAS.,hola hay disponibilidad de ingreso para 1ero primaria mi nino se llama nicolas
Email,"<p><b>Estimados, quisiera saber los cuotas de inicial 3 años para mi hijo Thiago.</b></p>",estimados quisiera saber los cuotas de inicial 3 anos para mi hijo thiago
Web,charlas de admision para primer año. Mi menor es Camila.,charlas de admision para primer ano mi menor es camila
WhatsApp,Hola hay cupos para 1ero primaria? Mi niño se llama Maria.,hola hay cupos para 1ero primaria mi nino se llama maria
WhatsApp,SABER SI HAY DISPONIBILIDAD DE INGRESO EN SECUNDARIA PARA NICOLAS. GRACIAS.,saber si hay disponibilidad de ingreso en secundaria para nicolas gracias
WhatsApp,Hola hay vacantes para 6to primaria? Mi niño se llama Gabriel.,hola hay vacantes para 6to primaria mi nino se llama gabriel
Email,SOLICITO INFORMACIÓN DE COSTOS Y DETALLES PARA 6TO PRIMARIA. ATTE: MATEO.,solicito informacion de costos y detalles para 6to primaria atte mateo
WhatsApp,SABER SI HAY LUGARES EN INICIAL 3 AÑOS PARA MATEO. GRACIAS.,saber si hay lugares en inicial 3 anos para mateo gracias
Web,reunión de admision para inicial 5 años. Mi menor es Thiago.,reunion de admision para inicial 5 anos mi menor es thiago
WhatsApp,<p><b>Hola hay espacios para secundaria? Mi niño se llama Juan.</b></p>,hola hay espacios para secundaria mi nino se llama juan
WhatsApp,Hola hay vacantes para primer año? Mi niño se llama Gabriel.,hola hay vacantes para primer ano mi nino se llama gabriel
Email,SOLICITO INFORMACIÓN DE COSTOS Y DETALLES PARA INICIAL 4 AÑOS. ATTE: NICOLAS.,solicito informacion de costos y detalles para inicial 4 anos atte nicolas
Web,<p><b>requisitos para traslado a inicial 4 años. Postulante: Juan.</b></p>,requisitos para traslado a inicial 4 anos postulante juan
Web,papeles para traslado a 1ero secundaria. Postulante: Pedro.,papeles para traslado a 1ero secundaria postulante pedro
Email,"Estimados, quisiera saber los precios de 1ero primaria para mi hijo Ana.",estimados quisiera saber los precios de 1ero primaria para mi hijo ana
Email,"Estimados, quisiera saber los pensiones de 6to primaria para mi hijo Pedro.",estimados quisiera saber los pensiones de 6to primaria para mi hijo pedro
WhatsApp,Hola hay vacantes para primer año? Mi niño se llama Luis.,hola hay vacantes para primer ano mi nino se llama luis
Web,<p><b>partidas para traslado a 6to primaria. Postulante: Luis.</b></p>,partidas para traslado a 6to primaria postulante luis
WhatsApp,Saber si hay cupos en inicial 4 años para Camila. Gracias.,saber si hay cupos en inicial 4 anos para camila gracias
WhatsApp,Hola hay vacantes para secundaria? Mi niño se llama Luis.,hola hay vacantes para secundaria mi nino se llama luis
Email,"ESTIMADOS, QUISIERA SABER LOS CUOTAS DE 6TO PRIMARIA PARA MI HIJO MARIA.",estimados quisiera saber los cuotas de 6to primaria para mi hijo maria
Email,<p><b>Solicito información de pagos y detalles para inicial 4 años. Atte: Sebastian.</b></p>,solicito informacion de pagos y detalles para inicial 4 anos atte sebastian
Web,<p><b>ficha de matrícula para traslado a 6to primaria. Postulante: Elena.</b></p>,ficha de matricula para traslado a 6to primaria postulante elena
WhatsApp,Saber si hay lugares en 5to secundaria para Lucia. Gracias.,saber si hay lugares en 5to secundaria para lucia gracias
Email,"Estimados, quisiera saber los mensualidad de 6to primaria para mi hijo Mateo.",estimados quisiera saber los mensualidad de 6to primaria para mi hijo mateo
WhatsApp,HOLA HAY ESPACIOS PARA PRIMER AÑO? MI NIÑO SE LLAMA MATEO.,hola hay espacios para primer ano mi nino se llama mateo
Web,citas de admision para 1ero primaria. Mi menor es Elena.,citas de admision para 1ero primaria mi menor es elena
Email,Solicito información de pagos y detalles para 1ero secundaria. Atte: Luis.,solicito informacion de pagos y detalles para 1ero secundaria atte luis
Email,Solicito información de cuotas y detalles para inicial 3 años. Atte: Pedro.,solicito informacion de cuotas y detalles para inicial 3 anos atte pedro
Web,<p><b>requisitos para traslado a 1ero primaria. Postulante: Nicolas.</b></p>,requisitos para traslado a 1ero primaria postulante nicolas
Web,entrevistas de admision para 1ero primaria. Mi menor es Elena.,entrevistas de admision para 1ero primaria mi menor es elena
Email,<p><b>Solicito información de precios y detalles para inicial 5 años. Atte: Gabriel.</b></p>,solicito informacion de precios y detalles para inicial 5 anos atte gabriel
WhatsApp,<p><b>Saber si hay vacantes en 1ero secundaria para Lucia. Gracias.</b></p>,saber si hay vacantes en 1ero secundaria para lucia gracias
WhatsApp,Hola hay disponibilidad de ingreso para primer grado? Mi niño se llama Sebastian.,hola hay disponibilidad de ingreso para primer grado mi nino se llama sebastian
WhatsApp,Saber si hay lugares en 1ero secundaria para Camila. Gracias.,saber si hay lugares en 1ero secundaria para camila gracias
WhatsApp,Hola hay espacios para 1ero primaria? Mi niño se llama Valentina.,hola hay espacios para 1ero primaria mi nino se llama valentina
Web,<p><b>partidas para traslado a 1ero secundaria. Postulante: Thiago.</b></p>,partidas para traslado a 1ero secundaria postulante thiago
Email,<p><b>Solicito información de mensualidad y detalles para inicial 4 años. Atte: Pedro.</b></p>,solicito informacion de mensualidad y detalles para inicial 4 anos atte pedro
Email,"<p><b>Estimados, quisiera saber los cuotas de 1ero secundaria para mi hijo Ana.</b></p>",estimados quisiera saber los cuotas de 1ero secundaria para mi hijo ana
Web,<p><b>partidas para traslado a primer grado. Postulante: Mateo.</b></p>,partidas para traslado a primer grado postulante mateo
Web,documentación para traslado a secundaria. Postulante: Luis.,documentacion para traslado a secundaria postulante luis
Email,"<p><b>Estimados, quisiera saber los precios de secundaria para mi hijo Lucia.</b></p>",estimados quisiera saber los precios de secundaria para mi hijo lucia
WhatsApp,Hola hay disponibilidad de ingreso para 5to secundaria? Mi niño se llama Sebastian.,hola hay disponibilidad de ingreso para 5to secundaria mi nino se llama sebastian
Web,requisitos para traslado a inicial 5 años. Postulante: Sofia.,requisitos para traslado a inicial 5 anos postulante sofia
Email,Solicito información de pagos y detalles para 1ero secundaria. Atte: Lucia.,solicito informacion de pagos y detalles para 1ero secundaria atte lucia
Web,papeles para traslado a primer año. Postulante: Ana.,papeles para traslado a primer ano postulante ana
Email,"<p><b>Estimados, quisiera saber los mensualidad de inicial 4 años para mi hijo Elena.</b></p>",estimados quisiera saber los mensualidad de inicial 4 anos para mi hijo elena
Email,"Estimados, quisiera saber los pagos de 1ero primaria para mi hijo Camila.",estimados quisiera saber los pagos de 1ero primaria para mi hijo camila
Web,<p><b>requisitos para traslado a 6to primaria. Postulante: Lucia.</b></p>,requisitos para traslado a 6to primaria postulante lucia
Email,Solicito información de pensiones y detalles para inicial 3 años. Atte: Juan.,solicito informacion de pensiones y detalles para inicial 3 anos atte juan
Email,Solicito información de costos y detalles para primer año. Atte: Thiago.,solicito informacion de costos y detalles para primer ano atte thiago
WhatsApp,Saber si hay espacios en 6to primaria para Pedro. Gracias.,saber si hay espacios en 6to primaria para pedro gracias
Email,Solicito información de pensiones y detalles para primer grado. Atte: Gabriel.,solicito informacion de pensiones y detalles para primer grado atte gabriel
Web,<p><b>ficha de matrícula para traslado a 5to secundaria. Postulante: Elena.</b></p>,ficha de matricula para traslado a 5to secundaria postulante elena
WhatsApp,Hola hay espacios para inicial 5 años? Mi niño se llama Gabriel.,hola hay espacios para inicial 5 anos mi nino se llama gabriel
WhatsApp,Hola hay espacios para inicial 3 años? Mi niño se llama Thiago.,hola hay espacios para inicial 3 anos mi nino se llama thiago
WhatsApp,Hola hay lugares para 1ero primaria? Mi niño se llama Lucia.,hola hay lugares para 1ero primaria mi nino se llama lucia
Web,documentación para traslado a inicial 4 años. Postulante: Gabriel.,documentacion para traslado a inicial 4 anos postulante gabriel
Email,Solicito información de cuotas y detalles para primer grado. Atte: Luis.,solicito informacion de cuotas y detalles para primer grado atte luis
Email,<p><b>Solicito información de cuotas y detalles para 1ero secundaria. Atte: Sofia.</b></p>,solicito informacion de cuotas y detalles para 1ero secundaria atte sofia
Email,"Estimados, quisiera saber los cuotas de 1ero primaria para mi hijo Lucia.",estimados quisiera saber los cuotas de 1ero primaria para mi hijo lucia
Email,<p><b>Solicito información de pensiones y detalles para 6to primaria. Atte: Luis.</b></p>,solicito informacion de pensiones y detalles para 6to primaria atte luis
Web,<p><b>ficha de matrícula para traslado a primer grado. Postulante: Maria.</b></p>,ficha de matricula para traslado a primer grado postulante maria
Email,SOLICITO INFORMACIÓN DE PRECIOS Y DETALLES PARA 1ERO SECUNDARIA. ATTE: SOFIA.,solicito informacion de precios y detalles para 1ero secundaria atte sofia
Email,<p><b>Solicito información de pagos y detalles para secundaria. Atte: Thiago.</b></p>,solicito informacion de pagos y detalles para secundaria atte thiago
Web,<p><b>partidas para traslado a 6to primaria. Postulante: Camila.</b></p>,partidas para traslado a 6to primaria postulante camila
Email,"Estimados, quisiera saber los mensualidad de secundaria para mi hijo Elena.",estimados quisiera saber los mensualidad de secundaria para mi hijo elena
Web,<p><b>documentos para traslado a primer grado. Postulante: Sofia.</b></p>,documentos para traslado a primer grado postulante sofia
WhatsApp,Saber si hay vacantes en inicial 3 años para Maria. Gracias.,saber si hay vacantes en inicial 3 anos para maria gracias
Email,"Estimados, quisiera saber los pensiones de 1ero primaria para mi hijo Gabriel.",estimados quisiera saber los pensiones de 1ero primaria para mi hijo gabriel
Email,"<p><b>Estimados, quisiera saber los costos de 6to primaria para mi hijo Thiago.</b></p>",estimados quisiera saber los costos de 6to primaria para mi hijo thiago
Web,documentación para traslado a primer año. Postulante: Pedro.,documentacion para traslado a primer ano postulante pedro
Web,partidas para traslado a inicial 5 años. Postulante: Pedro.,partidas para traslado a inicial 5 anos postulante pedro
WhatsApp,SABER SI HAY LUGARES EN 5TO SECUNDARIA PARA VALENTINA. GRACIAS.,saber si hay lugares en 5to secundaria para valentina gracias
Email,Solicito información de costos y detalles para 6to primaria. Atte: Pedro.,solicito informacion de costos y detalles para 6to primaria atte pedro
WhatsApp,Hola hay vacantes para primer año? Mi niño se llama Pedro.,hola hay vacantes para primer ano mi nino se llama pedro
WhatsApp,Saber si hay lugares en primer año para Elena. Gracias.,saber si hay lugares en primer ano para elena gracias
Web,<p><b>citas de admision para 6to primaria. Mi menor es Gabriel.</b></p>,citas de admision para 6to primaria mi menor es gabriel
WhatsApp,<p><b>Hola hay vacantes para inicial 3 años? Mi niño se llama Camila.</b></p>,hola hay vacantes para inicial 3 anos mi nino se llama camila
Email,Solicito información de pagos y detalles para 1ero secundaria. Atte: Sebastian.,solicito informacion de pagos y detalles para 1ero secundaria atte sebastian
WhatsApp,Saber si hay lugares en secundaria para Pedro. Gracias.,saber si hay lugares en secundaria para pedro gracias
Web,ficha de matrícula para traslado a primer grado. Postulante: Juan.,ficha de matricula para traslado a primer grado postulante juan
WhatsApp,<p><b>Hola hay vacantes para 1ero secundaria? Mi niño se llama Elena.</b></p>,hola hay vacantes para 1ero secundaria mi nino se llama elena
Web,citas de admision para inicial 3 años. Mi menor es Sebastian.,citas de admision para inicial 3 anos mi menor es sebastian
Web,ficha de matrícula para traslado a inicial 3 años. Postulante: Lucia.,ficha de matricula para traslado a inicial 3 anos postulante lucia
Web,reunión de admision para inicial 5 años. Mi menor es Maria.,reunion de admision para inicial 5 anos mi menor es maria
WhatsApp,Saber si hay disponibilidad de ingreso en primer año para Sebastian. Gracias.,saber si hay disponibilidad de ingreso en primer ano para sebastian gracias
Web,<p><b>partidas para traslado a primer grado. Postulante: Maria.</b></p>,partidas para traslado a primer grado postulante maria
WhatsApp,HOLA HAY VACANTES PARA PRIMER AÑO? MI NIÑO SE LLAMA MARIA.,hola hay vacantes para primer ano mi nino se llama maria
WhatsApp,Saber si hay vacantes en 5to secundaria para Ana. Gracias.,saber si hay vacantes en 5to secundaria para ana gracias
WhatsApp,Hola hay vacantes para inicial 4 años? Mi niño se llama Thiago.,hola hay vacantes para inicial 4 anos mi nino se llama thiago
Email,"<p><b>Estimados, quisiera saber los cuotas de inicial 3 años para mi hijo Camila.</b></p>",estimados quisiera saber los cuotas de inicial 3 anos para mi hijo camila
Web,<p><b>cronograma de admision para primer año. Mi menor es Pedro.</b></p>,cronograma de admision para primer ano mi menor es pedro
Email,"Estimados, quisiera saber los pensiones de 1ero secundaria para mi hijo Thiago.",estimados quisiera saber los pensiones de 1ero secundaria para mi hijo thiago
WhatsApp,SABER SI HAY VACANTES EN 1ERO PRIMARIA PARA SEBASTIAN. GRACIAS.,saber si hay vacantes en 1ero primaria para sebastian gracias
Email,SOLICITO INFORMACIÓN DE CUOTAS Y DETALLES PARA SECUNDARIA. ATTE: VALENTINA.,solicito informacion de cuotas y detalles para secundaria atte valentina
WhatsApp,Saber si hay disponibilidad de ingreso en 5to secundaria para Gabriel. Gracias.,saber si hay disponibilidad de ingreso en 5to secundaria para gabriel gracias
Web,partidas para traslado a 1ero primaria. Postulante: Sofia.,partidas para traslado a 1ero primaria postulante sofia
WhatsApp,HOLA HAY VACANTES PARA PRIMER AÑO? MI NIÑO SE LLAMA SOFIA.,hola hay vacantes para primer ano mi nino se llama sofia
WhatsApp,<p><b>Saber si hay espacios en 5to secundaria para Nicolas. Gracias.</b></p>,saber si hay espacios en 5to secundaria para nicolas gracias
WhatsApp,Hola hay disponibilidad de ingreso para 1ero secundaria? Mi niño se llama Nicolas.,hola hay disponibilidad de ingreso para 1ero secundaria mi nino se llama nicolas
WhatsApp,Hola hay vacantes para 1ero primaria? Mi niño se llama Nicolas.,hola hay vacantes para 1ero primaria mi nino se llama nicolas
WhatsApp,<p><b>Hola hay vacantes para 1ero secundaria? Mi niño se llama Thiago.</b></p>,hola hay vacantes para 1ero secundaria mi nino se llama thiago
WhatsApp,Hola hay disponibilidad de ingreso para 1ero primaria? Mi niño se llama Luis.,hola hay disponibilidad de ingreso para 1ero primaria mi nino se llama luis
WhatsApp,Hola hay espacios para 6to primaria? Mi niño se llama Thiago.,hola hay espacios para 6to primaria mi nino se llama thiago
Web,REQUISITOS PARA TRASLADO A 1ERO PRIMARIA. POSTULANTE: SEBASTIAN.,requisitos para traslado a 1ero primaria postulante sebastian
Email,"Estimados, quisiera saber los pagos de inicial 4 años para mi hijo Sebastian.",estimados quisiera saber los pagos de inicial 4 anos para mi hijo sebastian
WhatsApp,<p><b>Saber si hay vacantes en 6to primaria para Valentina. Gracias.</b></p>,saber si hay vacantes en 6to primaria para valentina gracias
Email,"Estimados, quisiera saber los pensiones de 1ero primaria para mi hijo Juan.",estimados quisiera saber los pensiones de 1ero primaria para mi hijo juan
Web,papeles para traslado a secundaria. Postulante: Camila.,papeles para traslado a secundaria postulante camila
Email,"Estimados, quisiera saber los pensiones de primer año para mi hijo Mateo.",estimados quisiera saber los pensiones de primer ano para mi hijo mateo
WhatsApp,Saber si hay lugares en primer año para Sofia. Gracias.,saber si hay lugares en primer ano para sofia gracias
Email,"Estimados, quisiera saber los pagos de 1ero secundaria para mi hijo Elena.",estimados quisiera saber los pagos de 1ero secundaria para mi hijo elena
WhatsApp,Saber si hay lugares en 5to secundaria para Juan. Gracias.,saber si hay lugares en 5to secundaria para juan gracias
WhatsApp,<p><b>Hola hay disponibilidad de ingreso para 5to secundaria? Mi niño se llama Pedro.</b></p>,hola hay disponibilidad de ingreso para 5to secundaria mi nino se llama pedro
Email,"ESTIMADOS, QUISIERA SABER LOS COSTOS DE INICIAL 3 AÑOS PARA MI HIJO SOFIA.",estimados quisiera saber los costos de inicial 3 anos para mi hijo sofia
Email,<p><b>Solicito información de pensiones y detalles para primer año. Atte: Juan.</b></p>,solicito informacion de pensiones y detalles para primer ano atte juan
Email,"ESTIMADOS, QUISIERA SABER LOS PAGOS DE INICIAL 5 AÑOS PARA MI HIJO NICOLAS.",estimados quisiera saber los pagos de inicial 5 anos para mi hijo nicolas
Web,documentos para traslado a primer año. Postulante: Thiago.,documentos para traslado a primer ano postulante thiago
WhatsApp,Saber si hay cupos en primer año para Valentina. Gracias.,saber si hay cupos en primer ano para valentina gracias
WhatsApp,Hola hay espacios para 1ero primaria? Mi niño se llama Ana.,hola hay espacios para 1ero primaria mi nino se llama ana
Web,cronograma de admision para secundaria. Mi menor es Sebastian.,cronograma de admision para secundaria mi menor es sebastian
Web,cronograma de admision para primer año. Mi menor es Elena.,cronograma de admision para primer ano mi menor es elena
WhatsApp,<p><b>Hola hay cupos para inicial 3 años? Mi niño se llama Lucia.</b></p>,hola hay cupos para inicial 3 anos mi nino se llama lucia
Web,reunión de admision para inicial 5 años. Mi menor es Elena.,reunion de admision para inicial 5 anos mi menor es elena
Email,"<p><b>Estimados, quisiera saber los pensiones de 1ero primaria para mi hijo Luis.</b></p>",estimados quisiera saber los pensiones de 1ero primaria para mi hijo luis
Email,"<p><b>Estimados, quisiera saber los mensualidad de 1ero primaria para mi hijo Juan.</b></p>",estimados quisiera saber los mensualidad de 1ero primaria para mi hijo juan
Email,Solicito información de precios y detalles para inicial 5 años. Atte: Sofia.,solicito informacion de precios y detalles para inicial 5 anos atte sofia
Web,cronograma de admision para secundaria. Mi menor es Sofia.,cronograma de admision para secundaria mi menor es sofia
Web,charlas de admision para primer año. Mi menor es Nicolas.,charlas de admision para primer ano mi menor es nicolas
WhatsApp,Hola hay disponibilidad de ingreso para inicial 3 años? Mi niño se llama Luis.,hola hay disponibilidad de ingreso para inicial 3 anos mi nino se llama luis
Email,Solicito información de precios y detalles para secundaria. Atte: Nicolas.,solicito informacion de precios y detalles para secundaria atte nicolas
Email,"Estimados, quisiera saber los pensiones de 6to primaria para mi hijo Elena.",estimados quisiera saber los pensiones de 6to primaria para mi hijo elena
WhatsApp,Hola hay lugares para primer año? Mi niño se llama Valentina.,hola hay lugares para primer ano mi nino se llama valentina
WhatsApp,<p><b>Hola hay disponibilidad de ingreso para primer grado? Mi niño se llama Ana.</b></p>,hola hay disponibilidad de ingreso para primer grado mi nino se llama ana
Web,entrevistas de admision para 5to secundaria. Mi menor es Sofia.,entrevistas de admision para 5to secundaria mi menor es sofia
WhatsApp,<p><b>Hola hay cupos para inicial 3 años? Mi niño se llama Thiago.</b></p>,hola hay cupos para inicial 3 anos mi nino se llama thiago
Email,"Estimados, quisiera saber los pensiones de 1ero primaria para mi hijo Elena.",estimados quisiera saber los pensiones de 1ero primaria para mi hijo elena
Email,Solicito información de precios y detalles para 5to secundaria. Atte: Gabriel.,solicito informacion de precios y detalles para 5to secundaria atte gabriel
Email,"Estimados, quisiera saber los precios de 6to primaria para mi hijo Camila.",estimados quisiera saber los precios de 6to primaria para mi hijo camila
Web,CRONOGRAMA DE ADMISION PARA PRIMER GRADO. MI MENOR ES PEDRO.,cronograma de admision para primer grado mi menor es pedro
Email,"<p><b>Estimados, quisiera saber los pensiones de inicial 4 años para mi hijo Camila.</b></p>",estimados quisiera saber los pensiones de inicial 4 anos para mi hijo camila
Web,reunión de admision para inicial 3 años. Mi menor es Lucia.,reunion de admision para inicial 3 anos mi menor es lucia
Email,"Estimados, quisiera saber los pagos de inicial 4 años para mi hijo Elena.",estimados quisiera saber los pagos de inicial 4 anos para mi hijo elena
Web,entrevistas de admision para inicial 3 años. Mi menor es Elena.,entrevistas de admision para inicial 3 anos mi menor es elena
Web,requisitos para traslado a primer año. Postulante: Juan.,requisitos para traslado a primer ano postulante juan
Email,"<p><b>Estimados, quisiera saber los pagos de 6to primaria para mi hijo Gabriel.</b></p>",estimados quisiera saber los pagos de 6to primaria para mi hijo gabriel
WhatsApp,Saber si hay disponibilidad de ingreso en 5to secundaria para Ana. Gracias.,saber si hay disponibilidad de ingreso en 5to secundaria para ana gracias
WhatsApp,Saber si hay espacios en inicial 3 años para Mateo. Gracias.,saber si hay espacios en inicial 3 anos para mateo gracias
WhatsApp,<p><b>Saber si hay espacios en inicial 5 años para Juan. Gracias.</b></p>,saber si hay espacios en inicial 5 anos para juan gracias
Email,"<p><b>Estimados, quisiera saber los precios de 1ero secundaria para mi hijo Sofia.</b></p>",estimados quisiera saber los precios de 1ero secundaria para mi hijo sofia
WhatsApp,Saber si hay vacantes en 5to secundaria para Elena. Gracias.,saber si hay vacantes en 5to secundaria para elena gracias
Web,<p><b>citas de admision para inicial 4 años. Mi menor es Ana.</b></p>,citas de admision para inicial 4 anos mi menor es ana
Web,<p><b>entrevistas de admision para primer año. Mi menor es Thiago.</b></p>,entrevistas de admision para primer ano mi menor es thiago
WhatsApp,<p><b>Saber si hay lugares en secundaria para Ana. Gracias.</b></p>,saber si hay lugares en secundaria para ana gracias
Web,papeles para traslado a inicial 3 años. Postulante: Nicolas.,papeles para traslado a inicial 3 anos postulante nicolas
WhatsApp,Saber si hay disponibilidad de ingreso en inicial 4 años para Thiago. Gracias.,saber si hay disponibilidad de ingreso en inicial 4 anos para thiago gracias
WhatsApp,Saber si hay vacantes en primer grado para Sebastian. Gracias.,saber si hay vacantes en primer grado para sebastian gracias
Web,ficha de matrícula para traslado a inicial 4 años. Postulante: Lucia.,ficha de matricula para traslado a inicial 4 anos postulante lucia
Web,ficha de matrícula para traslado a 5to secundaria. Postulante: Nicolas.,ficha de matricula para traslado a 5to secundaria postulante nicolas
WhatsApp,SABER SI HAY LUGARES EN INICIAL 4 AÑOS PARA GABRIEL. GRACIAS.,saber si hay lugares en inicial 4 anos para gabriel gracias
Web,entrevistas de admision para 5to secundaria. Mi menor es Thiago.,entrevistas de admision para 5to secundaria mi menor es thiago
Web,reunión de admision para primer año. Mi menor es Valentina.,reunion de admision para primer ano mi menor es valentina
Email,"Estimados, quisiera saber los mensualidad de primer año para mi hijo Pedro.",estimados quisiera saber los mensualidad de primer ano para mi hijo pedro
Email,"Estimados, quisiera saber los precios de inicial 4 años para mi hijo Gabriel.",estimados quisiera saber los precios de inicial 4 anos para mi hijo gabriel
Web,cronograma de admision para 1ero secundaria. Mi menor es Lucia.,cronograma de admision para 1ero secundaria mi menor es lucia
Web,charlas de admision para primer año. Mi menor es Valentina.,charlas de admision para primer ano mi menor es valentina
Web,papeles para traslado a primer grado. Postulante: Luis.,papeles para traslado a primer grado postulante luis
Email,"<p><b>Estimados, quisiera saber los cuotas de secundaria para mi hijo Mateo.</b></p>",estimados quisiera saber los cuotas de secundaria para mi hijo mateo
Web,papeles para traslado a primer año. Postulante: Juan.,papeles para traslado a primer ano postulante juan
Web,FICHA DE MATRÍCULA PARA TRASLADO A INICIAL 3 AÑOS. POSTULANTE: GABRIEL.,ficha de matricula para traslado a inicial 3 anos postulante gabriel
Web,DOCUMENTACIÓN PARA TRASLADO A INICIAL 4 AÑOS. POSTULANTE: VALENTINA.,documentacion para traslado a inicial 4 anos postulante valentina
Email,"Estimados, quisiera saber los precios de inicial 3 años para mi hijo Camila.",estimados quisiera saber los precios de inicial 3 anos para mi hijo camila
WhatsApp,Saber si hay disponibilidad de ingreso en primer grado para Ana. Gracias.,saber si hay disponibilidad de ingreso en primer grado para ana gracias
Web,REUNIÓN DE ADMISION PARA 6TO PRIMARIA. MI MENOR ES THIAGO.,reunion de admision para 6to primaria mi menor es thiago
Email,Solicito información de costos y detalles para 6to primaria. Atte: Juan.,solicito informacion de costos y detalles para 6to primaria atte juan
WhatsApp,HOLA HAY VACANTES PARA 1ERO PRIMARIA? MI NIÑO SE LLAMA LUIS.,hola hay vacantes para 1ero primaria mi nino se llama luis
Email,"<p><b>Estimados, quisiera saber los costos de inicial 4 años para mi hijo Thiago.</b></p>",estimados quisiera saber los costos de inicial 4 anos para mi hijo thiago
Email,Solicito información de pensiones y detalles para primer año. Atte: Valentina.,solicito informacion de pensiones y detalles para primer ano atte valentina
Web,citas de admision para inicial 5 años. Mi menor es Luis.,citas de admision para inicial 5 anos mi menor es luis
Web,entrevistas de admision para primer grado. Mi menor es Valentina.,entrevistas de admision para primer grado mi menor es valentina
WhatsApp,<p><b>Saber si hay disponibilidad de ingreso en inicial 3 años para Mateo. Gracias.</b></p>,saber si hay disponibilidad de ingreso en inicial 3 anos para mateo gracias
Web,requisitos para traslado a 6to primaria. Postulante: Camila.,requisitos para traslado a 6to primaria postulante camila
Web,ficha de matrícula para traslado a 5to secundaria. Postulante: Maria.,ficha de matricula para traslado a 5to secundaria postulante maria
WhatsApp,Hola hay disponibilidad de ingreso para secundaria? Mi niño se llama Mateo.,hola hay disponibilidad de ingreso para secundaria mi nino se llama mateo
Email,"<p><b>Estimados, quisiera saber los mensualidad de inicial 5 años para mi hijo Luis.</b></p>",estimados quisiera saber los mensualidad de inicial 5 anos para mi hijo luis
Web,entrevistas de admision para 1ero primaria. Mi menor es Pedro.,entrevistas de admision para 1ero primaria mi menor es pedro
WhatsApp,Saber si hay lugares en inicial 5 años para Luis. Gracias.,saber si hay lugares en inicial 5 anos para luis gracias
Email,Solicito información de pagos y detalles para secundaria. Atte: Maria.,solicito informacion de pagos y detalles para secundaria atte maria
Web,partidas para traslado a inicial 4 años. Postulante: Sofia.,partidas para traslado a inicial 4 anos postulante sofia
Email,<p><b>Solicito información de pagos y detalles para 1ero primaria. Atte: Gabriel.</b></p>,solicito informacion de pagos y detalles para 1ero primaria atte gabriel
WhatsApp,Hola hay cupos para 6to primaria? Mi niño se llama Sebastian.,hola hay cupos para 6to primaria mi nino se llama sebastian
WhatsApp,<p><b>Hola hay disponibilidad de ingreso para 1ero secundaria? Mi niño se llama Juan.</b></p>,hola hay disponibilidad de ingreso para 1ero secundaria mi nino se llama juan
WhatsApp,<p><b>Saber si hay disponibilidad de ingreso en primer grado para Nicolas. Gracias.</b></p>,saber si hay disponibilidad de ingreso en primer grado para nicolas gracias
Email,"ESTIMADOS, QUISIERA SABER LOS PRECIOS DE INICIAL 4 AÑOS PARA MI HIJO SEBASTIAN.",estimados quisiera saber los precios de inicial 4 anos para mi hijo sebastian
Web,documentos para traslado a primer año. Postulante: Nicolas.,documentos para traslado a primer ano postulante nicolas
Web,reunión de admision para 1ero secundaria. Mi menor es Sofia.,reunion de admision para 1ero secundaria mi menor es sofia
WhatsApp,Saber si hay disponibilidad de ingreso en secundaria para Juan. Gracias.,saber si hay disponibilidad de ingreso en secundaria para juan gracias
Email,<p><b>Solicito información de precios y detalles para primer grado. Atte: Nicolas.</b></p>,solicito informacion de precios y detalles para primer grado atte nicolas
Web,ficha de matrícula para traslado a inicial 3 años. Postulante: Nicolas.,ficha de matricula para traslado a inicial 3 anos postulante nicolas
WhatsApp,Hola hay cupos para 1ero primaria? Mi niño se llama Valentina.,hola hay cupos para 1ero primaria mi nino se llama valentina
Email,Solicito información de precios y detalles para inicial 4 años. Atte: Mateo.,solicito informacion de precios y detalles para inicial 4 anos atte mateo
Web,requisitos para traslado a secundaria. Postulante: Sebastian.,requisitos para traslado a secundaria postulante sebastian
Email,SOLICITO INFORMACIÓN DE PRECIOS Y DETALLES PARA PRIMER GRADO. ATTE: PEDRO.,solicito informacion de precios y detalles para primer grado atte pedro
Email,"Estimados, quisiera saber los cuotas de primer año para mi hijo Nicolas.",estimados quisiera saber los cuotas de primer ano para mi hijo nicolas
WhatsApp,Saber si hay vacantes en 1ero secundaria para Camila. Gracias.,saber si hay vacantes en 1ero secundaria para camila gracias
Email,"Estimados, quisiera saber los cuotas de 6to primaria para mi hijo Thiago.",estimados quisiera saber los cuotas de 6to primaria para mi hijo thiago
Web,requisitos para traslado a 1ero secundaria. Postulante: Sofia.,requisitos para traslado a 1ero secundaria postulante sofia
Email,"Estimados, quisiera saber los cuotas de inicial 4 años para mi hijo Thiago.",estimados quisiera saber los cuotas de inicial 4 anos para mi hijo thiago
WhatsApp,Saber si hay disponibilidad de ingreso en 5to secundaria para Sofia. Gracias.,saber si hay disponibilidad de ingreso en 5to secundaria para sofia gracias
Email,"Estimados, quisiera saber los pensiones de 5to secundaria para mi hijo Luis.",estimados quisiera saber los pensiones de 5to secundaria para mi hijo luis
WhatsApp,HOLA HAY ESPACIOS PARA 1ERO PRIMARIA? MI NIÑO SE LLAMA LUCIA.,hola hay espacios para 1ero primaria mi nino se llama lucia
Email,"Estimados, quisiera saber los pensiones de inicial 5 años para mi hijo Juan.",estimados quisiera saber los pensiones de inicial 5 anos para mi hijo juan
Email,"Estimados, quisiera saber los costos de 1ero secundaria para mi hijo Mateo.",estimados quisiera saber los costos de 1ero secundaria para mi hijo mateo
Web,CITAS DE ADMISION PARA SECUNDARIA. MI MENOR ES SOFIA.,citas de admision para secundaria mi menor es sofia
Web,DOCUMENTOS PARA TRASLADO A SECUNDARIA. POSTULANTE: THIAGO.,documentos para traslado a secundaria postulante thiago
Email,Solicito información de pagos y detalles para 5to secundaria. Atte: Sebastian.,solicito informacion de pagos y detalles para 5to secundaria atte sebastian
WhatsApp,Saber si hay vacantes en secundaria para Lucia. Gracias.,saber si hay vacantes en secundaria para lucia gracias
Email,"Estimados, quisiera saber los pagos de inicial 4 años para mi hijo Thiago.",estimados quisiera saber los pagos de inicial 4 anos para mi hijo thiago
WhatsApp,Saber si hay espacios en 6to primaria para Sofia. Gracias.,saber si hay espacios en 6to primaria para sofia gracias
WhatsApp,<p><b>Saber si hay vacantes en 1ero primaria para Lucia. Gracias.</b></p>,saber si hay vacantes en 1ero primaria para lucia gracias
WhatsApp,Hola hay lugares para inicial 3 años? Mi niño se llama Sofia.,hola hay lugares para inicial 3 anos mi nino se llama sofia
WhatsApp,Saber si hay vacantes en secundaria para Elena. Gracias.,saber si hay vacantes en secundaria para elena gracias
Web,requisitos para traslado a 1ero primaria. Postulante: Juan.,requisitos para traslado a 1ero primaria postulante juan
WhatsApp,Hola hay vacantes para 5to secundaria? Mi niño se llama Ana.,hola hay vacantes para 5to secundaria mi nino se llama ana
Web,requisitos para traslado a 6to primaria. Postulante: Luis.,requisitos para traslado a 6to primaria postulante luis
Email,Solicito información de mensualidad y detalles para 6to primaria. Atte: Pedro.,solicito informacion de mensualidad y detalles para 6to primaria atte pedro
Web,reunión de admision para inicial 4 años. Mi menor es Elena.,reunion de admision para inicial 4 anos mi menor es elena
Email,"Estimados, quisiera saber los cuotas de 1ero primaria para mi hijo Nicolas.",estimados quisiera saber los cuotas de 1ero primaria para mi hijo nicolas
Email,Solicito información de pagos y detalles para secundaria. Atte: Valentina.,solicito informacion de pagos y detalles para secundaria atte valentina
WhatsApp,Saber si hay lugares en inicial 4 años para Luis. Gracias.,saber si hay lugares en inicial 4 anos para luis gracias
Email,Solicito información de mensualidad y detalles para inicial 3 años. Atte: Maria.,solicito informacion de mensualidad y detalles para inicial 3 anos atte maria
Web,DOCUMENTACIÓN PARA TRASLADO A 5TO SECUNDARIA. POSTULANTE: NICOLAS.,documentacion para traslado a 5to secundaria postulante nicolas
Web,ENTREVISTAS DE ADMISION PARA 5TO SECUNDARIA. MI MENOR ES PEDRO.,entrevistas de admision para 5to secundaria mi menor es pedro
Web,documentos para traslado a inicial 3 años. Postulante: Camila.,documentos para traslado a inicial 3 anos postulante camila
WhatsApp,Hola hay disponibilidad de ingreso para secundaria? Mi niño se llama Camila.,hola hay disponibilidad de ingreso para secundaria mi nino se llama camila
Email,Solicito información de pagos y detalles para primer grado. Atte: Pedro.,solicito informacion de pagos y detalles para primer grado atte pedro
Email,"Estimados, quisiera saber los costos de 6to primaria para mi hijo Mateo.",estimados quisiera saber los costos de 6to primaria para mi hijo mateo
Email,<p><b>Solicito información de mensualidad y detalles para secundaria. Atte: Sebastian.</b></p>,solicito informacion de mensualidad y detalles para secundaria atte sebastian
WhatsApp,Hola hay lugares para 1ero primaria? Mi niño se llama Gabriel.,hola hay lugares para 1ero primaria mi nino se llama gabriel
WhatsApp,<p><b>Saber si hay vacantes en 1ero secundaria para Luis. Gracias.</b></p>,saber si hay vacantes en 1ero secundaria para luis gracias
WhatsApp,Hola hay cupos para 6to primaria? Mi niño se llama Ana.,hola hay cupos para 6to primaria mi nino se llama ana
WhatsApp,Saber si hay cupos en 1ero primaria para Luis. Gracias.,saber si hay cupos en 1ero primaria para luis gracias
Web,requisitos para traslado a 6to primaria. Postulante: Ana.,requisitos para traslado a 6to primaria postulante ana
Email,"Estimados, quisiera saber los cuotas de primer año para mi hijo Maria.",estimados quisiera saber los cuotas de primer ano para mi hijo maria
Web,requisitos para traslado a 5to secundaria. Postulante: Thiago.,requisitos para traslado a 5to secundaria postulante thiago
Email,"Estimados, quisiera saber los costos de 1ero secundaria para mi hijo Thiago.",estimados quisiera saber los costos de 1ero secundaria para mi hijo thiago
WhatsApp,Hola hay lugares para primer año? Mi niño se llama Sofia.,hola hay lugares para primer ano mi nino se llama sofia
WhatsApp,Saber si hay lugares en 1ero secundaria para Pedro. Gracias.,saber si hay lugares en 1ero secundaria para pedro gracias
Email,"Estimados, quisiera saber los pagos de inicial 5 años para mi hijo Sofia.",estimados quisiera saber los pagos de inicial 5 anos para mi hijo sofia
WhatsApp,Saber si hay espacios en 5to secundaria para Maria. Gracias.,saber si hay espacios en 5to secundaria para maria gracias
Email,Solicito información de precios y detalles para 1ero primaria. Atte: Sofia.,solicito informacion de precios y detalles para 1ero primaria atte sofia
Email,"Estimados, quisiera saber los pensiones de 5to secundaria para mi hijo Maria.",estimados quisiera saber los pensiones de 5to secundaria para mi hijo maria
Web,<p><b>requisitos para traslado a inicial 5 años. Postulante: Elena.</b></p>,requisitos para traslado a inicial 5 anos postulante elena
Email,"<p><b>Estimados, quisiera saber los precios de 1ero primaria para mi hijo Luis.</b></p>",estimados quisiera saber los precios de 1ero primaria para mi hijo luis
Web,ENTREVISTAS DE ADMISION PARA 6TO PRIMARIA. MI MENOR ES CAMILA.,entrevistas de admision para 6to primaria mi menor es camila
Web,documentación para traslado a primer grado. Postulante: Pedro.,documentacion para traslado a primer grado postulante pedro
Web,papeles para traslado a primer grado. Postulante: Maria.,papeles para traslado a primer grado postulante maria
Web,charlas de admision para 6to primaria. Mi menor es Pedro.,charlas de admision para 6to primaria mi menor es pedro
Web,<p><b>entrevistas de admision para 1ero primaria. Mi menor es Gabriel.</b></p>,entrevistas de admision para 1ero primaria mi menor es gabriel
Email,"Estimados, quisiera saber los precios de secundaria para mi hijo Pedro.",estimados quisiera saber los precios de secundaria para mi hijo pedro
Web,cronograma de admision para 1ero primaria. Mi menor es Elena.,cronograma de admision para 1ero primaria mi menor es elena
Web,charlas de admision para inicial 5 años. Mi menor es Maria.,charlas de admision para inicial 5 anos mi menor es maria
WhatsApp,Hola hay vacantes para inicial 3 años? Mi niño se llama Juan.,hola hay vacantes para inicial 3 anos mi nino se llama juan
Email,Solicito información de cuotas y detalles para 6to primaria. Atte: Mateo.,solicito informacion de cuotas y detalles para 6to primaria atte mateo
WhatsApp,SABER SI HAY VACANTES EN 5TO SECUNDARIA PARA LUIS. GRACIAS.,saber si hay vacantes en 5to secundaria para luis gracias
Email,<p><b>Solicito información de cuotas y detalles para 1ero secundaria. Atte: Ana.</b></p>,solicito informacion de cuotas y detalles para 1ero secundaria atte ana
Web,reunión de admision para primer año. Mi menor es Ana.,reunion de admision para primer ano mi menor es ana
Web,papeles para traslado a 1ero secundaria. Postulante: Sofia.,papeles para traslado a 1ero secundaria postulante sofia
Web,partidas para traslado a inicial 5 años. Postulante: Sofia.,partidas para traslado a inicial 5 anos postulante sofia
WhatsApp,Saber si hay espacios en 1ero secundaria para Gabriel. Gracias.,saber si hay espacios en 1ero secundaria para gabriel gracias
Web,<p><b>entrevistas de admision para 1ero secundaria. Mi menor es Nicolas.</b></p>,entrevistas de admision para 1ero secundaria mi menor es nicolas
WhatsApp,SABER SI HAY LUGARES EN SECUNDARIA PARA ELENA. GRACIAS.,saber si hay lugares en secundaria para elena gracias
Web,REQUISITOS PARA TRASLADO A SECUNDARIA. POSTULANTE: JUAN.,requisitos para traslado a secundaria postulante juan
Email,Solicito información de pensiones y detalles para inicial 5 años. Atte: Nicolas.,solicito informacion de pensiones y detalles para inicial 5 anos atte nicolas
Email,"Estimados, quisiera saber los pagos de inicial 3 años para mi hijo Nicolas.",estimados quisiera saber los pagos de inicial 3 anos para mi hijo nicolas
Email,"Estimados, quisiera saber los pagos de 5to secundaria para mi hijo Juan.",estimados quisiera saber los pagos de 5to secundaria para mi hijo juan
Web,charlas de admision para inicial 5 años. Mi menor es Thiago.,charlas de admision para inicial 5 anos mi menor es thiago
WhatsApp,Saber si hay cupos en 5to secundaria para Thiago. Gracias.,saber si hay cupos en 5to secundaria para thiago gracias
Email,"Estimados, quisiera saber los pagos de 6to primaria para mi hijo Lucia.",estimados quisiera saber los pagos de 6to primaria para mi hijo lucia
WhatsApp,Saber si hay espacios en 1ero primaria para Lucia. Gracias.,saber si hay espacios en 1ero primaria para lucia gracias
Web,cronograma de admision para inicial 5 años. Mi menor es Pedro.,cronograma de admision para inicial 5 anos mi menor es pedro
WhatsApp,Saber si hay lugares en 6to primaria para Sebastian. Gracias.,saber si hay lugares en 6to primaria para sebastian gracias
Email,Solicito información de pensiones y detalles para 5to secundaria. Atte: Ana.,solicito informacion de pensiones y detalles para 5to secundaria atte ana
Email,Solicito información de mensualidad y detalles para primer año. Atte: Sebastian.,solicito informacion de mensualidad y detalles para primer ano atte sebastian
WhatsApp,HOLA HAY ESPACIOS PARA PRIMER AÑO? MI NIÑO SE LLAMA NICOLAS.,hola hay espacios para primer ano mi nino se llama nicolas
Web,partidas para traslado a secundaria. Postulante: Thiago.,partidas para traslado a secundaria postulante thiago
Web,charlas de admision para inicial 4 años. Mi menor es Juan.,charlas de admision para inicial 4 anos mi menor es juan
WhatsApp,<p><b>Hola hay cupos para inicial 5 años? Mi niño se llama Thiago.</b></p>,hola hay cupos para inicial 5 anos mi nino se llama thiago
WhatsApp,Saber si hay vacantes en 5to secundaria para Juan. Gracias.,saber si hay vacantes en 5to secundaria para juan gracias
Web,entrevistas de admision para primer grado. Mi menor es Sebastian.,entrevistas de admision para primer grado mi menor es sebastian
WhatsApp,Saber si hay espacios en primer grado para Ana. Gracias.,saber si hay espacios en primer grado para ana gracias
Web,citas de admision para inicial 5 años. Mi menor es Pedro.,citas de admision para inicial 5 anos mi menor es pedro
Web,papeles para traslado a 5to secundaria. Postulante: Camila.,papeles para traslado a 5to secundaria postulante camila
Email,Solicito información de costos y detalles para secundaria. Atte: Sebastian.,solicito informacion de costos y detalles para secundaria atte sebastian
Web,cronograma de admision para inicial 5 años. Mi menor es Ana.,cronograma de admision para inicial 5 anos mi menor es ana
Email,Solicito información de pagos y detalles para secundaria. Atte: Pedro.,solicito informacion de pagos y detalles para secundaria atte pedro
Email,Solicito información de mensualidad y detalles para inicial 5 años. Atte: Camila.,solicito informacion de mensualidad y detalles para inicial 5 anos atte camila
Email,Solicito información de mensualidad y detalles para primer año. Atte: Sofia.,solicito informacion de mensualidad y detalles para primer ano atte sofia
WhatsApp,Saber si hay espacios en secundaria para Maria. Gracias.,saber si hay espacios en secundaria para maria gracias
Email,"Estimados, quisiera saber los costos de inicial 3 años para mi hijo Pedro.",estimados quisiera saber los costos de inicial 3 anos para mi hijo pedro
Web,<p><b>ficha de matrícula para traslado a 1ero secundaria. Postulante: Luis.</b></p>,ficha de matricula para traslado a 1ero secundaria postulante luis
Web,ficha de matrícula para traslado a 5to secundaria. Postulante: Camila.,ficha de matricula para traslado a 5to secundaria postulante camila
WhatsApp,Saber si hay disponibilidad de ingreso en inicial 4 años para Juan. Gracias.,saber si hay disponibilidad de ingreso en inicial 4 anos para juan gracias
Email,"Estimados, quisiera saber los cuotas de primer grado para mi hijo Nicolas.",estimados quisiera saber los cuotas de primer grado para mi hijo nicolas
Email,"Estimados, quisiera saber los cuotas de 1ero secundaria para mi hijo Elena.",estimados quisiera saber los cuotas de 1ero secundaria para mi hijo elena
Web,DOCUMENTACIÓN PARA TRASLADO A INICIAL 5 AÑOS. POSTULANTE: ANA.,documentacion para traslado a inicial 5 anos postulante ana
WhatsApp,SABER SI HAY LUGARES EN PRIMER GRADO PARA MATEO. GRACIAS.,saber si hay lugares en primer grado para mateo gracias
WhatsApp,SABER SI HAY CUPOS EN INICIAL 4 AÑOS PARA SOFIA. GRACIAS.,saber si hay cupos en inicial 4 anos para sofia gracias
Email,"<p><b>Estimados, quisiera saber los mensualidad de inicial 4 años para mi hijo Maria.</b></p>",estimados quisiera saber los mensualidad de inicial 4 anos para mi hijo maria
Email,"Estimados, quisiera saber los pagos de 1ero secundaria para mi hijo Ana.",estimados quisiera saber los pagos de 1ero secundaria para mi hijo ana
WhatsApp,SABER SI HAY CUPOS EN 1ERO PRIMARIA PARA MATEO. GRACIAS.,saber si hay cupos en 1ero primaria para mateo gracias
Web,<p><b>charlas de admision para secundaria. Mi menor es Valentina.</b></p>,charlas de admision para secundaria mi menor es valentina
Web,ficha de matrícula para traslado a primer grado. Postulante: Luis.,ficha de matricula para traslado a primer grado postulante luis
Email,Solicito información de pensiones y detalles para 6to primaria. Atte: Juan.,solicito informacion de pensiones y detalles para 6to primaria atte juan
WhatsApp,<p><b>Saber si hay lugares en 1ero secundaria para Nicolas. Gracias.</b></p>,saber si hay lugares en 1ero secundaria para nicolas gracias
WhatsApp,Saber si hay vacantes en 1ero primaria para Nicolas. Gracias.,saber si hay vacantes en 1ero primaria para nicolas gracias
Email,Solicito información de precios y detalles para primer grado. Atte: Luis.,solicito informacion de precios y detalles para primer grado atte luis
Email,Solicito información de precios y detalles para 6to primaria. Atte: Luis.,solicito informacion de precios y detalles para 6to primaria atte luis
WhatsApp,Hola hay espacios para 1ero secundaria? Mi niño se llama Sofia.,hola hay espacios para 1ero secundaria mi nino se llama sofia
Email,Solicito información de cuotas y detalles para secundaria. Atte: Lucia.,solicito informacion de cuotas y detalles para secundaria atte lucia
Web,requisitos para traslado a 5to secundaria. Postulante: Elena.,requisitos para traslado a 5to secundaria postulante elena
WhatsApp,<p><b>Hola hay lugares para primer año? Mi niño se llama Pedro.</b></p>,hola hay lugares para primer ano mi nino se llama pedro
WhatsApp,Hola hay vacantes para inicial 5 años? Mi niño se llama Thiago.,hola hay vacantes para inicial 5 anos mi nino se llama thiago
Email,<p><b>Solicito información de costos y detalles para 1ero primaria. Atte: Luis.</b></p>,solicito informacion de costos y detalles para 1ero primaria atte luis
Web,cronograma de admision para inicial 4 años. Mi menor es Camila.,cronograma de admision para inicial 4 anos mi menor es camila
WhatsApp,Hola hay lugares para 1ero secundaria? Mi niño se llama Mateo.,hola hay lugares para 1ero secundaria mi nino se llama mateo
Web,documentos para traslado a 6to primaria. Postulante: Luis.,documentos para traslado a 6to primaria postulante luis
Web,CHARLAS DE ADMISION PARA 1ERO SECUNDARIA. MI MENOR ES VALENTINA.,charlas de admision para 1ero secundaria mi menor es valentina
Email,Solicito información de costos y detalles para 1ero primaria. Atte: Gabriel.,solicito informacion de costos y detalles para 1ero primaria atte gabriel
Email,Solicito información de cuotas y detalles para primer grado. Atte: Mateo.,solicito informacion de cuotas y detalles para primer grado atte mateo
Email,<p><b>Solicito información de cuotas y detalles para primer año. Atte: Luis.</b></p>,solicito informacion de cuotas y detalles para primer ano atte luis
Web,documentación para traslado a primer año. Postulante: Thiago.,documentacion para traslado a primer ano postulante thiago
Email,"Estimados, quisiera saber los costos de 1ero primaria para mi hijo Thiago.",estimados quisiera saber los costos de 1ero primaria para mi hijo thiago
Email,Solicito información de pagos y detalles para 1ero secundaria. Atte: Elena.,solicito informacion de pagos y detalles para 1ero secundaria atte elena
Email,<p><b>Solicito información de pensiones y detalles para 6to primaria. Atte: Maria.</b></p>,solicito informacion de pensiones y detalles para 6to primaria atte maria
WhatsApp,<p><b>Saber si hay lugares en inicial 3 años para Nicolas. Gracias.</b></p>,saber si hay lugares en inicial 3 anos para nicolas gracias
Email,"Estimados, quisiera saber los pensiones de 1ero primaria para mi hijo Camila.",estimados quisiera saber los pensiones de 1ero primaria para mi hijo camila
Email,"Estimados, quisiera saber los pagos de inicial 4 años para mi hijo Ana.",estimados quisiera saber los pagos de inicial 4 anos para mi hijo ana
Email,Solicito información de pagos y detalles para 1ero primaria. Atte: Luis.,solicito informacion de pagos y detalles para 1ero primaria atte luis
Web,PAPELES PARA TRASLADO A INICIAL 5 AÑOS. POSTULANTE: MATEO.,papeles para traslado a inicial 5 anos postulante mateo
WhatsApp,Saber si hay lugares en 1ero secundaria para Luis. Gracias.,saber si hay lugares en 1ero secundaria para luis gracias
WhatsApp,Saber si hay espacios en secundaria para Sofia. Gracias.,saber si hay espacios en secundaria para sofia gracias
Email,<p><b>Solicito información de costos y detalles para 5to secundaria. Atte: Sofia.</b></p>,solicito informacion de costos y detalles para 5to secundaria atte sofia
WhatsApp,Saber si hay lugares en 6to primaria para Lucia. Gracias.,saber si hay lugares en 6to primaria para lucia gracias
Web,ficha de matrícula para traslado a inicial 5 años. Postulante: Lucia.,ficha de matricula para traslado a inicial 5 anos postulante lucia
Email,"Estimados, quisiera saber los cuotas de inicial 5 años para mi hijo Thiago.",estimados quisiera saber los cuotas de inicial 5 anos para mi hijo thiago
WhatsApp,Hola hay cupos para 6to primaria? Mi niño se llama Luis.,hola hay cupos para 6to primaria mi nino se llama luis
Email,"Estimados, quisiera saber los mensualidad de secundaria para mi hijo Camila.",estimados quisiera saber los mensualidad de secundaria para mi hijo camila
Email,"Estimados, quisiera saber los mensualidad de 6to primaria para mi hijo Sofia.",estimados quisiera saber los mensualidad de 6to primaria para mi hijo sofia
Email,<p><b>Solicito información de pagos y detalles para primer año. Atte: Gabriel.</b></p>,solicito informacion de pagos y detalles para primer ano atte gabriel
Web,requisitos para traslado a secundaria. Postulante: Camila.,requisitos para traslado a secundaria postulante camila
WhatsApp,Saber si hay espacios en 6to primaria para Camila. Gracias.,saber si hay espacios en 6to primaria para camila gracias
Email,<p><b>Solicito información de mensualidad y detalles para inicial 4 años. Atte: Mateo.</b></p>,solicito informacion de mensualidad y detalles para inicial 4 anos atte mateo
Email,SOLICITO INFORMACIÓN DE PENSIONES Y DETALLES PARA 6TO PRIMARIA. ATTE: THIAGO.,solicito informacion de pensiones y detalles para 6to primaria atte thiago
WhatsApp,Saber si hay disponibilidad de ingreso en inicial 3 años para Luis. Gracias.,saber si hay disponibilidad de ingreso en inicial 3 anos para luis gracias
WhatsApp,Hola hay vacantes para 1ero secundaria? Mi niño se llama Ana.,hola hay vacantes para 1ero secundaria mi nino se llama ana
WhatsApp,<p><b>Saber si hay lugares en 5to secundaria para Elena. Gracias.</b></p>,saber si hay lugares en 5to secundaria para elena gracias
WhatsApp,Saber si hay disponibilidad de ingreso en primer grado para Gabriel. Gracias.,saber si hay disponibilidad de ingreso en primer grado para gabriel gracias
Web,ficha de matrícula para traslado a inicial 5 años. Postulante: Nicolas.,ficha de matricula para traslado a inicial 5 anos postulante nicolas
Email,Solicito información de precios y detalles para 1ero secundaria. Atte: Valentina.,solicito informacion de precios y detalles para 1ero secundaria atte valentina
Web,documentación para traslado a inicial 5 años. Postulante: Nicolas.,documentacion para traslado a inicial 5 anos postulante nicolas
WhatsApp,Hola hay espacios para 1ero secundaria? Mi niño se llama Nicolas.,hola hay espacios para 1ero secundaria mi nino se llama nicolas
WhatsApp,Saber si hay espacios en secundaria para Ana. Gracias.,saber si hay espacios en secundaria para ana gracias
Web,documentación para traslado a primer grado. Postulante: Ana.,documentacion para traslado a primer grado postulante ana
Web,requisitos para traslado a 1ero primaria. Postulante: Ana.,requisitos para traslado a 1ero primaria postulante ana
Web,documentación para traslado a primer año. Postulante: Nicolas.,documentacion para traslado a primer ano postulante nicolas
WhatsApp,Saber si hay vacantes en 6to primaria para Thiago. Gracias.,saber si hay vacantes en 6to primaria para thiago gracias
Email,<p><b>Solicito información de pensiones y detalles para 5to secundaria. Atte: Valentina.</b></p>,solicito informacion de pensiones y detalles para 5to secundaria atte valentina
Web,reunión de admision para inicial 5 años. Mi menor es Juan.,reunion de admision para inicial 5 anos mi menor es juan
Email,SOLICITO INFORMACIÓN DE MENSUALIDAD Y DETALLES PARA PRIMER AÑO. ATTE: LUCIA.,solicito informacion de mensualidad y detalles para primer ano atte lucia
Web,reunión de admision para inicial 5 años. Mi menor es Camila.,reunion de admision para inicial 5 anos mi menor es camila
Web,DOCUMENTOS PARA TRASLADO A INICIAL 4 AÑOS. POSTULANTE: CAMILA.,documentos para traslado a inicial 4 anos postulante camila
WhatsApp,Hola hay vacantes para secundaria? Mi niño se llama Sebastian.,hola hay vacantes para secundaria mi nino se llama sebastian
WhatsApp,Saber si hay cupos en primer año para Sebastian. Gracias.,saber si hay cupos en primer ano para sebastian gracias
Web,partidas para traslado a primer año. Postulante: Juan.,partidas para traslado a primer ano postulante juan
Email,"Estimados, quisiera saber los pensiones de inicial 4 años para mi hijo Nicolas.",estimados quisiera saber los pensiones de inicial 4 anos para mi hijo nicolas
Email,"Estimados, quisiera saber los costos de 5to secundaria para mi hijo Camila.",estimados quisiera saber los costos de 5to secundaria para mi hijo camila
Email,Solicito información de mensualidad y detalles para inicial 3 años. Atte: Elena.,solicito informacion de mensualidad y detalles para inicial 3 anos atte elena
WhatsApp,Hola hay disponibilidad de ingreso para inicial 4 años? Mi niño se llama Valentina.,hola hay disponibilidad de ingreso para inicial 4 anos mi nino se llama valentina
WhatsApp,Hola hay disponibilidad de ingreso para 1ero secundaria? Mi niño se llama Sebastian.,hola hay disponibilidad de ingreso para 1ero secundaria mi nino se llama sebastian
WhatsApp,Hola hay disponibilidad de ingreso para 1ero secundaria? Mi niño se llama Mateo.,hola hay disponibilidad de ingreso para 1ero secundaria mi nino se llama mateo
WhatsApp,HOLA HAY DISPONIBILIDAD DE INGRESO PARA 1ERO SECUNDARIA? MI NIÑO SE LLAMA MARIA.,hola hay disponibilidad de ingreso para 1ero secundaria mi nino se llama maria
Web,documentos para traslado a primer grado. Postulante: Ana.,documentos para traslado a primer grado postulante ana
Web,charlas de admision para 5to secundaria. Mi menor es Lucia.,charlas de admision para 5to secundaria mi menor es lucia
Web,DOCUMENTACIÓN PARA TRASLADO A INICIAL 4 AÑOS. POSTULANTE: NICOLAS.,documentacion para traslado a inicial 4 anos postulante nicolas
Web,documentos para traslado a 6to primaria. Postulante: Ana.,documentos para traslado a 6to primaria postulante ana
Email,SOLICITO INFORMACIÓN DE PAGOS Y DETALLES PARA PRIMER GRADO. ATTE: CAMILA.,solicito informacion de pagos y detalles para primer grado atte camila
WhatsApp,Saber si hay disponibilidad de ingreso en 1ero secundaria para Maria. Gracias.,saber si hay disponibilidad de ingreso en 1ero secundaria para maria gracias
WhatsApp,Saber si hay espacios en inicial 5 años para Mateo. Gracias.,saber si hay espacios en inicial 5 anos para mateo gracias
