fuente,contenido,texto_limpio,label_sugerida
Email,"Estimados, quisiera saber los precios de inicial 5 años para mi hijo Sofia.",estimados quisiera saber los precios de inicial 5 años para mi hijo sofia,ADMIS_COSTOS
Web,papeles para traslado a primer año. Postulante: Gabriel.,papeles para traslado a primer año postulante gabriel,ADMIS_REQUIS_DOC
WhatsApp,Hola hay vacantes para 5to secundaria? Mi niño se llama Sebastian.,hola hay vacantes para 5to secundaria mi niño se llama sebastian,ADMIS_VACANTES
Email,<p><b>Solicito información de cuotas y detalles para inicial 3 años. Atte: Sofia.</b></p>,solicito información de cuotas y detalles para inicial 3 años atte sofia,ADMIS_COSTOS
Web,reunión de admision para 5to secundaria. Mi menor es Sebastian.,reunión de admision para 5to secundaria mi menor es sebastian,OTROS
WhatsApp,Saber si hay lugares en inicial 5 años para Juan. Gracias.,saber si hay lugares en inicial 5 años para juan gracias,ADMIS_VACANTES
Web,<p><b>charlas de admision para inicial 4 años. Mi menor es Thiago.</b></p>,charlas de admision para inicial 4 años mi menor es thiago,ADMIS_CITAS
Web,charlas de admision para primer año. Mi menor es Nicolas.,charlas de admision para primer año mi menor es nicolas,ADMIS_CITAS
WhatsApp,<p><b>Saber si hay lugares en primer año para Elena. Gracias.</b></p>,saber si hay lugares en primer año para elena gracias,ADMIS_VACANTES
Web,reunión de admision para inicial 3 años. Mi menor es Ana.,reunión de admision para inicial 3 años mi menor es ana,OTROS
WhatsApp,Saber si hay espacios en 1ero secundaria para Sebastian. Gracias.,saber si hay espacios en 1ero secundaria para sebastian gracias,ADMIS_VACANTES
Web,documentos para traslado a 1ero primaria. Postulante: Ana.,documentos para traslado a 1ero primaria postulante ana,ADMIS_REQUIS_DOC
Web,<p><b>papeles para traslado a 1ero secundaria. Postulante: Elena.</b></p>,papeles para traslado a 1ero secundaria postulante elena,ADMIS_REQUIS_DOC
Email,"Estimados, quisiera saber los costos de inicial 3 años para mi hijo Thiago.",estimados quisiera saber los costos de inicial 3 años para mi hijo thiago,ADMIS_COSTOS
Web,documentos para traslado a 5to secundaria. Postulante: Mateo.,documentos para traslado a 5to secundaria postulante mateo,ADMIS_REQUIS_DOC
Web,documentación para traslado a secundaria. Postulante: Juan.,documentación para traslado a secundaria postulante juan,ADMIS_REQUIS_DOC
Email,Solicito información de cuotas y detalles para 1ero primaria. Atte: Luis.,solicito información de cuotas y detalles para 1ero primaria atte luis,ADMIS_COSTOS
Email,"Estimados, quisiera saber los precios de 5to secundaria para mi hijo Pedro.",estimados quisiera saber los precios de 5to secundaria para mi hijo pedro,ADMIS_COSTOS
WhatsApp,Hola hay vacantes para 1ero secundaria? Mi niño se llama Sofia.,hola hay vacantes para 1ero secundaria mi niño se llama sofia,ADMIS_VACANTES
Email,<p><b>Solicito información de precios y detalles para primer grado. Atte: Juan.</b></p>,solicito información de precios y detalles para primer grado atte juan,ADMIS_COSTOS
Email,Solicito información de mensualidad y detalles para primer año. Atte: Camila.,solicito información de mensualidad y detalles para primer año atte camila,ADMIS_COSTOS
WhatsApp,Hola hay vacantes para primer grado? Mi niño se llama Gabriel.,hola hay vacantes para primer grado mi niño se llama gabriel,ADMIS_VACANTES
WhatsApp,Saber si hay lugares en 6to primaria para Lucia. Gracias.,saber si hay lugares en 6to primaria para lucia gracias,ADMIS_VACANTES
WhatsApp,<p><b>Hola hay cupos para 1ero primaria? Mi niño se llama Nicolas.</b></p>,hola hay cupos para 1ero primaria mi niño se llama nicolas,ADMIS_VACANTES
Email,Solicito información de costos y detalles para 6to primaria. Atte: Ana.,solicito información de costos y detalles para 6to primaria atte ana,ADMIS_COSTOS
Web,charlas de admision para primer grado. Mi menor es Sofia.,charlas de admision para primer grado mi menor es sofia,ADMIS_CITAS
Email,Solicito información de pagos y detalles para inicial 4 años. Atte: Valentina.,solicito información de pagos y detalles para inicial 4 años atte valentina,ADMIS_COSTOS
Email,"Estimados, quisiera saber los mensualidad de 1ero primaria para mi hijo Elena.",estimados quisiera saber los mensualidad de 1ero primaria para mi hijo elena,ADMIS_COSTOS
WhatsApp,Saber si hay espacios en inicial 5 años para Thiago. Gracias.,saber si hay espacios en inicial 5 años para thiago gracias,ADMIS_VACANTES
WhatsApp,Hola hay espacios para 5to secundaria? Mi niño se llama Pedro.,hola hay espacios para 5to secundaria mi niño se llama pedro,ADMIS_VACANTES
Email,"Estimados, quisiera saber los cuotas de 6to primaria para mi hijo Juan.",estimados quisiera saber los cuotas de 6to primaria para mi hijo juan,ADMIS_COSTOS
WhatsApp,Saber si hay cupos en 1ero primaria para Maria. Gracias.,saber si hay cupos en 1ero primaria para maria gracias,ADMIS_VACANTES
WhatsApp,Hola hay vacantes para inicial 4 años? Mi niño se llama Gabriel.,hola hay vacantes para inicial 4 años mi niño se llama gabriel,ADMIS_VACANTES
Web,partidas para traslado a inicial 4 años. Postulante: Lucia.,partidas para traslado a inicial 4 años postulante lucia,ADMIS_REQUIS_DOC
Email,"<p><b>Estimados, quisiera saber los costos de inicial 3 años para mi hijo Lucia.</b></p>",estimados quisiera saber los costos de inicial 3 años para mi hijo lucia,ADMIS_COSTOS
WhatsApp,Saber si hay matrículas disponibles en secundaria para Thiago. Gracias.,saber si hay matrículas disponibles en secundaria para thiago gracias,ADMIS_VACANTES
WhatsApp,HOLA HAY VACANTES PARA INICIAL 3 AÑOS? MI NIÑO SE LLAMA ELENA.,hola hay vacantes para inicial 3 años mi niño se llama elena,ADMIS_VACANTES
WhatsApp,Saber si hay lugares en secundaria para Ana. Gracias.,saber si hay lugares en secundaria para ana gracias,ADMIS_VACANTES
Email,"Estimados, quisiera saber los costos de 5to secundaria para mi hijo Maria.",estimados quisiera saber los costos de 5to secundaria para mi hijo maria,ADMIS_COSTOS
Web,cronograma de admision para primer grado. Mi menor es Ana.,cronograma de admision para primer grado mi menor es ana,ADMIS_CITAS
Email,"Estimados, quisiera saber los pensiones de 5to secundaria para mi hijo Mateo.",estimados quisiera saber los pensiones de 5to secundaria para mi hijo mateo,ADMIS_COSTOS
WhatsApp,Hola hay vacantes para inicial 3 años? Mi niño se llama Camila.,hola hay vacantes para inicial 3 años mi niño se llama camila,ADMIS_VACANTES
WhatsApp,Hola hay lugares para secundaria? Mi niño se llama Maria.,hola hay lugares para secundaria mi niño se llama maria,ADMIS_VACANTES
Email,Solicito información de mensualidad y detalles para primer grado. Atte: Mateo.,solicito información de mensualidad y detalles para primer grado atte mateo,ADMIS_COSTOS
Web,<p><b>documentos para traslado a primer grado. Postulante: Pedro.</b></p>,documentos para traslado a primer grado postulante pedro,ADMIS_REQUIS_DOC
Email,Solicito información de pagos y detalles para inicial 3 años. Atte: Juan.,solicito información de pagos y detalles para inicial 3 años atte juan,ADMIS_COSTOS
Email,"Estimados, quisiera saber los costos de secundaria para mi hijo Sebastian.",estimados quisiera saber los costos de secundaria para mi hijo sebastian,ADMIS_COSTOS
Web,DOCUMENTOS PARA TRASLADO A INICIAL 3 AÑOS. POSTULANTE: JUAN.,documentos para traslado a inicial 3 años postulante juan,ADMIS_REQUIS_DOC
Web,CRONOGRAMA DE ADMISION PARA PRIMER GRADO. MI MENOR ES JUAN.,cronograma de admision para primer grado mi menor es juan,ADMIS_CITAS
Web,charlas de admision para inicial 4 años. Mi menor es Sofia.,charlas de admision para inicial 4 años mi menor es sofia,ADMIS_CITAS
Web,requisitos para traslado a 1ero secundaria. Postulante: Juan.,requisitos para traslado a 1ero secundaria postulante juan,ADMIS_REQUIS_DOC
Email,Solicito información de pensiones y detalles para 5to secundaria. Atte: Luis.,solicito información de pensiones y detalles para 5to secundaria atte luis,ADMIS_COSTOS
Web,citas de admision para 6to primaria. Mi menor es Camila.,citas de admision para 6to primaria mi menor es camila,ADMIS_CITAS
Web,<p><b>cronograma de admision para inicial 5 años. Mi menor es Gabriel.</b></p>,cronograma de admision para inicial 5 años mi menor es gabriel,ADMIS_CITAS
Web,requisitos para traslado a primer grado. Postulante: Ana.,requisitos para traslado a primer grado postulante ana,ADMIS_REQUIS_DOC
WhatsApp,Saber si hay cupos en inicial 3 años para Valentina. Gracias.,saber si hay cupos en inicial 3 años para valentina gracias,ADMIS_VACANTES
WhatsApp,Saber si hay espacios en 1ero primaria para Mateo. Gracias.,saber si hay espacios en 1ero primaria para mateo gracias,ADMIS_VACANTES
Email,"Estimados, quisiera saber los cuotas de secundaria para mi hijo Lucia.",estimados quisiera saber los cuotas de secundaria para mi hijo lucia,ADMIS_COSTOS
Web,citas de admision para 1ero primaria. Mi menor es Nicolas.,citas de admision para 1ero primaria mi menor es nicolas,ADMIS_CITAS
Web,partidas para traslado a primer año. Postulante: Gabriel.,partidas para traslado a primer año postulante gabriel,ADMIS_REQUIS_DOC
WhatsApp,Hola hay lugares para inicial 3 años? Mi niño se llama Lucia.,hola hay lugares para inicial 3 años mi niño se llama lucia,ADMIS_VACANTES
Email,"ESTIMADOS, QUISIERA SABER LOS MENSUALIDAD DE 6TO PRIMARIA PARA MI HIJO SEBASTIAN.",estimados quisiera saber los mensualidad de 6to primaria para mi hijo sebastian,ADMIS_COSTOS
WhatsApp,Hola hay cupos para 1ero secundaria? Mi niño se llama Sofia.,hola hay cupos para 1ero secundaria mi niño se llama sofia,ADMIS_VACANTES
Email,"Estimados, quisiera saber los mensualidad de secundaria para mi hijo Juan.",estimados quisiera saber los mensualidad de secundaria para mi hijo juan,ADMIS_COSTOS
WhatsApp,Saber si hay cupos en 1ero secundaria para Elena. Gracias.,saber si hay cupos en 1ero secundaria para elena gracias,ADMIS_VACANTES
WhatsApp,Hola hay matrículas disponibles para 5to secundaria? Mi niño se llama Thiago.,hola hay matrículas disponibles para 5to secundaria mi niño se llama thiago,ADMIS_VACANTES
WhatsApp,Saber si hay espacios en primer año para Luis. Gracias.,saber si hay espacios en primer año para luis gracias,ADMIS_VACANTES
WhatsApp,SABER SI HAY MATRÍCULAS DISPONIBLES EN 1ERO SECUNDARIA PARA SEBASTIAN. GRACIAS.,saber si hay matrículas disponibles en 1ero secundaria para sebastian gracias,ADMIS_VACANTES
WhatsApp,<p><b>Saber si hay cupos en 6to primaria para Pedro. Gracias.</b></p>,saber si hay cupos en 6to primaria para pedro gracias,ADMIS_VACANTES
Email,Solicito información de pensiones y detalles para inicial 4 años. Atte: Elena.,solicito información de pensiones y detalles para inicial 4 años atte elena,ADMIS_COSTOS
WhatsApp,Saber si hay lugares en primer grado para Camila. Gracias.,saber si hay lugares en primer grado para camila gracias,ADMIS_VACANTES
Web,<p><b>documentación para traslado a primer año. Postulante: Nicolas.</b></p>,documentación para traslado a primer año postulante nicolas,ADMIS_REQUIS_DOC
Email,"Estimados, quisiera saber los mensualidad de inicial 5 años para mi hijo Maria.",estimados quisiera saber los mensualidad de inicial 5 años para mi hijo maria,ADMIS_COSTOS
WhatsApp,HOLA HAY CUPOS PARA 6TO PRIMARIA? MI NIÑO SE LLAMA MATEO.,hola hay cupos para 6to primaria mi niño se llama mateo,ADMIS_VACANTES
Web,documentos para traslado a inicial 3 años. Postulante: Elena.,documentos para traslado a inicial 3 años postulante elena,ADMIS_REQUIS_DOC
WhatsApp,Hola hay vacantes para 6to primaria? Mi niño se llama Juan.,hola hay vacantes para 6to primaria mi niño se llama juan,ADMIS_VACANTES
Email,"Estimados, quisiera saber los precios de inicial 4 años para mi hijo Gabriel.",estimados quisiera saber los precios de inicial 4 años para mi hijo gabriel,ADMIS_COSTOS
Email,"Estimados, quisiera saber los mensualidad de inicial 5 años para mi hijo Luis.",estimados quisiera saber los mensualidad de inicial 5 años para mi hijo luis,ADMIS_COSTOS
WhatsApp,Hola hay lugares para inicial 3 años? Mi niño se llama Luis.,hola hay lugares para inicial 3 años mi niño se llama luis,ADMIS_VACANTES
Web,partidas para traslado a inicial 3 años. Postulante: Maria.,partidas para traslado a inicial 3 años postulante maria,ADMIS_REQUIS_DOC
Email,"Estimados, quisiera saber los costos de 1ero secundaria para mi hijo Ana.",estimados quisiera saber los costos de 1ero secundaria para mi hijo ana,ADMIS_COSTOS
WhatsApp,Hola hay espacios para primer año? Mi niño se llama Maria.,hola hay espacios para primer año mi niño se llama maria,ADMIS_VACANTES
Email,"Estimados, quisiera saber los pensiones de inicial 3 años para mi hijo Nicolas.",estimados quisiera saber los pensiones de inicial 3 años para mi hijo nicolas,ADMIS_COSTOS
Web,<p><b>requisitos para traslado a 1ero primaria. Postulante: Camila.</b></p>,requisitos para traslado a 1ero primaria postulante camila,ADMIS_REQUIS_DOC
WhatsApp,<p><b>Saber si hay vacantes en inicial 3 años para Pedro. Gracias.</b></p>,saber si hay vacantes en inicial 3 años para pedro gracias,ADMIS_VACANTES
Web,papeles para traslado a inicial 5 años. Postulante: Sofia.,papeles para traslado a inicial 5 años postulante sofia,ADMIS_REQUIS_DOC
WhatsApp,Hola hay vacantes para 1ero primaria? Mi niño se llama Camila.,hola hay vacantes para 1ero primaria mi niño se llama camila,ADMIS_VACANTES
WhatsApp,Hola hay vacantes para primer grado? Mi niño se llama Pedro.,hola hay vacantes para primer grado mi niño se llama pedro,ADMIS_VACANTES
WhatsApp,Saber si hay cupos en inicial 4 años para Lucia. Gracias.,saber si hay cupos en inicial 4 años para lucia gracias,ADMIS_VACANTES
Web,papeles para traslado a 6to primaria. Postulante: Mateo.,papeles para traslado a 6to primaria postulante mateo,ADMIS_REQUIS_DOC
Web,requisitos para traslado a inicial 4 años. Postulante: Camila.,requisitos para traslado a inicial 4 años postulante camila,ADMIS_REQUIS_DOC
Email,Solicito información de mensualidad y detalles para primer grado. Atte: Sofia.,solicito información de mensualidad y detalles para primer grado atte sofia,ADMIS_COSTOS
Web,reunión de admision para primer año. Mi menor es Sebastian.,reunión de admision para primer año mi menor es sebastian,OTROS
Web,citas de admision para inicial 3 años. Mi menor es Valentina.,citas de admision para inicial 3 años mi menor es valentina,ADMIS_CITAS
Web,charlas de admision para secundaria. Mi menor es Elena.,charlas de admision para secundaria mi menor es elena,ADMIS_CITAS
Email,Solicito información de precios y detalles para 6to primaria. Atte: Lucia.,solicito información de precios y detalles para 6to primaria atte lucia,ADMIS_COSTOS
Email,Solicito información de precios y detalles para primer grado. Atte: Valentina.,solicito información de precios y detalles para primer grado atte valentina,ADMIS_COSTOS
Web,<p><b>cronograma de admision para inicial 4 años. Mi menor es Thiago.</b></p>,cronograma de admision para inicial 4 años mi menor es thiago,ADMIS_CITAS
WhatsApp,<p><b>Hola hay lugares para 6to primaria? Mi niño se llama Nicolas.</b></p>,hola hay lugares para 6to primaria mi niño se llama nicolas,ADMIS_VACANTES
WhatsApp,Saber si hay cupos en primer año para Pedro. Gracias.,saber si hay cupos en primer año para pedro gracias,ADMIS_VACANTES
WhatsApp,Saber si hay espacios en inicial 4 años para Mateo. Gracias.,saber si hay espacios en inicial 4 años para mateo gracias,ADMIS_VACANTES
Web,<p><b>charlas de admision para 5to secundaria. Mi menor es Pedro.</b></p>,charlas de admision para 5to secundaria mi menor es pedro,ADMIS_CITAS
WhatsApp,<p><b>Hola hay vacantes para inicial 3 años? Mi niño se llama Sofia.</b></p>,hola hay vacantes para inicial 3 años mi niño se llama sofia,ADMIS_VACANTES
Web,CHARLAS DE ADMISION PARA 1ERO SECUNDARIA. MI MENOR ES LUIS.,charlas de admision para 1ero secundaria mi menor es luis,ADMIS_CITAS
Email,"Estimados, quisiera saber los pagos de 1ero primaria para mi hijo Ana.",estimados quisiera saber los pagos de 1ero primaria para mi hijo ana,ADMIS_COSTOS
Web,partidas para traslado a inicial 5 años. Postulante: Nicolas.,partidas para traslado a inicial 5 años postulante nicolas,ADMIS_REQUIS_DOC
Web,reunión de admision para 1ero primaria. Mi menor es Maria.,reunión de admision para 1ero primaria mi menor es maria,OTROS
Email,"Estimados, quisiera saber los precios de secundaria para mi hijo Gabriel.",estimados quisiera saber los precios de secundaria para mi hijo gabriel,ADMIS_COSTOS
Email,"<p><b>Estimados, quisiera saber los pensiones de inicial 5 años para mi hijo Nicolas.</b></p>",estimados quisiera saber los pensiones de inicial 5 años para mi hijo nicolas,ADMIS_COSTOS
WhatsApp,HOLA HAY CUPOS PARA 1ERO PRIMARIA? MI NIÑO SE LLAMA SOFIA.,hola hay cupos para 1ero primaria mi niño se llama sofia,ADMIS_VACANTES
WhatsApp,Saber si hay lugares en inicial 3 años para Ana. Gracias.,saber si hay lugares en inicial 3 años para ana gracias,ADMIS_VACANTES
Email,Solicito información de pagos y detalles para inicial 5 años. Atte: Nicolas.,solicito información de pagos y detalles para inicial 5 años atte nicolas,ADMIS_COSTOS
Web,documentos para traslado a 1ero primaria. Postulante: Mateo.,documentos para traslado a 1ero primaria postulante mateo,ADMIS_REQUIS_DOC
WhatsApp,HOLA HAY CUPOS PARA 6TO PRIMARIA? MI NIÑO SE LLAMA CAMILA.,hola hay cupos para 6to primaria mi niño se llama camila,ADMIS_VACANTES
Web,requisitos para traslado a 1ero secundaria. Postulante: Camila.,requisitos para traslado a 1ero secundaria postulante camila,ADMIS_REQUIS_DOC
Web,citas de admision para secundaria. Mi menor es Mateo.,citas de admision para secundaria mi menor es mateo,ADMIS_CITAS
Email,Solicito información de pagos y detalles para 5to secundaria. Atte: Lucia.,solicito información de pagos y detalles para 5to secundaria atte lucia,ADMIS_COSTOS
WhatsApp,<p><b>Hola hay cupos para primer año? Mi niño se llama Ana.</b></p>,hola hay cupos para primer año mi niño se llama ana,ADMIS_VACANTES
Web,REUNIÓN DE ADMISION PARA 5TO SECUNDARIA. MI MENOR ES NICOLAS.,reunión de admision para 5to secundaria mi menor es nicolas,OTROS
WhatsApp,Hola hay cupos para 5to secundaria? Mi niño se llama Mateo.,hola hay cupos para 5to secundaria mi niño se llama mateo,ADMIS_VACANTES
Email,Solicito información de costos y detalles para primer grado. Atte: Lucia.,solicito información de costos y detalles para primer grado atte lucia,ADMIS_COSTOS
Email,Solicito información de precios y detalles para secundaria. Atte: Pedro.,solicito información de precios y detalles para secundaria atte pedro,ADMIS_COSTOS
Web,<p><b>charlas de admision para primer grado. Mi menor es Camila.</b></p>,charlas de admision para primer grado mi menor es camila,ADMIS_CITAS
Web,cronograma de admision para inicial 4 años. Mi menor es Luis.,cronograma de admision para inicial 4 años mi menor es luis,ADMIS_CITAS
WhatsApp,Hola hay lugares para inicial 5 años? Mi niño se llama Sofia.,hola hay lugares para inicial 5 años mi niño se llama sofia,ADMIS_VACANTES
WhatsApp,Hola hay espacios para 6to primaria? Mi niño se llama Mateo.,hola hay espacios para 6to primaria mi niño se llama mateo,ADMIS_VACANTES
Web,partidas para traslado a inicial 5 años. Postulante: Luis.,partidas para traslado a inicial 5 años postulante luis,ADMIS_REQUIS_DOC
Web,<p><b>citas de admision para primer grado. Mi menor es Lucia.</b></p>,citas de admision para primer grado mi menor es lucia,ADMIS_CITAS
WhatsApp,Hola hay matrículas disponibles para primer grado? Mi niño se llama Mateo.,hola hay matrículas disponibles para primer grado mi niño se llama mateo,ADMIS_VACANTES
Email,Solicito información de pensiones y detalles para 5to secundaria. Atte: Gabriel.,solicito información de pensiones y detalles para 5to secundaria atte gabriel,ADMIS_COSTOS
Email,Solicito información de precios y detalles para inicial 3 años. Atte: Mateo.,solicito información de precios y detalles para inicial 3 años atte mateo,ADMIS_COSTOS
Web,reunión de admision para inicial 3 años. Mi menor es Camila.,reunión de admision para inicial 3 años mi menor es camila,OTROS
WhatsApp,Hola hay espacios para inicial 3 años? Mi niño se llama Elena.,hola hay espacios para inicial 3 años mi niño se llama elena,ADMIS_VACANTES
WhatsApp,Hola hay cupos para primer año? Mi niño se llama Maria.,hola hay cupos para primer año mi niño se llama maria,ADMIS_VACANTES
Web,PARTIDAS PARA TRASLADO A 1ERO PRIMARIA. POSTULANTE: ELENA.,partidas para traslado a 1ero primaria postulante elena,ADMIS_REQUIS_DOC
WhatsApp,SABER SI HAY VACANTES EN 1ERO SECUNDARIA PARA PEDRO. GRACIAS.,saber si hay vacantes en 1ero secundaria para pedro gracias,ADMIS_VACANTES
Web,entrevistas de admision para primer grado. Mi menor es Elena.,entrevistas de admision para primer grado mi menor es elena,ADMIS_CITAS
WhatsApp,Hola hay cupos para primer año? Mi niño se llama Elena.,hola hay cupos para primer año mi niño se llama elena,ADMIS_VACANTES
Email,"Estimados, quisiera saber los pensiones de inicial 5 años para mi hijo Sofia.",estimados quisiera saber los pensiones de inicial 5 años para mi hijo sofia,ADMIS_COSTOS
Email,Solicito información de precios y detalles para primer año. Atte: Valentina.,solicito información de precios y detalles para primer año atte valentina,ADMIS_COSTOS
Email,Solicito información de pensiones y detalles para primer grado. Atte: Mateo.,solicito información de pensiones y detalles para primer grado atte mateo,ADMIS_COSTOS
Web,citas de admision para inicial 4 años. Mi menor es Maria.,citas de admision para inicial 4 años mi menor es maria,ADMIS_CITAS
Web,documentos para traslado a primer año. Postulante: Sebastian.,documentos para traslado a primer año postulante sebastian,ADMIS_REQUIS_DOC
Email,SOLICITO INFORMACIÓN DE COSTOS Y DETALLES PARA PRIMER AÑO. ATTE: PEDRO.,solicito información de costos y detalles para primer año atte pedro,ADMIS_COSTOS
Web,DOCUMENTOS PARA TRASLADO A 1ERO PRIMARIA. POSTULANTE: LUIS.,documentos para traslado a 1ero primaria postulante luis,ADMIS_REQUIS_DOC
Email,Solicito información de pagos y detalles para primer grado. Atte: Mateo.,solicito información de pagos y detalles para primer grado atte mateo,ADMIS_COSTOS
Email,"ESTIMADOS, QUISIERA SABER LOS PENSIONES DE 6TO PRIMARIA PARA MI HIJO PEDRO.",estimados quisiera saber los pensiones de 6to primaria para mi hijo pedro,ADMIS_COSTOS
Web,documentos para traslado a 5to secundaria. Postulante: Gabriel.,documentos para traslado a 5to secundaria postulante gabriel,ADMIS_REQUIS_DOC
WhatsApp,<p><b>Hola hay cupos para primer grado? Mi niño se llama Sebastian.</b></p>,hola hay cupos para primer grado mi niño se llama sebastian,ADMIS_VACANTES
WhatsApp,Saber si hay matrículas disponibles en 6to primaria para Juan. Gracias.,saber si hay matrículas disponibles en 6to primaria para juan gracias,ADMIS_VACANTES
WhatsApp,Saber si hay cupos en primer año para Juan. Gracias.,saber si hay cupos en primer año para juan gracias,ADMIS_VACANTES
Email,Solicito información de mensualidad y detalles para 5to secundaria. Atte: Sofia.,solicito información de mensualidad y detalles para 5to secundaria atte sofia,ADMIS_COSTOS
WhatsApp,Saber si hay cupos en inicial 3 años para Juan. Gracias.,saber si hay cupos en inicial 3 años para juan gracias,ADMIS_VACANTES
Email,Solicito información de mensualidad y detalles para inicial 5 años. Atte: Nicolas.,solicito información de mensualidad y detalles para inicial 5 años atte nicolas,ADMIS_COSTOS
Email,"ESTIMADOS, QUISIERA SABER LOS PENSIONES DE PRIMER GRADO PARA MI HIJO NICOLAS.",estimados quisiera saber los pensiones de primer grado para mi hijo nicolas,ADMIS_COSTOS
Web,documentos para traslado a inicial 3 años. Postulante: Nicolas.,documentos para traslado a inicial 3 años postulante nicolas,ADMIS_REQUIS_DOC
Web,DOCUMENTACIÓN PARA TRASLADO A PRIMER GRADO. POSTULANTE: PEDRO.,documentación para traslado a primer grado postulante pedro,ADMIS_REQUIS_DOC
WhatsApp,Saber si hay cupos en 1ero secundaria para Maria. Gracias.,saber si hay cupos en 1ero secundaria para maria gracias,ADMIS_VACANTES
Web,<p><b>cronograma de admision para inicial 5 años. Mi menor es Mateo.</b></p>,cronograma de admision para inicial 5 años mi menor es mateo,ADMIS_CITAS
WhatsApp,Hola hay lugares para primer grado? Mi niño se llama Lucia.,hola hay lugares para primer grado mi niño se llama lucia,ADMIS_VACANTES
Email,"Estimados, quisiera saber los precios de 1ero secundaria para mi hijo Sofia.",estimados quisiera saber los precios de 1ero secundaria para mi hijo sofia,ADMIS_COSTOS
WhatsApp,HOLA HAY CUPOS PARA PRIMER GRADO? MI NIÑO SE LLAMA VALENTINA.,hola hay cupos para primer grado mi niño se llama valentina,ADMIS_VACANTES
Email,"Estimados, quisiera saber los costos de 5to secundaria para mi hijo Luis.",estimados quisiera saber los costos de 5to secundaria para mi hijo luis,ADMIS_COSTOS
Web,citas de admision para 6to primaria. Mi menor es Luis.,citas de admision para 6to primaria mi menor es luis,ADMIS_CITAS
Web,<p><b>partidas para traslado a secundaria. Postulante: Valentina.</b></p>,partidas para traslado a secundaria postulante valentina,ADMIS_REQUIS_DOC
Email,<p><b>Solicito información de precios y detalles para 5to secundaria. Atte: Sebastian.</b></p>,solicito información de precios y detalles para 5to secundaria atte sebastian,ADMIS_COSTOS
WhatsApp,Hola hay matrículas disponibles para inicial 3 años? Mi niño se llama Camila.,hola hay matrículas disponibles para inicial 3 años mi niño se llama camila,ADMIS_VACANTES
Web,cronograma de admision para 1ero secundaria. Mi menor es Juan.,cronograma de admision para 1ero secundaria mi menor es juan,ADMIS_CITAS
WhatsApp,Saber si hay matrículas disponibles en 5to secundaria para Thiago. Gracias.,saber si hay matrículas disponibles en 5to secundaria para thiago gracias,ADMIS_VACANTES
Web,PAPELES PARA TRASLADO A INICIAL 3 AÑOS. POSTULANTE: NICOLAS.,papeles para traslado a inicial 3 años postulante nicolas,ADMIS_REQUIS_DOC
Email,Solicito información de mensualidad y detalles para inicial 5 años. Atte: Thiago.,solicito información de mensualidad y detalles para inicial 5 años atte thiago,ADMIS_COSTOS
Email,"<p><b>Estimados, quisiera saber los pagos de 1ero primaria para mi hijo Mateo.</b></p>",estimados quisiera saber los pagos de 1ero primaria para mi hijo mateo,ADMIS_COSTOS
Web,CHARLAS DE ADMISION PARA 6TO PRIMARIA. MI MENOR ES MARIA.,charlas de admision para 6to primaria mi menor es maria,ADMIS_CITAS
WhatsApp,Hola hay matrículas disponibles para 5to secundaria? Mi niño se llama Ana.,hola hay matrículas disponibles para 5to secundaria mi niño se llama ana,ADMIS_VACANTES
Web,documentación para traslado a primer grado. Postulante: Nicolas.,documentación para traslado a primer grado postulante nicolas,ADMIS_REQUIS_DOC
Email,Solicito información de pagos y detalles para inicial 4 años. Atte: Ana.,solicito información de pagos y detalles para inicial 4 años atte ana,ADMIS_COSTOS
Web,papeles para traslado a 6to primaria. Postulante: Valentina.,papeles para traslado a 6to primaria postulante valentina,ADMIS_REQUIS_DOC
Email,Solicito información de mensualidad y detalles para 5to secundaria. Atte: Valentina.,solicito información de mensualidad y detalles para 5to secundaria atte valentina,ADMIS_COSTOS
Email,"Estimados, quisiera saber los pagos de secundaria para mi hijo Luis.",estimados quisiera saber los pagos de secundaria para mi hijo luis,ADMIS_COSTOS
WhatsApp,Saber si hay cupos en 1ero primaria para Pedro. Gracias.,saber si hay cupos en 1ero primaria para pedro gracias,ADMIS_VACANTES
Web,<p><b>entrevistas de admision para 1ero primaria. Mi menor es Luis.</b></p>,entrevistas de admision para 1ero primaria mi menor es luis,ADMIS_CITAS
WhatsApp,Hola hay lugares para inicial 3 años? Mi niño se llama Juan.,hola hay lugares para inicial 3 años mi niño se llama juan,ADMIS_VACANTES
Web,<p><b>requisitos para traslado a primer año. Postulante: Thiago.</b></p>,requisitos para traslado a primer año postulante thiago,ADMIS_REQUIS_DOC
Web,documentación para traslado a 1ero secundaria. Postulante: Nicolas.,documentación para traslado a 1ero secundaria postulante nicolas,ADMIS_REQUIS_DOC
Email,"<p><b>Estimados, quisiera saber los pagos de 1ero secundaria para mi hijo Maria.</b></p>",estimados quisiera saber los pagos de 1ero secundaria para mi hijo maria,ADMIS_COSTOS
Web,documentos para traslado a inicial 4 años. Postulante: Mateo.,documentos para traslado a inicial 4 años postulante mateo,ADMIS_REQUIS_DOC
Web,reunión de admision para primer grado. Mi menor es Juan.,reunión de admision para primer grado mi menor es juan,OTROS
Web,partidas para traslado a primer grado. Postulante: Maria.,partidas para traslado a primer grado postulante maria,ADMIS_REQUIS_DOC
Web,reunión de admision para primer año. Mi menor es Maria.,reunión de admision para primer año mi menor es maria,OTROS
Email,Solicito información de cuotas y detalles para primer grado. Atte: Luis.,solicito información de cuotas y detalles para primer grado atte luis,ADMIS_COSTOS
WhatsApp,SABER SI HAY VACANTES EN INICIAL 3 AÑOS PARA LUIS. GRACIAS.,saber si hay vacantes en inicial 3 años para luis gracias,ADMIS_VACANTES
WhatsApp,<p><b>Hola hay vacantes para 1ero secundaria? Mi niño se llama Pedro.</b></p>,hola hay vacantes para 1ero secundaria mi niño se llama pedro,ADMIS_VACANTES
WhatsApp,Hola hay matrículas disponibles para 6to primaria? Mi niño se llama Sebastian.,hola hay matrículas disponibles para 6to primaria mi niño se llama sebastian,ADMIS_VACANTES
Email,"<p><b>Estimados, quisiera saber los mensualidad de primer año para mi hijo Valentina.</b></p>",estimados quisiera saber los mensualidad de primer año para mi hijo valentina,ADMIS_COSTOS
WhatsApp,Hola hay matrículas disponibles para secundaria? Mi niño se llama Thiago.,hola hay matrículas disponibles para secundaria mi niño se llama thiago,ADMIS_VACANTES
WhatsApp,<p><b>Hola hay cupos para inicial 4 años? Mi niño se llama Camila.</b></p>,hola hay cupos para inicial 4 años mi niño se llama camila,ADMIS_VACANTES
WhatsApp,Hola hay cupos para primer año? Mi niño se llama Thiago.,hola hay cupos para primer año mi niño se llama thiago,ADMIS_VACANTES
Web,CITAS DE ADMISION PARA 1ERO PRIMARIA. MI MENOR ES SEBASTIAN.,citas de admision para 1ero primaria mi menor es sebastian,ADMIS_CITAS
WhatsApp,<p><b>Hola hay espacios para 6to primaria? Mi niño se llama Sofia.</b></p>,hola hay espacios para 6to primaria mi niño se llama sofia,ADMIS_VACANTES
WhatsApp,Hola hay matrículas disponibles para primer año? Mi niño se llama Ana.,hola hay matrículas disponibles para primer año mi niño se llama ana,ADMIS_VACANTES
WhatsApp,Saber si hay cupos en inicial 5 años para Camila. Gracias.,saber si hay cupos en inicial 5 años para camila gracias,ADMIS_VACANTES
Email,<p><b>Solicito información de pagos y detalles para secundaria. Atte: Gabriel.</b></p>,solicito información de pagos y detalles para secundaria atte gabriel,ADMIS_COSTOS
Email,"Estimados, quisiera saber los precios de primer grado para mi hijo Gabriel.",estimados quisiera saber los precios de primer grado para mi hijo gabriel,ADMIS_COSTOS
Email,"Estimados, quisiera saber los mensualidad de primer año para mi hijo Gabriel.",estimados quisiera saber los mensualidad de primer año para mi hijo gabriel,ADMIS_COSTOS
WhatsApp,Hola hay espacios para 1ero secundaria? Mi niño se llama Thiago.,hola hay espacios para 1ero secundaria mi niño se llama thiago,ADMIS_VACANTES
Web,reunión de admision para 1ero primaria. Mi menor es Luis.,reunión de admision para 1ero primaria mi menor es luis,OTROS
Email,Solicito información de mensualidad y detalles para primer año. Atte: Nicolas.,solicito información de mensualidad y detalles para primer año atte nicolas,ADMIS_COSTOS
WhatsApp,Saber si hay espacios en inicial 4 años para Sofia. Gracias.,saber si hay espacios en inicial 4 años para sofia gracias,ADMIS_VACANTES
WhatsApp,HOLA HAY ESPACIOS PARA INICIAL 5 AÑOS? MI NIÑO SE LLAMA CAMILA.,hola hay espacios para inicial 5 años mi niño se llama camila,ADMIS_VACANTES
Web,CHARLAS DE ADMISION PARA PRIMER GRADO. MI MENOR ES MARIA.,charlas de admision para primer grado mi menor es maria,ADMIS_CITAS
Email,"ESTIMADOS, QUISIERA SABER LOS MENSUALIDAD DE INICIAL 3 AÑOS PARA MI HIJO LUIS.",estimados quisiera saber los mensualidad de inicial 3 años para mi hijo luis,ADMIS_COSTOS
WhatsApp,Saber si hay lugares en primer grado para Luis. Gracias.,saber si hay lugares en primer grado para luis gracias,ADMIS_VACANTES
WhatsApp,Hola hay espacios para primer grado? Mi niño se llama Mateo.,hola hay espacios para primer grado mi niño se llama mateo,ADMIS_VACANTES
WhatsApp,<p><b>Hola hay lugares para 1ero secundaria? Mi niño se llama Ana.</b></p>,hola hay lugares para 1ero secundaria mi niño se llama ana,ADMIS_VACANTES
WhatsApp,Saber si hay lugares en inicial 3 años para Mateo. Gracias.,saber si hay lugares en inicial 3 años para mateo gracias,ADMIS_VACANTES
WhatsApp,SABER SI HAY MATRÍCULAS DISPONIBLES EN PRIMER GRADO PARA MATEO. GRACIAS.,saber si hay matrículas disponibles en primer grado para mateo gracias,ADMIS_VACANTES
WhatsApp,<p><b>Hola hay cupos para inicial 4 años? Mi niño se llama Valentina.</b></p>,hola hay cupos para inicial 4 años mi niño se llama valentina,ADMIS_VACANTES
WhatsApp,<p><b>Hola hay espacios para 1ero secundaria? Mi niño se llama Camila.</b></p>,hola hay espacios para 1ero secundaria mi niño se llama camila,ADMIS_VACANTES
Web,papeles para traslado a inicial 5 años. Postulante: Luis.,papeles para traslado a inicial 5 años postulante luis,ADMIS_REQUIS_DOC
Web,partidas para traslado a 1ero secundaria. Postulante: Maria.,partidas para traslado a 1ero secundaria postulante maria,ADMIS_REQUIS_DOC
Email,"Estimados, quisiera saber los costos de secundaria para mi hijo Luis.",estimados quisiera saber los costos de secundaria para mi hijo luis,ADMIS_COSTOS
WhatsApp,Hola hay cupos para primer grado? Mi niño se llama Gabriel.,hola hay cupos para primer grado mi niño se llama gabriel,ADMIS_VACANTES
WhatsApp,Saber si hay matrículas disponibles en inicial 4 años para Nicolas. Gracias.,saber si hay matrículas disponibles en inicial 4 años para nicolas gracias,ADMIS_VACANTES
Email,Solicito información de cuotas y detalles para 1ero primaria. Atte: Maria.,solicito información de cuotas y detalles para 1ero primaria atte maria,ADMIS_COSTOS
Web,ENTREVISTAS DE ADMISION PARA PRIMER AÑO. MI MENOR ES MATEO.,entrevistas de admision para primer año mi menor es mateo,ADMIS_CITAS
Web,cronograma de admision para inicial 3 años. Mi menor es Ana.,cronograma de admision para inicial 3 años mi menor es ana,ADMIS_CITAS
Web,documentos para traslado a inicial 3 años. Postulante: Pedro.,documentos para traslado a inicial 3 años postulante pedro,ADMIS_REQUIS_DOC
WhatsApp,Saber si hay lugares en secundaria para Camila. Gracias.,saber si hay lugares en secundaria para camila gracias,ADMIS_VACANTES
WhatsApp,SABER SI HAY CUPOS EN PRIMER GRADO PARA SOFIA. GRACIAS.,saber si hay cupos en primer grado para sofia gracias,ADMIS_VACANTES
Email,"Estimados, quisiera saber los mensualidad de 1ero primaria para mi hijo Mateo.",estimados quisiera saber los mensualidad de 1ero primaria para mi hijo mateo,ADMIS_COSTOS
WhatsApp,<p><b>Saber si hay lugares en primer grado para Juan. Gracias.</b></p>,saber si hay lugares en primer grado para juan gracias,ADMIS_VACANTES
Email,"Estimados, quisiera saber los costos de 6to primaria para mi hijo Nicolas.",estimados quisiera saber los costos de 6to primaria para mi hijo nicolas,ADMIS_COSTOS
WhatsApp,Hola hay espacios para secundaria? Mi niño se llama Camila.,hola hay espacios para secundaria mi niño se llama camila,ADMIS_VACANTES
Web,documentos para traslado a 1ero primaria. Postulante: Sebastian.,documentos para traslado a 1ero primaria postulante sebastian,ADMIS_REQUIS_DOC
Email,Solicito información de pagos y detalles para primer grado. Atte: Valentina.,solicito información de pagos y detalles para primer grado atte valentina,ADMIS_COSTOS
Web,entrevistas de admision para 5to secundaria. Mi menor es Juan.,entrevistas de admision para 5to secundaria mi menor es juan,ADMIS_CITAS
Web,requisitos para traslado a 1ero primaria. Postulante: Luis.,requisitos para traslado a 1ero primaria postulante luis,ADMIS_REQUIS_DOC
WhatsApp,Saber si hay cupos en 5to secundaria para Pedro. Gracias.,saber si hay cupos en 5to secundaria para pedro gracias,ADMIS_VACANTES
WhatsApp,Hola hay lugares para secundaria? Mi niño se llama Elena.,hola hay lugares para secundaria mi niño se llama elena,ADMIS_VACANTES
WhatsApp,<p><b>Hola hay espacios para 1ero primaria? Mi niño se llama Sebastian.</b></p>,hola hay espacios para 1ero primaria mi niño se llama sebastian,ADMIS_VACANTES
WhatsApp,SABER SI HAY CUPOS EN PRIMER GRADO PARA VALENTINA. GRACIAS.,saber si hay cupos en primer grado para valentina gracias,ADMIS_VACANTES
Web,charlas de admision para secundaria. Mi menor es Gabriel.,charlas de admision para secundaria mi menor es gabriel,ADMIS_CITAS
Email,"Estimados, quisiera saber los pagos de 1ero secundaria para mi hijo Camila.",estimados quisiera saber los pagos de 1ero secundaria para mi hijo camila,ADMIS_COSTOS
Email,"Estimados, quisiera saber los pensiones de primer año para mi hijo Juan.",estimados quisiera saber los pensiones de primer año para mi hijo juan,ADMIS_COSTOS
Web,<p><b>documentos para traslado a primer año. Postulante: Ana.</b></p>,documentos para traslado a primer año postulante ana,ADMIS_REQUIS_DOC
Web,<p><b>documentación para traslado a secundaria. Postulante: Nicolas.</b></p>,documentación para traslado a secundaria postulante nicolas,ADMIS_REQUIS_DOC
Web,papeles para traslado a primer año. Postulante: Maria.,papeles para traslado a primer año postulante maria,ADMIS_REQUIS_DOC
WhatsApp,SABER SI HAY ESPACIOS EN PRIMER AÑO PARA MATEO. GRACIAS.,saber si hay espacios en primer año para mateo gracias,ADMIS_VACANTES
Email,Solicito información de pensiones y detalles para inicial 4 años. Atte: Thiago.,solicito información de pensiones y detalles para inicial 4 años atte thiago,ADMIS_COSTOS
Email,Solicito información de pagos y detalles para inicial 4 años. Atte: Lucia.,solicito información de pagos y detalles para inicial 4 años atte lucia,ADMIS_COSTOS
Web,charlas de admision para secundaria. Mi menor es Lucia.,charlas de admision para secundaria mi menor es lucia,ADMIS_CITAS
WhatsApp,Hola hay cupos para inicial 4 años? Mi niño se llama Luis.,hola hay cupos para inicial 4 años mi niño se llama luis,ADMIS_VACANTES
WhatsApp,Saber si hay matrículas disponibles en inicial 5 años para Thiago. Gracias.,saber si hay matrículas disponibles en inicial 5 años para thiago gracias,ADMIS_VACANTES
Web,cronograma de admision para inicial 5 años. Mi menor es Juan.,cronograma de admision para inicial 5 años mi menor es juan,ADMIS_CITAS
Web,documentos para traslado a secundaria. Postulante: Camila.,documentos para traslado a secundaria postulante camila,ADMIS_REQUIS_DOC
WhatsApp,Hola hay cupos para 1ero secundaria? Mi niño se llama Sebastian.,hola hay cupos para 1ero secundaria mi niño se llama sebastian,ADMIS_VACANTES
Web,citas de admision para inicial 4 años. Mi menor es Juan.,citas de admision para inicial 4 años mi menor es juan,ADMIS_CITAS
Web,citas de admision para inicial 5 años. Mi menor es Juan.,citas de admision para inicial 5 años mi menor es juan,ADMIS_CITAS
Web,<p><b>entrevistas de admision para inicial 4 años. Mi menor es Maria.</b></p>,entrevistas de admision para inicial 4 años mi menor es maria,ADMIS_CITAS
Web,CRONOGRAMA DE ADMISION PARA PRIMER AÑO. MI MENOR ES MATEO.,cronograma de admision para primer año mi menor es mateo,ADMIS_CITAS
Web,charlas de admision para 6to primaria. Mi menor es Mateo.,charlas de admision para 6to primaria mi menor es mateo,ADMIS_CITAS
Email,"Estimados, quisiera saber los cuotas de primer año para mi hijo Luis.",estimados quisiera saber los cuotas de primer año para mi hijo luis,ADMIS_COSTOS
Email,Solicito información de precios y detalles para secundaria. Atte: Thiago.,solicito información de precios y detalles para secundaria atte thiago,ADMIS_COSTOS
Web,charlas de admision para inicial 4 años. Mi menor es Pedro.,charlas de admision para inicial 4 años mi menor es pedro,ADMIS_CITAS
Email,Solicito información de mensualidad y detalles para inicial 5 años. Atte: Sofia.,solicito información de mensualidad y detalles para inicial 5 años atte sofia,ADMIS_COSTOS
WhatsApp,SABER SI HAY MATRÍCULAS DISPONIBLES EN 6TO PRIMARIA PARA LUCIA. GRACIAS.,saber si hay matrículas disponibles en 6to primaria para lucia gracias,ADMIS_VACANTES
WhatsApp,Saber si hay matrículas disponibles en inicial 5 años para Gabriel. Gracias.,saber si hay matrículas disponibles en inicial 5 años para gabriel gracias,ADMIS_VACANTES
Web,ENTREVISTAS DE ADMISION PARA 5TO SECUNDARIA. MI MENOR ES ANA.,entrevistas de admision para 5to secundaria mi menor es ana,ADMIS_CITAS
Email,"Estimados, quisiera saber los costos de 6to primaria para mi hijo Sebastian.",estimados quisiera saber los costos de 6to primaria para mi hijo sebastian,ADMIS_COSTOS
Email,Solicito información de cuotas y detalles para 1ero secundaria. Atte: Gabriel.,solicito información de cuotas y detalles para 1ero secundaria atte gabriel,ADMIS_COSTOS
WhatsApp,Hola hay lugares para inicial 4 años? Mi niño se llama Pedro.,hola hay lugares para inicial 4 años mi niño se llama pedro,ADMIS_VACANTES
Email,Solicito información de mensualidad y detalles para 5to secundaria. Atte: Camila.,solicito información de mensualidad y detalles para 5to secundaria atte camila,ADMIS_COSTOS
Web,reunión de admision para inicial 3 años. Mi menor es Thiago.,reunión de admision para inicial 3 años mi menor es thiago,OTROS
Web,<p><b>entrevistas de admision para inicial 5 años. Mi menor es Valentina.</b></p>,entrevistas de admision para inicial 5 años mi menor es valentina,ADMIS_CITAS
WhatsApp,Hola hay cupos para 1ero primaria? Mi niño se llama Mateo.,hola hay cupos para 1ero primaria mi niño se llama mateo,ADMIS_VACANTES
Web,<p><b>documentación para traslado a 1ero secundaria. Postulante: Pedro.</b></p>,documentación para traslado a 1ero secundaria postulante pedro,ADMIS_REQUIS_DOC
Email,Solicito información de costos y detalles para inicial 3 años. Atte: Maria.,solicito información de costos y detalles para inicial 3 años atte maria,ADMIS_COSTOS
Web,partidas para traslado a secundaria. Postulante: Lucia.,partidas para traslado a secundaria postulante lucia,ADMIS_REQUIS_DOC
Email,"Estimados, quisiera saber los pensiones de primer grado para mi hijo Elena.",estimados quisiera saber los pensiones de primer grado para mi hijo elena,ADMIS_COSTOS
Email,Solicito información de costos y detalles para inicial 4 años. Atte: Gabriel.,solicito información de costos y detalles para inicial 4 años atte gabriel,ADMIS_COSTOS
Email,"Estimados, quisiera saber los mensualidad de 5to secundaria para mi hijo Lucia.",estimados quisiera saber los mensualidad de 5to secundaria para mi hijo lucia,ADMIS_COSTOS
WhatsApp,Hola hay espacios para 6to primaria? Mi niño se llama Luis.,hola hay espacios para 6to primaria mi niño se llama luis,ADMIS_VACANTES
WhatsApp,Hola hay matrículas disponibles para inicial 4 años? Mi niño se llama Lucia.,hola hay matrículas disponibles para inicial 4 años mi niño se llama lucia,ADMIS_VACANTES
Web,<p><b>papeles para traslado a 6to primaria. Postulante: Nicolas.</b></p>,papeles para traslado a 6to primaria postulante nicolas,ADMIS_REQUIS_DOC
WhatsApp,Saber si hay matrículas disponibles en inicial 4 años para Maria. Gracias.,saber si hay matrículas disponibles en inicial 4 años para maria gracias,ADMIS_VACANTES
Web,documentos para traslado a 1ero secundaria. Postulante: Elena.,documentos para traslado a 1ero secundaria postulante elena,ADMIS_REQUIS_DOC
Email,"<p><b>Estimados, quisiera saber los mensualidad de primer año para mi hijo Sofia.</b></p>",estimados quisiera saber los mensualidad de primer año para mi hijo sofia,ADMIS_COSTOS
Web,<p><b>charlas de admision para 1ero primaria. Mi menor es Juan.</b></p>,charlas de admision para 1ero primaria mi menor es juan,ADMIS_CITAS
WhatsApp,Hola hay lugares para primer grado? Mi niño se llama Sofia.,hola hay lugares para primer grado mi niño se llama sofia,ADMIS_VACANTES
Web,papeles para traslado a secundaria. Postulante: Maria.,papeles para traslado a secundaria postulante maria,ADMIS_REQUIS_DOC
Web,<p><b>requisitos para traslado a primer año. Postulante: Ana.</b></p>,requisitos para traslado a primer año postulante ana,ADMIS_REQUIS_DOC
Email,"Estimados, quisiera saber los precios de primer grado para mi hijo Mateo.",estimados quisiera saber los precios de primer grado para mi hijo mateo,ADMIS_COSTOS
Web,partidas para traslado a 6to primaria. Postulante: Mateo.,partidas para traslado a 6to primaria postulante mateo,ADMIS_REQUIS_DOC
WhatsApp,Saber si hay matrículas disponibles en primer año para Sebastian. Gracias.,saber si hay matrículas disponibles en primer año para sebastian gracias,ADMIS_VACANTES
Email,"Estimados, quisiera saber los pagos de inicial 3 años para mi hijo Luis.",estimados quisiera saber los pagos de inicial 3 años para mi hijo luis,ADMIS_COSTOS
Web,<p><b>documentación para traslado a 6to primaria. Postulante: Thiago.</b></p>,documentación para traslado a 6to primaria postulante thiago,ADMIS_REQUIS_DOC
WhatsApp,HOLA HAY LUGARES PARA 1ERO SECUNDARIA? MI NIÑO SE LLAMA MATEO.,hola hay lugares para 1ero secundaria mi niño se llama mateo,ADMIS_VACANTES
WhatsApp,<p><b>Hola hay matrículas disponibles para 6to primaria? Mi niño se llama Lucia.</b></p>,hola hay matrículas disponibles para 6to primaria mi niño se llama lucia,ADMIS_VACANTES
Email,<p><b>Solicito información de pensiones y detalles para 5to secundaria. Atte: Camila.</b></p>,solicito información de pensiones y detalles para 5to secundaria atte camila,ADMIS_COSTOS
Web,CHARLAS DE ADMISION PARA INICIAL 4 AÑOS. MI MENOR ES CAMILA.,charlas de admision para inicial 4 años mi menor es camila,ADMIS_CITAS
WhatsApp,<p><b>Hola hay cupos para primer grado? Mi niño se llama Maria.</b></p>,hola hay cupos para primer grado mi niño se llama maria,ADMIS_VACANTES
WhatsApp,Saber si hay matrículas disponibles en 6to primaria para Luis. Gracias.,saber si hay matrículas disponibles en 6to primaria para luis gracias,ADMIS_VACANTES
Web,cronograma de admision para secundaria. Mi menor es Maria.,cronograma de admision para secundaria mi menor es maria,ADMIS_CITAS
Email,"Estimados, quisiera saber los precios de primer grado para mi hijo Camila.",estimados quisiera saber los precios de primer grado para mi hijo camila,ADMIS_COSTOS
WhatsApp,Saber si hay cupos en inicial 3 años para Gabriel. Gracias.,saber si hay cupos en inicial 3 años para gabriel gracias,ADMIS_VACANTES
Web,DOCUMENTOS PARA TRASLADO A 6TO PRIMARIA. POSTULANTE: SOFIA.,documentos para traslado a 6to primaria postulante sofia,ADMIS_REQUIS_DOC
Email,"Estimados, quisiera saber los pensiones de 5to secundaria para mi hijo Pedro.",estimados quisiera saber los pensiones de 5to secundaria para mi hijo pedro,ADMIS_COSTOS
WhatsApp,Saber si hay espacios en 1ero secundaria para Thiago. Gracias.,saber si hay espacios en 1ero secundaria para thiago gracias,ADMIS_VACANTES
Email,"ESTIMADOS, QUISIERA SABER LOS PAGOS DE INICIAL 5 AÑOS PARA MI HIJO ANA.",estimados quisiera saber los pagos de inicial 5 años para mi hijo ana,ADMIS_COSTOS
WhatsApp,Hola hay vacantes para inicial 5 años? Mi niño se llama Lucia.,hola hay vacantes para inicial 5 años mi niño se llama lucia,ADMIS_VACANTES
Email,"Estimados, quisiera saber los cuotas de inicial 5 años para mi hijo Lucia.",estimados quisiera saber los cuotas de inicial 5 años para mi hijo lucia,ADMIS_COSTOS
WhatsApp,Hola hay cupos para inicial 5 años? Mi niño se llama Elena.,hola hay cupos para inicial 5 años mi niño se llama elena,ADMIS_VACANTES
Email,"<p><b>Estimados, quisiera saber los precios de inicial 5 años para mi hijo Maria.</b></p>",estimados quisiera saber los precios de inicial 5 años para mi hijo maria,ADMIS_COSTOS
Web,reunión de admision para inicial 5 años. Mi menor es Sofia.,reunión de admision para inicial 5 años mi menor es sofia,OTROS
WhatsApp,<p><b>Hola hay cupos para 5to secundaria? Mi niño se llama Gabriel.</b></p>,hola hay cupos para 5to secundaria mi niño se llama gabriel,ADMIS_VACANTES
Web,papeles para traslado a secundaria. Postulante: Pedro.,papeles para traslado a secundaria postulante pedro,ADMIS_REQUIS_DOC
Web,entrevistas de admision para primer grado. Mi menor es Valentina.,entrevistas de admision para primer grado mi menor es valentina,ADMIS_CITAS
Web,<p><b>papeles para traslado a inicial 5 años. Postulante: Lucia.</b></p>,papeles para traslado a inicial 5 años postulante lucia,ADMIS_REQUIS_DOC
WhatsApp,Saber si hay cupos en 5to secundaria para Juan. Gracias.,saber si hay cupos en 5to secundaria para juan gracias,ADMIS_VACANTES
Email,"<p><b>Estimados, quisiera saber los mensualidad de inicial 5 años para mi hijo Gabriel.</b></p>",estimados quisiera saber los mensualidad de inicial 5 años para mi hijo gabriel,ADMIS_COSTOS
WhatsApp,Saber si hay matrículas disponibles en secundaria para Luis. Gracias.,saber si hay matrículas disponibles en secundaria para luis gracias,ADMIS_VACANTES
Email,SOLICITO INFORMACIÓN DE PENSIONES Y DETALLES PARA 5TO SECUNDARIA. ATTE: JUAN.,solicito información de pensiones y detalles para 5to secundaria atte juan,ADMIS_COSTOS
Web,requisitos para traslado a inicial 5 años. Postulante: Thiago.,requisitos para traslado a inicial 5 años postulante thiago,ADMIS_REQUIS_DOC
Email,Solicito información de costos y detalles para 1ero primaria. Atte: Nicolas.,solicito información de costos y detalles para 1ero primaria atte nicolas,ADMIS_COSTOS
WhatsApp,Saber si hay lugares en 1ero secundaria para Pedro. Gracias.,saber si hay lugares en 1ero secundaria para pedro gracias,ADMIS_VACANTES
Email,Solicito información de cuotas y detalles para secundaria. Atte: Gabriel.,solicito información de cuotas y detalles para secundaria atte gabriel,ADMIS_COSTOS
Email,Solicito información de precios y detalles para primer año. Atte: Mateo.,solicito información de precios y detalles para primer año atte mateo,ADMIS_COSTOS
Web,<p><b>documentación para traslado a secundaria. Postulante: Sebastian.</b></p>,documentación para traslado a secundaria postulante sebastian,ADMIS_REQUIS_DOC
Email,"Estimados, quisiera saber los cuotas de secundaria para mi hijo Sebastian.",estimados quisiera saber los cuotas de secundaria para mi hijo sebastian,ADMIS_COSTOS
Web,papeles para traslado a inicial 3 años. Postulante: Thiago.,papeles para traslado a inicial 3 años postulante thiago,ADMIS_REQUIS_DOC
Email,Solicito información de pensiones y detalles para secundaria. Atte: Gabriel.,solicito información de pensiones y detalles para secundaria atte gabriel,ADMIS_COSTOS
WhatsApp,<p><b>Saber si hay lugares en 5to secundaria para Maria. Gracias.</b></p>,saber si hay lugares en 5to secundaria para maria gracias,ADMIS_VACANTES
Email,SOLICITO INFORMACIÓN DE COSTOS Y DETALLES PARA SECUNDARIA. ATTE: GABRIEL.,solicito información de costos y detalles para secundaria atte gabriel,ADMIS_COSTOS
WhatsApp,Saber si hay espacios en 1ero secundaria para Mateo. Gracias.,saber si hay espacios en 1ero secundaria para mateo gracias,ADMIS_VACANTES
WhatsApp,Hola hay espacios para 1ero primaria? Mi niño se llama Luis.,hola hay espacios para 1ero primaria mi niño se llama luis,ADMIS_VACANTES
WhatsApp,Hola hay vacantes para inicial 4 años? Mi niño se llama Nicolas.,hola hay vacantes para inicial 4 años mi niño se llama nicolas,ADMIS_VACANTES
Email,Solicito información de pagos y detalles para secundaria. Atte: Elena.,solicito información de pagos y detalles para secundaria atte elena,ADMIS_COSTOS
Email,"ESTIMADOS, QUISIERA SABER LOS PENSIONES DE 5TO SECUNDARIA PARA MI HIJO VALENTINA.",estimados quisiera saber los pensiones de 5to secundaria para mi hijo valentina,ADMIS_COSTOS
Web,<p><b>papeles para traslado a primer año. Postulante: Mateo.</b></p>,papeles para traslado a primer año postulante mateo,ADMIS_REQUIS_DOC
WhatsApp,Hola hay vacantes para 5to secundaria? Mi niño se llama Thiago.,hola hay vacantes para 5to secundaria mi niño se llama thiago,ADMIS_VACANTES
WhatsApp,Hola hay lugares para primer grado? Mi niño se llama Elena.,hola hay lugares para primer grado mi niño se llama elena,ADMIS_VACANTES
Email,"Estimados, quisiera saber los costos de 1ero primaria para mi hijo Nicolas.",estimados quisiera saber los costos de 1ero primaria para mi hijo nicolas,ADMIS_COSTOS
Email,Solicito información de pensiones y detalles para 1ero secundaria. Atte: Luis.,solicito información de pensiones y detalles para 1ero secundaria atte luis,ADMIS_COSTOS
Web,reunión de admision para 6to primaria. Mi menor es Pedro.,reunión de admision para 6to primaria mi menor es pedro,OTROS
Web,charlas de admision para 1ero secundaria. Mi menor es Mateo.,charlas de admision para 1ero secundaria mi menor es mateo,ADMIS_CITAS
Web,citas de admision para inicial 4 años. Mi menor es Camila.,citas de admision para inicial 4 años mi menor es camila,ADMIS_CITAS
Web,<p><b>entrevistas de admision para 5to secundaria. Mi menor es Elena.</b></p>,entrevistas de admision para 5to secundaria mi menor es elena,ADMIS_CITAS
Web,reunión de admision para primer grado. Mi menor es Gabriel.,reunión de admision para primer grado mi menor es gabriel,OTROS
WhatsApp,Hola hay espacios para 1ero primaria? Mi niño se llama Thiago.,hola hay espacios para 1ero primaria mi niño se llama thiago,ADMIS_VACANTES
WhatsApp,Saber si hay vacantes en inicial 3 años para Sofia. Gracias.,saber si hay vacantes en inicial 3 años para sofia gracias,ADMIS_VACANTES
WhatsApp,HOLA HAY LUGARES PARA PRIMER AÑO? MI NIÑO SE LLAMA CAMILA.,hola hay lugares para primer año mi niño se llama camila,ADMIS_VACANTES
Email,Solicito información de precios y detalles para 1ero primaria. Atte: Ana.,solicito información de precios y detalles para 1ero primaria atte ana,ADMIS_COSTOS
Web,citas de admision para 6to primaria. Mi menor es Sebastian.,citas de admision para 6to primaria mi menor es sebastian,ADMIS_CITAS
Email,"Estimados, quisiera saber los precios de 1ero secundaria para mi hijo Thiago.",estimados quisiera saber los precios de 1ero secundaria para mi hijo thiago,ADMIS_COSTOS
Email,Solicito información de precios y detalles para inicial 3 años. Atte: Ana.,solicito información de precios y detalles para inicial 3 años atte ana,ADMIS_COSTOS
WhatsApp,Saber si hay lugares en primer grado para Gabriel. Gracias.,saber si hay lugares en primer grado para gabriel gracias,ADMIS_VACANTES
Email,<p><b>Solicito información de mensualidad y detalles para secundaria. Atte: Nicolas.</b></p>,solicito información de mensualidad y detalles para secundaria atte nicolas,ADMIS_COSTOS
WhatsApp,Hola hay espacios para 1ero secundaria? Mi niño se llama Nicolas.,hola hay espacios para 1ero secundaria mi niño se llama nicolas,ADMIS_VACANTES
Web,documentación para traslado a secundaria. Postulante: Luis.,documentación para traslado a secundaria postulante luis,ADMIS_REQUIS_DOC
Email,"Estimados, quisiera saber los pensiones de 6to primaria para mi hijo Luis.",estimados quisiera saber los pensiones de 6to primaria para mi hijo luis,ADMIS_COSTOS
WhatsApp,Hola hay lugares para inicial 3 años? Mi niño se llama Mateo.,hola hay lugares para inicial 3 años mi niño se llama mateo,ADMIS_VACANTES
WhatsApp,Hola hay espacios para 1ero secundaria? Mi niño se llama Mateo.,hola hay espacios para 1ero secundaria mi niño se llama mateo,ADMIS_VACANTES
WhatsApp,Saber si hay lugares en primer año para Luis. Gracias.,saber si hay lugares en primer año para luis gracias,ADMIS_VACANTES
Email,"<p><b>Estimados, quisiera saber los pagos de 1ero secundaria para mi hijo Mateo.</b></p>",estimados quisiera saber los pagos de 1ero secundaria para mi hijo mateo,ADMIS_COSTOS
Web,REQUISITOS PARA TRASLADO A INICIAL 3 AÑOS. POSTULANTE: JUAN.,requisitos para traslado a inicial 3 años postulante juan,ADMIS_REQUIS_DOC
Email,<p><b>Solicito información de pensiones y detalles para 1ero primaria. Atte: Mateo.</b></p>,solicito información de pensiones y detalles para 1ero primaria atte mateo,ADMIS_COSTOS
Email,Solicito información de precios y detalles para secundaria. Atte: Juan.,solicito información de precios y detalles para secundaria atte juan,ADMIS_COSTOS
Email,"<p><b>Estimados, quisiera saber los mensualidad de 1ero secundaria para mi hijo Juan.</b></p>",estimados quisiera saber los mensualidad de 1ero secundaria para mi hijo juan,ADMIS_COSTOS
Email,Solicito información de pensiones y detalles para inicial 4 años. Atte: Valentina.,solicito información de pensiones y detalles para inicial 4 años atte valentina,ADMIS_COSTOS
Web,<p><b>reunión de admision para primer grado. Mi menor es Thiago.</b></p>,reunión de admision para primer grado mi menor es thiago,OTROS
Web,<p><b>charlas de admision para inicial 5 años. Mi menor es Maria.</b></p>,charlas de admision para inicial 5 años mi menor es maria,ADMIS_CITAS
WhatsApp,Saber si hay cupos en 1ero secundaria para Lucia. Gracias.,saber si hay cupos en 1ero secundaria para lucia gracias,ADMIS_VACANTES
Web,CHARLAS DE ADMISION PARA PRIMER AÑO. MI MENOR ES THIAGO.,charlas de admision para primer año mi menor es thiago,ADMIS_CITAS
WhatsApp,SABER SI HAY LUGARES EN INICIAL 3 AÑOS PARA LUCIA. GRACIAS.,saber si hay lugares en inicial 3 años para lucia gracias,ADMIS_VACANTES
Web,<p><b>requisitos para traslado a inicial 3 años. Postulante: Thiago.</b></p>,requisitos para traslado a inicial 3 años postulante thiago,ADMIS_REQUIS_DOC
WhatsApp,Saber si hay matrículas disponibles en 1ero secundaria para Sofia. Gracias.,saber si hay matrículas disponibles en 1ero secundaria para sofia gracias,ADMIS_VACANTES
WhatsApp,Hola hay vacantes para 6to primaria? Mi niño se llama Nicolas.,hola hay vacantes para 6to primaria mi niño se llama nicolas,ADMIS_VACANTES
Web,entrevistas de admision para 6to primaria. Mi menor es Valentina.,entrevistas de admision para 6to primaria mi menor es valentina,ADMIS_CITAS
Email,Solicito información de pagos y detalles para primer grado. Atte: Thiago.,solicito información de pagos y detalles para primer grado atte thiago,ADMIS_COSTOS
Email,"ESTIMADOS, QUISIERA SABER LOS PENSIONES DE INICIAL 3 AÑOS PARA MI HIJO ELENA.",estimados quisiera saber los pensiones de inicial 3 años para mi hijo elena,ADMIS_COSTOS
Email,Solicito información de mensualidad y detalles para 1ero primaria. Atte: Valentina.,solicito información de mensualidad y detalles para 1ero primaria atte valentina,ADMIS_COSTOS
Web,partidas para traslado a 5to secundaria. Postulante: Luis.,partidas para traslado a 5to secundaria postulante luis,ADMIS_REQUIS_DOC
Email,Solicito información de cuotas y detalles para 5to secundaria. Atte: Nicolas.,solicito información de cuotas y detalles para 5to secundaria atte nicolas,ADMIS_COSTOS
Email,"Estimados, quisiera saber los mensualidad de inicial 5 años para mi hijo Sebastian.",estimados quisiera saber los mensualidad de inicial 5 años para mi hijo sebastian,ADMIS_COSTOS
Web,citas de admision para primer año. Mi menor es Elena.,citas de admision para primer año mi menor es elena,ADMIS_CITAS
Email,"ESTIMADOS, QUISIERA SABER LOS COSTOS DE 1ERO PRIMARIA PARA MI HIJO THIAGO.",estimados quisiera saber los costos de 1ero primaria para mi hijo thiago,ADMIS_COSTOS
WhatsApp,<p><b>Saber si hay lugares en primer grado para Mateo. Gracias.</b></p>,saber si hay lugares en primer grado para mateo gracias,ADMIS_VACANTES
Web,<p><b>citas de admision para secundaria. Mi menor es Pedro.</b></p>,citas de admision para secundaria mi menor es pedro,ADMIS_CITAS
Web,CHARLAS DE ADMISION PARA PRIMER AÑO. MI MENOR ES JUAN.,charlas de admision para primer año mi menor es juan,ADMIS_CITAS
Web,partidas para traslado a 6to primaria. Postulante: Sofia.,partidas para traslado a 6to primaria postulante sofia,ADMIS_REQUIS_DOC
WhatsApp,Hola hay matrículas disponibles para inicial 4 años? Mi niño se llama Maria.,hola hay matrículas disponibles para inicial 4 años mi niño se llama maria,ADMIS_VACANTES
Email,Solicito información de mensualidad y detalles para secundaria. Atte: Ana.,solicito información de mensualidad y detalles para secundaria atte ana,ADMIS_COSTOS
Email,"Estimados, quisiera saber los cuotas de inicial 5 años para mi hijo Pedro.",estimados quisiera saber los cuotas de inicial 5 años para mi hijo pedro,ADMIS_COSTOS
Web,partidas para traslado a inicial 4 años. Postulante: Luis.,partidas para traslado a inicial 4 años postulante luis,ADMIS_REQUIS_DOC
WhatsApp,Hola hay cupos para 5to secundaria? Mi niño se llama Lucia.,hola hay cupos para 5to secundaria mi niño se llama lucia,ADMIS_VACANTES
Email,<p><b>Solicito información de costos y detalles para primer año. Atte: Lucia.</b></p>,solicito información de costos y detalles para primer año atte lucia,ADMIS_COSTOS
Web,cronograma de admision para inicial 4 años. Mi menor es Elena.,cronograma de admision para inicial 4 años mi menor es elena,ADMIS_CITAS
Web,cronograma de admision para 5to secundaria. Mi menor es Maria.,cronograma de admision para 5to secundaria mi menor es maria,ADMIS_CITAS
WhatsApp,Saber si hay matrículas disponibles en primer grado para Sebastian. Gracias.,saber si hay matrículas disponibles en primer grado para sebastian gracias,ADMIS_VACANTES
Email,<p><b>Solicito información de precios y detalles para 5to secundaria. Atte: Elena.</b></p>,solicito información de precios y detalles para 5to secundaria atte elena,ADMIS_COSTOS
WhatsApp,Saber si hay lugares en 5to secundaria para Nicolas. Gracias.,saber si hay lugares en 5to secundaria para nicolas gracias,ADMIS_VACANTES
WhatsApp,Hola hay lugares para inicial 4 años? Mi niño se llama Gabriel.,hola hay lugares para inicial 4 años mi niño se llama gabriel,ADMIS_VACANTES
WhatsApp,<p><b>Saber si hay lugares en inicial 4 años para Luis. Gracias.</b></p>,saber si hay lugares en inicial 4 años para luis gracias,ADMIS_VACANTES
WhatsApp,HOLA HAY MATRÍCULAS DISPONIBLES PARA 1ERO PRIMARIA? MI NIÑO SE LLAMA GABRIEL.,hola hay matrículas disponibles para 1ero primaria mi niño se llama gabriel,ADMIS_VACANTES
Web,citas de admision para 5to secundaria. Mi menor es Camila.,citas de admision para 5to secundaria mi menor es camila,ADMIS_CITAS
WhatsApp,Hola hay espacios para inicial 4 años? Mi niño se llama Sebastian.,hola hay espacios para inicial 4 años mi niño se llama sebastian,ADMIS_VACANTES
WhatsApp,<p><b>Saber si hay espacios en primer año para Juan. Gracias.</b></p>,saber si hay espacios en primer año para juan gracias,ADMIS_VACANTES
Email,"Estimados, quisiera saber los pensiones de secundaria para mi hijo Sebastian.",estimados quisiera saber los pensiones de secundaria para mi hijo sebastian,ADMIS_COSTOS
Email,Solicito información de pensiones y detalles para 1ero primaria. Atte: Sebastian.,solicito información de pensiones y detalles para 1ero primaria atte sebastian,ADMIS_COSTOS
Email,"Estimados, quisiera saber los cuotas de primer año para mi hijo Mateo.",estimados quisiera saber los cuotas de primer año para mi hijo mateo,ADMIS_COSTOS
WhatsApp,Hola hay vacantes para inicial 4 años? Mi niño se llama Lucia.,hola hay vacantes para inicial 4 años mi niño se llama lucia,ADMIS_VACANTES
WhatsApp,Hola hay lugares para primer año? Mi niño se llama Lucia.,hola hay lugares para primer año mi niño se llama lucia,ADMIS_VACANTES
WhatsApp,Hola hay vacantes para secundaria? Mi niño se llama Juan.,hola hay vacantes para secundaria mi niño se llama juan,ADMIS_VACANTES
Email,Solicito información de costos y detalles para secundaria. Atte: Pedro.,solicito información de costos y detalles para secundaria atte pedro,ADMIS_COSTOS
Web,<p><b>entrevistas de admision para primer grado. Mi menor es Lucia.</b></p>,entrevistas de admision para primer grado mi menor es lucia,ADMIS_CITAS
Web,requisitos para traslado a 1ero secundaria. Postulante: Luis.,requisitos para traslado a 1ero secundaria postulante luis,ADMIS_REQUIS_DOC
WhatsApp,Hola hay matrículas disponibles para 1ero secundaria? Mi niño se llama Pedro.,hola hay matrículas disponibles para 1ero secundaria mi niño se llama pedro,ADMIS_VACANTES
Web,documentación para traslado a inicial 3 años. Postulante: Gabriel.,documentación para traslado a inicial 3 años postulante gabriel,ADMIS_REQUIS_DOC
Email,<p><b>Solicito información de pagos y detalles para inicial 4 años. Atte: Thiago.</b></p>,solicito información de pagos y detalles para inicial 4 años atte thiago,ADMIS_COSTOS
Email,"Estimados, quisiera saber los mensualidad de inicial 3 años para mi hijo Maria.",estimados quisiera saber los mensualidad de inicial 3 años para mi hijo maria,ADMIS_COSTOS
Email,"<p><b>Estimados, quisiera saber los pensiones de primer año para mi hijo Luis.</b></p>",estimados quisiera saber los pensiones de primer año para mi hijo luis,ADMIS_COSTOS
WhatsApp,HOLA HAY ESPACIOS PARA PRIMER GRADO? MI NIÑO SE LLAMA JUAN.,hola hay espacios para primer grado mi niño se llama juan,ADMIS_VACANTES
Web,REUNIÓN DE ADMISION PARA 1ERO PRIMARIA. MI MENOR ES SOFIA.,reunión de admision para 1ero primaria mi menor es sofia,OTROS
Email,<p><b>Solicito información de precios y detalles para inicial 3 años. Atte: Lucia.</b></p>,solicito información de precios y detalles para inicial 3 años atte lucia,ADMIS_COSTOS
Email,Solicito información de cuotas y detalles para 5to secundaria. Atte: Juan.,solicito información de cuotas y detalles para 5to secundaria atte juan,ADMIS_COSTOS
WhatsApp,Hola hay lugares para primer año? Mi niño se llama Ana.,hola hay lugares para primer año mi niño se llama ana,ADMIS_VACANTES
Email,"<p><b>Estimados, quisiera saber los costos de 1ero primaria para mi hijo Mateo.</b></p>",estimados quisiera saber los costos de 1ero primaria para mi hijo mateo,ADMIS_COSTOS
Email,Solicito información de pagos y detalles para 5to secundaria. Atte: Ana.,solicito información de pagos y detalles para 5to secundaria atte ana,ADMIS_COSTOS
Email,"Estimados, quisiera saber los pensiones de primer grado para mi hijo Juan.",estimados quisiera saber los pensiones de primer grado para mi hijo juan,ADMIS_COSTOS
WhatsApp,Hola hay cupos para primer año? Mi niño se llama Valentina.,hola hay cupos para primer año mi niño se llama valentina,ADMIS_VACANTES
WhatsApp,<p><b>Saber si hay vacantes en inicial 4 años para Nicolas. Gracias.</b></p>,saber si hay vacantes en inicial 4 años para nicolas gracias,ADMIS_VACANTES
Email,SOLICITO INFORMACIÓN DE COSTOS Y DETALLES PARA 6TO PRIMARIA. ATTE: LUCIA.,solicito información de costos y detalles para 6to primaria atte lucia,ADMIS_COSTOS
Web,charlas de admision para inicial 3 años. Mi menor es Nicolas.,charlas de admision para inicial 3 años mi menor es nicolas,ADMIS_CITAS
WhatsApp,<p><b>Hola hay cupos para inicial 5 años? Mi niño se llama Gabriel.</b></p>,hola hay cupos para inicial 5 años mi niño se llama gabriel,ADMIS_VACANTES
WhatsApp,Hola hay lugares para 5to secundaria? Mi niño se llama Pedro.,hola hay lugares para 5to secundaria mi niño se llama pedro,ADMIS_VACANTES
Web,<p><b>documentos para traslado a primer año. Postulante: Lucia.</b></p>,documentos para traslado a primer año postulante lucia,ADMIS_REQUIS_DOC
WhatsApp,Saber si hay matrículas disponibles en inicial 4 años para Ana. Gracias.,saber si hay matrículas disponibles en inicial 4 años para ana gracias,ADMIS_VACANTES
Web,charlas de admision para 5to secundaria. Mi menor es Thiago.,charlas de admision para 5to secundaria mi menor es thiago,ADMIS_CITAS
Email,"<p><b>Estimados, quisiera saber los cuotas de inicial 3 años para mi hijo Valentina.</b></p>",estimados quisiera saber los cuotas de inicial 3 años para mi hijo valentina,ADMIS_COSTOS
Web,<p><b>documentación para traslado a inicial 4 años. Postulante: Maria.</b></p>,documentación para traslado a inicial 4 años postulante maria,ADMIS_REQUIS_DOC
WhatsApp,<p><b>Hola hay cupos para inicial 4 años? Mi niño se llama Elena.</b></p>,hola hay cupos para inicial 4 años mi niño se llama elena,ADMIS_VACANTES
WhatsApp,<p><b>Hola hay espacios para secundaria? Mi niño se llama Maria.</b></p>,hola hay espacios para secundaria mi niño se llama maria,ADMIS_VACANTES
WhatsApp,SABER SI HAY LUGARES EN SECUNDARIA PARA LUIS. GRACIAS.,saber si hay lugares en secundaria para luis gracias,ADMIS_VACANTES
WhatsApp,<p><b>Hola hay espacios para primer grado? Mi niño se llama Valentina.</b></p>,hola hay espacios para primer grado mi niño se llama valentina,ADMIS_VACANTES
WhatsApp,HOLA HAY VACANTES PARA 1ERO PRIMARIA? MI NIÑO SE LLAMA LUIS.,hola hay vacantes para 1ero primaria mi niño se llama luis,ADMIS_VACANTES
Web,papeles para traslado a inicial 3 años. Postulante: Luis.,papeles para traslado a inicial 3 años postulante luis,ADMIS_REQUIS_DOC
Web,charlas de admision para inicial 3 años. Mi menor es Maria.,charlas de admision para inicial 3 años mi menor es maria,ADMIS_CITAS
Email,"Estimados, quisiera saber los precios de primer grado para mi hijo Ana.",estimados quisiera saber los precios de primer grado para mi hijo ana,ADMIS_COSTOS
Email,"Estimados, quisiera saber los mensualidad de primer grado para mi hijo Sofia.",estimados quisiera saber los mensualidad de primer grado para mi hijo sofia,ADMIS_COSTOS
WhatsApp,SABER SI HAY CUPOS EN INICIAL 4 AÑOS PARA LUIS. GRACIAS.,saber si hay cupos en inicial 4 años para luis gracias,ADMIS_VACANTES
WhatsApp,Saber si hay matrículas disponibles en primer año para Thiago. Gracias.,saber si hay matrículas disponibles en primer año para thiago gracias,ADMIS_VACANTES
Email,Solicito información de cuotas y detalles para inicial 4 años. Atte: Valentina.,solicito información de cuotas y detalles para inicial 4 años atte valentina,ADMIS_COSTOS
Email,Solicito información de pensiones y detalles para 6to primaria. Atte: Ana.,solicito información de pensiones y detalles para 6to primaria atte ana,ADMIS_COSTOS
Email,Solicito información de pensiones y detalles para primer año. Atte: Sebastian.,solicito información de pensiones y detalles para primer año atte sebastian,ADMIS_COSTOS
Email,"ESTIMADOS, QUISIERA SABER LOS PRECIOS DE INICIAL 4 AÑOS PARA MI HIJO ANA.",estimados quisiera saber los precios de inicial 4 años para mi hijo ana,ADMIS_COSTOS
Email,"<p><b>Estimados, quisiera saber los pagos de primer año para mi hijo Nicolas.</b></p>",estimados quisiera saber los pagos de primer año para mi hijo nicolas,ADMIS_COSTOS
Email,"ESTIMADOS, QUISIERA SABER LOS PAGOS DE INICIAL 4 AÑOS PARA MI HIJO MARIA.",estimados quisiera saber los pagos de inicial 4 años para mi hijo maria,ADMIS_COSTOS
Email,"Estimados, quisiera saber los costos de inicial 3 años para mi hijo Valentina.",estimados quisiera saber los costos de inicial 3 años para mi hijo valentina,ADMIS_COSTOS
Web,<p><b>entrevistas de admision para primer año. Mi menor es Valentina.</b></p>,entrevistas de admision para primer año mi menor es valentina,ADMIS_CITAS
Web,requisitos para traslado a 1ero primaria. Postulante: Lucia.,requisitos para traslado a 1ero primaria postulante lucia,ADMIS_REQUIS_DOC
WhatsApp,Saber si hay lugares en inicial 5 años para Maria. Gracias.,saber si hay lugares en inicial 5 años para maria gracias,ADMIS_VACANTES
WhatsApp,HOLA HAY MATRÍCULAS DISPONIBLES PARA 5TO SECUNDARIA? MI NIÑO SE LLAMA SEBASTIAN.,hola hay matrículas disponibles para 5to secundaria mi niño se llama sebastian,ADMIS_VACANTES
Email,"Estimados, quisiera saber los cuotas de primer grado para mi hijo Gabriel.",estimados quisiera saber los cuotas de primer grado para mi hijo gabriel,ADMIS_COSTOS
WhatsApp,Saber si hay cupos en secundaria para Gabriel. Gracias.,saber si hay cupos en secundaria para gabriel gracias,ADMIS_VACANTES
Email,Solicito información de mensualidad y detalles para primer grado. Atte: Lucia.,solicito información de mensualidad y detalles para primer grado atte lucia,ADMIS_COSTOS
Email,Solicito información de pagos y detalles para 5to secundaria. Atte: Sebastian.,solicito información de pagos y detalles para 5to secundaria atte sebastian,ADMIS_COSTOS
Email,Solicito información de pensiones y detalles para secundaria. Atte: Ana.,solicito información de pensiones y detalles para secundaria atte ana,ADMIS_COSTOS
Web,<p><b>documentación para traslado a 1ero primaria. Postulante: Camila.</b></p>,documentación para traslado a 1ero primaria postulante camila,ADMIS_REQUIS_DOC
WhatsApp,<p><b>Saber si hay espacios en inicial 5 años para Elena. Gracias.</b></p>,saber si hay espacios en inicial 5 años para elena gracias,ADMIS_VACANTES
Email,Solicito información de mensualidad y detalles para primer grado. Atte: Elena.,solicito información de mensualidad y detalles para primer grado atte elena,ADMIS_COSTOS
Web,documentación para traslado a 5to secundaria. Postulante: Nicolas.,documentación para traslado a 5to secundaria postulante nicolas,ADMIS_REQUIS_DOC
WhatsApp,Saber si hay lugares en inicial 3 años para Camila. Gracias.,saber si hay lugares en inicial 3 años para camila gracias,ADMIS_VACANTES
WhatsApp,HOLA HAY VACANTES PARA 1ERO PRIMARIA? MI NIÑO SE LLAMA ELENA.,hola hay vacantes para 1ero primaria mi niño se llama elena,ADMIS_VACANTES
Web,reunión de admision para 1ero secundaria. Mi menor es Elena.,reunión de admision para 1ero secundaria mi menor es elena,OTROS
Email,Solicito información de costos y detalles para 5to secundaria. Atte: Maria.,solicito información de costos y detalles para 5to secundaria atte maria,ADMIS_COSTOS
Web,ENTREVISTAS DE ADMISION PARA INICIAL 4 AÑOS. MI MENOR ES ANA.,entrevistas de admision para inicial 4 años mi menor es ana,ADMIS_CITAS
Web,partidas para traslado a primer año. Postulante: Elena.,partidas para traslado a primer año postulante elena,ADMIS_REQUIS_DOC
Web,requisitos para traslado a inicial 5 años. Postulante: Luis.,requisitos para traslado a inicial 5 años postulante luis,ADMIS_REQUIS_DOC
Email,Solicito información de mensualidad y detalles para 1ero primaria. Atte: Lucia.,solicito información de mensualidad y detalles para 1ero primaria atte lucia,ADMIS_COSTOS
WhatsApp,Hola hay cupos para inicial 4 años? Mi niño se llama Gabriel.,hola hay cupos para inicial 4 años mi niño se llama gabriel,ADMIS_VACANTES
WhatsApp,Saber si hay lugares en 1ero secundaria para Juan. Gracias.,saber si hay lugares en 1ero secundaria para juan gracias,ADMIS_VACANTES
Web,REQUISITOS PARA TRASLADO A PRIMER AÑO. POSTULANTE: NICOLAS.,requisitos para traslado a primer año postulante nicolas,ADMIS_REQUIS_DOC
Email,"ESTIMADOS, QUISIERA SABER LOS MENSUALIDAD DE INICIAL 3 AÑOS PARA MI HIJO VALENTINA.",estimados quisiera saber los mensualidad de inicial 3 años para mi hijo valentina,ADMIS_COSTOS
Web,ENTREVISTAS DE ADMISION PARA 1ERO PRIMARIA. MI MENOR ES LUCIA.,entrevistas de admision para 1ero primaria mi menor es lucia,ADMIS_CITAS
Email,Solicito información de pagos y detalles para inicial 3 años. Atte: Ana.,solicito información de pagos y detalles para inicial 3 años atte ana,ADMIS_COSTOS
Email,Solicito información de costos y detalles para inicial 3 años. Atte: Sebastian.,solicito información de costos y detalles para inicial 3 años atte sebastian,ADMIS_COSTOS
Web,DOCUMENTOS PARA TRASLADO A INICIAL 5 AÑOS. POSTULANTE: PEDRO.,documentos para traslado a inicial 5 años postulante pedro,ADMIS_REQUIS_DOC
WhatsApp,Hola hay vacantes para inicial 3 años? Mi niño se llama Mateo.,hola hay vacantes para inicial 3 años mi niño se llama mateo,ADMIS_VACANTES
Web,papeles para traslado a 1ero secundaria. Postulante: Lucia.,papeles para traslado a 1ero secundaria postulante lucia,ADMIS_REQUIS_DOC
Web,charlas de admision para 6to primaria. Mi menor es Ana.,charlas de admision para 6to primaria mi menor es ana,ADMIS_CITAS
Email,<p><b>Solicito información de precios y detalles para secundaria. Atte: Mateo.</b></p>,solicito información de precios y detalles para secundaria atte mateo,ADMIS_COSTOS
Web,cronograma de admision para 5to secundaria. Mi menor es Juan.,cronograma de admision para 5to secundaria mi menor es juan,ADMIS_CITAS
WhatsApp,Hola hay matrículas disponibles para 6to primaria? Mi niño se llama Juan.,hola hay matrículas disponibles para 6to primaria mi niño se llama juan,ADMIS_VACANTES
WhatsApp,Saber si hay espacios en 6to primaria para Thiago. Gracias.,saber si hay espacios en 6to primaria para thiago gracias,ADMIS_VACANTES
WhatsApp,Saber si hay vacantes en primer grado para Gabriel. Gracias.,saber si hay vacantes en primer grado para gabriel gracias,ADMIS_VACANTES
WhatsApp,Hola hay vacantes para inicial 4 años? Mi niño se llama Ana.,hola hay vacantes para inicial 4 años mi niño se llama ana,ADMIS_VACANTES
WhatsApp,<p><b>Saber si hay matrículas disponibles en 5to secundaria para Juan. Gracias.</b></p>,saber si hay matrículas disponibles en 5to secundaria para juan gracias,ADMIS_VACANTES
Web,citas de admision para inicial 5 años. Mi menor es Camila.,citas de admision para inicial 5 años mi menor es camila,ADMIS_CITAS
Web,<p><b>documentos para traslado a 1ero primaria. Postulante: Gabriel.</b></p>,documentos para traslado a 1ero primaria postulante gabriel,ADMIS_REQUIS_DOC
Email,"Estimados, quisiera saber los pagos de inicial 3 años para mi hijo Mateo.",estimados quisiera saber los pagos de inicial 3 años para mi hijo mateo,ADMIS_COSTOS
Email,Solicito información de cuotas y detalles para 1ero primaria. Atte: Mateo.,solicito información de cuotas y detalles para 1ero primaria atte mateo,ADMIS_COSTOS
WhatsApp,<p><b>Saber si hay lugares en inicial 5 años para Nicolas. Gracias.</b></p>,saber si hay lugares en inicial 5 años para nicolas gracias,ADMIS_VACANTES
Email,Solicito información de cuotas y detalles para inicial 4 años. Atte: Pedro.,solicito información de cuotas y detalles para inicial 4 años atte pedro,ADMIS_COSTOS
Email,Solicito información de cuotas y detalles para 6to primaria. Atte: Mateo.,solicito información de cuotas y detalles para 6to primaria atte mateo,ADMIS_COSTOS
Web,documentación para traslado a inicial 5 años. Postulante: Lucia.,documentación para traslado a inicial 5 años postulante lucia,ADMIS_REQUIS_DOC
Email,"ESTIMADOS, QUISIERA SABER LOS PENSIONES DE 1ERO SECUNDARIA PARA MI HIJO THIAGO.",estimados quisiera saber los pensiones de 1ero secundaria para mi hijo thiago,ADMIS_COSTOS
Web,<p><b>partidas para traslado a 5to secundaria. Postulante: Pedro.</b></p>,partidas para traslado a 5to secundaria postulante pedro,ADMIS_REQUIS_DOC
WhatsApp,Hola hay cupos para secundaria? Mi niño se llama Luis.,hola hay cupos para secundaria mi niño se llama luis,ADMIS_VACANTES
Web,documentación para traslado a 1ero secundaria. Postulante: Sofia.,documentación para traslado a 1ero secundaria postulante sofia,ADMIS_REQUIS_DOC
Email,"Estimados, quisiera saber los pensiones de inicial 3 años para mi hijo Thiago.",estimados quisiera saber los pensiones de inicial 3 años para mi hijo thiago,ADMIS_COSTOS
Web,papeles para traslado a 1ero secundaria. Postulante: Mateo.,papeles para traslado a 1ero secundaria postulante mateo,ADMIS_REQUIS_DOC
WhatsApp,Hola hay espacios para 5to secundaria? Mi niño se llama Sofia.,hola hay espacios para 5to secundaria mi niño se llama sofia,ADMIS_VACANTES
Web,DOCUMENTACIÓN PARA TRASLADO A 1ERO PRIMARIA. POSTULANTE: LUCIA.,documentación para traslado a 1ero primaria postulante lucia,ADMIS_REQUIS_DOC
WhatsApp,<p><b>Hola hay lugares para primer grado? Mi niño se llama Ana.</b></p>,hola hay lugares para primer grado mi niño se llama ana,ADMIS_VACANTES
Web,REUNIÓN DE ADMISION PARA 6TO PRIMARIA. MI MENOR ES ELENA.,reunión de admision para 6to primaria mi menor es elena,OTROS
WhatsApp,Hola hay matrículas disponibles para primer grado? Mi niño se llama Sofia.,hola hay matrículas disponibles para primer grado mi niño se llama sofia,ADMIS_VACANTES
Web,documentos para traslado a 6to primaria. Postulante: Luis.,documentos para traslado a 6to primaria postulante luis,ADMIS_REQUIS_DOC
Web,citas de admision para 1ero primaria. Mi menor es Valentina.,citas de admision para 1ero primaria mi menor es valentina,ADMIS_CITAS
Email,Solicito información de pagos y detalles para 5to secundaria. Atte: Thiago.,solicito información de pagos y detalles para 5to secundaria atte thiago,ADMIS_COSTOS
Email,"Estimados, quisiera saber los costos de 5to secundaria para mi hijo Ana.",estimados quisiera saber los costos de 5to secundaria para mi hijo ana,ADMIS_COSTOS
WhatsApp,HOLA HAY VACANTES PARA PRIMER AÑO? MI NIÑO SE LLAMA PEDRO.,hola hay vacantes para primer año mi niño se llama pedro,ADMIS_VACANTES
WhatsApp,SABER SI HAY ESPACIOS EN 5TO SECUNDARIA PARA SEBASTIAN. GRACIAS.,saber si hay espacios en 5to secundaria para sebastian gracias,ADMIS_VACANTES
Web,<p><b>documentos para traslado a 6to primaria. Postulante: Camila.</b></p>,documentos para traslado a 6to primaria postulante camila,ADMIS_REQUIS_DOC
WhatsApp,Hola hay matrículas disponibles para inicial 4 años? Mi niño se llama Sebastian.,hola hay matrículas disponibles para inicial 4 años mi niño se llama sebastian,ADMIS_VACANTES
Web,documentación para traslado a 1ero primaria. Postulante: Juan.,documentación para traslado a 1ero primaria postulante juan,ADMIS_REQUIS_DOC
WhatsApp,Saber si hay lugares en inicial 4 años para Gabriel. Gracias.,saber si hay lugares en inicial 4 años para gabriel gracias,ADMIS_VACANTES
Email,Solicito información de costos y detalles para 1ero primaria. Atte: Lucia.,solicito información de costos y detalles para 1ero primaria atte lucia,ADMIS_COSTOS
WhatsApp,Saber si hay vacantes en 1ero primaria para Thiago. Gracias.,saber si hay vacantes en 1ero primaria para thiago gracias,ADMIS_VACANTES
Web,<p><b>entrevistas de admision para primer grado. Mi menor es Thiago.</b></p>,entrevistas de admision para primer grado mi menor es thiago,ADMIS_CITAS
Email,Solicito información de costos y detalles para primer grado. Atte: Sofia.,solicito información de costos y detalles para primer grado atte sofia,ADMIS_COSTOS
Web,<p><b>requisitos para traslado a inicial 3 años. Postulante: Luis.</b></p>,requisitos para traslado a inicial 3 años postulante luis,ADMIS_REQUIS_DOC
WhatsApp,Saber si hay cupos en 5to secundaria para Valentina. Gracias.,saber si hay cupos en 5to secundaria para valentina gracias,ADMIS_VACANTES
WhatsApp,<p><b>Saber si hay matrículas disponibles en inicial 5 años para Ana. Gracias.</b></p>,saber si hay matrículas disponibles en inicial 5 años para ana gracias,ADMIS_VACANTES
Web,charlas de admision para inicial 5 años. Mi menor es Camila.,charlas de admision para inicial 5 años mi menor es camila,ADMIS_CITAS
Email,Solicito información de mensualidad y detalles para 5to secundaria. Atte: Lucia.,solicito información de mensualidad y detalles para 5to secundaria atte lucia,ADMIS_COSTOS
Email,"Estimados, quisiera saber los mensualidad de inicial 4 años para mi hijo Camila.",estimados quisiera saber los mensualidad de inicial 4 años para mi hijo camila,ADMIS_COSTOS
Email,Solicito información de mensualidad y detalles para primer grado. Atte: Gabriel.,solicito información de mensualidad y detalles para primer grado atte gabriel,ADMIS_COSTOS
Email,"Estimados, quisiera saber los precios de secundaria para mi hijo Camila.",estimados quisiera saber los precios de secundaria para mi hijo camila,ADMIS_COSTOS
Web,<p><b>partidas para traslado a 1ero primaria. Postulante: Juan.</b></p>,partidas para traslado a 1ero primaria postulante juan,ADMIS_REQUIS_DOC
Web,documentación para traslado a 6to primaria. Postulante: Juan.,documentación para traslado a 6to primaria postulante juan,ADMIS_REQUIS_DOC
Web,requisitos para traslado a 5to secundaria. Postulante: Juan.,requisitos para traslado a 5to secundaria postulante juan,ADMIS_REQUIS_DOC
WhatsApp,Hola hay cupos para primer año? Mi niño se llama Camila.,hola hay cupos para primer año mi niño se llama camila,ADMIS_VACANTES
WhatsApp,HOLA HAY VACANTES PARA 6TO PRIMARIA? MI NIÑO SE LLAMA SEBASTIAN.,hola hay vacantes para 6to primaria mi niño se llama sebastian,ADMIS_VACANTES
Email,<p><b>Solicito información de pagos y detalles para 1ero secundaria. Atte: Valentina.</b></p>,solicito información de pagos y detalles para 1ero secundaria atte valentina,ADMIS_COSTOS
Web,<p><b>requisitos para traslado a primer grado. Postulante: Pedro.</b></p>,requisitos para traslado a primer grado postulante pedro,ADMIS_REQUIS_DOC
Email,Solicito información de pagos y detalles para primer grado. Atte: Pedro.,solicito información de pagos y detalles para primer grado atte pedro,ADMIS_COSTOS
Web,<p><b>papeles para traslado a 1ero primaria. Postulante: Lucia.</b></p>,papeles para traslado a 1ero primaria postulante lucia,ADMIS_REQUIS_DOC
WhatsApp,SABER SI HAY ESPACIOS EN PRIMER GRADO PARA SOFIA. GRACIAS.,saber si hay espacios en primer grado para sofia gracias,ADMIS_VACANTES
WhatsApp,SABER SI HAY CUPOS EN INICIAL 5 AÑOS PARA GABRIEL. GRACIAS.,saber si hay cupos en inicial 5 años para gabriel gracias,ADMIS_VACANTES
WhatsApp,Saber si hay vacantes en 1ero secundaria para Luis. Gracias.,saber si hay vacantes en 1ero secundaria para luis gracias,ADMIS_VACANTES
WhatsApp,SABER SI HAY VACANTES EN INICIAL 5 AÑOS PARA MATEO. GRACIAS.,saber si hay vacantes en inicial 5 años para mateo gracias,ADMIS_VACANTES
Email,"<p><b>Estimados, quisiera saber los cuotas de inicial 5 años para mi hijo Valentina.</b></p>",estimados quisiera saber los cuotas de inicial 5 años para mi hijo valentina,ADMIS_COSTOS
Web,charlas de admision para inicial 3 años. Mi menor es Gabriel.,charlas de admision para inicial 3 años mi menor es gabriel,ADMIS_CITAS
Web,DOCUMENTOS PARA TRASLADO A 1ERO SECUNDARIA. POSTULANTE: GABRIEL.,documentos para traslado a 1ero secundaria postulante gabriel,ADMIS_REQUIS_DOC
Email,Solicito información de pagos y detalles para 1ero secundaria. Atte: Luis.,solicito información de pagos y detalles para 1ero secundaria atte luis,ADMIS_COSTOS
Web,<p><b>reunión de admision para primer año. Mi menor es Elena.</b></p>,reunión de admision para primer año mi menor es elena,OTROS
WhatsApp,Saber si hay cupos en inicial 4 años para Sofia. Gracias.,saber si hay cupos en inicial 4 años para sofia gracias,ADMIS_VACANTES
WhatsApp,Saber si hay vacantes en 1ero primaria para Mateo. Gracias.,saber si hay vacantes en 1ero primaria para mateo gracias,ADMIS_VACANTES
WhatsApp,Saber si hay matrículas disponibles en inicial 5 años para Luis. Gracias.,saber si hay matrículas disponibles en inicial 5 años para luis gracias,ADMIS_VACANTES
Web,cronograma de admision para 1ero primaria. Mi menor es Lucia.,cronograma de admision para 1ero primaria mi menor es lucia,ADMIS_CITAS
WhatsApp,Hola hay vacantes para inicial 5 años? Mi niño se llama Sebastian.,hola hay vacantes para inicial 5 años mi niño se llama sebastian,ADMIS_VACANTES
Email,<p><b>Solicito información de costos y detalles para 6to primaria. Atte: Thiago.</b></p>,solicito información de costos y detalles para 6to primaria atte thiago,ADMIS_COSTOS
Web,documentación para traslado a inicial 4 años. Postulante: Elena.,documentación para traslado a inicial 4 años postulante elena,ADMIS_REQUIS_DOC
Email,"Estimados, quisiera saber los cuotas de primer grado para mi hijo Valentina.",estimados quisiera saber los cuotas de primer grado para mi hijo valentina,ADMIS_COSTOS
WhatsApp,<p><b>Hola hay lugares para inicial 4 años? Mi niño se llama Lucia.</b></p>,hola hay lugares para inicial 4 años mi niño se llama lucia,ADMIS_VACANTES
WhatsApp,Saber si hay cupos en 1ero primaria para Elena. Gracias.,saber si hay cupos en 1ero primaria para elena gracias,ADMIS_VACANTES
Web,REUNIÓN DE ADMISION PARA 6TO PRIMARIA. MI MENOR ES SEBASTIAN.,reunión de admision para 6to primaria mi menor es sebastian,OTROS
Email,Solicito información de precios y detalles para 1ero secundaria. Atte: Mateo.,solicito información de precios y detalles para 1ero secundaria atte mateo,ADMIS_COSTOS
Email,SOLICITO INFORMACIÓN DE PENSIONES Y DETALLES PARA INICIAL 3 AÑOS. ATTE: SOFIA.,solicito información de pensiones y detalles para inicial 3 años atte sofia,ADMIS_COSTOS
Email,"<p><b>Estimados, quisiera saber los costos de inicial 3 años para mi hijo Luis.</b></p>",estimados quisiera saber los costos de inicial 3 años para mi hijo luis,ADMIS_COSTOS
Web,reunión de admision para 1ero primaria. Mi menor es Pedro.,reunión de admision para 1ero primaria mi menor es pedro,OTROS
Web,<p><b>citas de admision para inicial 5 años. Mi menor es Maria.</b></p>,citas de admision para inicial 5 años mi menor es maria,ADMIS_CITAS
Email,Solicito información de mensualidad y detalles para inicial 3 años. Atte: Maria.,solicito información de mensualidad y detalles para inicial 3 años atte maria,ADMIS_COSTOS
WhatsApp,SABER SI HAY CUPOS EN 6TO PRIMARIA PARA JUAN. GRACIAS.,saber si hay cupos en 6to primaria para juan gracias,ADMIS_VACANTES
Web,citas de admision para 5to secundaria. Mi menor es Elena.,citas de admision para 5to secundaria mi menor es elena,ADMIS_CITAS
WhatsApp,Hola hay matrículas disponibles para inicial 5 años? Mi niño se llama Lucia.,hola hay matrículas disponibles para inicial 5 años mi niño se llama lucia,ADMIS_VACANTES
Web,citas de admision para 6to primaria. Mi menor es Mateo.,citas de admision para 6to primaria mi menor es mateo,ADMIS_CITAS
Web,requisitos para traslado a primer año. Postulante: Elena.,requisitos para traslado a primer año postulante elena,ADMIS_REQUIS_DOC
WhatsApp,Saber si hay cupos en inicial 5 años para Thiago. Gracias.,saber si hay cupos en inicial 5 años para thiago gracias,ADMIS_VACANTES
Web,partidas para traslado a inicial 4 años. Postulante: Mateo.,partidas para traslado a inicial 4 años postulante mateo,ADMIS_REQUIS_DOC
Web,documentos para traslado a inicial 4 años. Postulante: Luis.,documentos para traslado a inicial 4 años postulante luis,ADMIS_REQUIS_DOC
WhatsApp,<p><b>Hola hay espacios para secundaria? Mi niño se llama Sebastian.</b></p>,hola hay espacios para secundaria mi niño se llama sebastian,ADMIS_VACANTES
Email,Solicito información de cuotas y detalles para primer grado. Atte: Camila.,solicito información de cuotas y detalles para primer grado atte camila,ADMIS_COSTOS
Web,documentos para traslado a 6to primaria. Postulante: Pedro.,documentos para traslado a 6to primaria postulante pedro,ADMIS_REQUIS_DOC
Email,Solicito información de mensualidad y detalles para inicial 5 años. Atte: Juan.,solicito información de mensualidad y detalles para inicial 5 años atte juan,ADMIS_COSTOS
WhatsApp,Saber si hay lugares en inicial 3 años para Elena. Gracias.,saber si hay lugares en inicial 3 años para elena gracias,ADMIS_VACANTES
WhatsApp,<p><b>Saber si hay cupos en 1ero primaria para Gabriel. Gracias.</b></p>,saber si hay cupos en 1ero primaria para gabriel gracias,ADMIS_VACANTES
Web,papeles para traslado a secundaria. Postulante: Elena.,papeles para traslado a secundaria postulante elena,ADMIS_REQUIS_DOC
Email,"<p><b>Estimados, quisiera saber los pagos de inicial 4 años para mi hijo Valentina.</b></p>",estimados quisiera saber los pagos de inicial 4 años para mi hijo valentina,ADMIS_COSTOS
Web,<p><b>documentos para traslado a 1ero primaria. Postulante: Maria.</b></p>,documentos para traslado a 1ero primaria postulante maria,ADMIS_REQUIS_DOC
Email,<p><b>Solicito información de precios y detalles para primer grado. Atte: Sofia.</b></p>,solicito información de precios y detalles para primer grado atte sofia,ADMIS_COSTOS
Email,SOLICITO INFORMACIÓN DE COSTOS Y DETALLES PARA INICIAL 4 AÑOS. ATTE: PEDRO.,solicito información de costos y detalles para inicial 4 años atte pedro,ADMIS_COSTOS
WhatsApp,Saber si hay vacantes en inicial 3 años para Ana. Gracias.,saber si hay vacantes en inicial 3 años para ana gracias,ADMIS_VACANTES
Web,entrevistas de admision para 1ero primaria. Mi menor es Sebastian.,entrevistas de admision para 1ero primaria mi menor es sebastian,ADMIS_CITAS
Web,<p><b>documentos para traslado a 6to primaria. Postulante: Gabriel.</b></p>,documentos para traslado a 6to primaria postulante gabriel,ADMIS_REQUIS_DOC
Email,<p><b>Solicito información de mensualidad y detalles para inicial 4 años. Atte: Lucia.</b></p>,solicito información de mensualidad y detalles para inicial 4 años atte lucia,ADMIS_COSTOS
WhatsApp,Saber si hay cupos en primer grado para Camila. Gracias.,saber si hay cupos en primer grado para camila gracias,ADMIS_VACANTES
WhatsApp,Hola hay cupos para inicial 3 años? Mi niño se llama Gabriel.,hola hay cupos para inicial 3 años mi niño se llama gabriel,ADMIS_VACANTES
Web,requisitos para traslado a 5to secundaria. Postulante: Sofia.,requisitos para traslado a 5to secundaria postulante sofia,ADMIS_REQUIS_DOC
Web,partidas para traslado a secundaria. Postulante: Thiago.,partidas para traslado a secundaria postulante thiago,ADMIS_REQUIS_DOC
Web,partidas para traslado a inicial 5 años. Postulante: Elena.,partidas para traslado a inicial 5 años postulante elena,ADMIS_REQUIS_DOC
Email,<p><b>Solicito información de pagos y detalles para 5to secundaria. Atte: Nicolas.</b></p>,solicito información de pagos y detalles para 5to secundaria atte nicolas,ADMIS_COSTOS
WhatsApp,Hola hay cupos para 1ero primaria? Mi niño se llama Gabriel.,hola hay cupos para 1ero primaria mi niño se llama gabriel,ADMIS_VACANTES
Email,"Estimados, quisiera saber los pagos de 6to primaria para mi hijo Thiago.",estimados quisiera saber los pagos de 6to primaria para mi hijo thiago,ADMIS_COSTOS
WhatsApp,Saber si hay lugares en 5to secundaria para Camila. Gracias.,saber si hay lugares en 5to secundaria para camila gracias,ADMIS_VACANTES
WhatsApp,<p><b>Saber si hay vacantes en 5to secundaria para Luis. Gracias.</b></p>,saber si hay vacantes en 5to secundaria para luis gracias,ADMIS_VACANTES
Email,Solicito información de pagos y detalles para 1ero secundaria. Atte: Gabriel.,solicito información de pagos y detalles para 1ero secundaria atte gabriel,ADMIS_COSTOS
Email,"<p><b>Estimados, quisiera saber los cuotas de inicial 5 años para mi hijo Juan.</b></p>",estimados quisiera saber los cuotas de inicial 5 años para mi hijo juan,ADMIS_COSTOS
Email,Solicito información de cuotas y detalles para inicial 4 años. Atte: Sebastian.,solicito información de cuotas y detalles para inicial 4 años atte sebastian,ADMIS_COSTOS
WhatsApp,Saber si hay matrículas disponibles en inicial 3 años para Maria. Gracias.,saber si hay matrículas disponibles en inicial 3 años para maria gracias,ADMIS_VACANTES
WhatsApp,<p><b>Saber si hay espacios en 6to primaria para Camila. Gracias.</b></p>,saber si hay espacios en 6to primaria para camila gracias,ADMIS_VACANTES
WhatsApp,SABER SI HAY LUGARES EN 1ERO PRIMARIA PARA LUCIA. GRACIAS.,saber si hay lugares en 1ero primaria para lucia gracias,ADMIS_VACANTES
Web,<p><b>requisitos para traslado a 5to secundaria. Postulante: Camila.</b></p>,requisitos para traslado a 5to secundaria postulante camila,ADMIS_REQUIS_DOC
WhatsApp,HOLA HAY MATRÍCULAS DISPONIBLES PARA 1ERO SECUNDARIA? MI NIÑO SE LLAMA GABRIEL.,hola hay matrículas disponibles para 1ero secundaria mi niño se llama gabriel,ADMIS_VACANTES
Email,"ESTIMADOS, QUISIERA SABER LOS MENSUALIDAD DE 1ERO PRIMARIA PARA MI HIJO LUCIA.",estimados quisiera saber los mensualidad de 1ero primaria para mi hijo lucia,ADMIS_COSTOS
Web,cronograma de admision para 5to secundaria. Mi menor es Elena.,cronograma de admision para 5to secundaria mi menor es elena,ADMIS_CITAS
Web,entrevistas de admision para 5to secundaria. Mi menor es Mateo.,entrevistas de admision para 5to secundaria mi menor es mateo,ADMIS_CITAS
Email,<p><b>Solicito información de pagos y detalles para 6to primaria. Atte: Luis.</b></p>,solicito información de pagos y detalles para 6to primaria atte luis,ADMIS_COSTOS
Email,"<p><b>Estimados, quisiera saber los pagos de primer año para mi hijo Juan.</b></p>",estimados quisiera saber los pagos de primer año para mi hijo juan,ADMIS_COSTOS
Web,CHARLAS DE ADMISION PARA PRIMER GRADO. MI MENOR ES MATEO.,charlas de admision para primer grado mi menor es mateo,ADMIS_CITAS
Email,<p><b>Solicito información de cuotas y detalles para inicial 3 años. Atte: Camila.</b></p>,solicito información de cuotas y detalles para inicial 3 años atte camila,ADMIS_COSTOS
Web,entrevistas de admision para primer año. Mi menor es Sebastian.,entrevistas de admision para primer año mi menor es sebastian,ADMIS_CITAS
Email,"Estimados, quisiera saber los mensualidad de 1ero primaria para mi hijo Sofia.",estimados quisiera saber los mensualidad de 1ero primaria para mi hijo sofia,ADMIS_COSTOS
Email,"Estimados, quisiera saber los pensiones de 1ero primaria para mi hijo Mateo.",estimados quisiera saber los pensiones de 1ero primaria para mi hijo mateo,ADMIS_COSTOS
Web,papeles para traslado a 6to primaria. Postulante: Maria.,papeles para traslado a 6to primaria postulante maria,ADMIS_REQUIS_DOC
WhatsApp,Saber si hay cupos en inicial 4 años para Mateo. Gracias.,saber si hay cupos en inicial 4 años para mateo gracias,ADMIS_VACANTES
WhatsApp,Hola hay vacantes para inicial 5 años? Mi niño se llama Sofia.,hola hay vacantes para inicial 5 años mi niño se llama sofia,ADMIS_VACANTES
Web,citas de admision para 1ero secundaria. Mi menor es Valentina.,citas de admision para 1ero secundaria mi menor es valentina,ADMIS_CITAS
Email,Solicito información de mensualidad y detalles para inicial 4 años. Atte: Sebastian.,solicito información de mensualidad y detalles para inicial 4 años atte sebastian,ADMIS_COSTOS
Email,"Estimados, quisiera saber los cuotas de secundaria para mi hijo Thiago.",estimados quisiera saber los cuotas de secundaria para mi hijo thiago,ADMIS_COSTOS
WhatsApp,Hola hay matrículas disponibles para 1ero primaria? Mi niño se llama Elena.,hola hay matrículas disponibles para 1ero primaria mi niño se llama elena,ADMIS_VACANTES
Web,documentación para traslado a 5to secundaria. Postulante: Camila.,documentación para traslado a 5to secundaria postulante camila,ADMIS_REQUIS_DOC
Web,partidas para traslado a 5to secundaria. Postulante: Ana.,partidas para traslado a 5to secundaria postulante ana,ADMIS_REQUIS_DOC
WhatsApp,Saber si hay vacantes en 1ero secundaria para Elena. Gracias.,saber si hay vacantes en 1ero secundaria para elena gracias,ADMIS_VACANTES
Web,<p><b>cronograma de admision para inicial 3 años. Mi menor es Gabriel.</b></p>,cronograma de admision para inicial 3 años mi menor es gabriel,ADMIS_CITAS
WhatsApp,Hola hay matrículas disponibles para 1ero primaria? Mi niño se llama Pedro.,hola hay matrículas disponibles para 1ero primaria mi niño se llama pedro,ADMIS_VACANTES
Email,"<p><b>Estimados, quisiera saber los mensualidad de 6to primaria para mi hijo Elena.</b></p>",estimados quisiera saber los mensualidad de 6to primaria para mi hijo elena,ADMIS_COSTOS
WhatsApp,<p><b>Saber si hay lugares en 1ero primaria para Camila. Gracias.</b></p>,saber si hay lugares en 1ero primaria para camila gracias,ADMIS_VACANTES
Web,documentación para traslado a inicial 4 años. Postulante: Lucia.,documentación para traslado a inicial 4 años postulante lucia,ADMIS_REQUIS_DOC
WhatsApp,Hola hay matrículas disponibles para primer grado? Mi niño se llama Valentina.,hola hay matrículas disponibles para primer grado mi niño se llama valentina,ADMIS_VACANTES
Web,cronograma de admision para primer año. Mi menor es Thiago.,cronograma de admision para primer año mi menor es thiago,ADMIS_CITAS
WhatsApp,Saber si hay lugares en 5to secundaria para Mateo. Gracias.,saber si hay lugares en 5to secundaria para mateo gracias,ADMIS_VACANTES
WhatsApp,Saber si hay cupos en 5to secundaria para Camila. Gracias.,saber si hay cupos en 5to secundaria para camila gracias,ADMIS_VACANTES
Web,<p><b>papeles para traslado a secundaria. Postulante: Ana.</b></p>,papeles para traslado a secundaria postulante ana,ADMIS_REQUIS_DOC
Email,"Estimados, quisiera saber los pagos de inicial 4 años para mi hijo Thiago.",estimados quisiera saber los pagos de inicial 4 años para mi hijo thiago,ADMIS_COSTOS
WhatsApp,SABER SI HAY CUPOS EN 1ERO SECUNDARIA PARA NICOLAS. GRACIAS.,saber si hay cupos en 1ero secundaria para nicolas gracias,ADMIS_VACANTES
Web,citas de admision para 1ero primaria. Mi menor es Juan.,citas de admision para 1ero primaria mi menor es juan,ADMIS_CITAS
Email,"Estimados, quisiera saber los precios de 6to primaria para mi hijo Ana.",estimados quisiera saber los precios de 6to primaria para mi hijo ana,ADMIS_COSTOS
WhatsApp,<p><b>Saber si hay lugares en inicial 5 años para Camila. Gracias.</b></p>,saber si hay lugares en inicial 5 años para camila gracias,ADMIS_VACANTES
WhatsApp,Saber si hay espacios en 1ero primaria para Valentina. Gracias.,saber si hay espacios en 1ero primaria para valentina gracias,ADMIS_VACANTES
Email,SOLICITO INFORMACIÓN DE PAGOS Y DETALLES PARA INICIAL 4 AÑOS. ATTE: CAMILA.,solicito información de pagos y detalles para inicial 4 años atte camila,ADMIS_COSTOS
Web,reunión de admision para secundaria. Mi menor es Gabriel.,reunión de admision para secundaria mi menor es gabriel,OTROS
Web,citas de admision para primer grado. Mi menor es Mateo.,citas de admision para primer grado mi menor es mateo,ADMIS_CITAS
WhatsApp,Saber si hay vacantes en inicial 4 años para Sofia. Gracias.,saber si hay vacantes en inicial 4 años para sofia gracias,ADMIS_VACANTES
Web,entrevistas de admision para inicial 5 años. Mi menor es Thiago.,entrevistas de admision para inicial 5 años mi menor es thiago,ADMIS_CITAS
Web,cronograma de admision para primer año. Mi menor es Luis.,cronograma de admision para primer año mi menor es luis,ADMIS_CITAS
WhatsApp,Saber si hay lugares en inicial 4 años para Lucia. Gracias.,saber si hay lugares en inicial 4 años para lucia gracias,ADMIS_VACANTES
Email,Solicito información de cuotas y detalles para inicial 4 años. Atte: Nicolas.,solicito información de cuotas y detalles para inicial 4 años atte nicolas,ADMIS_COSTOS
Email,"Estimados, quisiera saber los costos de secundaria para mi hijo Maria.",estimados quisiera saber los costos de secundaria para mi hijo maria,ADMIS_COSTOS
Web,entrevistas de admision para 1ero primaria. Mi menor es Pedro.,entrevistas de admision para 1ero primaria mi menor es pedro,ADMIS_CITAS
Email,"Estimados, quisiera saber los pagos de secundaria para mi hijo Mateo.",estimados quisiera saber los pagos de secundaria para mi hijo mateo,ADMIS_COSTOS
Web,papeles para traslado a inicial 4 años. Postulante: Valentina.,papeles para traslado a inicial 4 años postulante valentina,ADMIS_REQUIS_DOC
WhatsApp,Hola hay cupos para 1ero primaria? Mi niño se llama Camila.,hola hay cupos para 1ero primaria mi niño se llama camila,ADMIS_VACANTES
Email,SOLICITO INFORMACIÓN DE PENSIONES Y DETALLES PARA INICIAL 4 AÑOS. ATTE: GABRIEL.,solicito información de pensiones y detalles para inicial 4 años atte gabriel,ADMIS_COSTOS
WhatsApp,Saber si hay lugares en 6to primaria para Ana. Gracias.,saber si hay lugares en 6to primaria para ana gracias,ADMIS_VACANTES
WhatsApp,HOLA HAY VACANTES PARA PRIMER AÑO? MI NIÑO SE LLAMA LUCIA.,hola hay vacantes para primer año mi niño se llama lucia,ADMIS_VACANTES
Web,papeles para traslado a 1ero secundaria. Postulante: Pedro.,papeles para traslado a 1ero secundaria postulante pedro,ADMIS_REQUIS_DOC
Web,entrevistas de admision para 1ero primaria. Mi menor es Nicolas.,entrevistas de admision para 1ero primaria mi menor es nicolas,ADMIS_CITAS
Web,CITAS DE ADMISION PARA PRIMER GRADO. MI MENOR ES LUIS.,citas de admision para primer grado mi menor es luis,ADMIS_CITAS
Web,partidas para traslado a primer grado. Postulante: Mateo.,partidas para traslado a primer grado postulante mateo,ADMIS_REQUIS_DOC
Email,"<p><b>Estimados, quisiera saber los pagos de secundaria para mi hijo Juan.</b></p>",estimados quisiera saber los pagos de secundaria para mi hijo juan,ADMIS_COSTOS
Web,entrevistas de admision para primer año. Mi menor es Maria.,entrevistas de admision para primer año mi menor es maria,ADMIS_CITAS
WhatsApp,Hola hay matrículas disponibles para inicial 5 años? Mi niño se llama Valentina.,hola hay matrículas disponibles para inicial 5 años mi niño se llama valentina,ADMIS_VACANTES
Web,DOCUMENTOS PARA TRASLADO A SECUNDARIA. POSTULANTE: SOFIA.,documentos para traslado a secundaria postulante sofia,ADMIS_REQUIS_DOC
WhatsApp,Saber si hay espacios en secundaria para Maria. Gracias.,saber si hay espacios en secundaria para maria gracias,ADMIS_VACANTES
WhatsApp,Saber si hay vacantes en inicial 3 años para Elena. Gracias.,saber si hay vacantes en inicial 3 años para elena gracias,ADMIS_VACANTES
Email,<p><b>Solicito información de cuotas y detalles para inicial 4 años. Atte: Ana.</b></p>,solicito información de cuotas y detalles para inicial 4 años atte ana,ADMIS_COSTOS
WhatsApp,Hola hay matrículas disponibles para 6to primaria? Mi niño se llama Nicolas.,hola hay matrículas disponibles para 6to primaria mi niño se llama nicolas,ADMIS_VACANTES
Email,<p><b>Solicito información de pensiones y detalles para primer grado. Atte: Juan.</b></p>,solicito información de pensiones y detalles para primer grado atte juan,ADMIS_COSTOS
Email,SOLICITO INFORMACIÓN DE MENSUALIDAD Y DETALLES PARA SECUNDARIA. ATTE: MATEO.,solicito información de mensualidad y detalles para secundaria atte mateo,ADMIS_COSTOS
WhatsApp,Saber si hay matrículas disponibles en primer grado para Gabriel. Gracias.,saber si hay matrículas disponibles en primer grado para gabriel gracias,ADMIS_VACANTES
WhatsApp,Hola hay matrículas disponibles para 1ero primaria? Mi niño se llama Nicolas.,hola hay matrículas disponibles para 1ero primaria mi niño se llama nicolas,ADMIS_VACANTES
WhatsApp,Hola hay cupos para inicial 5 años? Mi niño se llama Camila.,hola hay cupos para inicial 5 años mi niño se llama camila,ADMIS_VACANTES
WhatsApp,HOLA HAY VACANTES PARA PRIMER GRADO? MI NIÑO SE LLAMA VALENTINA.,hola hay vacantes para primer grado mi niño se llama valentina,ADMIS_VACANTES
Web,<p><b>documentos para traslado a 1ero primaria. Postulante: Sofia.</b></p>,documentos para traslado a 1ero primaria postulante sofia,ADMIS_REQUIS_DOC
Web,documentos para traslado a 1ero secundaria. Postulante: Nicolas.,documentos para traslado a 1ero secundaria postulante nicolas,ADMIS_REQUIS_DOC
Email,"Estimados, quisiera saber los cuotas de 1ero primaria para mi hijo Camila.",estimados quisiera saber los cuotas de 1ero primaria para mi hijo camila,ADMIS_COSTOS
Email,Solicito información de costos y detalles para 1ero primaria. Atte: Juan.,solicito información de costos y detalles para 1ero primaria atte juan,ADMIS_COSTOS
WhatsApp,<p><b>Hola hay lugares para inicial 5 años? Mi niño se llama Ana.</b></p>,hola hay lugares para inicial 5 años mi niño se llama ana,ADMIS_VACANTES
Email,Solicito información de pensiones y detalles para 1ero primaria. Atte: Nicolas.,solicito información de pensiones y detalles para 1ero primaria atte nicolas,ADMIS_COSTOS
WhatsApp,Saber si hay vacantes en 5to secundaria para Juan. Gracias.,saber si hay vacantes en 5to secundaria para juan gracias,ADMIS_VACANTES
Web,citas de admision para 1ero primaria. Mi menor es Gabriel.,citas de admision para 1ero primaria mi menor es gabriel,ADMIS_CITAS
WhatsApp,Saber si hay cupos en secundaria para Camila. Gracias.,saber si hay cupos en secundaria para camila gracias,ADMIS_VACANTES
Web,citas de admision para primer grado. Mi menor es Maria.,citas de admision para primer grado mi menor es maria,ADMIS_CITAS
WhatsApp,Saber si hay matrículas disponibles en secundaria para Pedro. Gracias.,saber si hay matrículas disponibles en secundaria para pedro gracias,ADMIS_VACANTES
WhatsApp,HOLA HAY ESPACIOS PARA SECUNDARIA? MI NIÑO SE LLAMA LUIS.,hola hay espacios para secundaria mi niño se llama luis,ADMIS_VACANTES
Web,reunión de admision para secundaria. Mi menor es Maria.,reunión de admision para secundaria mi menor es maria,OTROS
WhatsApp,<p><b>Saber si hay lugares en secundaria para Elena. Gracias.</b></p>,saber si hay lugares en secundaria para elena gracias,ADMIS_VACANTES
Email,Solicito información de mensualidad y detalles para 1ero primaria. Atte: Sebastian.,solicito información de mensualidad y detalles para 1ero primaria atte sebastian,ADMIS_COSTOS
Web,citas de admision para 5to secundaria. Mi menor es Thiago.,citas de admision para 5to secundaria mi menor es thiago,ADMIS_CITAS
Web,REQUISITOS PARA TRASLADO A PRIMER AÑO. POSTULANTE: MARIA.,requisitos para traslado a primer año postulante maria,ADMIS_REQUIS_DOC
Web,reunión de admision para 1ero secundaria. Mi menor es Gabriel.,reunión de admision para 1ero secundaria mi menor es gabriel,OTROS
Web,requisitos para traslado a inicial 5 años. Postulante: Sebastian.,requisitos para traslado a inicial 5 años postulante sebastian,ADMIS_REQUIS_DOC
WhatsApp,Hola hay matrículas disponibles para 1ero secundaria? Mi niño se llama Sebastian.,hola hay matrículas disponibles para 1ero secundaria mi niño se llama sebastian,ADMIS_VACANTES
Web,<p><b>requisitos para traslado a inicial 5 años. Postulante: Maria.</b></p>,requisitos para traslado a inicial 5 años postulante maria,ADMIS_REQUIS_DOC
Email,Solicito información de cuotas y detalles para inicial 5 años. Atte: Mateo.,solicito información de cuotas y detalles para inicial 5 años atte mateo,ADMIS_COSTOS
Email,SOLICITO INFORMACIÓN DE PAGOS Y DETALLES PARA 1ERO PRIMARIA. ATTE: JUAN.,solicito información de pagos y detalles para 1ero primaria atte juan,ADMIS_COSTOS
Email,"Estimados, quisiera saber los pensiones de inicial 4 años para mi hijo Sebastian.",estimados quisiera saber los pensiones de inicial 4 años para mi hijo sebastian,ADMIS_COSTOS
WhatsApp,SABER SI HAY MATRÍCULAS DISPONIBLES EN INICIAL 4 AÑOS PARA ELENA. GRACIAS.,saber si hay matrículas disponibles en inicial 4 años para elena gracias,ADMIS_VACANTES
WhatsApp,<p><b>Hola hay vacantes para primer año? Mi niño se llama Nicolas.</b></p>,hola hay vacantes para primer año mi niño se llama nicolas,ADMIS_VACANTES
Web,cronograma de admision para primer año. Mi menor es Camila.,cronograma de admision para primer año mi menor es camila,ADMIS_CITAS
WhatsApp,<p><b>Saber si hay matrículas disponibles en 1ero secundaria para Juan. Gracias.</b></p>,saber si hay matrículas disponibles en 1ero secundaria para juan gracias,ADMIS_VACANTES
Web,requisitos para traslado a 1ero primaria. Postulante: Mateo.,requisitos para traslado a 1ero primaria postulante mateo,ADMIS_REQUIS_DOC
WhatsApp,<p><b>Hola hay matrículas disponibles para secundaria? Mi niño se llama Ana.</b></p>,hola hay matrículas disponibles para secundaria mi niño se llama ana,ADMIS_VACANTES
Web,<p><b>requisitos para traslado a inicial 5 años. Postulante: Juan.</b></p>,requisitos para traslado a inicial 5 años postulante juan,ADMIS_REQUIS_DOC
Email,"Estimados, quisiera saber los costos de inicial 4 años para mi hijo Gabriel.",estimados quisiera saber los costos de inicial 4 años para mi hijo gabriel,ADMIS_COSTOS
WhatsApp,<p><b>Hola hay cupos para inicial 4 años? Mi niño se llama Thiago.</b></p>,hola hay cupos para inicial 4 años mi niño se llama thiago,ADMIS_VACANTES
Email,<p><b>Solicito información de pagos y detalles para inicial 3 años. Atte: Nicolas.</b></p>,solicito información de pagos y detalles para inicial 3 años atte nicolas,ADMIS_COSTOS
WhatsApp,SABER SI HAY LUGARES EN PRIMER GRADO PARA NICOLAS. GRACIAS.,saber si hay lugares en primer grado para nicolas gracias,ADMIS_VACANTES
Web,citas de admision para primer grado. Mi menor es Camila.,citas de admision para primer grado mi menor es camila,ADMIS_CITAS
WhatsApp,Saber si hay vacantes en 6to primaria para Sofia. Gracias.,saber si hay vacantes en 6to primaria para sofia gracias,ADMIS_VACANTES
WhatsApp,Saber si hay cupos en 1ero secundaria para Valentina. Gracias.,saber si hay cupos en 1ero secundaria para valentina gracias,ADMIS_VACANTES
Email,"Estimados, quisiera saber los cuotas de 1ero primaria para mi hijo Sebastian.",estimados quisiera saber los cuotas de 1ero primaria para mi hijo sebastian,ADMIS_COSTOS
WhatsApp,<p><b>Saber si hay cupos en primer año para Sebastian. Gracias.</b></p>,saber si hay cupos en primer año para sebastian gracias,ADMIS_VACANTES
Web,cronograma de admision para 1ero secundaria. Mi menor es Nicolas.,cronograma de admision para 1ero secundaria mi menor es nicolas,ADMIS_CITAS
Email,"Estimados, quisiera saber los costos de primer año para mi hijo Lucia.",estimados quisiera saber los costos de primer año para mi hijo lucia,ADMIS_COSTOS
WhatsApp,Hola hay cupos para 1ero primaria? Mi niño se llama Sebastian.,hola hay cupos para 1ero primaria mi niño se llama sebastian,ADMIS_VACANTES
WhatsApp,Hola hay matrículas disponibles para inicial 4 años? Mi niño se llama Valentina.,hola hay matrículas disponibles para inicial 4 años mi niño se llama valentina,ADMIS_VACANTES
Web,documentos para traslado a 6to primaria. Postulante: Nicolas.,documentos para traslado a 6to primaria postulante nicolas,ADMIS_REQUIS_DOC
Web,entrevistas de admision para secundaria. Mi menor es Gabriel.,entrevistas de admision para secundaria mi menor es gabriel,ADMIS_CITAS
Email,"Estimados, quisiera saber los pagos de primer grado para mi hijo Ana.",estimados quisiera saber los pagos de primer grado para mi hijo ana,ADMIS_COSTOS
Web,documentación para traslado a 1ero secundaria. Postulante: Juan.,documentación para traslado a 1ero secundaria postulante juan,ADMIS_REQUIS_DOC
Web,documentos para traslado a 1ero secundaria. Postulante: Luis.,documentos para traslado a 1ero secundaria postulante luis,ADMIS_REQUIS_DOC
Web,citas de admision para 6to primaria. Mi menor es Pedro.,citas de admision para 6to primaria mi menor es pedro,ADMIS_CITAS
Email,Solicito información de precios y detalles para inicial 3 años. Atte: Nicolas.,solicito información de precios y detalles para inicial 3 años atte nicolas,ADMIS_COSTOS
Email,Solicito información de mensualidad y detalles para secundaria. Atte: Lucia.,solicito información de mensualidad y detalles para secundaria atte lucia,ADMIS_COSTOS
Email,"Estimados, quisiera saber los cuotas de 5to secundaria para mi hijo Nicolas.",estimados quisiera saber los cuotas de 5to secundaria para mi hijo nicolas,ADMIS_COSTOS
Email,"Estimados, quisiera saber los pagos de inicial 4 años para mi hijo Nicolas.",estimados quisiera saber los pagos de inicial 4 años para mi hijo nicolas,ADMIS_COSTOS
Email,"ESTIMADOS, QUISIERA SABER LOS PAGOS DE 1ERO SECUNDARIA PARA MI HIJO LUIS.",estimados quisiera saber los pagos de 1ero secundaria para mi hijo luis,ADMIS_COSTOS
Web,REQUISITOS PARA TRASLADO A 1ERO SECUNDARIA. POSTULANTE: ELENA.,requisitos para traslado a 1ero secundaria postulante elena,ADMIS_REQUIS_DOC
Email,"<p><b>Estimados, quisiera saber los pagos de 5to secundaria para mi hijo Lucia.</b></p>",estimados quisiera saber los pagos de 5to secundaria para mi hijo lucia,ADMIS_COSTOS
WhatsApp,Hola hay cupos para primer año? Mi niño se llama Pedro.,hola hay cupos para primer año mi niño se llama pedro,ADMIS_VACANTES
WhatsApp,Saber si hay vacantes en 6to primaria para Thiago. Gracias.,saber si hay vacantes en 6to primaria para thiago gracias,ADMIS_VACANTES
WhatsApp,Saber si hay lugares en primer año para Sebastian. Gracias.,saber si hay lugares en primer año para sebastian gracias,ADMIS_VACANTES
WhatsApp,Hola hay espacios para 6to primaria? Mi niño se llama Ana.,hola hay espacios para 6to primaria mi niño se llama ana,ADMIS_VACANTES
Email,<p><b>Solicito información de precios y detalles para primer grado. Atte: Ana.</b></p>,solicito información de precios y detalles para primer grado atte ana,ADMIS_COSTOS
Email,"Estimados, quisiera saber los precios de primer grado para mi hijo Pedro.",estimados quisiera saber los precios de primer grado para mi hijo pedro,ADMIS_COSTOS
Email,Solicito información de pagos y detalles para inicial 5 años. Atte: Gabriel.,solicito información de pagos y detalles para inicial 5 años atte gabriel,ADMIS_COSTOS
WhatsApp,Hola hay espacios para inicial 5 años? Mi niño se llama Ana.,hola hay espacios para inicial 5 años mi niño se llama ana,ADMIS_VACANTES
Email,"Estimados, quisiera saber los cuotas de 5to secundaria para mi hijo Sebastian.",estimados quisiera saber los cuotas de 5to secundaria para mi hijo sebastian,ADMIS_COSTOS
Email,"Estimados, quisiera saber los mensualidad de primer año para mi hijo Sebastian.",estimados quisiera saber los mensualidad de primer año para mi hijo sebastian,ADMIS_COSTOS
Email,Solicito información de pagos y detalles para 1ero secundaria. Atte: Elena.,solicito información de pagos y detalles para 1ero secundaria atte elena,ADMIS_COSTOS
WhatsApp,<p><b>Saber si hay matrículas disponibles en inicial 4 años para Valentina. Gracias.</b></p>,saber si hay matrículas disponibles en inicial 4 años para valentina gracias,ADMIS_VACANTES
WhatsApp,Hola hay lugares para 1ero secundaria? Mi niño se llama Pedro.,hola hay lugares para 1ero secundaria mi niño se llama pedro,ADMIS_VACANTES
Web,papeles para traslado a secundaria. Postulante: Juan.,papeles para traslado a secundaria postulante juan,ADMIS_REQUIS_DOC
Web,<p><b>charlas de admision para 1ero secundaria. Mi menor es Maria.</b></p>,charlas de admision para 1ero secundaria mi menor es maria,ADMIS_CITAS
Web,CITAS DE ADMISION PARA 1ERO SECUNDARIA. MI MENOR ES PEDRO.,citas de admision para 1ero secundaria mi menor es pedro,ADMIS_CITAS
WhatsApp,SABER SI HAY VACANTES EN SECUNDARIA PARA SEBASTIAN. GRACIAS.,saber si hay vacantes en secundaria para sebastian gracias,ADMIS_VACANTES
Email,<p><b>Solicito información de pensiones y detalles para inicial 5 años. Atte: Mateo.</b></p>,solicito información de pensiones y detalles para inicial 5 años atte mateo,ADMIS_COSTOS
WhatsApp,Saber si hay espacios en inicial 3 años para Gabriel. Gracias.,saber si hay espacios en inicial 3 años para gabriel gracias,ADMIS_VACANTES
Web,CITAS DE ADMISION PARA 5TO SECUNDARIA. MI MENOR ES VALENTINA.,citas de admision para 5to secundaria mi menor es valentina,ADMIS_CITAS
Web,citas de admision para inicial 4 años. Mi menor es Valentina.,citas de admision para inicial 4 años mi menor es valentina,ADMIS_CITAS
WhatsApp,<p><b>Hola hay lugares para inicial 5 años? Mi niño se llama Gabriel.</b></p>,hola hay lugares para inicial 5 años mi niño se llama gabriel,ADMIS_VACANTES
WhatsApp,Hola hay vacantes para inicial 3 años? Mi niño se llama Ana.,hola hay vacantes para inicial 3 años mi niño se llama ana,ADMIS_VACANTES
WhatsApp,Saber si hay cupos en 1ero primaria para Ana. Gracias.,saber si hay cupos en 1ero primaria para ana gracias,ADMIS_VACANTES
WhatsApp,Saber si hay espacios en inicial 4 años para Maria. Gracias.,saber si hay espacios en inicial 4 años para maria gracias,ADMIS_VACANTES
WhatsApp,Hola hay matrículas disponibles para 1ero primaria? Mi niño se llama Valentina.,hola hay matrículas disponibles para 1ero primaria mi niño se llama valentina,ADMIS_VACANTES
WhatsApp,Hola hay cupos para secundaria? Mi niño se llama Lucia.,hola hay cupos para secundaria mi niño se llama lucia,ADMIS_VACANTES
Email,<p><b>Solicito información de mensualidad y detalles para 5to secundaria. Atte: Gabriel.</b></p>,solicito información de mensualidad y detalles para 5to secundaria atte gabriel,ADMIS_COSTOS
Web,<p><b>citas de admision para 5to secundaria. Mi menor es Juan.</b></p>,citas de admision para 5to secundaria mi menor es juan,ADMIS_CITAS
Email,"Estimados, quisiera saber los costos de 5to secundaria para mi hijo Camila.",estimados quisiera saber los costos de 5to secundaria para mi hijo camila,ADMIS_COSTOS
Email,"ESTIMADOS, QUISIERA SABER LOS MENSUALIDAD DE 1ERO PRIMARIA PARA MI HIJO JUAN.",estimados quisiera saber los mensualidad de 1ero primaria para mi hijo juan,ADMIS_COSTOS
WhatsApp,<p><b>Saber si hay matrículas disponibles en secundaria para Camila. Gracias.</b></p>,saber si hay matrículas disponibles en secundaria para camila gracias,ADMIS_VACANTES
Web,papeles para traslado a inicial 3 años. Postulante: Camila.,papeles para traslado a inicial 3 años postulante camila,ADMIS_REQUIS_DOC
Email,Solicito información de precios y detalles para 5to secundaria. Atte: Pedro.,solicito información de precios y detalles para 5to secundaria atte pedro,ADMIS_COSTOS
Email,"Estimados, quisiera saber los mensualidad de 5to secundaria para mi hijo Camila.",estimados quisiera saber los mensualidad de 5to secundaria para mi hijo camila,ADMIS_COSTOS
Email,Solicito información de costos y detalles para primer año. Atte: Maria.,solicito información de costos y detalles para primer año atte maria,ADMIS_COSTOS
WhatsApp,Hola hay cupos para primer grado? Mi niño se llama Thiago.,hola hay cupos para primer grado mi niño se llama thiago,ADMIS_VACANTES
WhatsApp,SABER SI HAY LUGARES EN 5TO SECUNDARIA PARA SOFIA. GRACIAS.,saber si hay lugares en 5to secundaria para sofia gracias,ADMIS_VACANTES
Web,<p><b>documentos para traslado a inicial 3 años. Postulante: Maria.</b></p>,documentos para traslado a inicial 3 años postulante maria,ADMIS_REQUIS_DOC
Email,SOLICITO INFORMACIÓN DE CUOTAS Y DETALLES PARA INICIAL 5 AÑOS. ATTE: PEDRO.,solicito información de cuotas y detalles para inicial 5 años atte pedro,ADMIS_COSTOS
Web,documentos para traslado a inicial 5 años. Postulante: Sebastian.,documentos para traslado a inicial 5 años postulante sebastian,ADMIS_REQUIS_DOC
Web,<p><b>documentación para traslado a inicial 5 años. Postulante: Sofia.</b></p>,documentación para traslado a inicial 5 años postulante sofia,ADMIS_REQUIS_DOC
Email,"Estimados, quisiera saber los pagos de inicial 3 años para mi hijo Thiago.",estimados quisiera saber los pagos de inicial 3 años para mi hijo thiago,ADMIS_COSTOS
Web,documentación para traslado a 1ero primaria. Postulante: Valentina.,documentación para traslado a 1ero primaria postulante valentina,ADMIS_REQUIS_DOC
Web,DOCUMENTOS PARA TRASLADO A INICIAL 4 AÑOS. POSTULANTE: ANA.,documentos para traslado a inicial 4 años postulante ana,ADMIS_REQUIS_DOC
Email,"<p><b>Estimados, quisiera saber los precios de secundaria para mi hijo Lucia.</b></p>",estimados quisiera saber los precios de secundaria para mi hijo lucia,ADMIS_COSTOS
Web,CRONOGRAMA DE ADMISION PARA 6TO PRIMARIA. MI MENOR ES THIAGO.,cronograma de admision para 6to primaria mi menor es thiago,ADMIS_CITAS
WhatsApp,<p><b>Saber si hay vacantes en primer año para Sofia. Gracias.</b></p>,saber si hay vacantes en primer año para sofia gracias,ADMIS_VACANTES
WhatsApp,Saber si hay espacios en 1ero primaria para Maria. Gracias.,saber si hay espacios en 1ero primaria para maria gracias,ADMIS_VACANTES
WhatsApp,HOLA HAY ESPACIOS PARA 1ERO SECUNDARIA? MI NIÑO SE LLAMA LUCIA.,hola hay espacios para 1ero secundaria mi niño se llama lucia,ADMIS_VACANTES
Email,Solicito información de cuotas y detalles para primer grado. Atte: Mateo.,solicito información de cuotas y detalles para primer grado atte mateo,ADMIS_COSTOS
Email,"Estimados, quisiera saber los mensualidad de primer año para mi hijo Mateo.",estimados quisiera saber los mensualidad de primer año para mi hijo mateo,ADMIS_COSTOS
Email,"Estimados, quisiera saber los mensualidad de 5to secundaria para mi hijo Sebastian.",estimados quisiera saber los mensualidad de 5to secundaria para mi hijo sebastian,ADMIS_COSTOS
WhatsApp,Saber si hay matrículas disponibles en secundaria para Juan. Gracias.,saber si hay matrículas disponibles en secundaria para juan gracias,ADMIS_VACANTES
Email,"Estimados, quisiera saber los costos de primer grado para mi hijo Maria.",estimados quisiera saber los costos de primer grado para mi hijo maria,ADMIS_COSTOS
Web,reunión de admision para 6to primaria. Mi menor es Maria.,reunión de admision para 6to primaria mi menor es maria,OTROS
Email,SOLICITO INFORMACIÓN DE PAGOS Y DETALLES PARA PRIMER GRADO. ATTE: LUIS.,solicito información de pagos y detalles para primer grado atte luis,ADMIS_COSTOS
Email,"Estimados, quisiera saber los pensiones de 6to primaria para mi hijo Sebastian.",estimados quisiera saber los pensiones de 6to primaria para mi hijo sebastian,ADMIS_COSTOS
WhatsApp,Hola hay vacantes para inicial 3 años? Mi niño se llama Lucia.,hola hay vacantes para inicial 3 años mi niño se llama lucia,ADMIS_VACANTES
Email,"Estimados, quisiera saber los precios de inicial 4 años para mi hijo Elena.",estimados quisiera saber los precios de inicial 4 años para mi hijo elena,ADMIS_COSTOS
Web,papeles para traslado a secundaria. Postulante: Thiago.,papeles para traslado a secundaria postulante thiago,ADMIS_REQUIS_DOC
Web,charlas de admision para secundaria. Mi menor es Juan.,charlas de admision para secundaria mi menor es juan,ADMIS_CITAS
Web,entrevistas de admision para 1ero secundaria. Mi menor es Maria.,entrevistas de admision para 1ero secundaria mi menor es maria,ADMIS_CITAS
Email,"Estimados, quisiera saber los cuotas de inicial 4 años para mi hijo Juan.",estimados quisiera saber los cuotas de inicial 4 años para mi hijo juan,ADMIS_COSTOS
WhatsApp,Hola hay lugares para 5to secundaria? Mi niño se llama Ana.,hola hay lugares para 5to secundaria mi niño se llama ana,ADMIS_VACANTES
Email,"Estimados, quisiera saber los cuotas de 1ero primaria para mi hijo Juan.",estimados quisiera saber los cuotas de 1ero primaria para mi hijo juan,ADMIS_COSTOS
WhatsApp,<p><b>Hola hay matrículas disponibles para 1ero primaria? Mi niño se llama Mateo.</b></p>,hola hay matrículas disponibles para 1ero primaria mi niño se llama mateo,ADMIS_VACANTES
Web,<p><b>entrevistas de admision para secundaria. Mi menor es Valentina.</b></p>,entrevistas de admision para secundaria mi menor es valentina,ADMIS_CITAS
Email,Solicito información de cuotas y detalles para inicial 5 años. Atte: Elena.,solicito información de cuotas y detalles para inicial 5 años atte elena,ADMIS_COSTOS
Email,"Estimados, quisiera saber los costos de inicial 5 años para mi hijo Ana.",estimados quisiera saber los costos de inicial 5 años para mi hijo ana,ADMIS_COSTOS
Web,<p><b>entrevistas de admision para primer año. Mi menor es Pedro.</b></p>,entrevistas de admision para primer año mi menor es pedro,ADMIS_CITAS
WhatsApp,SABER SI HAY CUPOS EN 6TO PRIMARIA PARA SOFIA. GRACIAS.,saber si hay cupos en 6to primaria para sofia gracias,ADMIS_VACANTES
Web,documentos para traslado a 1ero secundaria. Postulante: Camila.,documentos para traslado a 1ero secundaria postulante camila,ADMIS_REQUIS_DOC
Email,"Estimados, quisiera saber los cuotas de 5to secundaria para mi hijo Lucia.",estimados quisiera saber los cuotas de 5to secundaria para mi hijo lucia,ADMIS_COSTOS
Email,Solicito información de precios y detalles para 1ero primaria. Atte: Maria.,solicito información de precios y detalles para 1ero primaria atte maria,ADMIS_COSTOS
WhatsApp,<p><b>Saber si hay cupos en primer grado para Gabriel. Gracias.</b></p>,saber si hay cupos en primer grado para gabriel gracias,ADMIS_VACANTES
Email,"Estimados, quisiera saber los costos de inicial 5 años para mi hijo Lucia.",estimados quisiera saber los costos de inicial 5 años para mi hijo lucia,ADMIS_COSTOS
Email,Solicito información de cuotas y detalles para inicial 4 años. Atte: Juan.,solicito información de cuotas y detalles para inicial 4 años atte juan,ADMIS_COSTOS
WhatsApp,Hola hay vacantes para primer año? Mi niño se llama Maria.,hola hay vacantes para primer año mi niño se llama maria,ADMIS_VACANTES
Web,reunión de admision para inicial 5 años. Mi menor es Camila.,reunión de admision para inicial 5 años mi menor es camila,OTROS
Email,"ESTIMADOS, QUISIERA SABER LOS PENSIONES DE 6TO PRIMARIA PARA MI HIJO ELENA.",estimados quisiera saber los pensiones de 6to primaria para mi hijo elena,ADMIS_COSTOS
WhatsApp,Hola hay espacios para 1ero primaria? Mi niño se llama Lucia.,hola hay espacios para 1ero primaria mi niño se llama lucia,ADMIS_VACANTES
Email,Solicito información de pagos y detalles para 1ero primaria. Atte: Pedro.,solicito información de pagos y detalles para 1ero primaria atte pedro,ADMIS_COSTOS
WhatsApp,<p><b>Saber si hay lugares en primer año para Nicolas. Gracias.</b></p>,saber si hay lugares en primer año para nicolas gracias,ADMIS_VACANTES
Web,CRONOGRAMA DE ADMISION PARA 1ERO SECUNDARIA. MI MENOR ES LUIS.,cronograma de admision para 1ero secundaria mi menor es luis,ADMIS_CITAS
Web,reunión de admision para inicial 3 años. Mi menor es Sebastian.,reunión de admision para inicial 3 años mi menor es sebastian,OTROS
Email,Solicito información de mensualidad y detalles para 6to primaria. Atte: Luis.,solicito información de mensualidad y detalles para 6to primaria atte luis,ADMIS_COSTOS
Web,PARTIDAS PARA TRASLADO A PRIMER GRADO. POSTULANTE: NICOLAS.,partidas para traslado a primer grado postulante nicolas,ADMIS_REQUIS_DOC
Web,papeles para traslado a inicial 5 años. Postulante: Mateo.,papeles para traslado a inicial 5 años postulante mateo,ADMIS_REQUIS_DOC
Email,Solicito información de cuotas y detalles para 1ero secundaria. Atte: Juan.,solicito información de cuotas y detalles para 1ero secundaria atte juan,ADMIS_COSTOS
WhatsApp,Hola hay matrículas disponibles para secundaria? Mi niño se llama Sofia.,hola hay matrículas disponibles para secundaria mi niño se llama sofia,ADMIS_VACANTES
WhatsApp,Saber si hay matrículas disponibles en primer grado para Juan. Gracias.,saber si hay matrículas disponibles en primer grado para juan gracias,ADMIS_VACANTES
WhatsApp,Saber si hay espacios en 6to primaria para Maria. Gracias.,saber si hay espacios en 6to primaria para maria gracias,ADMIS_VACANTES
Email,Solicito información de cuotas y detalles para inicial 5 años. Atte: Sofia.,solicito información de cuotas y detalles para inicial 5 años atte sofia,ADMIS_COSTOS
Web,papeles para traslado a inicial 4 años. Postulante: Thiago.,papeles para traslado a inicial 4 años postulante thiago,ADMIS_REQUIS_DOC
Email,Solicito información de cuotas y detalles para primer grado. Atte: Sofia.,solicito información de cuotas y detalles para primer grado atte sofia,ADMIS_COSTOS
WhatsApp,HOLA HAY LUGARES PARA 5TO SECUNDARIA? MI NIÑO SE LLAMA JUAN.,hola hay lugares para 5to secundaria mi niño se llama juan,ADMIS_VACANTES
Web,<p><b>cronograma de admision para 1ero primaria. Mi menor es Nicolas.</b></p>,cronograma de admision para 1ero primaria mi menor es nicolas,ADMIS_CITAS
WhatsApp,Saber si hay matrículas disponibles en secundaria para Sofia. Gracias.,saber si hay matrículas disponibles en secundaria para sofia gracias,ADMIS_VACANTES
WhatsApp,Hola hay espacios para 1ero primaria? Mi niño se llama Mateo.,hola hay espacios para 1ero primaria mi niño se llama mateo,ADMIS_VACANTES
WhatsApp,Saber si hay vacantes en primer grado para Nicolas. Gracias.,saber si hay vacantes en primer grado para nicolas gracias,ADMIS_VACANTES
Email,"ESTIMADOS, QUISIERA SABER LOS PENSIONES DE INICIAL 4 AÑOS PARA MI HIJO NICOLAS.",estimados quisiera saber los pensiones de inicial 4 años para mi hijo nicolas,ADMIS_COSTOS
Email,"ESTIMADOS, QUISIERA SABER LOS MENSUALIDAD DE SECUNDARIA PARA MI HIJO ANA.",estimados quisiera saber los mensualidad de secundaria para mi hijo ana,ADMIS_COSTOS
WhatsApp,Saber si hay vacantes en primer grado para Mateo. Gracias.,saber si hay vacantes en primer grado para mateo gracias,ADMIS_VACANTES
WhatsApp,<p><b>Hola hay vacantes para inicial 3 años? Mi niño se llama Thiago.</b></p>,hola hay vacantes para inicial 3 años mi niño se llama thiago,ADMIS_VACANTES
Web,ENTREVISTAS DE ADMISION PARA PRIMER AÑO. MI MENOR ES SOFIA.,entrevistas de admision para primer año mi menor es sofia,ADMIS_CITAS
Email,"ESTIMADOS, QUISIERA SABER LOS CUOTAS DE 6TO PRIMARIA PARA MI HIJO PEDRO.",estimados quisiera saber los cuotas de 6to primaria para mi hijo pedro,ADMIS_COSTOS
Email,"<p><b>Estimados, quisiera saber los pagos de primer grado para mi hijo Gabriel.</b></p>",estimados quisiera saber los pagos de primer grado para mi hijo gabriel,ADMIS_COSTOS
Web,papeles para traslado a primer año. Postulante: Camila.,papeles para traslado a primer año postulante camila,ADMIS_REQUIS_DOC
WhatsApp,<p><b>Hola hay lugares para primer año? Mi niño se llama Pedro.</b></p>,hola hay lugares para primer año mi niño se llama pedro,ADMIS_VACANTES
WhatsApp,Hola hay lugares para 6to primaria? Mi niño se llama Mateo.,hola hay lugares para 6to primaria mi niño se llama mateo,ADMIS_VACANTES
WhatsApp,Saber si hay lugares en 1ero primaria para Pedro. Gracias.,saber si hay lugares en 1ero primaria para pedro gracias,ADMIS_VACANTES
Email,Solicito información de pagos y detalles para 1ero primaria. Atte: Sebastian.,solicito información de pagos y detalles para 1ero primaria atte sebastian,ADMIS_COSTOS
WhatsApp,<p><b>Hola hay vacantes para 5to secundaria? Mi niño se llama Juan.</b></p>,hola hay vacantes para 5to secundaria mi niño se llama juan,ADMIS_VACANTES
Email,"Estimados, quisiera saber los precios de inicial 5 años para mi hijo Valentina.",estimados quisiera saber los precios de inicial 5 años para mi hijo valentina,ADMIS_COSTOS
Email,"Estimados, quisiera saber los cuotas de 5to secundaria para mi hijo Pedro.",estimados quisiera saber los cuotas de 5to secundaria para mi hijo pedro,ADMIS_COSTOS
Email,Solicito información de costos y detalles para secundaria. Atte: Juan.,solicito información de costos y detalles para secundaria atte juan,ADMIS_COSTOS
Email,"ESTIMADOS, QUISIERA SABER LOS CUOTAS DE 1ERO PRIMARIA PARA MI HIJO SOFIA.",estimados quisiera saber los cuotas de 1ero primaria para mi hijo sofia,ADMIS_COSTOS
WhatsApp,Saber si hay matrículas disponibles en primer año para Gabriel. Gracias.,saber si hay matrículas disponibles en primer año para gabriel gracias,ADMIS_VACANTES
WhatsApp,SABER SI HAY ESPACIOS EN PRIMER GRADO PARA MATEO. GRACIAS.,saber si hay espacios en primer grado para mateo gracias,ADMIS_VACANTES
Email,"<p><b>Estimados, quisiera saber los pensiones de 1ero secundaria para mi hijo Valentina.</b></p>",estimados quisiera saber los pensiones de 1ero secundaria para mi hijo valentina,ADMIS_COSTOS
Email,"Estimados, quisiera saber los pagos de inicial 4 años para mi hijo Sebastian.",estimados quisiera saber los pagos de inicial 4 años para mi hijo sebastian,ADMIS_COSTOS
WhatsApp,Saber si hay cupos en secundaria para Thiago. Gracias.,saber si hay cupos en secundaria para thiago gracias,ADMIS_VACANTES
Email,"Estimados, quisiera saber los pagos de secundaria para mi hijo Lucia.",estimados quisiera saber los pagos de secundaria para mi hijo lucia,ADMIS_COSTOS
Web,reunión de admision para secundaria. Mi menor es Sofia.,reunión de admision para secundaria mi menor es sofia,OTROS
Email,"Estimados, quisiera saber los costos de 1ero secundaria para mi hijo Sofia.",estimados quisiera saber los costos de 1ero secundaria para mi hijo sofia,ADMIS_COSTOS
Email,Solicito información de pagos y detalles para 1ero secundaria. Atte: Nicolas.,solicito información de pagos y detalles para 1ero secundaria atte nicolas,ADMIS_COSTOS
Email,"ESTIMADOS, QUISIERA SABER LOS PAGOS DE 6TO PRIMARIA PARA MI HIJO LUIS.",estimados quisiera saber los pagos de 6to primaria para mi hijo luis,ADMIS_COSTOS
WhatsApp,Hola hay matrículas disponibles para inicial 5 años? Mi niño se llama Sofia.,hola hay matrículas disponibles para inicial 5 años mi niño se llama sofia,ADMIS_VACANTES
WhatsApp,Saber si hay vacantes en 1ero primaria para Valentina. Gracias.,saber si hay vacantes en 1ero primaria para valentina gracias,ADMIS_VACANTES
Web,entrevistas de admision para inicial 3 años. Mi menor es Sofia.,entrevistas de admision para inicial 3 años mi menor es sofia,ADMIS_CITAS
Email,Solicito información de precios y detalles para inicial 4 años. Atte: Lucia.,solicito información de precios y detalles para inicial 4 años atte lucia,ADMIS_COSTOS
WhatsApp,HOLA HAY MATRÍCULAS DISPONIBLES PARA 1ERO SECUNDARIA? MI NIÑO SE LLAMA VALENTINA.,hola hay matrículas disponibles para 1ero secundaria mi niño se llama valentina,ADMIS_VACANTES
Email,"Estimados, quisiera saber los pensiones de 1ero primaria para mi hijo Camila.",estimados quisiera saber los pensiones de 1ero primaria para mi hijo camila,ADMIS_COSTOS
Email,<p><b>Solicito información de cuotas y detalles para inicial 4 años. Atte: Luis.</b></p>,solicito información de cuotas y detalles para inicial 4 años atte luis,ADMIS_COSTOS
Web,cronograma de admision para 1ero secundaria. Mi menor es Elena.,cronograma de admision para 1ero secundaria mi menor es elena,ADMIS_CITAS
Email,"Estimados, quisiera saber los precios de 5to secundaria para mi hijo Maria.",estimados quisiera saber los precios de 5to secundaria para mi hijo maria,ADMIS_COSTOS
Web,DOCUMENTOS PARA TRASLADO A INICIAL 4 AÑOS. POSTULANTE: SOFIA.,documentos para traslado a inicial 4 años postulante sofia,ADMIS_REQUIS_DOC
Web,charlas de admision para inicial 3 años. Mi menor es Mateo.,charlas de admision para inicial 3 años mi menor es mateo,ADMIS_CITAS
WhatsApp,<p><b>Hola hay espacios para 6to primaria? Mi niño se llama Thiago.</b></p>,hola hay espacios para 6to primaria mi niño se llama thiago,ADMIS_VACANTES
WhatsApp,Hola hay vacantes para primer grado? Mi niño se llama Luis.,hola hay vacantes para primer grado mi niño se llama luis,ADMIS_VACANTES
WhatsApp,Saber si hay vacantes en 1ero primaria para Sebastian. Gracias.,saber si hay vacantes en 1ero primaria para sebastian gracias,ADMIS_VACANTES
WhatsApp,Hola hay cupos para inicial 4 años? Mi niño se llama Juan.,hola hay cupos para inicial 4 años mi niño se llama juan,ADMIS_VACANTES
WhatsApp,Saber si hay matrículas disponibles en inicial 5 años para Elena. Gracias.,saber si hay matrículas disponibles en inicial 5 años para elena gracias,ADMIS_VACANTES
WhatsApp,Hola hay vacantes para inicial 5 años? Mi niño se llama Pedro.,hola hay vacantes para inicial 5 años mi niño se llama pedro,ADMIS_VACANTES
WhatsApp,Hola hay cupos para 5to secundaria? Mi niño se llama Nicolas.,hola hay cupos para 5to secundaria mi niño se llama nicolas,ADMIS_VACANTES
Email,Solicito información de pagos y detalles para secundaria. Atte: Mateo.,solicito información de pagos y detalles para secundaria atte mateo,ADMIS_COSTOS
Email,Solicito información de cuotas y detalles para inicial 3 años. Atte: Sebastian.,solicito información de cuotas y detalles para inicial 3 años atte sebastian,ADMIS_COSTOS
Email,"Estimados, quisiera saber los pagos de 1ero secundaria para mi hijo Pedro.",estimados quisiera saber los pagos de 1ero secundaria para mi hijo pedro,ADMIS_COSTOS
Web,requisitos para traslado a 6to primaria. Postulante: Valentina.,requisitos para traslado a 6to primaria postulante valentina,ADMIS_REQUIS_DOC
Email,"Estimados, quisiera saber los cuotas de primer grado para mi hijo Nicolas.",estimados quisiera saber los cuotas de primer grado para mi hijo nicolas,ADMIS_COSTOS
Web,requisitos para traslado a 1ero primaria. Postulante: Maria.,requisitos para traslado a 1ero primaria postulante maria,ADMIS_REQUIS_DOC
WhatsApp,<p><b>Hola hay espacios para 1ero secundaria? Mi niño se llama Ana.</b></p>,hola hay espacios para 1ero secundaria mi niño se llama ana,ADMIS_VACANTES
WhatsApp,SABER SI HAY CUPOS EN 1ERO PRIMARIA PARA LUCIA. GRACIAS.,saber si hay cupos en 1ero primaria para lucia gracias,ADMIS_VACANTES
Web,documentación para traslado a secundaria. Postulante: Ana.,documentación para traslado a secundaria postulante ana,ADMIS_REQUIS_DOC
Email,Solicito información de precios y detalles para 1ero secundaria. Atte: Elena.,solicito información de precios y detalles para 1ero secundaria atte elena,ADMIS_COSTOS
WhatsApp,SABER SI HAY VACANTES EN SECUNDARIA PARA LUIS. GRACIAS.,saber si hay vacantes en secundaria para luis gracias,ADMIS_VACANTES
WhatsApp,<p><b>Hola hay matrículas disponibles para 5to secundaria? Mi niño se llama Mateo.</b></p>,hola hay matrículas disponibles para 5to secundaria mi niño se llama mateo,ADMIS_VACANTES
Web,papeles para traslado a primer grado. Postulante: Mateo.,papeles para traslado a primer grado postulante mateo,ADMIS_REQUIS_DOC
Email,"Estimados, quisiera saber los pagos de primer grado para mi hijo Luis.",estimados quisiera saber los pagos de primer grado para mi hijo luis,ADMIS_COSTOS
Web,documentación para traslado a primer año. Postulante: Thiago.,documentación para traslado a primer año postulante thiago,ADMIS_REQUIS_DOC
Web,entrevistas de admision para primer año. Mi menor es Camila.,entrevistas de admision para primer año mi menor es camila,ADMIS_CITAS
Email,Solicito información de mensualidad y detalles para 6to primaria. Atte: Sofia.,solicito información de mensualidad y detalles para 6to primaria atte sofia,ADMIS_COSTOS
Email,SOLICITO INFORMACIÓN DE COSTOS Y DETALLES PARA INICIAL 4 AÑOS. ATTE: ANA.,solicito información de costos y detalles para inicial 4 años atte ana,ADMIS_COSTOS
Email,"Estimados, quisiera saber los pagos de inicial 4 años para mi hijo Gabriel.",estimados quisiera saber los pagos de inicial 4 años para mi hijo gabriel,ADMIS_COSTOS
Web,papeles para traslado a inicial 3 años. Postulante: Sofia.,papeles para traslado a inicial 3 años postulante sofia,ADMIS_REQUIS_DOC
Email,SOLICITO INFORMACIÓN DE MENSUALIDAD Y DETALLES PARA 1ERO SECUNDARIA. ATTE: PEDRO.,solicito información de mensualidad y detalles para 1ero secundaria atte pedro,ADMIS_COSTOS
Email,"Estimados, quisiera saber los precios de 1ero primaria para mi hijo Elena.",estimados quisiera saber los precios de 1ero primaria para mi hijo elena,ADMIS_COSTOS
WhatsApp,Saber si hay espacios en primer grado para Ana. Gracias.,saber si hay espacios en primer grado para ana gracias,ADMIS_VACANTES
Web,reunión de admision para primer año. Mi menor es Luis.,reunión de admision para primer año mi menor es luis,OTROS
WhatsApp,Hola hay matrículas disponibles para inicial 5 años? Mi niño se llama Pedro.,hola hay matrículas disponibles para inicial 5 años mi niño se llama pedro,ADMIS_VACANTES
Email,Solicito información de pensiones y detalles para inicial 3 años. Atte: Valentina.,solicito información de pensiones y detalles para inicial 3 años atte valentina,ADMIS_COSTOS
WhatsApp,Saber si hay cupos en inicial 3 años para Pedro. Gracias.,saber si hay cupos en inicial 3 años para pedro gracias,ADMIS_VACANTES
Email,Solicito información de pensiones y detalles para secundaria. Atte: Maria.,solicito información de pensiones y detalles para secundaria atte maria,ADMIS_COSTOS
Web,entrevistas de admision para inicial 4 años. Mi menor es Pedro.,entrevistas de admision para inicial 4 años mi menor es pedro,ADMIS_CITAS
WhatsApp,Hola hay matrículas disponibles para primer grado? Mi niño se llama Juan.,hola hay matrículas disponibles para primer grado mi niño se llama juan,ADMIS_VACANTES
Web,<p><b>partidas para traslado a 6to primaria. Postulante: Juan.</b></p>,partidas para traslado a 6to primaria postulante juan,ADMIS_REQUIS_DOC
Web,documentación para traslado a secundaria. Postulante: Maria.,documentación para traslado a secundaria postulante maria,ADMIS_REQUIS_DOC
WhatsApp,<p><b>Saber si hay lugares en primer año para Camila. Gracias.</b></p>,saber si hay lugares en primer año para camila gracias,ADMIS_VACANTES
Web,reunión de admision para inicial 4 años. Mi menor es Camila.,reunión de admision para inicial 4 años mi menor es camila,OTROS
WhatsApp,Saber si hay vacantes en inicial 4 años para Gabriel. Gracias.,saber si hay vacantes en inicial 4 años para gabriel gracias,ADMIS_VACANTES
WhatsApp,Saber si hay espacios en inicial 4 años para Camila. Gracias.,saber si hay espacios en inicial 4 años para camila gracias,ADMIS_VACANTES
WhatsApp,Hola hay lugares para inicial 4 años? Mi niño se llama Ana.,hola hay lugares para inicial 4 años mi niño se llama ana,ADMIS_VACANTES
Web,documentos para traslado a 6to primaria. Postulante: Elena.,documentos para traslado a 6to primaria postulante elena,ADMIS_REQUIS_DOC
Web,entrevistas de admision para secundaria. Mi menor es Ana.,entrevistas de admision para secundaria mi menor es ana,ADMIS_CITAS
Web,partidas para traslado a primer grado. Postulante: Camila.,partidas para traslado a primer grado postulante camila,ADMIS_REQUIS_DOC
WhatsApp,Saber si hay vacantes en primer grado para Sofia. Gracias.,saber si hay vacantes en primer grado para sofia gracias,ADMIS_VACANTES
Email,Solicito información de pensiones y detalles para inicial 3 años. Atte: Sebastian.,solicito información de pensiones y detalles para inicial 3 años atte sebastian,ADMIS_COSTOS
Web,entrevistas de admision para inicial 5 años. Mi menor es Camila.,entrevistas de admision para inicial 5 años mi menor es camila,ADMIS_CITAS
Email,"Estimados, quisiera saber los cuotas de primer año para mi hijo Maria.",estimados quisiera saber los cuotas de primer año para mi hijo maria,ADMIS_COSTOS
WhatsApp,Saber si hay matrículas disponibles en primer año para Luis. Gracias.,saber si hay matrículas disponibles en primer año para luis gracias,ADMIS_VACANTES
Web,partidas para traslado a primer año. Postulante: Mateo.,partidas para traslado a primer año postulante mateo,ADMIS_REQUIS_DOC
WhatsApp,HOLA HAY LUGARES PARA INICIAL 3 AÑOS? MI NIÑO SE LLAMA SEBASTIAN.,hola hay lugares para inicial 3 años mi niño se llama sebastian,ADMIS_VACANTES
Email,Solicito información de costos y detalles para primer año. Atte: Sebastian.,solicito información de costos y detalles para primer año atte sebastian,ADMIS_COSTOS
WhatsApp,<p><b>Saber si hay matrículas disponibles en secundaria para Elena. Gracias.</b></p>,saber si hay matrículas disponibles en secundaria para elena gracias,ADMIS_VACANTES
Email,"ESTIMADOS, QUISIERA SABER LOS COSTOS DE INICIAL 3 AÑOS PARA MI HIJO CAMILA.",estimados quisiera saber los costos de inicial 3 años para mi hijo camila,ADMIS_COSTOS
Email,"Estimados, quisiera saber los pagos de primer año para mi hijo Sofia.",estimados quisiera saber los pagos de primer año para mi hijo sofia,ADMIS_COSTOS
Web,papeles para traslado a inicial 5 años. Postulante: Valentina.,papeles para traslado a inicial 5 años postulante valentina,ADMIS_REQUIS_DOC
WhatsApp,Hola hay espacios para 6to primaria? Mi niño se llama Sebastian.,hola hay espacios para 6to primaria mi niño se llama sebastian,ADMIS_VACANTES
Email,"Estimados, quisiera saber los precios de primer grado para mi hijo Sofia.",estimados quisiera saber los precios de primer grado para mi hijo sofia,ADMIS_COSTOS
WhatsApp,HOLA HAY CUPOS PARA 1ERO SECUNDARIA? MI NIÑO SE LLAMA ANA.,hola hay cupos para 1ero secundaria mi niño se llama ana,ADMIS_VACANTES
Web,reunión de admision para 6to primaria. Mi menor es Sofia.,reunión de admision para 6to primaria mi menor es sofia,OTROS
Web,<p><b>entrevistas de admision para inicial 4 años. Mi menor es Juan.</b></p>,entrevistas de admision para inicial 4 años mi menor es juan,ADMIS_CITAS
WhatsApp,Hola hay cupos para inicial 5 años? Mi niño se llama Sebastian.,hola hay cupos para inicial 5 años mi niño se llama sebastian,ADMIS_VACANTES
Email,"Estimados, quisiera saber los precios de primer año para mi hijo Maria.",estimados quisiera saber los precios de primer año para mi hijo maria,ADMIS_COSTOS
Web,partidas para traslado a secundaria. Postulante: Juan.,partidas para traslado a secundaria postulante juan,ADMIS_REQUIS_DOC
Web,partidas para traslado a 1ero primaria. Postulante: Pedro.,partidas para traslado a 1ero primaria postulante pedro,ADMIS_REQUIS_DOC
Email,"Estimados, quisiera saber los mensualidad de inicial 5 años para mi hijo Pedro.",estimados quisiera saber los mensualidad de inicial 5 años para mi hijo pedro,ADMIS_COSTOS
Email,"Estimados, quisiera saber los precios de primer año para mi hijo Camila.",estimados quisiera saber los precios de primer año para mi hijo camila,ADMIS_COSTOS
Email,SOLICITO INFORMACIÓN DE PENSIONES Y DETALLES PARA PRIMER GRADO. ATTE: MARIA.,solicito información de pensiones y detalles para primer grado atte maria,ADMIS_COSTOS
Email,"<p><b>Estimados, quisiera saber los pensiones de 1ero secundaria para mi hijo Lucia.</b></p>",estimados quisiera saber los pensiones de 1ero secundaria para mi hijo lucia,ADMIS_COSTOS
Email,"Estimados, quisiera saber los costos de 1ero secundaria para mi hijo Nicolas.",estimados quisiera saber los costos de 1ero secundaria para mi hijo nicolas,ADMIS_COSTOS
Email,"<p><b>Estimados, quisiera saber los precios de 1ero primaria para mi hijo Juan.</b></p>",estimados quisiera saber los precios de 1ero primaria para mi hijo juan,ADMIS_COSTOS
Email,"Estimados, quisiera saber los pagos de 5to secundaria para mi hijo Ana.",estimados quisiera saber los pagos de 5to secundaria para mi hijo ana,ADMIS_COSTOS
WhatsApp,Hola hay lugares para inicial 4 años? Mi niño se llama Juan.,hola hay lugares para inicial 4 años mi niño se llama juan,ADMIS_VACANTES
Web,cronograma de admision para inicial 5 años. Mi menor es Sebastian.,cronograma de admision para inicial 5 años mi menor es sebastian,ADMIS_CITAS
WhatsApp,Saber si hay vacantes en secundaria para Elena. Gracias.,saber si hay vacantes en secundaria para elena gracias,ADMIS_VACANTES
Email,"Estimados, quisiera saber los precios de inicial 3 años para mi hijo Camila.",estimados quisiera saber los precios de inicial 3 años para mi hijo camila,ADMIS_COSTOS
Web,papeles para traslado a primer año. Postulante: Pedro.,papeles para traslado a primer año postulante pedro,ADMIS_REQUIS_DOC
WhatsApp,Hola hay vacantes para primer grado? Mi niño se llama Juan.,hola hay vacantes para primer grado mi niño se llama juan,ADMIS_VACANTES
Email,"ESTIMADOS, QUISIERA SABER LOS COSTOS DE PRIMER AÑO PARA MI HIJO ELENA.",estimados quisiera saber los costos de primer año para mi hijo elena,ADMIS_COSTOS
Email,Solicito información de pensiones y detalles para primer año. Atte: Lucia.,solicito información de pensiones y detalles para primer año atte lucia,ADMIS_COSTOS
Web,citas de admision para 6to primaria. Mi menor es Sofia.,citas de admision para 6to primaria mi menor es sofia,ADMIS_CITAS
WhatsApp,Hola hay cupos para secundaria? Mi niño se llama Mateo.,hola hay cupos para secundaria mi niño se llama mateo,ADMIS_VACANTES
Email,<p><b>Solicito información de pensiones y detalles para inicial 5 años. Atte: Valentina.</b></p>,solicito información de pensiones y detalles para inicial 5 años atte valentina,ADMIS_COSTOS
Web,documentos para traslado a inicial 5 años. Postulante: Nicolas.,documentos para traslado a inicial 5 años postulante nicolas,ADMIS_REQUIS_DOC
WhatsApp,SABER SI HAY VACANTES EN PRIMER AÑO PARA MATEO. GRACIAS.,saber si hay vacantes en primer año para mateo gracias,ADMIS_VACANTES
WhatsApp,Hola hay cupos para primer grado? Mi niño se llama Camila.,hola hay cupos para primer grado mi niño se llama camila,ADMIS_VACANTES
WhatsApp,Saber si hay espacios en secundaria para Luis. Gracias.,saber si hay espacios en secundaria para luis gracias,ADMIS_VACANTES
Email,<p><b>Solicito información de pensiones y detalles para secundaria. Atte: Luis.</b></p>,solicito información de pensiones y detalles para secundaria atte luis,ADMIS_COSTOS
WhatsApp,Hola hay lugares para primer año? Mi niño se llama Gabriel.,hola hay lugares para primer año mi niño se llama gabriel,ADMIS_VACANTES
WhatsApp,<p><b>Hola hay vacantes para 5to secundaria? Mi niño se llama Lucia.</b></p>,hola hay vacantes para 5to secundaria mi niño se llama lucia,ADMIS_VACANTES
WhatsApp,Hola hay lugares para primer grado? Mi niño se llama Maria.,hola hay lugares para primer grado mi niño se llama maria,ADMIS_VACANTES
WhatsApp,Hola hay lugares para 1ero secundaria? Mi niño se llama Sebastian.,hola hay lugares para 1ero secundaria mi niño se llama sebastian,ADMIS_VACANTES
Web,charlas de admision para secundaria. Mi menor es Maria.,charlas de admision para secundaria mi menor es maria,ADMIS_CITAS
WhatsApp,Saber si hay matrículas disponibles en inicial 3 años para Nicolas. Gracias.,saber si hay matrículas disponibles en inicial 3 años para nicolas gracias,ADMIS_VACANTES
WhatsApp,Saber si hay lugares en primer grado para Lucia. Gracias.,saber si hay lugares en primer grado para lucia gracias,ADMIS_VACANTES
WhatsApp,Hola hay lugares para 1ero primaria? Mi niño se llama Sebastian.,hola hay lugares para 1ero primaria mi niño se llama sebastian,ADMIS_VACANTES
Web,requisitos para traslado a secundaria. Postulante: Camila.,requisitos para traslado a secundaria postulante camila,ADMIS_REQUIS_DOC
Web,charlas de admision para 5to secundaria. Mi menor es Nicolas.,charlas de admision para 5to secundaria mi menor es nicolas,ADMIS_CITAS
Web,papeles para traslado a inicial 3 años. Postulante: Gabriel.,papeles para traslado a inicial 3 años postulante gabriel,ADMIS_REQUIS_DOC
Email,Solicito información de pensiones y detalles para primer año. Atte: Ana.,solicito información de pensiones y detalles para primer año atte ana,ADMIS_COSTOS
Email,Solicito información de cuotas y detalles para 6to primaria. Atte: Luis.,solicito información de cuotas y detalles para 6to primaria atte luis,ADMIS_COSTOS
WhatsApp,SABER SI HAY ESPACIOS EN INICIAL 5 AÑOS PARA JUAN. GRACIAS.,saber si hay espacios en inicial 5 años para juan gracias,ADMIS_VACANTES
Web,papeles para traslado a 5to secundaria. Postulante: Luis.,papeles para traslado a 5to secundaria postulante luis,ADMIS_REQUIS_DOC
Email,"Estimados, quisiera saber los pensiones de 5to secundaria para mi hijo Lucia.",estimados quisiera saber los pensiones de 5to secundaria para mi hijo lucia,ADMIS_COSTOS
Email,<p><b>Solicito información de precios y detalles para inicial 5 años. Atte: Camila.</b></p>,solicito información de precios y detalles para inicial 5 años atte camila,ADMIS_COSTOS
WhatsApp,<p><b>Saber si hay matrículas disponibles en inicial 5 años para Sofia. Gracias.</b></p>,saber si hay matrículas disponibles en inicial 5 años para sofia gracias,ADMIS_VACANTES
Web,documentación para traslado a 5to secundaria. Postulante: Maria.,documentación para traslado a 5to secundaria postulante maria,ADMIS_REQUIS_DOC
Email,Solicito información de precios y detalles para 6to primaria. Atte: Sofia.,solicito información de precios y detalles para 6to primaria atte sofia,ADMIS_COSTOS
Web,charlas de admision para secundaria. Mi menor es Mateo.,charlas de admision para secundaria mi menor es mateo,ADMIS_CITAS
WhatsApp,Saber si hay espacios en inicial 5 años para Camila. Gracias.,saber si hay espacios en inicial 5 años para camila gracias,ADMIS_VACANTES
WhatsApp,Hola hay cupos para 1ero secundaria? Mi niño se llama Elena.,hola hay cupos para 1ero secundaria mi niño se llama elena,ADMIS_VACANTES
Email,Solicito información de pagos y detalles para 5to secundaria. Atte: Luis.,solicito información de pagos y detalles para 5to secundaria atte luis,ADMIS_COSTOS
Web,charlas de admision para inicial 4 años. Mi menor es Juan.,charlas de admision para inicial 4 años mi menor es juan,ADMIS_CITAS
Web,DOCUMENTACIÓN PARA TRASLADO A 1ERO SECUNDARIA. POSTULANTE: LUCIA.,documentación para traslado a 1ero secundaria postulante lucia,ADMIS_REQUIS_DOC
WhatsApp,Saber si hay espacios en 1ero secundaria para Lucia. Gracias.,saber si hay espacios en 1ero secundaria para lucia gracias,ADMIS_VACANTES
Web,citas de admision para inicial 5 años. Mi menor es Ana.,citas de admision para inicial 5 años mi menor es ana,ADMIS_CITAS
Web,DOCUMENTACIÓN PARA TRASLADO A INICIAL 5 AÑOS. POSTULANTE: THIAGO.,documentación para traslado a inicial 5 años postulante thiago,ADMIS_REQUIS_DOC
Email,Solicito información de cuotas y detalles para primer año. Atte: Sebastian.,solicito información de cuotas y detalles para primer año atte sebastian,ADMIS_COSTOS
Web,DOCUMENTOS PARA TRASLADO A PRIMER GRADO. POSTULANTE: SEBASTIAN.,documentos para traslado a primer grado postulante sebastian,ADMIS_REQUIS_DOC
WhatsApp,Saber si hay matrículas disponibles en primer año para Ana. Gracias.,saber si hay matrículas disponibles en primer año para ana gracias,ADMIS_VACANTES
WhatsApp,<p><b>Hola hay lugares para 5to secundaria? Mi niño se llama Elena.</b></p>,hola hay lugares para 5to secundaria mi niño se llama elena,ADMIS_VACANTES
Web,entrevistas de admision para 1ero secundaria. Mi menor es Valentina.,entrevistas de admision para 1ero secundaria mi menor es valentina,ADMIS_CITAS
Web,documentación para traslado a 1ero secundaria. Postulante: Mateo.,documentación para traslado a 1ero secundaria postulante mateo,ADMIS_REQUIS_DOC
Web,reunión de admision para 6to primaria. Mi menor es Nicolas.,reunión de admision para 6to primaria mi menor es nicolas,OTROS
WhatsApp,<p><b>Saber si hay cupos en 1ero secundaria para Thiago. Gracias.</b></p>,saber si hay cupos en 1ero secundaria para thiago gracias,ADMIS_VACANTES
Email,Solicito información de cuotas y detalles para 1ero primaria. Atte: Thiago.,solicito información de cuotas y detalles para 1ero primaria atte thiago,ADMIS_COSTOS
Web,<p><b>requisitos para traslado a 1ero secundaria. Postulante: Valentina.</b></p>,requisitos para traslado a 1ero secundaria postulante valentina,ADMIS_REQUIS_DOC
Web,documentos para traslado a 6to primaria. Postulante: Sebastian.,documentos para traslado a 6to primaria postulante sebastian,ADMIS_REQUIS_DOC
Web,cronograma de admision para 6to primaria. Mi menor es Nicolas.,cronograma de admision para 6to primaria mi menor es nicolas,ADMIS_CITAS
WhatsApp,Hola hay lugares para inicial 3 años? Mi niño se llama Elena.,hola hay lugares para inicial 3 años mi niño se llama elena,ADMIS_VACANTES
Email,"Estimados, quisiera saber los costos de inicial 4 años para mi hijo Juan.",estimados quisiera saber los costos de inicial 4 años para mi hijo juan,ADMIS_COSTOS
Web,CITAS DE ADMISION PARA 5TO SECUNDARIA. MI MENOR ES NICOLAS.,citas de admision para 5to secundaria mi menor es nicolas,ADMIS_CITAS
Email,"Estimados, quisiera saber los costos de inicial 5 años para mi hijo Camila.",estimados quisiera saber los costos de inicial 5 años para mi hijo camila,ADMIS_COSTOS
Web,<p><b>citas de admision para 1ero primaria. Mi menor es Luis.</b></p>,citas de admision para 1ero primaria mi menor es luis,ADMIS_CITAS
Email,Solicito información de mensualidad y detalles para primer grado. Atte: Thiago.,solicito información de mensualidad y detalles para primer grado atte thiago,ADMIS_COSTOS
Web,<p><b>entrevistas de admision para inicial 4 años. Mi menor es Mateo.</b></p>,entrevistas de admision para inicial 4 años mi menor es mateo,ADMIS_CITAS
Email,"Estimados, quisiera saber los pensiones de primer grado para mi hijo Maria.",estimados quisiera saber los pensiones de primer grado para mi hijo maria,ADMIS_COSTOS
WhatsApp,Hola hay matrículas disponibles para inicial 5 años? Mi niño se llama Ana.,hola hay matrículas disponibles para inicial 5 años mi niño se llama ana,ADMIS_VACANTES
Web,<p><b>charlas de admision para inicial 4 años. Mi menor es Luis.</b></p>,charlas de admision para inicial 4 años mi menor es luis,ADMIS_CITAS
Web,cronograma de admision para 5to secundaria. Mi menor es Gabriel.,cronograma de admision para 5to secundaria mi menor es gabriel,ADMIS_CITAS
Email,<p><b>Solicito información de cuotas y detalles para secundaria. Atte: Sofia.</b></p>,solicito información de cuotas y detalles para secundaria atte sofia,ADMIS_COSTOS
Web,documentos para traslado a 5to secundaria. Postulante: Lucia.,documentos para traslado a 5to secundaria postulante lucia,ADMIS_REQUIS_DOC
Web,documentos para traslado a secundaria. Postulante: Nicolas.,documentos para traslado a secundaria postulante nicolas,ADMIS_REQUIS_DOC
Email,"Estimados, quisiera saber los cuotas de 5to secundaria para mi hijo Thiago.",estimados quisiera saber los cuotas de 5to secundaria para mi hijo thiago,ADMIS_COSTOS
Web,CHARLAS DE ADMISION PARA PRIMER AÑO. MI MENOR ES VALENTINA.,charlas de admision para primer año mi menor es valentina,ADMIS_CITAS
Email,Solicito información de costos y detalles para inicial 3 años. Atte: Sofia.,solicito información de costos y detalles para inicial 3 años atte sofia,ADMIS_COSTOS
Email,"Estimados, quisiera saber los precios de 1ero secundaria para mi hijo Lucia.",estimados quisiera saber los precios de 1ero secundaria para mi hijo lucia,ADMIS_COSTOS
WhatsApp,Hola hay lugares para primer año? Mi niño se llama Elena.,hola hay lugares para primer año mi niño se llama elena,ADMIS_VACANTES
Email,Solicito información de pensiones y detalles para 5to secundaria. Atte: Sofia.,solicito información de pensiones y detalles para 5to secundaria atte sofia,ADMIS_COSTOS
Web,reunión de admision para primer año. Mi menor es Nicolas.,reunión de admision para primer año mi menor es nicolas,OTROS
WhatsApp,Saber si hay cupos en inicial 5 años para Maria. Gracias.,saber si hay cupos en inicial 5 años para maria gracias,ADMIS_VACANTES
WhatsApp,Hola hay lugares para 1ero secundaria? Mi niño se llama Lucia.,hola hay lugares para 1ero secundaria mi niño se llama lucia,ADMIS_VACANTES
WhatsApp,Saber si hay espacios en 1ero primaria para Gabriel. Gracias.,saber si hay espacios en 1ero primaria para gabriel gracias,ADMIS_VACANTES
WhatsApp,<p><b>Hola hay vacantes para 5to secundaria? Mi niño se llama Sofia.</b></p>,hola hay vacantes para 5to secundaria mi niño se llama sofia,ADMIS_VACANTES
Web,<p><b>documentos para traslado a 6to primaria. Postulante: Thiago.</b></p>,documentos para traslado a 6to primaria postulante thiago,ADMIS_REQUIS_DOC
WhatsApp,HOLA HAY ESPACIOS PARA 6TO PRIMARIA? MI NIÑO SE LLAMA NICOLAS.,hola hay espacios para 6to primaria mi niño se llama nicolas,ADMIS_VACANTES
WhatsApp,Saber si hay vacantes en primer grado para Maria. Gracias.,saber si hay vacantes en primer grado para maria gracias,ADMIS_VACANTES
Email,SOLICITO INFORMACIÓN DE CUOTAS Y DETALLES PARA INICIAL 4 AÑOS. ATTE: THIAGO.,solicito información de cuotas y detalles para inicial 4 años atte thiago,ADMIS_COSTOS
Email,<p><b>Solicito información de mensualidad y detalles para inicial 4 años. Atte: Camila.</b></p>,solicito información de mensualidad y detalles para inicial 4 años atte camila,ADMIS_COSTOS
Email,"Estimados, quisiera saber los precios de 1ero secundaria para mi hijo Elena.",estimados quisiera saber los precios de 1ero secundaria para mi hijo elena,ADMIS_COSTOS
Email,Solicito información de mensualidad y detalles para inicial 4 años. Atte: Thiago.,solicito información de mensualidad y detalles para inicial 4 años atte thiago,ADMIS_COSTOS
WhatsApp,<p><b>Saber si hay matrículas disponibles en 6to primaria para Mateo. Gracias.</b></p>,saber si hay matrículas disponibles en 6to primaria para mateo gracias,ADMIS_VACANTES
Web,papeles para traslado a primer grado. Postulante: Luis.,papeles para traslado a primer grado postulante luis,ADMIS_REQUIS_DOC
WhatsApp,Hola hay vacantes para primer grado? Mi niño se llama Thiago.,hola hay vacantes para primer grado mi niño se llama thiago,ADMIS_VACANTES
Email,"Estimados, quisiera saber los costos de 1ero primaria para mi hijo Juan.",estimados quisiera saber los costos de 1ero primaria para mi hijo juan,ADMIS_COSTOS
WhatsApp,HOLA HAY ESPACIOS PARA INICIAL 4 AÑOS? MI NIÑO SE LLAMA SOFIA.,hola hay espacios para inicial 4 años mi niño se llama sofia,ADMIS_VACANTES
Email,"Estimados, quisiera saber los mensualidad de inicial 3 años para mi hijo Sebastian.",estimados quisiera saber los mensualidad de inicial 3 años para mi hijo sebastian,ADMIS_COSTOS
Email,"ESTIMADOS, QUISIERA SABER LOS MENSUALIDAD DE 6TO PRIMARIA PARA MI HIJO JUAN.",estimados quisiera saber los mensualidad de 6to primaria para mi hijo juan,ADMIS_COSTOS
Email,"Estimados, quisiera saber los pagos de inicial 5 años para mi hijo Thiago.",estimados quisiera saber los pagos de inicial 5 años para mi hijo thiago,ADMIS_COSTOS
Web,charlas de admision para 6to primaria. Mi menor es Nicolas.,charlas de admision para 6to primaria mi menor es nicolas,ADMIS_CITAS
Web,documentos para traslado a primer año. Postulante: Camila.,documentos para traslado a primer año postulante camila,ADMIS_REQUIS_DOC
WhatsApp,Saber si hay espacios en inicial 5 años para Pedro. Gracias.,saber si hay espacios en inicial 5 años para pedro gracias,ADMIS_VACANTES
WhatsApp,Hola hay lugares para 1ero primaria? Mi niño se llama Thiago.,hola hay lugares para 1ero primaria mi niño se llama thiago,ADMIS_VACANTES
Web,<p><b>charlas de admision para 1ero primaria. Mi menor es Elena.</b></p>,charlas de admision para 1ero primaria mi menor es elena,ADMIS_CITAS
Web,reunión de admision para 6to primaria. Mi menor es Gabriel.,reunión de admision para 6to primaria mi menor es gabriel,OTROS
Web,<p><b>entrevistas de admision para primer grado. Mi menor es Ana.</b></p>,entrevistas de admision para primer grado mi menor es ana,ADMIS_CITAS
Web,<p><b>cronograma de admision para 1ero secundaria. Mi menor es Gabriel.</b></p>,cronograma de admision para 1ero secundaria mi menor es gabriel,ADMIS_CITAS
WhatsApp,Hola hay matrículas disponibles para secundaria? Mi niño se llama Mateo.,hola hay matrículas disponibles para secundaria mi niño se llama mateo,ADMIS_VACANTES
Web,partidas para traslado a 6to primaria. Postulante: Valentina.,partidas para traslado a 6to primaria postulante valentina,ADMIS_REQUIS_DOC
Web,<p><b>partidas para traslado a 1ero secundaria. Postulante: Ana.</b></p>,partidas para traslado a 1ero secundaria postulante ana,ADMIS_REQUIS_DOC
WhatsApp,Hola hay cupos para primer año? Mi niño se llama Lucia.,hola hay cupos para primer año mi niño se llama lucia,ADMIS_VACANTES
WhatsApp,Hola hay cupos para inicial 5 años? Mi niño se llama Maria.,hola hay cupos para inicial 5 años mi niño se llama maria,ADMIS_VACANTES
Email,Solicito información de costos y detalles para 6to primaria. Atte: Gabriel.,solicito información de costos y detalles para 6to primaria atte gabriel,ADMIS_COSTOS
Email,"Estimados, quisiera saber los cuotas de secundaria para mi hijo Nicolas.",estimados quisiera saber los cuotas de secundaria para mi hijo nicolas,ADMIS_COSTOS
Email,"Estimados, quisiera saber los mensualidad de primer año para mi hijo Lucia.",estimados quisiera saber los mensualidad de primer año para mi hijo lucia,ADMIS_COSTOS
Web,requisitos para traslado a 6to primaria. Postulante: Ana.,requisitos para traslado a 6to primaria postulante ana,ADMIS_REQUIS_DOC
WhatsApp,Saber si hay vacantes en inicial 4 años para Mateo. Gracias.,saber si hay vacantes en inicial 4 años para mateo gracias,ADMIS_VACANTES
Email,<p><b>Solicito información de precios y detalles para inicial 3 años. Atte: Luis.</b></p>,solicito información de precios y detalles para inicial 3 años atte luis,ADMIS_COSTOS
Email,<p><b>Solicito información de costos y detalles para 5to secundaria. Atte: Thiago.</b></p>,solicito información de costos y detalles para 5to secundaria atte thiago,ADMIS_COSTOS
WhatsApp,Saber si hay vacantes en secundaria para Camila. Gracias.,saber si hay vacantes en secundaria para camila gracias,ADMIS_VACANTES
Email,<p><b>Solicito información de cuotas y detalles para 5to secundaria. Atte: Ana.</b></p>,solicito información de cuotas y detalles para 5to secundaria atte ana,ADMIS_COSTOS
Email,"Estimados, quisiera saber los pensiones de primer año para mi hijo Maria.",estimados quisiera saber los pensiones de primer año para mi hijo maria,ADMIS_COSTOS
WhatsApp,Saber si hay lugares en 5to secundaria para Sebastian. Gracias.,saber si hay lugares en 5to secundaria para sebastian gracias,ADMIS_VACANTES
Web,reunión de admision para inicial 5 años. Mi menor es Ana.,reunión de admision para inicial 5 años mi menor es ana,OTROS
Web,partidas para traslado a primer grado. Postulante: Thiago.,partidas para traslado a primer grado postulante thiago,ADMIS_REQUIS_DOC
Email,"ESTIMADOS, QUISIERA SABER LOS PRECIOS DE PRIMER AÑO PARA MI HIJO LUCIA.",estimados quisiera saber los precios de primer año para mi hijo lucia,ADMIS_COSTOS
Email,"Estimados, quisiera saber los costos de 6to primaria para mi hijo Valentina.",estimados quisiera saber los costos de 6to primaria para mi hijo valentina,ADMIS_COSTOS
WhatsApp,Hola hay espacios para 6to primaria? Mi niño se llama Maria.,hola hay espacios para 6to primaria mi niño se llama maria,ADMIS_VACANTES
Web,charlas de admision para inicial 4 años. Mi menor es Lucia.,charlas de admision para inicial 4 años mi menor es lucia,ADMIS_CITAS
Web,<p><b>citas de admision para primer grado. Mi menor es Valentina.</b></p>,citas de admision para primer grado mi menor es valentina,ADMIS_CITAS
WhatsApp,Hola hay vacantes para secundaria? Mi niño se llama Elena.,hola hay vacantes para secundaria mi niño se llama elena,ADMIS_VACANTES
Email,"Estimados, quisiera saber los costos de inicial 3 años para mi hijo Gabriel.",estimados quisiera saber los costos de inicial 3 años para mi hijo gabriel,ADMIS_COSTOS
Web,<p><b>partidas para traslado a primer grado. Postulante: Lucia.</b></p>,partidas para traslado a primer grado postulante lucia,ADMIS_REQUIS_DOC
WhatsApp,Saber si hay espacios en 1ero secundaria para Sofia. Gracias.,saber si hay espacios en 1ero secundaria para sofia gracias,ADMIS_VACANTES
WhatsApp,<p><b>Saber si hay espacios en primer año para Thiago. Gracias.</b></p>,saber si hay espacios en primer año para thiago gracias,ADMIS_VACANTES
WhatsApp,SABER SI HAY LUGARES EN 1ERO PRIMARIA PARA SEBASTIAN. GRACIAS.,saber si hay lugares en 1ero primaria para sebastian gracias,ADMIS_VACANTES
Email,"Estimados, quisiera saber los cuotas de primer año para mi hijo Elena.",estimados quisiera saber los cuotas de primer año para mi hijo elena,ADMIS_COSTOS
Email,<p><b>Solicito información de costos y detalles para secundaria. Atte: Sofia.</b></p>,solicito información de costos y detalles para secundaria atte sofia,ADMIS_COSTOS
WhatsApp,Saber si hay lugares en inicial 5 años para Mateo. Gracias.,saber si hay lugares en inicial 5 años para mateo gracias,ADMIS_VACANTES
Email,"<p><b>Estimados, quisiera saber los pensiones de inicial 4 años para mi hijo Mateo.</b></p>",estimados quisiera saber los pensiones de inicial 4 años para mi hijo mateo,ADMIS_COSTOS
WhatsApp,Hola hay matrículas disponibles para 6to primaria? Mi niño se llama Pedro.,hola hay matrículas disponibles para 6to primaria mi niño se llama pedro,ADMIS_VACANTES
WhatsApp,<p><b>Hola hay vacantes para primer año? Mi niño se llama Luis.</b></p>,hola hay vacantes para primer año mi niño se llama luis,ADMIS_VACANTES
WhatsApp,Hola hay espacios para 1ero secundaria? Mi niño se llama Elena.,hola hay espacios para 1ero secundaria mi niño se llama elena,ADMIS_VACANTES
WhatsApp,Saber si hay espacios en inicial 3 años para Thiago. Gracias.,saber si hay espacios en inicial 3 años para thiago gracias,ADMIS_VACANTES
Email,Solicito información de cuotas y detalles para 5to secundaria. Atte: Thiago.,solicito información de cuotas y detalles para 5to secundaria atte thiago,ADMIS_COSTOS
WhatsApp,Saber si hay cupos en inicial 4 años para Sebastian. Gracias.,saber si hay cupos en inicial 4 años para sebastian gracias,ADMIS_VACANTES
Email,<p><b>Solicito información de cuotas y detalles para inicial 3 años. Atte: Elena.</b></p>,solicito información de cuotas y detalles para inicial 3 años atte elena,ADMIS_COSTOS
WhatsApp,SABER SI HAY VACANTES EN 6TO PRIMARIA PARA LUCIA. GRACIAS.,saber si hay vacantes en 6to primaria para lucia gracias,ADMIS_VACANTES
WhatsApp,Saber si hay lugares en 1ero secundaria para Gabriel. Gracias.,saber si hay lugares en 1ero secundaria para gabriel gracias,ADMIS_VACANTES
Web,entrevistas de admision para inicial 4 años. Mi menor es Thiago.,entrevistas de admision para inicial 4 años mi menor es thiago,ADMIS_CITAS
WhatsApp,Saber si hay matrículas disponibles en inicial 3 años para Sofia. Gracias.,saber si hay matrículas disponibles en inicial 3 años para sofia gracias,ADMIS_VACANTES
Email,SOLICITO INFORMACIÓN DE COSTOS Y DETALLES PARA INICIAL 5 AÑOS. ATTE: NICOLAS.,solicito información de costos y detalles para inicial 5 años atte nicolas,ADMIS_COSTOS
Email,Solicito información de cuotas y detalles para 1ero secundaria. Atte: Camila.,solicito información de cuotas y detalles para 1ero secundaria atte camila,ADMIS_COSTOS
Email,Solicito información de precios y detalles para secundaria. Atte: Lucia.,solicito información de precios y detalles para secundaria atte lucia,ADMIS_COSTOS
Web,cronograma de admision para inicial 4 años. Mi menor es Camila.,cronograma de admision para inicial 4 años mi menor es camila,ADMIS_CITAS
Email,Solicito información de cuotas y detalles para 1ero primaria. Atte: Gabriel.,solicito información de cuotas y detalles para 1ero primaria atte gabriel,ADMIS_COSTOS
Web,<p><b>citas de admision para inicial 3 años. Mi menor es Pedro.</b></p>,citas de admision para inicial 3 años mi menor es pedro,ADMIS_CITAS
Email,"ESTIMADOS, QUISIERA SABER LOS MENSUALIDAD DE 5TO SECUNDARIA PARA MI HIJO GABRIEL.",estimados quisiera saber los mensualidad de 5to secundaria para mi hijo gabriel,ADMIS_COSTOS
Email,"Estimados, quisiera saber los mensualidad de 1ero primaria para mi hijo Nicolas.",estimados quisiera saber los mensualidad de 1ero primaria para mi hijo nicolas,ADMIS_COSTOS
WhatsApp,<p><b>Saber si hay vacantes en 1ero secundaria para Maria. Gracias.</b></p>,saber si hay vacantes en 1ero secundaria para maria gracias,ADMIS_VACANTES
WhatsApp,Saber si hay cupos en inicial 5 años para Mateo. Gracias.,saber si hay cupos en inicial 5 años para mateo gracias,ADMIS_VACANTES
WhatsApp,Saber si hay vacantes en inicial 3 años para Thiago. Gracias.,saber si hay vacantes en inicial 3 años para thiago gracias,ADMIS_VACANTES
Web,<p><b>cronograma de admision para secundaria. Mi menor es Thiago.</b></p>,cronograma de admision para secundaria mi menor es thiago,ADMIS_CITAS
Email,Solicito información de precios y detalles para 6to primaria. Atte: Maria.,solicito información de precios y detalles para 6to primaria atte maria,ADMIS_COSTOS
Email,"Estimados, quisiera saber los costos de 1ero secundaria para mi hijo Mateo.",estimados quisiera saber los costos de 1ero secundaria para mi hijo mateo,ADMIS_COSTOS
Web,entrevistas de admision para primer grado. Mi menor es Nicolas.,entrevistas de admision para primer grado mi menor es nicolas,ADMIS_CITAS
WhatsApp,HOLA HAY MATRÍCULAS DISPONIBLES PARA INICIAL 5 AÑOS? MI NIÑO SE LLAMA JUAN.,hola hay matrículas disponibles para inicial 5 años mi niño se llama juan,ADMIS_VACANTES
WhatsApp,Saber si hay espacios en inicial 3 años para Mateo. Gracias.,saber si hay espacios en inicial 3 años para mateo gracias,ADMIS_VACANTES
Web,CHARLAS DE ADMISION PARA PRIMER GRADO. MI MENOR ES LUCIA.,charlas de admision para primer grado mi menor es lucia,ADMIS_CITAS
Web,requisitos para traslado a inicial 4 años. Postulante: Luis.,requisitos para traslado a inicial 4 años postulante luis,ADMIS_REQUIS_DOC
Email,"Estimados, quisiera saber los precios de 6to primaria para mi hijo Gabriel.",estimados quisiera saber los precios de 6to primaria para mi hijo gabriel,ADMIS_COSTOS
Email,"Estimados, quisiera saber los pensiones de inicial 3 años para mi hijo Valentina.",estimados quisiera saber los pensiones de inicial 3 años para mi hijo valentina,ADMIS_COSTOS
Web,partidas para traslado a secundaria. Postulante: Mateo.,partidas para traslado a secundaria postulante mateo,ADMIS_REQUIS_DOC
Web,entrevistas de admision para inicial 3 años. Mi menor es Elena.,entrevistas de admision para inicial 3 años mi menor es elena,ADMIS_CITAS
Email,Solicito información de mensualidad y detalles para 1ero secundaria. Atte: Gabriel.,solicito información de mensualidad y detalles para 1ero secundaria atte gabriel,ADMIS_COSTOS
Email,"<p><b>Estimados, quisiera saber los costos de inicial 4 años para mi hijo Ana.</b></p>",estimados quisiera saber los costos de inicial 4 años para mi hijo ana,ADMIS_COSTOS
WhatsApp,Hola hay matrículas disponibles para inicial 5 años? Mi niño se llama Nicolas.,hola hay matrículas disponibles para inicial 5 años mi niño se llama nicolas,ADMIS_VACANTES
WhatsApp,Saber si hay vacantes en 1ero secundaria para Ana. Gracias.,saber si hay vacantes en 1ero secundaria para ana gracias,ADMIS_VACANTES
Email,"Estimados, quisiera saber los precios de primer grado para mi hijo Thiago.",estimados quisiera saber los precios de primer grado para mi hijo thiago,ADMIS_COSTOS
Email,"Estimados, quisiera saber los cuotas de secundaria para mi hijo Luis.",estimados quisiera saber los cuotas de secundaria para mi hijo luis,ADMIS_COSTOS
WhatsApp,HOLA HAY CUPOS PARA 5TO SECUNDARIA? MI NIÑO SE LLAMA ELENA.,hola hay cupos para 5to secundaria mi niño se llama elena,ADMIS_VACANTES
WhatsApp,Saber si hay vacantes en inicial 4 años para Elena. Gracias.,saber si hay vacantes en inicial 4 años para elena gracias,ADMIS_VACANTES
Web,<p><b>documentación para traslado a 6to primaria. Postulante: Sebastian.</b></p>,documentación para traslado a 6to primaria postulante sebastian,ADMIS_REQUIS_DOC
WhatsApp,<p><b>Saber si hay lugares en primer grado para Thiago. Gracias.</b></p>,saber si hay lugares en primer grado para thiago gracias,ADMIS_VACANTES
WhatsApp,Saber si hay espacios en inicial 4 años para Ana. Gracias.,saber si hay espacios en inicial 4 años para ana gracias,ADMIS_VACANTES
Email,"Estimados, quisiera saber los cuotas de secundaria para mi hijo Valentina.",estimados quisiera saber los cuotas de secundaria para mi hijo valentina,ADMIS_COSTOS
Web,CRONOGRAMA DE ADMISION PARA SECUNDARIA. MI MENOR ES PEDRO.,cronograma de admision para secundaria mi menor es pedro,ADMIS_CITAS
Web,cronograma de admision para inicial 4 años. Mi menor es Nicolas.,cronograma de admision para inicial 4 años mi menor es nicolas,ADMIS_CITAS
Email,Solicito información de mensualidad y detalles para inicial 5 años. Atte: Lucia.,solicito información de mensualidad y detalles para inicial 5 años atte lucia,ADMIS_COSTOS
Email,SOLICITO INFORMACIÓN DE PAGOS Y DETALLES PARA PRIMER AÑO. ATTE: JUAN.,solicito información de pagos y detalles para primer año atte juan,ADMIS_COSTOS
WhatsApp,Hola hay espacios para inicial 5 años? Mi niño se llama Luis.,hola hay espacios para inicial 5 años mi niño se llama luis,ADMIS_VACANTES
Email,"Estimados, quisiera saber los pagos de 1ero secundaria para mi hijo Elena.",estimados quisiera saber los pagos de 1ero secundaria para mi hijo elena,ADMIS_COSTOS
WhatsApp,Saber si hay lugares en 1ero primaria para Thiago. Gracias.,saber si hay lugares en 1ero primaria para thiago gracias,ADMIS_VACANTES
WhatsApp,<p><b>Hola hay espacios para 1ero primaria? Mi niño se llama Elena.</b></p>,hola hay espacios para 1ero primaria mi niño se llama elena,ADMIS_VACANTES
WhatsApp,Saber si hay matrículas disponibles en 5to secundaria para Sofia. Gracias.,saber si hay matrículas disponibles en 5to secundaria para sofia gracias,ADMIS_VACANTES
WhatsApp,Saber si hay lugares en 6to primaria para Gabriel. Gracias.,saber si hay lugares en 6to primaria para gabriel gracias,ADMIS_VACANTES
WhatsApp,HOLA HAY LUGARES PARA PRIMER GRADO? MI NIÑO SE LLAMA THIAGO.,hola hay lugares para primer grado mi niño se llama thiago,ADMIS_VACANTES
WhatsApp,Hola hay vacantes para inicial 5 años? Mi niño se llama Gabriel.,hola hay vacantes para inicial 5 años mi niño se llama gabriel,ADMIS_VACANTES
WhatsApp,Saber si hay vacantes en 1ero secundaria para Gabriel. Gracias.,saber si hay vacantes en 1ero secundaria para gabriel gracias,ADMIS_VACANTES
Email,Solicito información de pensiones y detalles para 5to secundaria. Atte: Ana.,solicito información de pensiones y detalles para 5to secundaria atte ana,ADMIS_COSTOS
Email,"Estimados, quisiera saber los pensiones de inicial 5 años para mi hijo Elena.",estimados quisiera saber los pensiones de inicial 5 años para mi hijo elena,ADMIS_COSTOS
Web,entrevistas de admision para 6to primaria. Mi menor es Sofia.,entrevistas de admision para 6to primaria mi menor es sofia,ADMIS_CITAS
Email,Solicito información de cuotas y detalles para inicial 5 años. Atte: Camila.,solicito información de cuotas y detalles para inicial 5 años atte camila,ADMIS_COSTOS
Web,partidas para traslado a secundaria. Postulante: Pedro.,partidas para traslado a secundaria postulante pedro,ADMIS_REQUIS_DOC
Web,charlas de admision para inicial 3 años. Mi menor es Camila.,charlas de admision para inicial 3 años mi menor es camila,ADMIS_CITAS
WhatsApp,Saber si hay lugares en inicial 3 años para Thiago. Gracias.,saber si hay lugares en inicial 3 años para thiago gracias,ADMIS_VACANTES
WhatsApp,<p><b>Saber si hay cupos en inicial 4 años para Maria. Gracias.</b></p>,saber si hay cupos en inicial 4 años para maria gracias,ADMIS_VACANTES
WhatsApp,SABER SI HAY ESPACIOS EN 1ERO PRIMARIA PARA SOFIA. GRACIAS.,saber si hay espacios en 1ero primaria para sofia gracias,ADMIS_VACANTES
Web,citas de admision para primer año. Mi menor es Luis.,citas de admision para primer año mi menor es luis,ADMIS_CITAS
Web,cronograma de admision para inicial 5 años. Mi menor es Maria.,cronograma de admision para inicial 5 años mi menor es maria,ADMIS_CITAS
WhatsApp,Hola hay vacantes para 5to secundaria? Mi niño se llama Luis.,hola hay vacantes para 5to secundaria mi niño se llama luis,ADMIS_VACANTES
WhatsApp,Saber si hay cupos en 1ero primaria para Camila. Gracias.,saber si hay cupos en 1ero primaria para camila gracias,ADMIS_VACANTES
Web,CHARLAS DE ADMISION PARA SECUNDARIA. MI MENOR ES SEBASTIAN.,charlas de admision para secundaria mi menor es sebastian,ADMIS_CITAS
Email,"Estimados, quisiera saber los cuotas de inicial 4 años para mi hijo Nicolas.",estimados quisiera saber los cuotas de inicial 4 años para mi hijo nicolas,ADMIS_COSTOS
Email,SOLICITO INFORMACIÓN DE CUOTAS Y DETALLES PARA 6TO PRIMARIA. ATTE: NICOLAS.,solicito información de cuotas y detalles para 6to primaria atte nicolas,ADMIS_COSTOS
Email,"Estimados, quisiera saber los precios de inicial 5 años para mi hijo Ana.",estimados quisiera saber los precios de inicial 5 años para mi hijo ana,ADMIS_COSTOS
Web,<p><b>partidas para traslado a inicial 5 años. Postulante: Sofia.</b></p>,partidas para traslado a inicial 5 años postulante sofia,ADMIS_REQUIS_DOC
Web,<p><b>entrevistas de admision para 5to secundaria. Mi menor es Maria.</b></p>,entrevistas de admision para 5to secundaria mi menor es maria,ADMIS_CITAS
WhatsApp,HOLA HAY MATRÍCULAS DISPONIBLES PARA INICIAL 3 AÑOS? MI NIÑO SE LLAMA SEBASTIAN.,hola hay matrículas disponibles para inicial 3 años mi niño se llama sebastian,ADMIS_VACANTES
Web,PARTIDAS PARA TRASLADO A 6TO PRIMARIA. POSTULANTE: MARIA.,partidas para traslado a 6to primaria postulante maria,ADMIS_REQUIS_DOC
Web,partidas para traslado a inicial 4 años. Postulante: Sebastian.,partidas para traslado a inicial 4 años postulante sebastian,ADMIS_REQUIS_DOC
WhatsApp,<p><b>Saber si hay lugares en 1ero primaria para Juan. Gracias.</b></p>,saber si hay lugares en 1ero primaria para juan gracias,ADMIS_VACANTES
WhatsApp,Hola hay cupos para 6to primaria? Mi niño se llama Pedro.,hola hay cupos para 6to primaria mi niño se llama pedro,ADMIS_VACANTES
WhatsApp,Saber si hay lugares en inicial 5 años para Sofia. Gracias.,saber si hay lugares en inicial 5 años para sofia gracias,ADMIS_VACANTES
Email,"<p><b>Estimados, quisiera saber los pensiones de 6to primaria para mi hijo Lucia.</b></p>",estimados quisiera saber los pensiones de 6to primaria para mi hijo lucia,ADMIS_COSTOS
WhatsApp,Saber si hay matrículas disponibles en primer grado para Lucia. Gracias.,saber si hay matrículas disponibles en primer grado para lucia gracias,ADMIS_VACANTES
WhatsApp,Saber si hay vacantes en 1ero primaria para Elena. Gracias.,saber si hay vacantes en 1ero primaria para elena gracias,ADMIS_VACANTES
WhatsApp,HOLA HAY VACANTES PARA PRIMER GRADO? MI NIÑO SE LLAMA LUCIA.,hola hay vacantes para primer grado mi niño se llama lucia,ADMIS_VACANTES
Web,papeles para traslado a 6to primaria. Postulante: Luis.,papeles para traslado a 6to primaria postulante luis,ADMIS_REQUIS_DOC
WhatsApp,<p><b>Hola hay espacios para 5to secundaria? Mi niño se llama Camila.</b></p>,hola hay espacios para 5to secundaria mi niño se llama camila,ADMIS_VACANTES
Web,requisitos para traslado a 5to secundaria. Postulante: Valentina.,requisitos para traslado a 5to secundaria postulante valentina,ADMIS_REQUIS_DOC
Web,reunión de admision para 1ero primaria. Mi menor es Ana.,reunión de admision para 1ero primaria mi menor es ana,OTROS
Email,"Estimados, quisiera saber los cuotas de inicial 4 años para mi hijo Mateo.",estimados quisiera saber los cuotas de inicial 4 años para mi hijo mateo,ADMIS_COSTOS
Web,documentación para traslado a primer grado. Postulante: Mateo.,documentación para traslado a primer grado postulante mateo,ADMIS_REQUIS_DOC
Email,SOLICITO INFORMACIÓN DE PRECIOS Y DETALLES PARA 1ERO PRIMARIA. ATTE: MATEO.,solicito información de precios y detalles para 1ero primaria atte mateo,ADMIS_COSTOS
Email,Solicito información de costos y detalles para 6to primaria. Atte: Valentina.,solicito información de costos y detalles para 6to primaria atte valentina,ADMIS_COSTOS
Email,"Estimados, quisiera saber los pagos de 1ero primaria para mi hijo Luis.",estimados quisiera saber los pagos de 1ero primaria para mi hijo luis,ADMIS_COSTOS
Email,"Estimados, quisiera saber los mensualidad de inicial 4 años para mi hijo Maria.",estimados quisiera saber los mensualidad de inicial 4 años para mi hijo maria,ADMIS_COSTOS
WhatsApp,Hola hay espacios para inicial 3 años? Mi niño se llama Pedro.,hola hay espacios para inicial 3 años mi niño se llama pedro,ADMIS_VACANTES
Email,"Estimados, quisiera saber los costos de 1ero secundaria para mi hijo Thiago.",estimados quisiera saber los costos de 1ero secundaria para mi hijo thiago,ADMIS_COSTOS
WhatsApp,<p><b>Hola hay lugares para inicial 3 años? Mi niño se llama Camila.</b></p>,hola hay lugares para inicial 3 años mi niño se llama camila,ADMIS_VACANTES
WhatsApp,Saber si hay cupos en inicial 3 años para Maria. Gracias.,saber si hay cupos en inicial 3 años para maria gracias,ADMIS_VACANTES
Web,documentación para traslado a secundaria. Postulante: Pedro.,documentación para traslado a secundaria postulante pedro,ADMIS_REQUIS_DOC
Web,requisitos para traslado a secundaria. Postulante: Sebastian.,requisitos para traslado a secundaria postulante sebastian,ADMIS_REQUIS_DOC
Email,Solicito información de mensualidad y detalles para inicial 4 años. Atte: Juan.,solicito información de mensualidad y detalles para inicial 4 años atte juan,ADMIS_COSTOS
WhatsApp,<p><b>Saber si hay espacios en inicial 4 años para Juan. Gracias.</b></p>,saber si hay espacios en inicial 4 años para juan gracias,ADMIS_VACANTES
Email,Solicito información de mensualidad y detalles para 1ero secundaria. Atte: Sebastian.,solicito información de mensualidad y detalles para 1ero secundaria atte sebastian,ADMIS_COSTOS
Email,<p><b>Solicito información de costos y detalles para inicial 3 años. Atte: Luis.</b></p>,solicito información de costos y detalles para inicial 3 años atte luis,ADMIS_COSTOS
Email,Solicito información de pagos y detalles para 1ero primaria. Atte: Lucia.,solicito información de pagos y detalles para 1ero primaria atte lucia,ADMIS_COSTOS
WhatsApp,HOLA HAY CUPOS PARA INICIAL 4 AÑOS? MI NIÑO SE LLAMA SEBASTIAN.,hola hay cupos para inicial 4 años mi niño se llama sebastian,ADMIS_VACANTES
WhatsApp,<p><b>Saber si hay espacios en primer año para Elena. Gracias.</b></p>,saber si hay espacios en primer año para elena gracias,ADMIS_VACANTES
Web,<p><b>entrevistas de admision para inicial 5 años. Mi menor es Elena.</b></p>,entrevistas de admision para inicial 5 años mi menor es elena,ADMIS_CITAS
WhatsApp,<p><b>Hola hay vacantes para inicial 3 años? Mi niño se llama Sebastian.</b></p>,hola hay vacantes para inicial 3 años mi niño se llama sebastian,ADMIS_VACANTES
Email,"Estimados, quisiera saber los mensualidad de primer año para mi hijo Camila.",estimados quisiera saber los mensualidad de primer año para mi hijo camila,ADMIS_COSTOS
WhatsApp,Saber si hay matrículas disponibles en 5to secundaria para Pedro. Gracias.,saber si hay matrículas disponibles en 5to secundaria para pedro gracias,ADMIS_VACANTES
WhatsApp,Hola hay vacantes para primer año? Mi niño se llama Camila.,hola hay vacantes para primer año mi niño se llama camila,ADMIS_VACANTES
Web,papeles para traslado a 1ero primaria. Postulante: Ana.,papeles para traslado a 1ero primaria postulante ana,ADMIS_REQUIS_DOC
Web,REQUISITOS PARA TRASLADO A INICIAL 4 AÑOS. POSTULANTE: ELENA.,requisitos para traslado a inicial 4 años postulante elena,ADMIS_REQUIS_DOC
WhatsApp,<p><b>Hola hay espacios para primer año? Mi niño se llama Camila.</b></p>,hola hay espacios para primer año mi niño se llama camila,ADMIS_VACANTES
Web,<p><b>requisitos para traslado a inicial 5 años. Postulante: Ana.</b></p>,requisitos para traslado a inicial 5 años postulante ana,ADMIS_REQUIS_DOC
Email,"<p><b>Estimados, quisiera saber los precios de secundaria para mi hijo Luis.</b></p>",estimados quisiera saber los precios de secundaria para mi hijo luis,ADMIS_COSTOS
Web,requisitos para traslado a inicial 5 años. Postulante: Gabriel.,requisitos para traslado a inicial 5 años postulante gabriel,ADMIS_REQUIS_DOC
Web,requisitos para traslado a 1ero secundaria. Postulante: Thiago.,requisitos para traslado a 1ero secundaria postulante thiago,ADMIS_REQUIS_DOC
WhatsApp,Hola hay matrículas disponibles para secundaria? Mi niño se llama Gabriel.,hola hay matrículas disponibles para secundaria mi niño se llama gabriel,ADMIS_VACANTES
WhatsApp,Saber si hay lugares en 5to secundaria para Pedro. Gracias.,saber si hay lugares en 5to secundaria para pedro gracias,ADMIS_VACANTES
WhatsApp,Hola hay lugares para primer año? Mi niño se llama Maria.,hola hay lugares para primer año mi niño se llama maria,ADMIS_VACANTES
WhatsApp,SABER SI HAY CUPOS EN 6TO PRIMARIA PARA SEBASTIAN. GRACIAS.,saber si hay cupos en 6to primaria para sebastian gracias,ADMIS_VACANTES
WhatsApp,Hola hay cupos para 1ero primaria? Mi niño se llama Luis.,hola hay cupos para 1ero primaria mi niño se llama luis,ADMIS_VACANTES
WhatsApp,Saber si hay lugares en inicial 3 años para Juan. Gracias.,saber si hay lugares en inicial 3 años para juan gracias,ADMIS_VACANTES
Web,requisitos para traslado a 1ero primaria. Postulante: Gabriel.,requisitos para traslado a 1ero primaria postulante gabriel,ADMIS_REQUIS_DOC
Web,<p><b>documentos para traslado a primer año. Postulante: Valentina.</b></p>,documentos para traslado a primer año postulante valentina,ADMIS_REQUIS_DOC
WhatsApp,HOLA HAY CUPOS PARA INICIAL 3 AÑOS? MI NIÑO SE LLAMA LUCIA.,hola hay cupos para inicial 3 años mi niño se llama lucia,ADMIS_VACANTES
Email,"<p><b>Estimados, quisiera saber los pensiones de inicial 4 años para mi hijo Maria.</b></p>",estimados quisiera saber los pensiones de inicial 4 años para mi hijo maria,ADMIS_COSTOS
Web,PAPELES PARA TRASLADO A SECUNDARIA. POSTULANTE: GABRIEL.,papeles para traslado a secundaria postulante gabriel,ADMIS_REQUIS_DOC
WhatsApp,SABER SI HAY CUPOS EN 1ERO SECUNDARIA PARA ANA. GRACIAS.,saber si hay cupos en 1ero secundaria para ana gracias,ADMIS_VACANTES
Email,SOLICITO INFORMACIÓN DE COSTOS Y DETALLES PARA PRIMER AÑO. ATTE: MATEO.,solicito información de costos y detalles para primer año atte mateo,ADMIS_COSTOS
WhatsApp,Hola hay espacios para secundaria? Mi niño se llama Lucia.,hola hay espacios para secundaria mi niño se llama lucia,ADMIS_VACANTES
Email,"<p><b>Estimados, quisiera saber los pensiones de inicial 4 años para mi hijo Elena.</b></p>",estimados quisiera saber los pensiones de inicial 4 años para mi hijo elena,ADMIS_COSTOS
Web,citas de admision para 1ero primaria. Mi menor es Elena.,citas de admision para 1ero primaria mi menor es elena,ADMIS_CITAS
WhatsApp,HOLA HAY ESPACIOS PARA PRIMER GRADO? MI NIÑO SE LLAMA SOFIA.,hola hay espacios para primer grado mi niño se llama sofia,ADMIS_VACANTES
Web,PARTIDAS PARA TRASLADO A INICIAL 4 AÑOS. POSTULANTE: MARIA.,partidas para traslado a inicial 4 años postulante maria,ADMIS_REQUIS_DOC
WhatsApp,<p><b>Saber si hay lugares en primer año para Maria. Gracias.</b></p>,saber si hay lugares en primer año para maria gracias,ADMIS_VACANTES
Web,REUNIÓN DE ADMISION PARA PRIMER AÑO. MI MENOR ES CAMILA.,reunión de admision para primer año mi menor es camila,OTROS
WhatsApp,Hola hay matrículas disponibles para 5to secundaria? Mi niño se llama Maria.,hola hay matrículas disponibles para 5to secundaria mi niño se llama maria,ADMIS_VACANTES
Web,partidas para traslado a 6to primaria. Postulante: Elena.,partidas para traslado a 6to primaria postulante elena,ADMIS_REQUIS_DOC
Web,cronograma de admision para primer año. Mi menor es Sofia.,cronograma de admision para primer año mi menor es sofia,ADMIS_CITAS
Email,Solicito información de pensiones y detalles para inicial 3 años. Atte: Ana.,solicito información de pensiones y detalles para inicial 3 años atte ana,ADMIS_COSTOS
WhatsApp,Saber si hay vacantes en 6to primaria para Sebastian. Gracias.,saber si hay vacantes en 6to primaria para sebastian gracias,ADMIS_VACANTES
WhatsApp,Saber si hay matrículas disponibles en secundaria para Nicolas. Gracias.,saber si hay matrículas disponibles en secundaria para nicolas gracias,ADMIS_VACANTES
Email,Solicito información de pagos y detalles para 6to primaria. Atte: Ana.,solicito información de pagos y detalles para 6to primaria atte ana,ADMIS_COSTOS
Email,"Estimados, quisiera saber los mensualidad de secundaria para mi hijo Gabriel.",estimados quisiera saber los mensualidad de secundaria para mi hijo gabriel,ADMIS_COSTOS
Web,<p><b>documentación para traslado a 5to secundaria. Postulante: Luis.</b></p>,documentación para traslado a 5to secundaria postulante luis,ADMIS_REQUIS_DOC
WhatsApp,Hola hay cupos para inicial 3 años? Mi niño se llama Pedro.,hola hay cupos para inicial 3 años mi niño se llama pedro,ADMIS_VACANTES
Email,"<p><b>Estimados, quisiera saber los costos de 1ero primaria para mi hijo Camila.</b></p>",estimados quisiera saber los costos de 1ero primaria para mi hijo camila,ADMIS_COSTOS
Web,requisitos para traslado a inicial 5 años. Postulante: Lucia.,requisitos para traslado a inicial 5 años postulante lucia,ADMIS_REQUIS_DOC
Email,SOLICITO INFORMACIÓN DE COSTOS Y DETALLES PARA PRIMER GRADO. ATTE: ELENA.,solicito información de costos y detalles para primer grado atte elena,ADMIS_COSTOS
Email,"<p><b>Estimados, quisiera saber los costos de primer año para mi hijo Juan.</b></p>",estimados quisiera saber los costos de primer año para mi hijo juan,ADMIS_COSTOS
Web,<p><b>documentos para traslado a inicial 3 años. Postulante: Ana.</b></p>,documentos para traslado a inicial 3 años postulante ana,ADMIS_REQUIS_DOC
Web,CRONOGRAMA DE ADMISION PARA SECUNDARIA. MI MENOR ES JUAN.,cronograma de admision para secundaria mi menor es juan,ADMIS_CITAS
Web,papeles para traslado a primer grado. Postulante: Juan.,papeles para traslado a primer grado postulante juan,ADMIS_REQUIS_DOC
Web,documentación para traslado a 5to secundaria. Postulante: Elena.,documentación para traslado a 5to secundaria postulante elena,ADMIS_REQUIS_DOC
Web,reunión de admision para inicial 4 años. Mi menor es Mateo.,reunión de admision para inicial 4 años mi menor es mateo,OTROS
WhatsApp,Hola hay matrículas disponibles para inicial 3 años? Mi niño se llama Ana.,hola hay matrículas disponibles para inicial 3 años mi niño se llama ana,ADMIS_VACANTES
Web,citas de admision para inicial 3 años. Mi menor es Ana.,citas de admision para inicial 3 años mi menor es ana,ADMIS_CITAS
Web,CHARLAS DE ADMISION PARA 6TO PRIMARIA. MI MENOR ES ELENA.,charlas de admision para 6to primaria mi menor es elena,ADMIS_CITAS
WhatsApp,<p><b>Hola hay cupos para 5to secundaria? Mi niño se llama Sofia.</b></p>,hola hay cupos para 5to secundaria mi niño se llama sofia,ADMIS_VACANTES
WhatsApp,Hola hay espacios para 6to primaria? Mi niño se llama Juan.,hola hay espacios para 6to primaria mi niño se llama juan,ADMIS_VACANTES
Email,<p><b>Solicito información de pagos y detalles para secundaria. Atte: Ana.</b></p>,solicito información de pagos y detalles para secundaria atte ana,ADMIS_COSTOS
WhatsApp,Saber si hay espacios en inicial 4 años para Thiago. Gracias.,saber si hay espacios en inicial 4 años para thiago gracias,ADMIS_VACANTES
Email,"Estimados, quisiera saber los costos de primer año para mi hijo Mateo.",estimados quisiera saber los costos de primer año para mi hijo mateo,ADMIS_COSTOS
Web,documentación para traslado a primer año. Postulante: Mateo.,documentación para traslado a primer año postulante mateo,ADMIS_REQUIS_DOC
Email,Solicito información de pensiones y detalles para inicial 3 años. Atte: Pedro.,solicito información de pensiones y detalles para inicial 3 años atte pedro,ADMIS_COSTOS
Email,"Estimados, quisiera saber los pagos de primer grado para mi hijo Nicolas.",estimados quisiera saber los pagos de primer grado para mi hijo nicolas,ADMIS_COSTOS
Email,"Estimados, quisiera saber los mensualidad de primer año para mi hijo Pedro.",estimados quisiera saber los mensualidad de primer año para mi hijo pedro,ADMIS_COSTOS
Email,Solicito información de precios y detalles para secundaria. Atte: Ana.,solicito información de precios y detalles para secundaria atte ana,ADMIS_COSTOS
Web,entrevistas de admision para 1ero secundaria. Mi menor es Sofia.,entrevistas de admision para 1ero secundaria mi menor es sofia,ADMIS_CITAS
Web,requisitos para traslado a inicial 3 años. Postulante: Ana.,requisitos para traslado a inicial 3 años postulante ana,ADMIS_REQUIS_DOC
Web,PARTIDAS PARA TRASLADO A SECUNDARIA. POSTULANTE: SEBASTIAN.,partidas para traslado a secundaria postulante sebastian,ADMIS_REQUIS_DOC
WhatsApp,Saber si hay matrículas disponibles en 5to secundaria para Luis. Gracias.,saber si hay matrículas disponibles en 5to secundaria para luis gracias,ADMIS_VACANTES
Web,<p><b>reunión de admision para 5to secundaria. Mi menor es Thiago.</b></p>,reunión de admision para 5to secundaria mi menor es thiago,OTROS
Email,"Estimados, quisiera saber los precios de primer año para mi hijo Valentina.",estimados quisiera saber los precios de primer año para mi hijo valentina,ADMIS_COSTOS
Web,reunión de admision para inicial 5 años. Mi menor es Pedro.,reunión de admision para inicial 5 años mi menor es pedro,OTROS
WhatsApp,Saber si hay lugares en 1ero secundaria para Sofia. Gracias.,saber si hay lugares en 1ero secundaria para sofia gracias,ADMIS_VACANTES
Email,"Estimados, quisiera saber los costos de 5to secundaria para mi hijo Lucia.",estimados quisiera saber los costos de 5to secundaria para mi hijo lucia,ADMIS_COSTOS
WhatsApp,Hola hay vacantes para primer año? Mi niño se llama Mateo.,hola hay vacantes para primer año mi niño se llama mateo,ADMIS_VACANTES
Email,"Estimados, quisiera saber los costos de primer grado para mi hijo Mateo.",estimados quisiera saber los costos de primer grado para mi hijo mateo,ADMIS_COSTOS
WhatsApp,<p><b>Hola hay cupos para 5to secundaria? Mi niño se llama Ana.</b></p>,hola hay cupos para 5to secundaria mi niño se llama ana,ADMIS_VACANTES
Email,"Estimados, quisiera saber los pagos de inicial 4 años para mi hijo Luis.",estimados quisiera saber los pagos de inicial 4 años para mi hijo luis,ADMIS_COSTOS
Email,Solicito información de pagos y detalles para 1ero secundaria. Atte: Thiago.,solicito información de pagos y detalles para 1ero secundaria atte thiago,ADMIS_COSTOS
WhatsApp,Saber si hay vacantes en inicial 5 años para Luis. Gracias.,saber si hay vacantes en inicial 5 años para luis gracias,ADMIS_VACANTES
Email,Solicito información de cuotas y detalles para 5to secundaria. Atte: Camila.,solicito información de cuotas y detalles para 5to secundaria atte camila,ADMIS_COSTOS
Email,"Estimados, quisiera saber los pensiones de inicial 4 años para mi hijo Valentina.",estimados quisiera saber los pensiones de inicial 4 años para mi hijo valentina,ADMIS_COSTOS
WhatsApp,Saber si hay cupos en primer año para Elena. Gracias.,saber si hay cupos en primer año para elena gracias,ADMIS_VACANTES
WhatsApp,Hola hay espacios para inicial 3 años? Mi niño se llama Valentina.,hola hay espacios para inicial 3 años mi niño se llama valentina,ADMIS_VACANTES
WhatsApp,Hola hay cupos para secundaria? Mi niño se llama Sofia.,hola hay cupos para secundaria mi niño se llama sofia,ADMIS_VACANTES
Email,"ESTIMADOS, QUISIERA SABER LOS PENSIONES DE INICIAL 5 AÑOS PARA MI HIJO PEDRO.",estimados quisiera saber los pensiones de inicial 5 años para mi hijo pedro,ADMIS_COSTOS
Email,"Estimados, quisiera saber los precios de secundaria para mi hijo Nicolas.",estimados quisiera saber los precios de secundaria para mi hijo nicolas,ADMIS_COSTOS
Web,CITAS DE ADMISION PARA 1ERO PRIMARIA. MI MENOR ES CAMILA.,citas de admision para 1ero primaria mi menor es camila,ADMIS_CITAS
Email,<p><b>Solicito información de pagos y detalles para secundaria. Atte: Camila.</b></p>,solicito información de pagos y detalles para secundaria atte camila,ADMIS_COSTOS
Email,Solicito información de pagos y detalles para inicial 5 años. Atte: Sofia.,solicito información de pagos y detalles para inicial 5 años atte sofia,ADMIS_COSTOS
Email,"ESTIMADOS, QUISIERA SABER LOS CUOTAS DE PRIMER AÑO PARA MI HIJO NICOLAS.",estimados quisiera saber los cuotas de primer año para mi hijo nicolas,ADMIS_COSTOS
WhatsApp,Hola hay cupos para primer grado? Mi niño se llama Nicolas.,hola hay cupos para primer grado mi niño se llama nicolas,ADMIS_VACANTES
WhatsApp,HOLA HAY ESPACIOS PARA INICIAL 4 AÑOS? MI NIÑO SE LLAMA PEDRO.,hola hay espacios para inicial 4 años mi niño se llama pedro,ADMIS_VACANTES
Email,SOLICITO INFORMACIÓN DE COSTOS Y DETALLES PARA INICIAL 5 AÑOS. ATTE: VALENTINA.,solicito información de costos y detalles para inicial 5 años atte valentina,ADMIS_COSTOS
WhatsApp,Saber si hay lugares en inicial 4 años para Mateo. Gracias.,saber si hay lugares en inicial 4 años para mateo gracias,ADMIS_VACANTES
WhatsApp,Hola hay vacantes para 1ero primaria? Mi niño se llama Sebastian.,hola hay vacantes para 1ero primaria mi niño se llama sebastian,ADMIS_VACANTES
Email,Solicito información de precios y detalles para inicial 5 años. Atte: Maria.,solicito información de precios y detalles para inicial 5 años atte maria,ADMIS_COSTOS
Web,<p><b>requisitos para traslado a 5to secundaria. Postulante: Luis.</b></p>,requisitos para traslado a 5to secundaria postulante luis,ADMIS_REQUIS_DOC
Email,"Estimados, quisiera saber los costos de primer año para mi hijo Sebastian.",estimados quisiera saber los costos de primer año para mi hijo sebastian,ADMIS_COSTOS
WhatsApp,Hola hay matrículas disponibles para 6to primaria? Mi niño se llama Mateo.,hola hay matrículas disponibles para 6to primaria mi niño se llama mateo,ADMIS_VACANTES
Web,documentos para traslado a inicial 3 años. Postulante: Thiago.,documentos para traslado a inicial 3 años postulante thiago,ADMIS_REQUIS_DOC
Email,"Estimados, quisiera saber los cuotas de inicial 5 años para mi hijo Thiago.",estimados quisiera saber los cuotas de inicial 5 años para mi hijo thiago,ADMIS_COSTOS
WhatsApp,Hola hay cupos para 1ero secundaria? Mi niño se llama Lucia.,hola hay cupos para 1ero secundaria mi niño se llama lucia,ADMIS_VACANTES
WhatsApp,Saber si hay cupos en primer año para Lucia. Gracias.,saber si hay cupos en primer año para lucia gracias,ADMIS_VACANTES
Email,Solicito información de pensiones y detalles para 5to secundaria. Atte: Mateo.,solicito información de pensiones y detalles para 5to secundaria atte mateo,ADMIS_COSTOS
Email,"Estimados, quisiera saber los precios de 1ero secundaria para mi hijo Ana.",estimados quisiera saber los precios de 1ero secundaria para mi hijo ana,ADMIS_COSTOS
WhatsApp,Hola hay vacantes para 6to primaria? Mi niño se llama Lucia.,hola hay vacantes para 6to primaria mi niño se llama lucia,ADMIS_VACANTES
WhatsApp,Saber si hay espacios en 6to primaria para Elena. Gracias.,saber si hay espacios en 6to primaria para elena gracias,ADMIS_VACANTES
WhatsApp,Saber si hay vacantes en secundaria para Ana. Gracias.,saber si hay vacantes en secundaria para ana gracias,ADMIS_VACANTES
Web,<p><b>partidas para traslado a 5to secundaria. Postulante: Mateo.</b></p>,partidas para traslado a 5to secundaria postulante mateo,ADMIS_REQUIS_DOC
WhatsApp,Hola hay cupos para inicial 5 años? Mi niño se llama Sofia.,hola hay cupos para inicial 5 años mi niño se llama sofia,ADMIS_VACANTES
Web,requisitos para traslado a 6to primaria. Postulante: Juan.,requisitos para traslado a 6to primaria postulante juan,ADMIS_REQUIS_DOC
Email,<p><b>Solicito información de costos y detalles para 1ero secundaria. Atte: Valentina.</b></p>,solicito información de costos y detalles para 1ero secundaria atte valentina,ADMIS_COSTOS
Web,requisitos para traslado a secundaria. Postulante: Juan.,requisitos para traslado a secundaria postulante juan,ADMIS_REQUIS_DOC
WhatsApp,Saber si hay lugares en inicial 5 años para Lucia. Gracias.,saber si hay lugares en inicial 5 años para lucia gracias,ADMIS_VACANTES
Email,Solicito información de mensualidad y detalles para 5to secundaria. Atte: Mateo.,solicito información de mensualidad y detalles para 5to secundaria atte mateo,ADMIS_COSTOS
Email,"<p><b>Estimados, quisiera saber los pagos de inicial 3 años para mi hijo Nicolas.</b></p>",estimados quisiera saber los pagos de inicial 3 años para mi hijo nicolas,ADMIS_COSTOS
WhatsApp,Hola hay lugares para primer grado? Mi niño se llama Nicolas.,hola hay lugares para primer grado mi niño se llama nicolas,ADMIS_VACANTES
Email,<p><b>Solicito información de precios y detalles para 6to primaria. Atte: Mateo.</b></p>,solicito información de precios y detalles para 6to primaria atte mateo,ADMIS_COSTOS
WhatsApp,SABER SI HAY ESPACIOS EN 1ERO SECUNDARIA PARA ANA. GRACIAS.,saber si hay espacios en 1ero secundaria para ana gracias,ADMIS_VACANTES
Web,charlas de admision para primer grado. Mi menor es Ana.,charlas de admision para primer grado mi menor es ana,ADMIS_CITAS
Email,"Estimados, quisiera saber los costos de 5to secundaria para mi hijo Elena.",estimados quisiera saber los costos de 5to secundaria para mi hijo elena,ADMIS_COSTOS
Web,papeles para traslado a inicial 3 años. Postulante: Lucia.,papeles para traslado a inicial 3 años postulante lucia,ADMIS_REQUIS_DOC
WhatsApp,Hola hay lugares para 1ero primaria? Mi niño se llama Maria.,hola hay lugares para 1ero primaria mi niño se llama maria,ADMIS_VACANTES
Web,cronograma de admision para primer año. Mi menor es Elena.,cronograma de admision para primer año mi menor es elena,ADMIS_CITAS
WhatsApp,Hola hay vacantes para secundaria? Mi niño se llama Thiago.,hola hay vacantes para secundaria mi niño se llama thiago,ADMIS_VACANTES
Email,Solicito información de mensualidad y detalles para primer grado. Atte: Luis.,solicito información de mensualidad y detalles para primer grado atte luis,ADMIS_COSTOS
WhatsApp,Saber si hay cupos en 5to secundaria para Lucia. Gracias.,saber si hay cupos en 5to secundaria para lucia gracias,ADMIS_VACANTES
Web,charlas de admision para primer grado. Mi menor es Gabriel.,charlas de admision para primer grado mi menor es gabriel,ADMIS_CITAS
Web,entrevistas de admision para secundaria. Mi menor es Camila.,entrevistas de admision para secundaria mi menor es camila,ADMIS_CITAS
Web,<p><b>documentación para traslado a inicial 3 años. Postulante: Elena.</b></p>,documentación para traslado a inicial 3 años postulante elena,ADMIS_REQUIS_DOC
Web,<p><b>partidas para traslado a inicial 3 años. Postulante: Gabriel.</b></p>,partidas para traslado a inicial 3 años postulante gabriel,ADMIS_REQUIS_DOC
WhatsApp,Hola hay cupos para inicial 3 años? Mi niño se llama Nicolas.,hola hay cupos para inicial 3 años mi niño se llama nicolas,ADMIS_VACANTES
Email,"Estimados, quisiera saber los pensiones de 6to primaria para mi hijo Valentina.",estimados quisiera saber los pensiones de 6to primaria para mi hijo valentina,ADMIS_COSTOS
Web,<p><b>reunión de admision para inicial 3 años. Mi menor es Valentina.</b></p>,reunión de admision para inicial 3 años mi menor es valentina,OTROS
Web,charlas de admision para inicial 4 años. Mi menor es Mateo.,charlas de admision para inicial 4 años mi menor es mateo,ADMIS_CITAS
Web,REQUISITOS PARA TRASLADO A 1ERO PRIMARIA. POSTULANTE: VALENTINA.,requisitos para traslado a 1ero primaria postulante valentina,ADMIS_REQUIS_DOC
Email,Solicito información de precios y detalles para secundaria. Atte: Nicolas.,solicito información de precios y detalles para secundaria atte nicolas,ADMIS_COSTOS
Email,Solicito información de mensualidad y detalles para 5to secundaria. Atte: Pedro.,solicito información de mensualidad y detalles para 5to secundaria atte pedro,ADMIS_COSTOS
Email,Solicito información de costos y detalles para primer grado. Atte: Ana.,solicito información de costos y detalles para primer grado atte ana,ADMIS_COSTOS
Web,reunión de admision para 5to secundaria. Mi menor es Mateo.,reunión de admision para 5to secundaria mi menor es mateo,OTROS
Email,Solicito información de pensiones y detalles para primer grado. Atte: Elena.,solicito información de pensiones y detalles para primer grado atte elena,ADMIS_COSTOS
Email,"<p><b>Estimados, quisiera saber los precios de inicial 3 años para mi hijo Luis.</b></p>",estimados quisiera saber los precios de inicial 3 años para mi hijo luis,ADMIS_COSTOS
Email,SOLICITO INFORMACIÓN DE CUOTAS Y DETALLES PARA PRIMER AÑO. ATTE: LUIS.,solicito información de cuotas y detalles para primer año atte luis,ADMIS_COSTOS
Email,Solicito información de costos y detalles para 1ero secundaria. Atte: Elena.,solicito información de costos y detalles para 1ero secundaria atte elena,ADMIS_COSTOS
Web,partidas para traslado a 6to primaria. Postulante: Nicolas.,partidas para traslado a 6to primaria postulante nicolas,ADMIS_REQUIS_DOC
Web,<p><b>requisitos para traslado a primer grado. Postulante: Valentina.</b></p>,requisitos para traslado a primer grado postulante valentina,ADMIS_REQUIS_DOC
WhatsApp,Saber si hay matrículas disponibles en inicial 4 años para Thiago. Gracias.,saber si hay matrículas disponibles en inicial 4 años para thiago gracias,ADMIS_VACANTES
Web,papeles para traslado a primer grado. Postulante: Sebastian.,papeles para traslado a primer grado postulante sebastian,ADMIS_REQUIS_DOC
WhatsApp,Saber si hay matrículas disponibles en primer año para Nicolas. Gracias.,saber si hay matrículas disponibles en primer año para nicolas gracias,ADMIS_VACANTES
Web,papeles para traslado a inicial 4 años. Postulante: Elena.,papeles para traslado a inicial 4 años postulante elena,ADMIS_REQUIS_DOC
Email,"<p><b>Estimados, quisiera saber los precios de 1ero secundaria para mi hijo Camila.</b></p>",estimados quisiera saber los precios de 1ero secundaria para mi hijo camila,ADMIS_COSTOS
WhatsApp,Hola hay matrículas disponibles para 5to secundaria? Mi niño se llama Luis.,hola hay matrículas disponibles para 5to secundaria mi niño se llama luis,ADMIS_VACANTES
Web,documentación para traslado a inicial 4 años. Postulante: Gabriel.,documentación para traslado a inicial 4 años postulante gabriel,ADMIS_REQUIS_DOC
Email,"<p><b>Estimados, quisiera saber los mensualidad de primer grado para mi hijo Juan.</b></p>",estimados quisiera saber los mensualidad de primer grado para mi hijo juan,ADMIS_COSTOS
Web,<p><b>documentación para traslado a secundaria. Postulante: Sofia.</b></p>,documentación para traslado a secundaria postulante sofia,ADMIS_REQUIS_DOC
WhatsApp,Hola hay lugares para inicial 5 años? Mi niño se llama Juan.,hola hay lugares para inicial 5 años mi niño se llama juan,ADMIS_VACANTES
WhatsApp,Hola hay vacantes para primer año? Mi niño se llama Sebastian.,hola hay vacantes para primer año mi niño se llama sebastian,ADMIS_VACANTES
WhatsApp,SABER SI HAY LUGARES EN PRIMER AÑO PARA PEDRO. GRACIAS.,saber si hay lugares en primer año para pedro gracias,ADMIS_VACANTES
Email,"Estimados, quisiera saber los precios de 1ero primaria para mi hijo Thiago.",estimados quisiera saber los precios de 1ero primaria para mi hijo thiago,ADMIS_COSTOS
Email,"Estimados, quisiera saber los costos de 1ero secundaria para mi hijo Luis.",estimados quisiera saber los costos de 1ero secundaria para mi hijo luis,ADMIS_COSTOS
Email,"Estimados, quisiera saber los mensualidad de inicial 5 años para mi hijo Ana.",estimados quisiera saber los mensualidad de inicial 5 años para mi hijo ana,ADMIS_COSTOS
WhatsApp,Saber si hay vacantes en inicial 5 años para Juan. Gracias.,saber si hay vacantes en inicial 5 años para juan gracias,ADMIS_VACANTES
WhatsApp,Saber si hay lugares en inicial 4 años para Thiago. Gracias.,saber si hay lugares en inicial 4 años para thiago gracias,ADMIS_VACANTES
Email,Solicito información de costos y detalles para inicial 4 años. Atte: Maria.,solicito información de costos y detalles para inicial 4 años atte maria,ADMIS_COSTOS
WhatsApp,Saber si hay cupos en 1ero primaria para Luis. Gracias.,saber si hay cupos en 1ero primaria para luis gracias,ADMIS_VACANTES
Web,<p><b>cronograma de admision para primer grado. Mi menor es Maria.</b></p>,cronograma de admision para primer grado mi menor es maria,ADMIS_CITAS
Web,<p><b>citas de admision para inicial 4 años. Mi menor es Luis.</b></p>,citas de admision para inicial 4 años mi menor es luis,ADMIS_CITAS
Email,"ESTIMADOS, QUISIERA SABER LOS MENSUALIDAD DE PRIMER AÑO PARA MI HIJO ELENA.",estimados quisiera saber los mensualidad de primer año para mi hijo elena,ADMIS_COSTOS
WhatsApp,Hola hay cupos para secundaria? Mi niño se llama Nicolas.,hola hay cupos para secundaria mi niño se llama nicolas,ADMIS_VACANTES
WhatsApp,SABER SI HAY VACANTES EN PRIMER AÑO PARA SEBASTIAN. GRACIAS.,saber si hay vacantes en primer año para sebastian gracias,ADMIS_VACANTES
Web,entrevistas de admision para secundaria. Mi menor es Elena.,entrevistas de admision para secundaria mi menor es elena,ADMIS_CITAS
Web,documentos para traslado a inicial 5 años. Postulante: Mateo.,documentos para traslado a inicial 5 años postulante mateo,ADMIS_REQUIS_DOC
Web,papeles para traslado a secundaria. Postulante: Valentina.,papeles para traslado a secundaria postulante valentina,ADMIS_REQUIS_DOC
Web,cronograma de admision para primer grado. Mi menor es Mateo.,cronograma de admision para primer grado mi menor es mateo,ADMIS_CITAS
Web,reunión de admision para 5to secundaria. Mi menor es Lucia.,reunión de admision para 5to secundaria mi menor es lucia,OTROS
Web,requisitos para traslado a secundaria. Postulante: Lucia.,requisitos para traslado a secundaria postulante lucia,ADMIS_REQUIS_DOC
Web,CHARLAS DE ADMISION PARA INICIAL 5 AÑOS. MI MENOR ES ELENA.,charlas de admision para inicial 5 años mi menor es elena,ADMIS_CITAS
Email,<p><b>Solicito información de pagos y detalles para secundaria. Atte: Sebastian.</b></p>,solicito información de pagos y detalles para secundaria atte sebastian,ADMIS_COSTOS
Email,"ESTIMADOS, QUISIERA SABER LOS MENSUALIDAD DE 5TO SECUNDARIA PARA MI HIJO JUAN.",estimados quisiera saber los mensualidad de 5to secundaria para mi hijo juan,ADMIS_COSTOS
WhatsApp,Hola hay espacios para inicial 4 años? Mi niño se llama Luis.,hola hay espacios para inicial 4 años mi niño se llama luis,ADMIS_VACANTES
Web,charlas de admision para 1ero secundaria. Mi menor es Nicolas.,charlas de admision para 1ero secundaria mi menor es nicolas,ADMIS_CITAS
Web,<p><b>entrevistas de admision para 5to secundaria. Mi menor es Lucia.</b></p>,entrevistas de admision para 5to secundaria mi menor es lucia,ADMIS_CITAS
WhatsApp,Saber si hay matrículas disponibles en 1ero secundaria para Elena. Gracias.,saber si hay matrículas disponibles en 1ero secundaria para elena gracias,ADMIS_VACANTES
Email,"Estimados, quisiera saber los costos de inicial 4 años para mi hijo Nicolas.",estimados quisiera saber los costos de inicial 4 años para mi hijo nicolas,ADMIS_COSTOS
Web,requisitos para traslado a inicial 3 años. Postulante: Pedro.,requisitos para traslado a inicial 3 años postulante pedro,ADMIS_REQUIS_DOC
Web,charlas de admision para 5to secundaria. Mi menor es Juan.,charlas de admision para 5to secundaria mi menor es juan,ADMIS_CITAS
WhatsApp,SABER SI HAY VACANTES EN 5TO SECUNDARIA PARA PEDRO. GRACIAS.,saber si hay vacantes en 5to secundaria para pedro gracias,ADMIS_VACANTES
Web,partidas para traslado a 5to secundaria. Postulante: Juan.,partidas para traslado a 5to secundaria postulante juan,ADMIS_REQUIS_DOC
WhatsApp,Hola hay cupos para secundaria? Mi niño se llama Juan.,hola hay cupos para secundaria mi niño se llama juan,ADMIS_VACANTES
Web,CITAS DE ADMISION PARA 1ERO SECUNDARIA. MI MENOR ES MATEO.,citas de admision para 1ero secundaria mi menor es mateo,ADMIS_CITAS
Email,"Estimados, quisiera saber los precios de 1ero primaria para mi hijo Sebastian.",estimados quisiera saber los precios de 1ero primaria para mi hijo sebastian,ADMIS_COSTOS
WhatsApp,<p><b>Hola hay matrículas disponibles para 1ero secundaria? Mi niño se llama Elena.</b></p>,hola hay matrículas disponibles para 1ero secundaria mi niño se llama elena,ADMIS_VACANTES
WhatsApp,Hola hay espacios para 1ero secundaria? Mi niño se llama Valentina.,hola hay espacios para 1ero secundaria mi niño se llama valentina,ADMIS_VACANTES
Web,requisitos para traslado a secundaria. Postulante: Gabriel.,requisitos para traslado a secundaria postulante gabriel,ADMIS_REQUIS_DOC
WhatsApp,HOLA HAY ESPACIOS PARA INICIAL 5 AÑOS? MI NIÑO SE LLAMA THIAGO.,hola hay espacios para inicial 5 años mi niño se llama thiago,ADMIS_VACANTES
Email,Solicito información de precios y detalles para 1ero secundaria. Atte: Pedro.,solicito información de precios y detalles para 1ero secundaria atte pedro,ADMIS_COSTOS
Web,<p><b>papeles para traslado a 1ero primaria. Postulante: Juan.</b></p>,papeles para traslado a 1ero primaria postulante juan,ADMIS_REQUIS_DOC
WhatsApp,Hola hay lugares para primer grado? Mi niño se llama Juan.,hola hay lugares para primer grado mi niño se llama juan,ADMIS_VACANTES
Web,DOCUMENTACIÓN PARA TRASLADO A 6TO PRIMARIA. POSTULANTE: VALENTINA.,documentación para traslado a 6to primaria postulante valentina,ADMIS_REQUIS_DOC
Web,charlas de admision para inicial 5 años. Mi menor es Mateo.,charlas de admision para inicial 5 años mi menor es mateo,ADMIS_CITAS
Web,citas de admision para 6to primaria. Mi menor es Gabriel.,citas de admision para 6to primaria mi menor es gabriel,ADMIS_CITAS
Web,reunión de admision para 1ero primaria. Mi menor es Gabriel.,reunión de admision para 1ero primaria mi menor es gabriel,OTROS
Email,"ESTIMADOS, QUISIERA SABER LOS CUOTAS DE 1ERO PRIMARIA PARA MI HIJO GABRIEL.",estimados quisiera saber los cuotas de 1ero primaria para mi hijo gabriel,ADMIS_COSTOS
WhatsApp,SABER SI HAY CUPOS EN PRIMER GRADO PARA SEBASTIAN. GRACIAS.,saber si hay cupos en primer grado para sebastian gracias,ADMIS_VACANTES
WhatsApp,SABER SI HAY CUPOS EN 6TO PRIMARIA PARA CAMILA. GRACIAS.,saber si hay cupos en 6to primaria para camila gracias,ADMIS_VACANTES
Email,Solicito información de cuotas y detalles para primer grado. Atte: Valentina.,solicito información de cuotas y detalles para primer grado atte valentina,ADMIS_COSTOS
Email,Solicito información de cuotas y detalles para secundaria. Atte: Nicolas.,solicito información de cuotas y detalles para secundaria atte nicolas,ADMIS_COSTOS
WhatsApp,Saber si hay vacantes en 5to secundaria para Ana. Gracias.,saber si hay vacantes en 5to secundaria para ana gracias,ADMIS_VACANTES
WhatsApp,Saber si hay cupos en inicial 4 años para Thiago. Gracias.,saber si hay cupos en inicial 4 años para thiago gracias,ADMIS_VACANTES
Email,Solicito información de cuotas y detalles para 5to secundaria. Atte: Mateo.,solicito información de cuotas y detalles para 5to secundaria atte mateo,ADMIS_COSTOS
Web,cronograma de admision para 6to primaria. Mi menor es Gabriel.,cronograma de admision para 6to primaria mi menor es gabriel,ADMIS_CITAS
Email,"ESTIMADOS, QUISIERA SABER LOS PRECIOS DE PRIMER AÑO PARA MI HIJO GABRIEL.",estimados quisiera saber los precios de primer año para mi hijo gabriel,ADMIS_COSTOS
Email,"Estimados, quisiera saber los mensualidad de 1ero secundaria para mi hijo Maria.",estimados quisiera saber los mensualidad de 1ero secundaria para mi hijo maria,ADMIS_COSTOS
WhatsApp,SABER SI HAY MATRÍCULAS DISPONIBLES EN 6TO PRIMARIA PARA SOFIA. GRACIAS.,saber si hay matrículas disponibles en 6to primaria para sofia gracias,ADMIS_VACANTES
Email,"<p><b>Estimados, quisiera saber los mensualidad de inicial 5 años para mi hijo Juan.</b></p>",estimados quisiera saber los mensualidad de inicial 5 años para mi hijo juan,ADMIS_COSTOS
WhatsApp,<p><b>Saber si hay cupos en secundaria para Luis. Gracias.</b></p>,saber si hay cupos en secundaria para luis gracias,ADMIS_VACANTES
Email,"<p><b>Estimados, quisiera saber los pensiones de 5to secundaria para mi hijo Camila.</b></p>",estimados quisiera saber los pensiones de 5to secundaria para mi hijo camila,ADMIS_COSTOS
Web,papeles para traslado a 1ero secundaria. Postulante: Gabriel.,papeles para traslado a 1ero secundaria postulante gabriel,ADMIS_REQUIS_DOC
Email,SOLICITO INFORMACIÓN DE CUOTAS Y DETALLES PARA PRIMER AÑO. ATTE: NICOLAS.,solicito información de cuotas y detalles para primer año atte nicolas,ADMIS_COSTOS
WhatsApp,<p><b>Hola hay cupos para inicial 4 años? Mi niño se llama Mateo.</b></p>,hola hay cupos para inicial 4 años mi niño se llama mateo,ADMIS_VACANTES
WhatsApp,Hola hay lugares para 6to primaria? Mi niño se llama Pedro.,hola hay lugares para 6to primaria mi niño se llama pedro,ADMIS_VACANTES
Web,requisitos para traslado a inicial 3 años. Postulante: Elena.,requisitos para traslado a inicial 3 años postulante elena,ADMIS_REQUIS_DOC
WhatsApp,Saber si hay cupos en 5to secundaria para Gabriel. Gracias.,saber si hay cupos en 5to secundaria para gabriel gracias,ADMIS_VACANTES
Web,documentos para traslado a 1ero secundaria. Postulante: Valentina.,documentos para traslado a 1ero secundaria postulante valentina,ADMIS_REQUIS_DOC
WhatsApp,Hola hay vacantes para primer año? Mi niño se llama Gabriel.,hola hay vacantes para primer año mi niño se llama gabriel,ADMIS_VACANTES
Email,<p><b>Solicito información de pagos y detalles para secundaria. Atte: Nicolas.</b></p>,solicito información de pagos y detalles para secundaria atte nicolas,ADMIS_COSTOS
Web,cronograma de admision para inicial 3 años. Mi menor es Lucia.,cronograma de admision para inicial 3 años mi menor es lucia,ADMIS_CITAS
Web,charlas de admision para inicial 3 años. Mi menor es Lucia.,charlas de admision para inicial 3 años mi menor es lucia,ADMIS_CITAS
Web,charlas de admision para primer grado. Mi menor es Elena.,charlas de admision para primer grado mi menor es elena,ADMIS_CITAS
WhatsApp,Hola hay espacios para primer grado? Mi niño se llama Gabriel.,hola hay espacios para primer grado mi niño se llama gabriel,ADMIS_VACANTES
WhatsApp,Hola hay cupos para 6to primaria? Mi niño se llama Sebastian.,hola hay cupos para 6to primaria mi niño se llama sebastian,ADMIS_VACANTES
Email,<p><b>Solicito información de pensiones y detalles para primer grado. Atte: Lucia.</b></p>,solicito información de pensiones y detalles para primer grado atte lucia,ADMIS_COSTOS
Email,Solicito información de mensualidad y detalles para inicial 3 años. Atte: Ana.,solicito información de mensualidad y detalles para inicial 3 años atte ana,ADMIS_COSTOS
Web,citas de admision para secundaria. Mi menor es Elena.,citas de admision para secundaria mi menor es elena,ADMIS_CITAS
Email,SOLICITO INFORMACIÓN DE MENSUALIDAD Y DETALLES PARA 1ERO SECUNDARIA. ATTE: MARIA.,solicito información de mensualidad y detalles para 1ero secundaria atte maria,ADMIS_COSTOS
WhatsApp,<p><b>Hola hay vacantes para 1ero secundaria? Mi niño se llama Valentina.</b></p>,hola hay vacantes para 1ero secundaria mi niño se llama valentina,ADMIS_VACANTES
Web,PARTIDAS PARA TRASLADO A 5TO SECUNDARIA. POSTULANTE: ELENA.,partidas para traslado a 5to secundaria postulante elena,ADMIS_REQUIS_DOC
Email,Solicito información de costos y detalles para inicial 3 años. Atte: Gabriel.,solicito información de costos y detalles para inicial 3 años atte gabriel,ADMIS_COSTOS
WhatsApp,<p><b>Hola hay vacantes para inicial 5 años? Mi niño se llama Ana.</b></p>,hola hay vacantes para inicial 5 años mi niño se llama ana,ADMIS_VACANTES
Web,citas de admision para 5to secundaria. Mi menor es Sebastian.,citas de admision para 5to secundaria mi menor es sebastian,ADMIS_CITAS
Email,"<p><b>Estimados, quisiera saber los pagos de inicial 5 años para mi hijo Pedro.</b></p>",estimados quisiera saber los pagos de inicial 5 años para mi hijo pedro,ADMIS_COSTOS
Web,reunión de admision para secundaria. Mi menor es Luis.,reunión de admision para secundaria mi menor es luis,OTROS
Web,CHARLAS DE ADMISION PARA INICIAL 5 AÑOS. MI MENOR ES LUIS.,charlas de admision para inicial 5 años mi menor es luis,ADMIS_CITAS
Web,entrevistas de admision para 1ero secundaria. Mi menor es Luis.,entrevistas de admision para 1ero secundaria mi menor es luis,ADMIS_CITAS
Email,"<p><b>Estimados, quisiera saber los cuotas de inicial 4 años para mi hijo Camila.</b></p>",estimados quisiera saber los cuotas de inicial 4 años para mi hijo camila,ADMIS_COSTOS
WhatsApp,HOLA HAY CUPOS PARA 6TO PRIMARIA? MI NIÑO SE LLAMA MARIA.,hola hay cupos para 6to primaria mi niño se llama maria,ADMIS_VACANTES
Email,"Estimados, quisiera saber los cuotas de 5to secundaria para mi hijo Luis.",estimados quisiera saber los cuotas de 5to secundaria para mi hijo luis,ADMIS_COSTOS
Email,Solicito información de pagos y detalles para 6to primaria. Atte: Elena.,solicito información de pagos y detalles para 6to primaria atte elena,ADMIS_COSTOS
Email,Solicito información de cuotas y detalles para inicial 5 años. Atte: Gabriel.,solicito información de cuotas y detalles para inicial 5 años atte gabriel,ADMIS_COSTOS
Web,<p><b>reunión de admision para 1ero secundaria. Mi menor es Camila.</b></p>,reunión de admision para 1ero secundaria mi menor es camila,OTROS
WhatsApp,Hola hay lugares para 1ero primaria? Mi niño se llama Elena.,hola hay lugares para 1ero primaria mi niño se llama elena,ADMIS_VACANTES
Email,Solicito información de pensiones y detalles para 1ero secundaria. Atte: Camila.,solicito información de pensiones y detalles para 1ero secundaria atte camila,ADMIS_COSTOS
Web,requisitos para traslado a secundaria. Postulante: Elena.,requisitos para traslado a secundaria postulante elena,ADMIS_REQUIS_DOC
WhatsApp,SABER SI HAY LUGARES EN INICIAL 5 AÑOS PARA THIAGO. GRACIAS.,saber si hay lugares en inicial 5 años para thiago gracias,ADMIS_VACANTES
Email,"Estimados, quisiera saber los pensiones de 1ero secundaria para mi hijo Ana.",estimados quisiera saber los pensiones de 1ero secundaria para mi hijo ana,ADMIS_COSTOS
Email,"Estimados, quisiera saber los pensiones de 5to secundaria para mi hijo Maria.",estimados quisiera saber los pensiones de 5to secundaria para mi hijo maria,ADMIS_COSTOS
Web,cronograma de admision para 5to secundaria. Mi menor es Thiago.,cronograma de admision para 5to secundaria mi menor es thiago,ADMIS_CITAS
WhatsApp,Saber si hay matrículas disponibles en 5to secundaria para Mateo. Gracias.,saber si hay matrículas disponibles en 5to secundaria para mateo gracias,ADMIS_VACANTES
Web,cronograma de admision para primer grado. Mi menor es Nicolas.,cronograma de admision para primer grado mi menor es nicolas,ADMIS_CITAS
WhatsApp,Hola hay lugares para secundaria? Mi niño se llama Mateo.,hola hay lugares para secundaria mi niño se llama mateo,ADMIS_VACANTES
Web,requisitos para traslado a inicial 4 años. Postulante: Lucia.,requisitos para traslado a inicial 4 años postulante lucia,ADMIS_REQUIS_DOC
Email,Solicito información de costos y detalles para 6to primaria. Atte: Camila.,solicito información de costos y detalles para 6to primaria atte camila,ADMIS_COSTOS
Email,"ESTIMADOS, QUISIERA SABER LOS CUOTAS DE INICIAL 3 AÑOS PARA MI HIJO ELENA.",estimados quisiera saber los cuotas de inicial 3 años para mi hijo elena,ADMIS_COSTOS
Email,"Estimados, quisiera saber los cuotas de inicial 4 años para mi hijo Ana.",estimados quisiera saber los cuotas de inicial 4 años para mi hijo ana,ADMIS_COSTOS
Web,reunión de admision para secundaria. Mi menor es Juan.,reunión de admision para secundaria mi menor es juan,OTROS
Email,"ESTIMADOS, QUISIERA SABER LOS PAGOS DE 6TO PRIMARIA PARA MI HIJO MARIA.",estimados quisiera saber los pagos de 6to primaria para mi hijo maria,ADMIS_COSTOS
Web,<p><b>documentos para traslado a 1ero secundaria. Postulante: Maria.</b></p>,documentos para traslado a 1ero secundaria postulante maria,ADMIS_REQUIS_DOC
WhatsApp,Hola hay lugares para primer año? Mi niño se llama Sofia.,hola hay lugares para primer año mi niño se llama sofia,ADMIS_VACANTES
Email,"<p><b>Estimados, quisiera saber los cuotas de inicial 5 años para mi hijo Nicolas.</b></p>",estimados quisiera saber los cuotas de inicial 5 años para mi hijo nicolas,ADMIS_COSTOS
WhatsApp,Saber si hay matrículas disponibles en 6to primaria para Elena. Gracias.,saber si hay matrículas disponibles en 6to primaria para elena gracias,ADMIS_VACANTES
WhatsApp,<p><b>Saber si hay vacantes en 5to secundaria para Lucia. Gracias.</b></p>,saber si hay vacantes en 5to secundaria para lucia gracias,ADMIS_VACANTES
WhatsApp,Saber si hay matrículas disponibles en inicial 5 años para Nicolas. Gracias.,saber si hay matrículas disponibles en inicial 5 años para nicolas gracias,ADMIS_VACANTES
Email,"Estimados, quisiera saber los mensualidad de 5to secundaria para mi hijo Sofia.",estimados quisiera saber los mensualidad de 5to secundaria para mi hijo sofia,ADMIS_COSTOS
Email,Solicito información de precios y detalles para inicial 5 años. Atte: Mateo.,solicito información de precios y detalles para inicial 5 años atte mateo,ADMIS_COSTOS
Email,"Estimados, quisiera saber los cuotas de primer grado para mi hijo Elena.",estimados quisiera saber los cuotas de primer grado para mi hijo elena,ADMIS_COSTOS
WhatsApp,Saber si hay matrículas disponibles en primer año para Lucia. Gracias.,saber si hay matrículas disponibles en primer año para lucia gracias,ADMIS_VACANTES
Email,"Estimados, quisiera saber los costos de inicial 3 años para mi hijo Elena.",estimados quisiera saber los costos de inicial 3 años para mi hijo elena,ADMIS_COSTOS
Web,requisitos para traslado a inicial 4 años. Postulante: Mateo.,requisitos para traslado a inicial 4 años postulante mateo,ADMIS_REQUIS_DOC
Web,<p><b>documentación para traslado a inicial 3 años. Postulante: Juan.</b></p>,documentación para traslado a inicial 3 años postulante juan,ADMIS_REQUIS_DOC
Email,<p><b>Solicito información de cuotas y detalles para 5to secundaria. Atte: Elena.</b></p>,solicito información de cuotas y detalles para 5to secundaria atte elena,ADMIS_COSTOS
Email,"Estimados, quisiera saber los pagos de 5to secundaria para mi hijo Gabriel.",estimados quisiera saber los pagos de 5to secundaria para mi hijo gabriel,ADMIS_COSTOS
WhatsApp,Saber si hay vacantes en secundaria para Maria. Gracias.,saber si hay vacantes en secundaria para maria gracias,ADMIS_VACANTES
Email,Solicito información de precios y detalles para inicial 3 años. Atte: Gabriel.,solicito información de precios y detalles para inicial 3 años atte gabriel,ADMIS_COSTOS
Web,entrevistas de admision para 5to secundaria. Mi menor es Thiago.,entrevistas de admision para 5to secundaria mi menor es thiago,ADMIS_CITAS
Email,Solicito información de cuotas y detalles para 6to primaria. Atte: Pedro.,solicito información de cuotas y detalles para 6to primaria atte pedro,ADMIS_COSTOS
WhatsApp,Saber si hay cupos en inicial 3 años para Camila. Gracias.,saber si hay cupos en inicial 3 años para camila gracias,ADMIS_VACANTES
Email,"Estimados, quisiera saber los mensualidad de 5to secundaria para mi hijo Maria.",estimados quisiera saber los mensualidad de 5to secundaria para mi hijo maria,ADMIS_COSTOS
WhatsApp,<p><b>Hola hay cupos para 1ero primaria? Mi niño se llama Valentina.</b></p>,hola hay cupos para 1ero primaria mi niño se llama valentina,ADMIS_VACANTES
WhatsApp,<p><b>Saber si hay vacantes en primer año para Gabriel. Gracias.</b></p>,saber si hay vacantes en primer año para gabriel gracias,ADMIS_VACANTES
Email,"ESTIMADOS, QUISIERA SABER LOS CUOTAS DE SECUNDARIA PARA MI HIJO ANA.",estimados quisiera saber los cuotas de secundaria para mi hijo ana,ADMIS_COSTOS
WhatsApp,Hola hay matrículas disponibles para 5to secundaria? Mi niño se llama Nicolas.,hola hay matrículas disponibles para 5to secundaria mi niño se llama nicolas,ADMIS_VACANTES
WhatsApp,Saber si hay espacios en 6to primaria para Sebastian. Gracias.,saber si hay espacios en 6to primaria para sebastian gracias,ADMIS_VACANTES
Web,reunión de admision para 1ero primaria. Mi menor es Sebastian.,reunión de admision para 1ero primaria mi menor es sebastian,OTROS
Web,DOCUMENTACIÓN PARA TRASLADO A PRIMER GRADO. POSTULANTE: LUIS.,documentación para traslado a primer grado postulante luis,ADMIS_REQUIS_DOC
WhatsApp,Saber si hay espacios en inicial 5 años para Maria. Gracias.,saber si hay espacios en inicial 5 años para maria gracias,ADMIS_VACANTES
Web,CITAS DE ADMISION PARA 6TO PRIMARIA. MI MENOR ES THIAGO.,citas de admision para 6to primaria mi menor es thiago,ADMIS_CITAS
Email,"<p><b>Estimados, quisiera saber los cuotas de inicial 3 años para mi hijo Pedro.</b></p>",estimados quisiera saber los cuotas de inicial 3 años para mi hijo pedro,ADMIS_COSTOS
WhatsApp,Saber si hay vacantes en 1ero primaria para Maria. Gracias.,saber si hay vacantes en 1ero primaria para maria gracias,ADMIS_VACANTES
Web,<p><b>partidas para traslado a 5to secundaria. Postulante: Thiago.</b></p>,partidas para traslado a 5to secundaria postulante thiago,ADMIS_REQUIS_DOC
Web,reunión de admision para 1ero secundaria. Mi menor es Maria.,reunión de admision para 1ero secundaria mi menor es maria,OTROS
Email,"Estimados, quisiera saber los pagos de inicial 4 años para mi hijo Elena.",estimados quisiera saber los pagos de inicial 4 años para mi hijo elena,ADMIS_COSTOS
Email,"ESTIMADOS, QUISIERA SABER LOS COSTOS DE SECUNDARIA PARA MI HIJO JUAN.",estimados quisiera saber los costos de secundaria para mi hijo juan,ADMIS_COSTOS
Web,<p><b>requisitos para traslado a inicial 3 años. Postulante: Mateo.</b></p>,requisitos para traslado a inicial 3 años postulante mateo,ADMIS_REQUIS_DOC
Web,charlas de admision para primer año. Mi menor es Elena.,charlas de admision para primer año mi menor es elena,ADMIS_CITAS
WhatsApp,Saber si hay espacios en primer grado para Pedro. Gracias.,saber si hay espacios en primer grado para pedro gracias,ADMIS_VACANTES
Email,"Estimados, quisiera saber los pagos de 5to secundaria para mi hijo Nicolas.",estimados quisiera saber los pagos de 5to secundaria para mi hijo nicolas,ADMIS_COSTOS
Email,Solicito información de costos y detalles para secundaria. Atte: Maria.,solicito información de costos y detalles para secundaria atte maria,ADMIS_COSTOS
Email,"ESTIMADOS, QUISIERA SABER LOS MENSUALIDAD DE 1ERO SECUNDARIA PARA MI HIJO MATEO.",estimados quisiera saber los mensualidad de 1ero secundaria para mi hijo mateo,ADMIS_COSTOS
WhatsApp,Saber si hay cupos en 1ero secundaria para Pedro. Gracias.,saber si hay cupos en 1ero secundaria para pedro gracias,ADMIS_VACANTES
WhatsApp,Hola hay matrículas disponibles para primer año? Mi niño se llama Sofia.,hola hay matrículas disponibles para primer año mi niño se llama sofia,ADMIS_VACANTES
Web,requisitos para traslado a 6to primaria. Postulante: Sofia.,requisitos para traslado a 6to primaria postulante sofia,ADMIS_REQUIS_DOC
Web,REQUISITOS PARA TRASLADO A PRIMER GRADO. POSTULANTE: GABRIEL.,requisitos para traslado a primer grado postulante gabriel,ADMIS_REQUIS_DOC
Email,"Estimados, quisiera saber los precios de primer año para mi hijo Juan.",estimados quisiera saber los precios de primer año para mi hijo juan,ADMIS_COSTOS
WhatsApp,<p><b>Hola hay lugares para inicial 4 años? Mi niño se llama Maria.</b></p>,hola hay lugares para inicial 4 años mi niño se llama maria,ADMIS_VACANTES
Email,"Estimados, quisiera saber los precios de 1ero primaria para mi hijo Nicolas.",estimados quisiera saber los precios de 1ero primaria para mi hijo nicolas,ADMIS_COSTOS
WhatsApp,Saber si hay cupos en inicial 4 años para Camila. Gracias.,saber si hay cupos en inicial 4 años para camila gracias,ADMIS_VACANTES
WhatsApp,Saber si hay espacios en 6to primaria para Nicolas. Gracias.,saber si hay espacios en 6to primaria para nicolas gracias,ADMIS_VACANTES
Email,"Estimados, quisiera saber los pagos de 1ero primaria para mi hijo Pedro.",estimados quisiera saber los pagos de 1ero primaria para mi hijo pedro,ADMIS_COSTOS
Web,REUNIÓN DE ADMISION PARA 1ERO SECUNDARIA. MI MENOR ES JUAN.,reunión de admision para 1ero secundaria mi menor es juan,OTROS
WhatsApp,<p><b>Hola hay cupos para 6to primaria? Mi niño se llama Elena.</b></p>,hola hay cupos para 6to primaria mi niño se llama elena,ADMIS_VACANTES
Email,Solicito información de cuotas y detalles para secundaria. Atte: Thiago.,solicito información de cuotas y detalles para secundaria atte thiago,ADMIS_COSTOS
WhatsApp,Saber si hay vacantes en 5to secundaria para Nicolas. Gracias.,saber si hay vacantes en 5to secundaria para nicolas gracias,ADMIS_VACANTES
WhatsApp,Hola hay vacantes para 6to primaria? Mi niño se llama Pedro.,hola hay vacantes para 6to primaria mi niño se llama pedro,ADMIS_VACANTES
WhatsApp,Saber si hay lugares en secundaria para Sebastian. Gracias.,saber si hay lugares en secundaria para sebastian gracias,ADMIS_VACANTES
Email,<p><b>Solicito información de pensiones y detalles para inicial 4 años. Atte: Camila.</b></p>,solicito información de pensiones y detalles para inicial 4 años atte camila,ADMIS_COSTOS
Web,<p><b>citas de admision para inicial 4 años. Mi menor es Mateo.</b></p>,citas de admision para inicial 4 años mi menor es mateo,ADMIS_CITAS
Web,<p><b>cronograma de admision para 1ero primaria. Mi menor es Elena.</b></p>,cronograma de admision para 1ero primaria mi menor es elena,ADMIS_CITAS
Email,Solicito información de pensiones y detalles para inicial 5 años. Atte: Camila.,solicito información de pensiones y detalles para inicial 5 años atte camila,ADMIS_COSTOS
WhatsApp,HOLA HAY ESPACIOS PARA SECUNDARIA? MI NIÑO SE LLAMA NICOLAS.,hola hay espacios para secundaria mi niño se llama nicolas,ADMIS_VACANTES
Web,<p><b>cronograma de admision para inicial 4 años. Mi menor es Sebastian.</b></p>,cronograma de admision para inicial 4 años mi menor es sebastian,ADMIS_CITAS
Web,PARTIDAS PARA TRASLADO A 5TO SECUNDARIA. POSTULANTE: LUCIA.,partidas para traslado a 5to secundaria postulante lucia,ADMIS_REQUIS_DOC
WhatsApp,HOLA HAY MATRÍCULAS DISPONIBLES PARA 5TO SECUNDARIA? MI NIÑO SE LLAMA SOFIA.,hola hay matrículas disponibles para 5to secundaria mi niño se llama sofia,ADMIS_VACANTES
WhatsApp,<p><b>Saber si hay lugares en 1ero secundaria para Elena. Gracias.</b></p>,saber si hay lugares en 1ero secundaria para elena gracias,ADMIS_VACANTES
WhatsApp,Saber si hay lugares en primer año para Lucia. Gracias.,saber si hay lugares en primer año para lucia gracias,ADMIS_VACANTES
Email,Solicito información de precios y detalles para inicial 4 años. Atte: Nicolas.,solicito información de precios y detalles para inicial 4 años atte nicolas,ADMIS_COSTOS
WhatsApp,SABER SI HAY VACANTES EN PRIMER AÑO PARA JUAN. GRACIAS.,saber si hay vacantes en primer año para juan gracias,ADMIS_VACANTES
Web,papeles para traslado a 6to primaria. Postulante: Sebastian.,papeles para traslado a 6to primaria postulante sebastian,ADMIS_REQUIS_DOC
WhatsApp,<p><b>Hola hay cupos para 1ero secundaria? Mi niño se llama Pedro.</b></p>,hola hay cupos para 1ero secundaria mi niño se llama pedro,ADMIS_VACANTES
WhatsApp,Hola hay espacios para secundaria? Mi niño se llama Sofia.,hola hay espacios para secundaria mi niño se llama sofia,ADMIS_VACANTES
Web,<p><b>charlas de admision para 6to primaria. Mi menor es Lucia.</b></p>,charlas de admision para 6to primaria mi menor es lucia,ADMIS_CITAS
Email,Solicito información de pensiones y detalles para inicial 4 años. Atte: Sebastian.,solicito información de pensiones y detalles para inicial 4 años atte sebastian,ADMIS_COSTOS
Email,<p><b>Solicito información de pagos y detalles para 1ero secundaria. Atte: Pedro.</b></p>,solicito información de pagos y detalles para 1ero secundaria atte pedro,ADMIS_COSTOS
Web,<p><b>reunión de admision para 5to secundaria. Mi menor es Valentina.</b></p>,reunión de admision para 5to secundaria mi menor es valentina,OTROS
Web,requisitos para traslado a 5to secundaria. Postulante: Gabriel.,requisitos para traslado a 5to secundaria postulante gabriel,ADMIS_REQUIS_DOC
Email,"Estimados, quisiera saber los cuotas de 1ero secundaria para mi hijo Maria.",estimados quisiera saber los cuotas de 1ero secundaria para mi hijo maria,ADMIS_COSTOS
WhatsApp,SABER SI HAY CUPOS EN PRIMER GRADO PARA ELENA. GRACIAS.,saber si hay cupos en primer grado para elena gracias,ADMIS_VACANTES
WhatsApp,<p><b>Hola hay vacantes para primer año? Mi niño se llama Thiago.</b></p>,hola hay vacantes para primer año mi niño se llama thiago,ADMIS_VACANTES
Email,"<p><b>Estimados, quisiera saber los cuotas de inicial 5 años para mi hijo Sebastian.</b></p>",estimados quisiera saber los cuotas de inicial 5 años para mi hijo sebastian,ADMIS_COSTOS
Email,<p><b>Solicito información de pagos y detalles para 6to primaria. Atte: Thiago.</b></p>,solicito información de pagos y detalles para 6to primaria atte thiago,ADMIS_COSTOS
Email,Solicito información de costos y detalles para 5to secundaria. Atte: Valentina.,solicito información de costos y detalles para 5to secundaria atte valentina,ADMIS_COSTOS
Web,<p><b>citas de admision para primer año. Mi menor es Sebastian.</b></p>,citas de admision para primer año mi menor es sebastian,ADMIS_CITAS
Email,Solicito información de mensualidad y detalles para inicial 4 años. Atte: Luis.,solicito información de mensualidad y detalles para inicial 4 años atte luis,ADMIS_COSTOS
Email,"<p><b>Estimados, quisiera saber los precios de inicial 4 años para mi hijo Sofia.</b></p>",estimados quisiera saber los precios de inicial 4 años para mi hijo sofia,ADMIS_COSTOS
Email,"Estimados, quisiera saber los precios de 6to primaria para mi hijo Lucia.",estimados quisiera saber los precios de 6to primaria para mi hijo lucia,ADMIS_COSTOS
Email,"Estimados, quisiera saber los pagos de secundaria para mi hijo Valentina.",estimados quisiera saber los pagos de secundaria para mi hijo valentina,ADMIS_COSTOS
Email,"Estimados, quisiera saber los pensiones de 6to primaria para mi hijo Gabriel.",estimados quisiera saber los pensiones de 6to primaria para mi hijo gabriel,ADMIS_COSTOS
Web,documentación para traslado a primer año. Postulante: Luis.,documentación para traslado a primer año postulante luis,ADMIS_REQUIS_DOC
WhatsApp,Hola hay espacios para 6to primaria? Mi niño se llama Gabriel.,hola hay espacios para 6to primaria mi niño se llama gabriel,ADMIS_VACANTES
Web,papeles para traslado a inicial 4 años. Postulante: Ana.,papeles para traslado a inicial 4 años postulante ana,ADMIS_REQUIS_DOC
Web,cronograma de admision para primer grado. Mi menor es Lucia.,cronograma de admision para primer grado mi menor es lucia,ADMIS_CITAS
Web,requisitos para traslado a secundaria. Postulante: Pedro.,requisitos para traslado a secundaria postulante pedro,ADMIS_REQUIS_DOC
Email,"<p><b>Estimados, quisiera saber los mensualidad de primer grado para mi hijo Pedro.</b></p>",estimados quisiera saber los mensualidad de primer grado para mi hijo pedro,ADMIS_COSTOS
Email,"<p><b>Estimados, quisiera saber los pensiones de 1ero primaria para mi hijo Nicolas.</b></p>",estimados quisiera saber los pensiones de 1ero primaria para mi hijo nicolas,ADMIS_COSTOS
WhatsApp,Saber si hay espacios en 5to secundaria para Juan. Gracias.,saber si hay espacios en 5to secundaria para juan gracias,ADMIS_VACANTES
WhatsApp,Hola hay espacios para 5to secundaria? Mi niño se llama Nicolas.,hola hay espacios para 5to secundaria mi niño se llama nicolas,ADMIS_VACANTES
Email,"Estimados, quisiera saber los precios de secundaria para mi hijo Sofia.",estimados quisiera saber los precios de secundaria para mi hijo sofia,ADMIS_COSTOS
WhatsApp,Hola hay espacios para 1ero secundaria? Mi niño se llama Maria.,hola hay espacios para 1ero secundaria mi niño se llama maria,ADMIS_VACANTES
WhatsApp,SABER SI HAY MATRÍCULAS DISPONIBLES EN 6TO PRIMARIA PARA THIAGO. GRACIAS.,saber si hay matrículas disponibles en 6to primaria para thiago gracias,ADMIS_VACANTES
WhatsApp,Hola hay lugares para primer año? Mi niño se llama Thiago.,hola hay lugares para primer año mi niño se llama thiago,ADMIS_VACANTES
Web,<p><b>reunión de admision para 1ero secundaria. Mi menor es Mateo.</b></p>,reunión de admision para 1ero secundaria mi menor es mateo,OTROS
Web,citas de admision para primer grado. Mi menor es Elena.,citas de admision para primer grado mi menor es elena,ADMIS_CITAS
Web,documentación para traslado a inicial 3 años. Postulante: Ana.,documentación para traslado a inicial 3 años postulante ana,ADMIS_REQUIS_DOC
WhatsApp,Hola hay matrículas disponibles para 1ero primaria? Mi niño se llama Luis.,hola hay matrículas disponibles para 1ero primaria mi niño se llama luis,ADMIS_VACANTES
WhatsApp,Hola hay vacantes para inicial 3 años? Mi niño se llama Gabriel.,hola hay vacantes para inicial 3 años mi niño se llama gabriel,ADMIS_VACANTES
WhatsApp,Saber si hay lugares en inicial 5 años para Luis. Gracias.,saber si hay lugares en inicial 5 años para luis gracias,ADMIS_VACANTES
Email,Solicito información de precios y detalles para primer grado. Atte: Maria.,solicito información de precios y detalles para primer grado atte maria,ADMIS_COSTOS
Email,"ESTIMADOS, QUISIERA SABER LOS PRECIOS DE INICIAL 4 AÑOS PARA MI HIJO SEBASTIAN.",estimados quisiera saber los precios de inicial 4 años para mi hijo sebastian,ADMIS_COSTOS
WhatsApp,Hola hay matrículas disponibles para primer año? Mi niño se llama Lucia.,hola hay matrículas disponibles para primer año mi niño se llama lucia,ADMIS_VACANTES
WhatsApp,Hola hay vacantes para secundaria? Mi niño se llama Valentina.,hola hay vacantes para secundaria mi niño se llama valentina,ADMIS_VACANTES
WhatsApp,<p><b>Saber si hay matrículas disponibles en primer grado para Ana. Gracias.</b></p>,saber si hay matrículas disponibles en primer grado para ana gracias,ADMIS_VACANTES
WhatsApp,Hola hay espacios para primer año? Mi niño se llama Lucia.,hola hay espacios para primer año mi niño se llama lucia,ADMIS_VACANTES
Email,"Estimados, quisiera saber los costos de primer grado para mi hijo Gabriel.",estimados quisiera saber los costos de primer grado para mi hijo gabriel,ADMIS_COSTOS
Web,requisitos para traslado a primer año. Postulante: Juan.,requisitos para traslado a primer año postulante juan,ADMIS_REQUIS_DOC
Web,cronograma de admision para 6to primaria. Mi menor es Sofia.,cronograma de admision para 6to primaria mi menor es sofia,ADMIS_CITAS
Web,<p><b>requisitos para traslado a inicial 4 años. Postulante: Gabriel.</b></p>,requisitos para traslado a inicial 4 años postulante gabriel,ADMIS_REQUIS_DOC
WhatsApp,HOLA HAY ESPACIOS PARA 1ERO PRIMARIA? MI NIÑO SE LLAMA JUAN.,hola hay espacios para 1ero primaria mi niño se llama juan,ADMIS_VACANTES
Email,"<p><b>Estimados, quisiera saber los cuotas de primer grado para mi hijo Sebastian.</b></p>",estimados quisiera saber los cuotas de primer grado para mi hijo sebastian,ADMIS_COSTOS
Web,cronograma de admision para inicial 5 años. Mi menor es Luis.,cronograma de admision para inicial 5 años mi menor es luis,ADMIS_CITAS
WhatsApp,Hola hay vacantes para primer grado? Mi niño se llama Nicolas.,hola hay vacantes para primer grado mi niño se llama nicolas,ADMIS_VACANTES
Web,REUNIÓN DE ADMISION PARA PRIMER GRADO. MI MENOR ES NICOLAS.,reunión de admision para primer grado mi menor es nicolas,OTROS
WhatsApp,<p><b>Saber si hay lugares en 1ero secundaria para Nicolas. Gracias.</b></p>,saber si hay lugares en 1ero secundaria para nicolas gracias,ADMIS_VACANTES
Email,"Estimados, quisiera saber los costos de secundaria para mi hijo Thiago.",estimados quisiera saber los costos de secundaria para mi hijo thiago,ADMIS_COSTOS
Web,cronograma de admision para primer año. Mi menor es Nicolas.,cronograma de admision para primer año mi menor es nicolas,ADMIS_CITAS
Email,Solicito información de pensiones y detalles para 1ero secundaria. Atte: Valentina.,solicito información de pensiones y detalles para 1ero secundaria atte valentina,ADMIS_COSTOS
WhatsApp,Saber si hay espacios en inicial 4 años para Gabriel. Gracias.,saber si hay espacios en inicial 4 años para gabriel gracias,ADMIS_VACANTES
WhatsApp,<p><b>Hola hay cupos para secundaria? Mi niño se llama Gabriel.</b></p>,hola hay cupos para secundaria mi niño se llama gabriel,ADMIS_VACANTES
WhatsApp,Hola hay cupos para inicial 4 años? Mi niño se llama Maria.,hola hay cupos para inicial 4 años mi niño se llama maria,ADMIS_VACANTES
Email,Solicito información de precios y detalles para 5to secundaria. Atte: Ana.,solicito información de precios y detalles para 5to secundaria atte ana,ADMIS_COSTOS
WhatsApp,Saber si hay espacios en inicial 3 años para Nicolas. Gracias.,saber si hay espacios en inicial 3 años para nicolas gracias,ADMIS_VACANTES
WhatsApp,Saber si hay matrículas disponibles en primer grado para Sofia. Gracias.,saber si hay matrículas disponibles en primer grado para sofia gracias,ADMIS_VACANTES
Email,Solicito información de cuotas y detalles para primer año. Atte: Mateo.,solicito información de cuotas y detalles para primer año atte mateo,ADMIS_COSTOS
Email,"Estimados, quisiera saber los mensualidad de inicial 3 años para mi hijo Juan.",estimados quisiera saber los mensualidad de inicial 3 años para mi hijo juan,ADMIS_COSTOS
Email,"ESTIMADOS, QUISIERA SABER LOS PRECIOS DE INICIAL 3 AÑOS PARA MI HIJO LUCIA.",estimados quisiera saber los precios de inicial 3 años para mi hijo lucia,ADMIS_COSTOS
Email,Solicito información de mensualidad y detalles para inicial 5 años. Atte: Maria.,solicito información de mensualidad y detalles para inicial 5 años atte maria,ADMIS_COSTOS
WhatsApp,Hola hay matrículas disponibles para 1ero primaria? Mi niño se llama Juan.,hola hay matrículas disponibles para 1ero primaria mi niño se llama juan,ADMIS_VACANTES
Web,DOCUMENTOS PARA TRASLADO A PRIMER GRADO. POSTULANTE: LUCIA.,documentos para traslado a primer grado postulante lucia,ADMIS_REQUIS_DOC
Web,charlas de admision para primer año. Mi menor es Camila.,charlas de admision para primer año mi menor es camila,ADMIS_CITAS
Email,"Estimados, quisiera saber los cuotas de 6to primaria para mi hijo Thiago.",estimados quisiera saber los cuotas de 6to primaria para mi hijo thiago,ADMIS_COSTOS
Web,citas de admision para inicial 5 años. Mi menor es Gabriel.,citas de admision para inicial 5 años mi menor es gabriel,ADMIS_CITAS
Web,requisitos para traslado a primer grado. Postulante: Lucia.,requisitos para traslado a primer grado postulante lucia,ADMIS_REQUIS_DOC
WhatsApp,Hola hay matrículas disponibles para 1ero secundaria? Mi niño se llama Luis.,hola hay matrículas disponibles para 1ero secundaria mi niño se llama luis,ADMIS_VACANTES
WhatsApp,Hola hay lugares para 6to primaria? Mi niño se llama Sofia.,hola hay lugares para 6to primaria mi niño se llama sofia,ADMIS_VACANTES
Web,citas de admision para 1ero secundaria. Mi menor es Ana.,citas de admision para 1ero secundaria mi menor es ana,ADMIS_CITAS
WhatsApp,Saber si hay matrículas disponibles en inicial 3 años para Sebastian. Gracias.,saber si hay matrículas disponibles en inicial 3 años para sebastian gracias,ADMIS_VACANTES
Email,Solicito información de pagos y detalles para 5to secundaria. Atte: Mateo.,solicito información de pagos y detalles para 5to secundaria atte mateo,ADMIS_COSTOS
WhatsApp,<p><b>Hola hay espacios para 5to secundaria? Mi niño se llama Mateo.</b></p>,hola hay espacios para 5to secundaria mi niño se llama mateo,ADMIS_VACANTES
Web,reunión de admision para inicial 5 años. Mi menor es Thiago.,reunión de admision para inicial 5 años mi menor es thiago,OTROS
Web,partidas para traslado a 1ero primaria. Postulante: Sofia.,partidas para traslado a 1ero primaria postulante sofia,ADMIS_REQUIS_DOC
WhatsApp,SABER SI HAY ESPACIOS EN INICIAL 5 AÑOS PARA ANA. GRACIAS.,saber si hay espacios en inicial 5 años para ana gracias,ADMIS_VACANTES
Email,"Estimados, quisiera saber los pensiones de 1ero secundaria para mi hijo Camila.",estimados quisiera saber los pensiones de 1ero secundaria para mi hijo camila,ADMIS_COSTOS
Email,Solicito información de pensiones y detalles para 1ero primaria. Atte: Thiago.,solicito información de pensiones y detalles para 1ero primaria atte thiago,ADMIS_COSTOS
Email,"ESTIMADOS, QUISIERA SABER LOS PAGOS DE INICIAL 5 AÑOS PARA MI HIJO JUAN.",estimados quisiera saber los pagos de inicial 5 años para mi hijo juan,ADMIS_COSTOS
Web,documentos para traslado a secundaria. Postulante: Maria.,documentos para traslado a secundaria postulante maria,ADMIS_REQUIS_DOC
Email,"Estimados, quisiera saber los cuotas de primer grado para mi hijo Camila.",estimados quisiera saber los cuotas de primer grado para mi hijo camila,ADMIS_COSTOS
Email,"<p><b>Estimados, quisiera saber los cuotas de 6to primaria para mi hijo Lucia.</b></p>",estimados quisiera saber los cuotas de 6to primaria para mi hijo lucia,ADMIS_COSTOS
WhatsApp,Hola hay cupos para inicial 5 años? Mi niño se llama Juan.,hola hay cupos para inicial 5 años mi niño se llama juan,ADMIS_VACANTES
WhatsApp,<p><b>Hola hay vacantes para inicial 4 años? Mi niño se llama Camila.</b></p>,hola hay vacantes para inicial 4 años mi niño se llama camila,ADMIS_VACANTES
Web,partidas para traslado a inicial 3 años. Postulante: Thiago.,partidas para traslado a inicial 3 años postulante thiago,ADMIS_REQUIS_DOC
Web,documentación para traslado a 5to secundaria. Postulante: Juan.,documentación para traslado a 5to secundaria postulante juan,ADMIS_REQUIS_DOC
Web,partidas para traslado a 6to primaria. Postulante: Luis.,partidas para traslado a 6to primaria postulante luis,ADMIS_REQUIS_DOC
WhatsApp,Saber si hay cupos en 1ero secundaria para Sebastian. Gracias.,saber si hay cupos en 1ero secundaria para sebastian gracias,ADMIS_VACANTES
Web,<p><b>reunión de admision para inicial 4 años. Mi menor es Luis.</b></p>,reunión de admision para inicial 4 años mi menor es luis,OTROS
WhatsApp,Saber si hay matrículas disponibles en inicial 5 años para Maria. Gracias.,saber si hay matrículas disponibles en inicial 5 años para maria gracias,ADMIS_VACANTES
Web,DOCUMENTACIÓN PARA TRASLADO A PRIMER GRADO. POSTULANTE: JUAN.,documentación para traslado a primer grado postulante juan,ADMIS_REQUIS_DOC
Web,<p><b>requisitos para traslado a inicial 4 años. Postulante: Maria.</b></p>,requisitos para traslado a inicial 4 años postulante maria,ADMIS_REQUIS_DOC
Email,Solicito información de cuotas y detalles para primer año. Atte: Maria.,solicito información de cuotas y detalles para primer año atte maria,ADMIS_COSTOS
WhatsApp,<p><b>Hola hay cupos para primer grado? Mi niño se llama Mateo.</b></p>,hola hay cupos para primer grado mi niño se llama mateo,ADMIS_VACANTES
Web,<p><b>citas de admision para primer año. Mi menor es Lucia.</b></p>,citas de admision para primer año mi menor es lucia,ADMIS_CITAS
Email,"ESTIMADOS, QUISIERA SABER LOS MENSUALIDAD DE INICIAL 5 AÑOS PARA MI HIJO MATEO.",estimados quisiera saber los mensualidad de inicial 5 años para mi hijo mateo,ADMIS_COSTOS
Email,"ESTIMADOS, QUISIERA SABER LOS PENSIONES DE INICIAL 5 AÑOS PARA MI HIJO CAMILA.",estimados quisiera saber los pensiones de inicial 5 años para mi hijo camila,ADMIS_COSTOS
Web,requisitos para traslado a inicial 3 años. Postulante: Lucia.,requisitos para traslado a inicial 3 años postulante lucia,ADMIS_REQUIS_DOC
Web,cronograma de admision para 6to primaria. Mi menor es Lucia.,cronograma de admision para 6to primaria mi menor es lucia,ADMIS_CITAS
Email,Solicito información de mensualidad y detalles para primer año. Atte: Ana.,solicito información de mensualidad y detalles para primer año atte ana,ADMIS_COSTOS
Email,Solicito información de pagos y detalles para secundaria. Atte: Pedro.,solicito información de pagos y detalles para secundaria atte pedro,ADMIS_COSTOS
Web,documentos para traslado a secundaria. Postulante: Ana.,documentos para traslado a secundaria postulante ana,ADMIS_REQUIS_DOC
Web,charlas de admision para secundaria. Mi menor es Nicolas.,charlas de admision para secundaria mi menor es nicolas,ADMIS_CITAS
Email,Solicito información de pagos y detalles para inicial 5 años. Atte: Thiago.,solicito información de pagos y detalles para inicial 5 años atte thiago,ADMIS_COSTOS
Web,papeles para traslado a 6to primaria. Postulante: Elena.,papeles para traslado a 6to primaria postulante elena,ADMIS_REQUIS_DOC
WhatsApp,Hola hay cupos para 5to secundaria? Mi niño se llama Valentina.,hola hay cupos para 5to secundaria mi niño se llama valentina,ADMIS_VACANTES
WhatsApp,<p><b>Saber si hay matrículas disponibles en inicial 3 años para Luis. Gracias.</b></p>,saber si hay matrículas disponibles en inicial 3 años para luis gracias,ADMIS_VACANTES
Web,reunión de admision para primer grado. Mi menor es Pedro.,reunión de admision para primer grado mi menor es pedro,OTROS
Email,"Estimados, quisiera saber los pensiones de inicial 3 años para mi hijo Luis.",estimados quisiera saber los pensiones de inicial 3 años para mi hijo luis,ADMIS_COSTOS
Web,documentación para traslado a secundaria. Postulante: Elena.,documentación para traslado a secundaria postulante elena,ADMIS_REQUIS_DOC
WhatsApp,Saber si hay lugares en 6to primaria para Sofia. Gracias.,saber si hay lugares en 6to primaria para sofia gracias,ADMIS_VACANTES
Email,SOLICITO INFORMACIÓN DE PRECIOS Y DETALLES PARA PRIMER AÑO. ATTE: LUIS.,solicito información de precios y detalles para primer año atte luis,ADMIS_COSTOS
Web,documentación para traslado a 1ero primaria. Postulante: Sofia.,documentación para traslado a 1ero primaria postulante sofia,ADMIS_REQUIS_DOC
Email,Solicito información de costos y detalles para secundaria. Atte: Thiago.,solicito información de costos y detalles para secundaria atte thiago,ADMIS_COSTOS
WhatsApp,Hola hay matrículas disponibles para 5to secundaria? Mi niño se llama Elena.,hola hay matrículas disponibles para 5to secundaria mi niño se llama elena,ADMIS_VACANTES
Email,"Estimados, quisiera saber los pagos de primer grado para mi hijo Sofia.",estimados quisiera saber los pagos de primer grado para mi hijo sofia,ADMIS_COSTOS
Web,entrevistas de admision para 1ero primaria. Mi menor es Juan.,entrevistas de admision para 1ero primaria mi menor es juan,ADMIS_CITAS
WhatsApp,SABER SI HAY CUPOS EN 1ERO PRIMARIA PARA MATEO. GRACIAS.,saber si hay cupos en 1ero primaria para mateo gracias,ADMIS_VACANTES
WhatsApp,HOLA HAY MATRÍCULAS DISPONIBLES PARA INICIAL 3 AÑOS? MI NIÑO SE LLAMA NICOLAS.,hola hay matrículas disponibles para inicial 3 años mi niño se llama nicolas,ADMIS_VACANTES
WhatsApp,Saber si hay lugares en 5to secundaria para Valentina. Gracias.,saber si hay lugares en 5to secundaria para valentina gracias,ADMIS_VACANTES
WhatsApp,HOLA HAY MATRÍCULAS DISPONIBLES PARA 5TO SECUNDARIA? MI NIÑO SE LLAMA PEDRO.,hola hay matrículas disponibles para 5to secundaria mi niño se llama pedro,ADMIS_VACANTES
Web,papeles para traslado a 1ero primaria. Postulante: Mateo.,papeles para traslado a 1ero primaria postulante mateo,ADMIS_REQUIS_DOC
Web,DOCUMENTOS PARA TRASLADO A SECUNDARIA. POSTULANTE: JUAN.,documentos para traslado a secundaria postulante juan,ADMIS_REQUIS_DOC
Web,partidas para traslado a 1ero secundaria. Postulante: Sebastian.,partidas para traslado a 1ero secundaria postulante sebastian,ADMIS_REQUIS_DOC
Email,"<p><b>Estimados, quisiera saber los pensiones de inicial 3 años para mi hijo Juan.</b></p>",estimados quisiera saber los pensiones de inicial 3 años para mi hijo juan,ADMIS_COSTOS
WhatsApp,HOLA HAY VACANTES PARA INICIAL 4 AÑOS? MI NIÑO SE LLAMA LUIS.,hola hay vacantes para inicial 4 años mi niño se llama luis,ADMIS_VACANTES
Email,SOLICITO INFORMACIÓN DE PAGOS Y DETALLES PARA 6TO PRIMARIA. ATTE: NICOLAS.,solicito información de pagos y detalles para 6to primaria atte nicolas,ADMIS_COSTOS
Email,Solicito información de mensualidad y detalles para 6to primaria. Atte: Lucia.,solicito información de mensualidad y detalles para 6to primaria atte lucia,ADMIS_COSTOS
Web,citas de admision para primer grado. Mi menor es Juan.,citas de admision para primer grado mi menor es juan,ADMIS_CITAS
Web,PAPELES PARA TRASLADO A PRIMER AÑO. POSTULANTE: LUCIA.,papeles para traslado a primer año postulante lucia,ADMIS_REQUIS_DOC
Email,Solicito información de costos y detalles para inicial 4 años. Atte: Lucia.,solicito información de costos y detalles para inicial 4 años atte lucia,ADMIS_COSTOS
WhatsApp,<p><b>Saber si hay matrículas disponibles en 1ero primaria para Mateo. Gracias.</b></p>,saber si hay matrículas disponibles en 1ero primaria para mateo gracias,ADMIS_VACANTES
Web,citas de admision para inicial 3 años. Mi menor es Nicolas.,citas de admision para inicial 3 años mi menor es nicolas,ADMIS_CITAS
Email,"Estimados, quisiera saber los pensiones de primer grado para mi hijo Valentina.",estimados quisiera saber los pensiones de primer grado para mi hijo valentina,ADMIS_COSTOS
WhatsApp,HOLA HAY CUPOS PARA 5TO SECUNDARIA? MI NIÑO SE LLAMA LUIS.,hola hay cupos para 5to secundaria mi niño se llama luis,ADMIS_VACANTES
WhatsApp,Hola hay vacantes para primer grado? Mi niño se llama Mateo.,hola hay vacantes para primer grado mi niño se llama mateo,ADMIS_VACANTES
Web,documentación para traslado a inicial 5 años. Postulante: Valentina.,documentación para traslado a inicial 5 años postulante valentina,ADMIS_REQUIS_DOC
Web,<p><b>entrevistas de admision para inicial 4 años. Mi menor es Nicolas.</b></p>,entrevistas de admision para inicial 4 años mi menor es nicolas,ADMIS_CITAS
Web,<p><b>cronograma de admision para 5to secundaria. Mi menor es Valentina.</b></p>,cronograma de admision para 5to secundaria mi menor es valentina,ADMIS_CITAS
Email,"Estimados, quisiera saber los cuotas de secundaria para mi hijo Elena.",estimados quisiera saber los cuotas de secundaria para mi hijo elena,ADMIS_COSTOS
WhatsApp,<p><b>Saber si hay espacios en inicial 4 años para Nicolas. Gracias.</b></p>,saber si hay espacios en inicial 4 años para nicolas gracias,ADMIS_VACANTES
Web,documentos para traslado a 1ero primaria. Postulante: Nicolas.,documentos para traslado a 1ero primaria postulante nicolas,ADMIS_REQUIS_DOC
Web,DOCUMENTOS PARA TRASLADO A PRIMER AÑO. POSTULANTE: PEDRO.,documentos para traslado a primer año postulante pedro,ADMIS_REQUIS_DOC
Web,reunión de admision para 6to primaria. Mi menor es Lucia.,reunión de admision para 6to primaria mi menor es lucia,OTROS
WhatsApp,Hola hay matrículas disponibles para inicial 3 años? Mi niño se llama Mateo.,hola hay matrículas disponibles para inicial 3 años mi niño se llama mateo,ADMIS_VACANTES
WhatsApp,HOLA HAY MATRÍCULAS DISPONIBLES PARA INICIAL 4 AÑOS? MI NIÑO SE LLAMA GABRIEL.,hola hay matrículas disponibles para inicial 4 años mi niño se llama gabriel,ADMIS_VACANTES
WhatsApp,<p><b>Saber si hay lugares en 1ero secundaria para Sebastian. Gracias.</b></p>,saber si hay lugares en 1ero secundaria para sebastian gracias,ADMIS_VACANTES
Email,Solicito información de costos y detalles para inicial 5 años. Atte: Ana.,solicito información de costos y detalles para inicial 5 años atte ana,ADMIS_COSTOS
Web,charlas de admision para primer año. Mi menor es Gabriel.,charlas de admision para primer año mi menor es gabriel,ADMIS_CITAS
Email,<p><b>Solicito información de precios y detalles para 5to secundaria. Atte: Luis.</b></p>,solicito información de precios y detalles para 5to secundaria atte luis,ADMIS_COSTOS
WhatsApp,SABER SI HAY VACANTES EN 1ERO SECUNDARIA PARA MATEO. GRACIAS.,saber si hay vacantes en 1ero secundaria para mateo gracias,ADMIS_VACANTES
Email,"ESTIMADOS, QUISIERA SABER LOS PAGOS DE INICIAL 5 AÑOS PARA MI HIJO SOFIA.",estimados quisiera saber los pagos de inicial 5 años para mi hijo sofia,ADMIS_COSTOS
Email,<p><b>Solicito información de precios y detalles para inicial 4 años. Atte: Juan.</b></p>,solicito información de precios y detalles para inicial 4 años atte juan,ADMIS_COSTOS
WhatsApp,Hola hay lugares para inicial 3 años? Mi niño se llama Ana.,hola hay lugares para inicial 3 años mi niño se llama ana,ADMIS_VACANTES
Web,PAPELES PARA TRASLADO A INICIAL 5 AÑOS. POSTULANTE: THIAGO.,papeles para traslado a inicial 5 años postulante thiago,ADMIS_REQUIS_DOC
Email,Solicito información de costos y detalles para 5to secundaria. Atte: Ana.,solicito información de costos y detalles para 5to secundaria atte ana,ADMIS_COSTOS
Email,"Estimados, quisiera saber los costos de inicial 5 años para mi hijo Mateo.",estimados quisiera saber los costos de inicial 5 años para mi hijo mateo,ADMIS_COSTOS
Web,papeles para traslado a 6to primaria. Postulante: Pedro.,papeles para traslado a 6to primaria postulante pedro,ADMIS_REQUIS_DOC
WhatsApp,Saber si hay matrículas disponibles en secundaria para Valentina. Gracias.,saber si hay matrículas disponibles en secundaria para valentina gracias,ADMIS_VACANTES
Email,<p><b>Solicito información de mensualidad y detalles para inicial 4 años. Atte: Sofia.</b></p>,solicito información de mensualidad y detalles para inicial 4 años atte sofia,ADMIS_COSTOS
Web,requisitos para traslado a inicial 5 años. Postulante: Valentina.,requisitos para traslado a inicial 5 años postulante valentina,ADMIS_REQUIS_DOC
WhatsApp,SABER SI HAY ESPACIOS EN 1ERO PRIMARIA PARA LUCIA. GRACIAS.,saber si hay espacios en 1ero primaria para lucia gracias,ADMIS_VACANTES
WhatsApp,Hola hay vacantes para inicial 5 años? Mi niño se llama Elena.,hola hay vacantes para inicial 5 años mi niño se llama elena,ADMIS_VACANTES
Web,citas de admision para secundaria. Mi menor es Sofia.,citas de admision para secundaria mi menor es sofia,ADMIS_CITAS
WhatsApp,<p><b>Saber si hay vacantes en inicial 3 años para Juan. Gracias.</b></p>,saber si hay vacantes en inicial 3 años para juan gracias,ADMIS_VACANTES
Web,REQUISITOS PARA TRASLADO A INICIAL 4 AÑOS. POSTULANTE: SOFIA.,requisitos para traslado a inicial 4 años postulante sofia,ADMIS_REQUIS_DOC
WhatsApp,Hola hay espacios para primer año? Mi niño se llama Pedro.,hola hay espacios para primer año mi niño se llama pedro,ADMIS_VACANTES
WhatsApp,Hola hay cupos para inicial 5 años? Mi niño se llama Valentina.,hola hay cupos para inicial 5 años mi niño se llama valentina,ADMIS_VACANTES
Email,"Estimados, quisiera saber los cuotas de 6to primaria para mi hijo Mateo.",estimados quisiera saber los cuotas de 6to primaria para mi hijo mateo,ADMIS_COSTOS
Email,Solicito información de cuotas y detalles para 5to secundaria. Atte: Valentina.,solicito información de cuotas y detalles para 5to secundaria atte valentina,ADMIS_COSTOS
Web,PAPELES PARA TRASLADO A PRIMER GRADO. POSTULANTE: LUCIA.,papeles para traslado a primer grado postulante lucia,ADMIS_REQUIS_DOC
Email,Solicito información de mensualidad y detalles para primer grado. Atte: Nicolas.,solicito información de mensualidad y detalles para primer grado atte nicolas,ADMIS_COSTOS
Web,cronograma de admision para 1ero primaria. Mi menor es Maria.,cronograma de admision para 1ero primaria mi menor es maria,ADMIS_CITAS
Email,Solicito información de pagos y detalles para primer año. Atte: Sebastian.,solicito información de pagos y detalles para primer año atte sebastian,ADMIS_COSTOS
Email,"ESTIMADOS, QUISIERA SABER LOS MENSUALIDAD DE INICIAL 4 AÑOS PARA MI HIJO LUIS.",estimados quisiera saber los mensualidad de inicial 4 años para mi hijo luis,ADMIS_COSTOS
WhatsApp,HOLA HAY ESPACIOS PARA INICIAL 3 AÑOS? MI NIÑO SE LLAMA MATEO.,hola hay espacios para inicial 3 años mi niño se llama mateo,ADMIS_VACANTES
Email,"ESTIMADOS, QUISIERA SABER LOS PRECIOS DE INICIAL 4 AÑOS PARA MI HIJO MARIA.",estimados quisiera saber los precios de inicial 4 años para mi hijo maria,ADMIS_COSTOS
Email,"<p><b>Estimados, quisiera saber los pagos de inicial 3 años para mi hijo Ana.</b></p>",estimados quisiera saber los pagos de inicial 3 años para mi hijo ana,ADMIS_COSTOS
Web,documentación para traslado a primer grado. Postulante: Sofia.,documentación para traslado a primer grado postulante sofia,ADMIS_REQUIS_DOC
Email,"ESTIMADOS, QUISIERA SABER LOS CUOTAS DE 6TO PRIMARIA PARA MI HIJO ANA.",estimados quisiera saber los cuotas de 6to primaria para mi hijo ana,ADMIS_COSTOS
WhatsApp,Hola hay matrículas disponibles para secundaria? Mi niño se llama Nicolas.,hola hay matrículas disponibles para secundaria mi niño se llama nicolas,ADMIS_VACANTES
Web,citas de admision para inicial 3 años. Mi menor es Sofia.,citas de admision para inicial 3 años mi menor es sofia,ADMIS_CITAS
Email,Solicito información de costos y detalles para 1ero secundaria. Atte: Maria.,solicito información de costos y detalles para 1ero secundaria atte maria,ADMIS_COSTOS
Email,"Estimados, quisiera saber los mensualidad de 1ero secundaria para mi hijo Nicolas.",estimados quisiera saber los mensualidad de 1ero secundaria para mi hijo nicolas,ADMIS_COSTOS
Email,"<p><b>Estimados, quisiera saber los precios de 5to secundaria para mi hijo Sofia.</b></p>",estimados quisiera saber los precios de 5to secundaria para mi hijo sofia,ADMIS_COSTOS
Email,"ESTIMADOS, QUISIERA SABER LOS PAGOS DE PRIMER AÑO PARA MI HIJO LUIS.",estimados quisiera saber los pagos de primer año para mi hijo luis,ADMIS_COSTOS
Web,reunión de admision para inicial 4 años. Mi menor es Elena.,reunión de admision para inicial 4 años mi menor es elena,OTROS
Email,<p><b>Solicito información de mensualidad y detalles para 1ero primaria. Atte: Luis.</b></p>,solicito información de mensualidad y detalles para 1ero primaria atte luis,ADMIS_COSTOS
Email,Solicito información de pagos y detalles para 5to secundaria. Atte: Camila.,solicito información de pagos y detalles para 5to secundaria atte camila,ADMIS_COSTOS
WhatsApp,Saber si hay espacios en 6to primaria para Luis. Gracias.,saber si hay espacios en 6to primaria para luis gracias,ADMIS_VACANTES
Web,charlas de admision para secundaria. Mi menor es Valentina.,charlas de admision para secundaria mi menor es valentina,ADMIS_CITAS
Email,Solicito información de pagos y detalles para primer grado. Atte: Nicolas.,solicito información de pagos y detalles para primer grado atte nicolas,ADMIS_COSTOS
Web,PAPELES PARA TRASLADO A 1ERO PRIMARIA. POSTULANTE: LUIS.,papeles para traslado a 1ero primaria postulante luis,ADMIS_REQUIS_DOC
Email,"ESTIMADOS, QUISIERA SABER LOS PAGOS DE 5TO SECUNDARIA PARA MI HIJO SOFIA.",estimados quisiera saber los pagos de 5to secundaria para mi hijo sofia,ADMIS_COSTOS
WhatsApp,Saber si hay matrículas disponibles en 1ero primaria para Sebastian. Gracias.,saber si hay matrículas disponibles en 1ero primaria para sebastian gracias,ADMIS_VACANTES
Web,entrevistas de admision para 1ero secundaria. Mi menor es Mateo.,entrevistas de admision para 1ero secundaria mi menor es mateo,ADMIS_CITAS
Web,charlas de admision para 5to secundaria. Mi menor es Valentina.,charlas de admision para 5to secundaria mi menor es valentina,ADMIS_CITAS
Email,"<p><b>Estimados, quisiera saber los pensiones de inicial 3 años para mi hijo Sebastian.</b></p>",estimados quisiera saber los pensiones de inicial 3 años para mi hijo sebastian,ADMIS_COSTOS
Email,SOLICITO INFORMACIÓN DE CUOTAS Y DETALLES PARA PRIMER GRADO. ATTE: THIAGO.,solicito información de cuotas y detalles para primer grado atte thiago,ADMIS_COSTOS
Web,reunión de admision para inicial 3 años. Mi menor es Maria.,reunión de admision para inicial 3 años mi menor es maria,OTROS
WhatsApp,Hola hay espacios para secundaria? Mi niño se llama Gabriel.,hola hay espacios para secundaria mi niño se llama gabriel,ADMIS_VACANTES
Web,<p><b>reunión de admision para primer grado. Mi menor es Luis.</b></p>,reunión de admision para primer grado mi menor es luis,OTROS
Email,Solicito información de cuotas y detalles para primer año. Atte: Pedro.,solicito información de cuotas y detalles para primer año atte pedro,ADMIS_COSTOS
Email,Solicito información de precios y detalles para 1ero secundaria. Atte: Nicolas.,solicito información de precios y detalles para 1ero secundaria atte nicolas,ADMIS_COSTOS
Email,"Estimados, quisiera saber los pagos de inicial 5 años para mi hijo Mateo.",estimados quisiera saber los pagos de inicial 5 años para mi hijo mateo,ADMIS_COSTOS
Web,charlas de admision para secundaria. Mi menor es Camila.,charlas de admision para secundaria mi menor es camila,ADMIS_CITAS
Web,papeles para traslado a inicial 5 años. Postulante: Ana.,papeles para traslado a inicial 5 años postulante ana,ADMIS_REQUIS_DOC
WhatsApp,<p><b>Saber si hay matrículas disponibles en 5to secundaria para Nicolas. Gracias.</b></p>,saber si hay matrículas disponibles en 5to secundaria para nicolas gracias,ADMIS_VACANTES
Web,cronograma de admision para 1ero secundaria. Mi menor es Mateo.,cronograma de admision para 1ero secundaria mi menor es mateo,ADMIS_CITAS
WhatsApp,HOLA HAY MATRÍCULAS DISPONIBLES PARA PRIMER GRADO? MI NIÑO SE LLAMA SEBASTIAN.,hola hay matrículas disponibles para primer grado mi niño se llama sebastian,ADMIS_VACANTES
Web,<p><b>entrevistas de admision para 1ero primaria. Mi menor es Ana.</b></p>,entrevistas de admision para 1ero primaria mi menor es ana,ADMIS_CITAS
WhatsApp,<p><b>Saber si hay espacios en inicial 3 años para Ana. Gracias.</b></p>,saber si hay espacios en inicial 3 años para ana gracias,ADMIS_VACANTES
Email,"Estimados, quisiera saber los pagos de 1ero primaria para mi hijo Valentina.",estimados quisiera saber los pagos de 1ero primaria para mi hijo valentina,ADMIS_COSTOS
WhatsApp,Hola hay lugares para inicial 3 años? Mi niño se llama Valentina.,hola hay lugares para inicial 3 años mi niño se llama valentina,ADMIS_VACANTES
Web,DOCUMENTACIÓN PARA TRASLADO A PRIMER AÑO. POSTULANTE: LUCIA.,documentación para traslado a primer año postulante lucia,ADMIS_REQUIS_DOC
Web,requisitos para traslado a primer grado. Postulante: Thiago.,requisitos para traslado a primer grado postulante thiago,ADMIS_REQUIS_DOC
Web,<p><b>charlas de admision para inicial 5 años. Mi menor es Nicolas.</b></p>,charlas de admision para inicial 5 años mi menor es nicolas,ADMIS_CITAS
Web,requisitos para traslado a secundaria. Postulante: Sofia.,requisitos para traslado a secundaria postulante sofia,ADMIS_REQUIS_DOC
Email,"Estimados, quisiera saber los precios de 5to secundaria para mi hijo Luis.",estimados quisiera saber los precios de 5to secundaria para mi hijo luis,ADMIS_COSTOS
Web,<p><b>documentos para traslado a secundaria. Postulante: Mateo.</b></p>,documentos para traslado a secundaria postulante mateo,ADMIS_REQUIS_DOC
WhatsApp,HOLA HAY LUGARES PARA 5TO SECUNDARIA? MI NIÑO SE LLAMA NICOLAS.,hola hay lugares para 5to secundaria mi niño se llama nicolas,ADMIS_VACANTES
WhatsApp,Saber si hay espacios en primer año para Sebastian. Gracias.,saber si hay espacios en primer año para sebastian gracias,ADMIS_VACANTES
Email,"Estimados, quisiera saber los pensiones de 1ero secundaria para mi hijo Sebastian.",estimados quisiera saber los pensiones de 1ero secundaria para mi hijo sebastian,ADMIS_COSTOS
Web,partidas para traslado a primer grado. Postulante: Luis.,partidas para traslado a primer grado postulante luis,ADMIS_REQUIS_DOC
Web,REUNIÓN DE ADMISION PARA 5TO SECUNDARIA. MI MENOR ES LUIS.,reunión de admision para 5to secundaria mi menor es luis,OTROS
Web,partidas para traslado a primer año. Postulante: Luis.,partidas para traslado a primer año postulante luis,ADMIS_REQUIS_DOC
Web,<p><b>cronograma de admision para 5to secundaria. Mi menor es Pedro.</b></p>,cronograma de admision para 5to secundaria mi menor es pedro,ADMIS_CITAS
WhatsApp,SABER SI HAY LUGARES EN INICIAL 4 AÑOS PARA MARIA. GRACIAS.,saber si hay lugares en inicial 4 años para maria gracias,ADMIS_VACANTES
Web,documentación para traslado a inicial 3 años. Postulante: Sofia.,documentación para traslado a inicial 3 años postulante sofia,ADMIS_REQUIS_DOC
Web,REUNIÓN DE ADMISION PARA 6TO PRIMARIA. MI MENOR ES MATEO.,reunión de admision para 6to primaria mi menor es mateo,OTROS
Email,<p><b>Solicito información de cuotas y detalles para 1ero secundaria. Atte: Maria.</b></p>,solicito información de cuotas y detalles para 1ero secundaria atte maria,ADMIS_COSTOS
Email,"Estimados, quisiera saber los cuotas de 1ero primaria para mi hijo Maria.",estimados quisiera saber los cuotas de 1ero primaria para mi hijo maria,ADMIS_COSTOS
Email,Solicito información de pagos y detalles para 1ero secundaria. Atte: Ana.,solicito información de pagos y detalles para 1ero secundaria atte ana,ADMIS_COSTOS
Web,CHARLAS DE ADMISION PARA 6TO PRIMARIA. MI MENOR ES VALENTINA.,charlas de admision para 6to primaria mi menor es valentina,ADMIS_CITAS
Web,<p><b>requisitos para traslado a primer grado. Postulante: Luis.</b></p>,requisitos para traslado a primer grado postulante luis,ADMIS_REQUIS_DOC
Web,CITAS DE ADMISION PARA 1ERO SECUNDARIA. MI MENOR ES ELENA.,citas de admision para 1ero secundaria mi menor es elena,ADMIS_CITAS
Web,documentación para traslado a 6to primaria. Postulante: Nicolas.,documentación para traslado a 6to primaria postulante nicolas,ADMIS_REQUIS_DOC
Web,charlas de admision para 1ero secundaria. Mi menor es Juan.,charlas de admision para 1ero secundaria mi menor es juan,ADMIS_CITAS
Web,documentación para traslado a secundaria. Postulante: Camila.,documentación para traslado a secundaria postulante camila,ADMIS_REQUIS_DOC
Email,Solicito información de mensualidad y detalles para 1ero primaria. Atte: Mateo.,solicito información de mensualidad y detalles para 1ero primaria atte mateo,ADMIS_COSTOS
WhatsApp,Saber si hay matrículas disponibles en inicial 3 años para Mateo. Gracias.,saber si hay matrículas disponibles en inicial 3 años para mateo gracias,ADMIS_VACANTES
Web,<p><b>papeles para traslado a 5to secundaria. Postulante: Lucia.</b></p>,papeles para traslado a 5to secundaria postulante lucia,ADMIS_REQUIS_DOC
WhatsApp,Saber si hay vacantes en 1ero primaria para Camila. Gracias.,saber si hay vacantes en 1ero primaria para camila gracias,ADMIS_VACANTES
Web,documentación para traslado a 1ero primaria. Postulante: Maria.,documentación para traslado a 1ero primaria postulante maria,ADMIS_REQUIS_DOC
Email,Solicito información de pagos y detalles para primer año. Atte: Luis.,solicito información de pagos y detalles para primer año atte luis,ADMIS_COSTOS
Web,cronograma de admision para primer año. Mi menor es Maria.,cronograma de admision para primer año mi menor es maria,ADMIS_CITAS
Email,Solicito información de costos y detalles para inicial 3 años. Atte: Juan.,solicito información de costos y detalles para inicial 3 años atte juan,ADMIS_COSTOS
WhatsApp,SABER SI HAY LUGARES EN 6TO PRIMARIA PARA PEDRO. GRACIAS.,saber si hay lugares en 6to primaria para pedro gracias,ADMIS_VACANTES
Email,"ESTIMADOS, QUISIERA SABER LOS PRECIOS DE PRIMER GRADO PARA MI HIJO LUIS.",estimados quisiera saber los precios de primer grado para mi hijo luis,ADMIS_COSTOS
WhatsApp,Hola hay cupos para 1ero secundaria? Mi niño se llama Thiago.,hola hay cupos para 1ero secundaria mi niño se llama thiago,ADMIS_VACANTES
Email,"<p><b>Estimados, quisiera saber los cuotas de inicial 5 años para mi hijo Sofia.</b></p>",estimados quisiera saber los cuotas de inicial 5 años para mi hijo sofia,ADMIS_COSTOS
Email,Solicito información de pensiones y detalles para secundaria. Atte: Camila.,solicito información de pensiones y detalles para secundaria atte camila,ADMIS_COSTOS
Email,"<p><b>Estimados, quisiera saber los precios de 1ero primaria para mi hijo Lucia.</b></p>",estimados quisiera saber los precios de 1ero primaria para mi hijo lucia,ADMIS_COSTOS
WhatsApp,Hola hay espacios para 1ero primaria? Mi niño se llama Camila.,hola hay espacios para 1ero primaria mi niño se llama camila,ADMIS_VACANTES
Web,<p><b>partidas para traslado a 1ero primaria. Postulante: Luis.</b></p>,partidas para traslado a 1ero primaria postulante luis,ADMIS_REQUIS_DOC
Web,<p><b>citas de admision para 5to secundaria. Mi menor es Sofia.</b></p>,citas de admision para 5to secundaria mi menor es sofia,ADMIS_CITAS
Email,<p><b>Solicito información de mensualidad y detalles para 1ero primaria. Atte: Maria.</b></p>,solicito información de mensualidad y detalles para 1ero primaria atte maria,ADMIS_COSTOS
Email,"<p><b>Estimados, quisiera saber los costos de inicial 5 años para mi hijo Maria.</b></p>",estimados quisiera saber los costos de inicial 5 años para mi hijo maria,ADMIS_COSTOS
Email,SOLICITO INFORMACIÓN DE PENSIONES Y DETALLES PARA INICIAL 5 AÑOS. ATTE: ANA.,solicito información de pensiones y detalles para inicial 5 años atte ana,ADMIS_COSTOS
Web,papeles para traslado a primer grado. Postulante: Nicolas.,papeles para traslado a primer grado postulante nicolas,ADMIS_REQUIS_DOC
WhatsApp,Saber si hay matrículas disponibles en primer año para Juan. Gracias.,saber si hay matrículas disponibles en primer año para juan gracias,ADMIS_VACANTES
WhatsApp,HOLA HAY LUGARES PARA INICIAL 3 AÑOS? MI NIÑO SE LLAMA PEDRO.,hola hay lugares para inicial 3 años mi niño se llama pedro,ADMIS_VACANTES
Email,Solicito información de pagos y detalles para primer grado. Atte: Sebastian.,solicito información de pagos y detalles para primer grado atte sebastian,ADMIS_COSTOS
Web,CHARLAS DE ADMISION PARA 5TO SECUNDARIA. MI MENOR ES LUCIA.,charlas de admision para 5to secundaria mi menor es lucia,ADMIS_CITAS
Web,CITAS DE ADMISION PARA PRIMER AÑO. MI MENOR ES SOFIA.,citas de admision para primer año mi menor es sofia,ADMIS_CITAS
Web,<p><b>documentos para traslado a inicial 4 años. Postulante: Nicolas.</b></p>,documentos para traslado a inicial 4 años postulante nicolas,ADMIS_REQUIS_DOC
Email,<p><b>Solicito información de pensiones y detalles para 1ero primaria. Atte: Gabriel.</b></p>,solicito información de pensiones y detalles para 1ero primaria atte gabriel,ADMIS_COSTOS
Email,Solicito información de costos y detalles para primer grado. Atte: Valentina.,solicito información de costos y detalles para primer grado atte valentina,ADMIS_COSTOS
Web,citas de admision para 1ero primaria. Mi menor es Thiago.,citas de admision para 1ero primaria mi menor es thiago,ADMIS_CITAS
Email,"Estimados, quisiera saber los costos de inicial 4 años para mi hijo Elena.",estimados quisiera saber los costos de inicial 4 años para mi hijo elena,ADMIS_COSTOS
Web,documentos para traslado a 1ero secundaria. Postulante: Mateo.,documentos para traslado a 1ero secundaria postulante mateo,ADMIS_REQUIS_DOC
Email,Solicito información de pensiones y detalles para primer grado. Atte: Pedro.,solicito información de pensiones y detalles para primer grado atte pedro,ADMIS_COSTOS
WhatsApp,SABER SI HAY VACANTES EN INICIAL 4 AÑOS PARA ANA. GRACIAS.,saber si hay vacantes en inicial 4 años para ana gracias,ADMIS_VACANTES
Web,<p><b>partidas para traslado a inicial 4 años. Postulante: Sofia.</b></p>,partidas para traslado a inicial 4 años postulante sofia,ADMIS_REQUIS_DOC
WhatsApp,Hola hay cupos para 5to secundaria? Mi niño se llama Pedro.,hola hay cupos para 5to secundaria mi niño se llama pedro,ADMIS_VACANTES
WhatsApp,Saber si hay lugares en 1ero secundaria para Camila. Gracias.,saber si hay lugares en 1ero secundaria para camila gracias,ADMIS_VACANTES
Web,<p><b>cronograma de admision para 5to secundaria. Mi menor es Lucia.</b></p>,cronograma de admision para 5to secundaria mi menor es lucia,ADMIS_CITAS
Web,cronograma de admision para primer grado. Mi menor es Luis.,cronograma de admision para primer grado mi menor es luis,ADMIS_CITAS
WhatsApp,Hola hay matrículas disponibles para 6to primaria? Mi niño se llama Gabriel.,hola hay matrículas disponibles para 6to primaria mi niño se llama gabriel,ADMIS_VACANTES
Email,SOLICITO INFORMACIÓN DE CUOTAS Y DETALLES PARA INICIAL 5 AÑOS. ATTE: ANA.,solicito información de cuotas y detalles para inicial 5 años atte ana,ADMIS_COSTOS
WhatsApp,Saber si hay matrículas disponibles en primer año para Pedro. Gracias.,saber si hay matrículas disponibles en primer año para pedro gracias,ADMIS_VACANTES
WhatsApp,Saber si hay matrículas disponibles en 6to primaria para Gabriel. Gracias.,saber si hay matrículas disponibles en 6to primaria para gabriel gracias,ADMIS_VACANTES
Email,"Estimados, quisiera saber los cuotas de primer año para mi hijo Camila.",estimados quisiera saber los cuotas de primer año para mi hijo camila,ADMIS_COSTOS
Email,<p><b>Solicito información de precios y detalles para inicial 3 años. Atte: Elena.</b></p>,solicito información de precios y detalles para inicial 3 años atte elena,ADMIS_COSTOS
Email,Solicito información de pensiones y detalles para 1ero secundaria. Atte: Lucia.,solicito información de pensiones y detalles para 1ero secundaria atte lucia,ADMIS_COSTOS
Email,"Estimados, quisiera saber los mensualidad de primer año para mi hijo Ana.",estimados quisiera saber los mensualidad de primer año para mi hijo ana,ADMIS_COSTOS
WhatsApp,Hola hay cupos para inicial 3 años? Mi niño se llama Juan.,hola hay cupos para inicial 3 años mi niño se llama juan,ADMIS_VACANTES
Email,<p><b>Solicito información de costos y detalles para inicial 5 años. Atte: Lucia.</b></p>,solicito información de costos y detalles para inicial 5 años atte lucia,ADMIS_COSTOS
Email,"Estimados, quisiera saber los precios de primer año para mi hijo Ana.",estimados quisiera saber los precios de primer año para mi hijo ana,ADMIS_COSTOS
WhatsApp,<p><b>Saber si hay vacantes en inicial 4 años para Camila. Gracias.</b></p>,saber si hay vacantes en inicial 4 años para camila gracias,ADMIS_VACANTES
WhatsApp,<p><b>Hola hay cupos para inicial 5 años? Mi niño se llama Luis.</b></p>,hola hay cupos para inicial 5 años mi niño se llama luis,ADMIS_VACANTES
WhatsApp,Saber si hay lugares en inicial 5 años para Gabriel. Gracias.,saber si hay lugares en inicial 5 años para gabriel gracias,ADMIS_VACANTES
Email,Solicito información de pagos y detalles para inicial 4 años. Atte: Mateo.,solicito información de pagos y detalles para inicial 4 años atte mateo,ADMIS_COSTOS
Web,<p><b>cronograma de admision para inicial 3 años. Mi menor es Juan.</b></p>,cronograma de admision para inicial 3 años mi menor es juan,ADMIS_CITAS
Email,"Estimados, quisiera saber los costos de 6to primaria para mi hijo Ana.",estimados quisiera saber los costos de 6to primaria para mi hijo ana,ADMIS_COSTOS
Web,<p><b>citas de admision para inicial 5 años. Mi menor es Valentina.</b></p>,citas de admision para inicial 5 años mi menor es valentina,ADMIS_CITAS
WhatsApp,Hola hay lugares para 5to secundaria? Mi niño se llama Camila.,hola hay lugares para 5to secundaria mi niño se llama camila,ADMIS_VACANTES
Web,CITAS DE ADMISION PARA PRIMER AÑO. MI MENOR ES MARIA.,citas de admision para primer año mi menor es maria,ADMIS_CITAS
WhatsApp,SABER SI HAY VACANTES EN INICIAL 5 AÑOS PARA GABRIEL. GRACIAS.,saber si hay vacantes en inicial 5 años para gabriel gracias,ADMIS_VACANTES
Email,<p><b>Solicito información de pensiones y detalles para 6to primaria. Atte: Juan.</b></p>,solicito información de pensiones y detalles para 6to primaria atte juan,ADMIS_COSTOS
Email,Solicito información de precios y detalles para primer año. Atte: Sofia.,solicito información de precios y detalles para primer año atte sofia,ADMIS_COSTOS
Web,CITAS DE ADMISION PARA INICIAL 3 AÑOS. MI MENOR ES LUCIA.,citas de admision para inicial 3 años mi menor es lucia,ADMIS_CITAS
WhatsApp,<p><b>Hola hay espacios para primer año? Mi niño se llama Luis.</b></p>,hola hay espacios para primer año mi niño se llama luis,ADMIS_VACANTES
Email,"Estimados, quisiera saber los precios de inicial 3 años para mi hijo Thiago.",estimados quisiera saber los precios de inicial 3 años para mi hijo thiago,ADMIS_COSTOS
Email,<p><b>Solicito información de costos y detalles para 1ero secundaria. Atte: Camila.</b></p>,solicito información de costos y detalles para 1ero secundaria atte camila,ADMIS_COSTOS
Email,"Estimados, quisiera saber los pagos de inicial 5 años para mi hijo Camila.",estimados quisiera saber los pagos de inicial 5 años para mi hijo camila,ADMIS_COSTOS
Email,"ESTIMADOS, QUISIERA SABER LOS PENSIONES DE PRIMER GRADO PARA MI HIJO MATEO.",estimados quisiera saber los pensiones de primer grado para mi hijo mateo,ADMIS_COSTOS
Email,"ESTIMADOS, QUISIERA SABER LOS MENSUALIDAD DE 6TO PRIMARIA PARA MI HIJO NICOLAS.",estimados quisiera saber los mensualidad de 6to primaria para mi hijo nicolas,ADMIS_COSTOS
Email,"Estimados, quisiera saber los pensiones de inicial 4 años para mi hijo Luis.",estimados quisiera saber los pensiones de inicial 4 años para mi hijo luis,ADMIS_COSTOS
Web,papeles para traslado a 1ero primaria. Postulante: Gabriel.,papeles para traslado a 1ero primaria postulante gabriel,ADMIS_REQUIS_DOC
Web,ENTREVISTAS DE ADMISION PARA INICIAL 5 AÑOS. MI MENOR ES LUIS.,entrevistas de admision para inicial 5 años mi menor es luis,ADMIS_CITAS
WhatsApp,Hola hay cupos para 1ero secundaria? Mi niño se llama Camila.,hola hay cupos para 1ero secundaria mi niño se llama camila,ADMIS_VACANTES
WhatsApp,<p><b>Hola hay lugares para secundaria? Mi niño se llama Valentina.</b></p>,hola hay lugares para secundaria mi niño se llama valentina,ADMIS_VACANTES
Email,Solicito información de cuotas y detalles para inicial 3 años. Atte: Thiago.,solicito información de cuotas y detalles para inicial 3 años atte thiago,ADMIS_COSTOS
WhatsApp,SABER SI HAY CUPOS EN INICIAL 3 AÑOS PARA ANA. GRACIAS.,saber si hay cupos en inicial 3 años para ana gracias,ADMIS_VACANTES
Email,"ESTIMADOS, QUISIERA SABER LOS PRECIOS DE PRIMER GRADO PARA MI HIJO LUCIA.",estimados quisiera saber los precios de primer grado para mi hijo lucia,ADMIS_COSTOS
Email,"<p><b>Estimados, quisiera saber los mensualidad de 1ero secundaria para mi hijo Lucia.</b></p>",estimados quisiera saber los mensualidad de 1ero secundaria para mi hijo lucia,ADMIS_COSTOS
WhatsApp,<p><b>Hola hay vacantes para 6to primaria? Mi niño se llama Gabriel.</b></p>,hola hay vacantes para 6to primaria mi niño se llama gabriel,ADMIS_VACANTES
Email,<p><b>Solicito información de mensualidad y detalles para secundaria. Atte: Valentina.</b></p>,solicito información de mensualidad y detalles para secundaria atte valentina,ADMIS_COSTOS
Web,CITAS DE ADMISION PARA 6TO PRIMARIA. MI MENOR ES JUAN.,citas de admision para 6to primaria mi menor es juan,ADMIS_CITAS
Web,<p><b>requisitos para traslado a inicial 4 años. Postulante: Ana.</b></p>,requisitos para traslado a inicial 4 años postulante ana,ADMIS_REQUIS_DOC
Email,Solicito información de costos y detalles para 1ero secundaria. Atte: Sebastian.,solicito información de costos y detalles para 1ero secundaria atte sebastian,ADMIS_COSTOS
Web,<p><b>requisitos para traslado a primer año. Postulante: Gabriel.</b></p>,requisitos para traslado a primer año postulante gabriel,ADMIS_REQUIS_DOC
Web,documentación para traslado a primer grado. Postulante: Ana.,documentación para traslado a primer grado postulante ana,ADMIS_REQUIS_DOC
WhatsApp,Saber si hay espacios en 6to primaria para Sofia. Gracias.,saber si hay espacios en 6to primaria para sofia gracias,ADMIS_VACANTES
WhatsApp,Hola hay espacios para 1ero primaria? Mi niño se llama Gabriel.,hola hay espacios para 1ero primaria mi niño se llama gabriel,ADMIS_VACANTES
WhatsApp,<p><b>Saber si hay cupos en 5to secundaria para Sebastian. Gracias.</b></p>,saber si hay cupos en 5to secundaria para sebastian gracias,ADMIS_VACANTES
WhatsApp,Hola hay vacantes para inicial 4 años? Mi niño se llama Valentina.,hola hay vacantes para inicial 4 años mi niño se llama valentina,ADMIS_VACANTES
Email,"Estimados, quisiera saber los pensiones de inicial 5 años para mi hijo Thiago.",estimados quisiera saber los pensiones de inicial 5 años para mi hijo thiago,ADMIS_COSTOS
Web,documentos para traslado a inicial 4 años. Postulante: Maria.,documentos para traslado a inicial 4 años postulante maria,ADMIS_REQUIS_DOC
Email,"ESTIMADOS, QUISIERA SABER LOS PENSIONES DE INICIAL 4 AÑOS PARA MI HIJO PEDRO.",estimados quisiera saber los pensiones de inicial 4 años para mi hijo pedro,ADMIS_COSTOS
WhatsApp,<p><b>Hola hay matrículas disponibles para 1ero primaria? Mi niño se llama Maria.</b></p>,hola hay matrículas disponibles para 1ero primaria mi niño se llama maria,ADMIS_VACANTES
Email,SOLICITO INFORMACIÓN DE MENSUALIDAD Y DETALLES PARA 6TO PRIMARIA. ATTE: PEDRO.,solicito información de mensualidad y detalles para 6to primaria atte pedro,ADMIS_COSTOS
Email,<p><b>Solicito información de cuotas y detalles para 1ero secundaria. Atte: Ana.</b></p>,solicito información de cuotas y detalles para 1ero secundaria atte ana,ADMIS_COSTOS
WhatsApp,Saber si hay espacios en 5to secundaria para Luis. Gracias.,saber si hay espacios en 5to secundaria para luis gracias,ADMIS_VACANTES
WhatsApp,Saber si hay vacantes en 6to primaria para Pedro. Gracias.,saber si hay vacantes en 6to primaria para pedro gracias,ADMIS_VACANTES
Email,Solicito información de pagos y detalles para inicial 5 años. Atte: Ana.,solicito información de pagos y detalles para inicial 5 años atte ana,ADMIS_COSTOS
Email,"Estimados, quisiera saber los mensualidad de primer grado para mi hijo Mateo.",estimados quisiera saber los mensualidad de primer grado para mi hijo mateo,ADMIS_COSTOS
Email,Solicito información de costos y detalles para 5to secundaria. Atte: Gabriel.,solicito información de costos y detalles para 5to secundaria atte gabriel,ADMIS_COSTOS
WhatsApp,<p><b>Saber si hay vacantes en 6to primaria para Gabriel. Gracias.</b></p>,saber si hay vacantes en 6to primaria para gabriel gracias,ADMIS_VACANTES
Email,"<p><b>Estimados, quisiera saber los cuotas de 6to primaria para mi hijo Nicolas.</b></p>",estimados quisiera saber los cuotas de 6to primaria para mi hijo nicolas,ADMIS_COSTOS
Web,partidas para traslado a secundaria. Postulante: Elena.,partidas para traslado a secundaria postulante elena,ADMIS_REQUIS_DOC
Web,CHARLAS DE ADMISION PARA INICIAL 4 AÑOS. MI MENOR ES MARIA.,charlas de admision para inicial 4 años mi menor es maria,ADMIS_CITAS
Web,<p><b>partidas para traslado a inicial 3 años. Postulante: Pedro.</b></p>,partidas para traslado a inicial 3 años postulante pedro,ADMIS_REQUIS_DOC
Web,<p><b>documentos para traslado a primer grado. Postulante: Mateo.</b></p>,documentos para traslado a primer grado postulante mateo,ADMIS_REQUIS_DOC
Web,<p><b>requisitos para traslado a inicial 5 años. Postulante: Camila.</b></p>,requisitos para traslado a inicial 5 años postulante camila,ADMIS_REQUIS_DOC
WhatsApp,<p><b>Saber si hay lugares en primer año para Valentina. Gracias.</b></p>,saber si hay lugares en primer año para valentina gracias,ADMIS_VACANTES
WhatsApp,Saber si hay cupos en inicial 5 años para Luis. Gracias.,saber si hay cupos en inicial 5 años para luis gracias,ADMIS_VACANTES
Email,Solicito información de costos y detalles para 1ero secundaria. Atte: Gabriel.,solicito información de costos y detalles para 1ero secundaria atte gabriel,ADMIS_COSTOS
Web,entrevistas de admision para inicial 3 años. Mi menor es Thiago.,entrevistas de admision para inicial 3 años mi menor es thiago,ADMIS_CITAS
Email,Solicito información de precios y detalles para 1ero secundaria. Atte: Camila.,solicito información de precios y detalles para 1ero secundaria atte camila,ADMIS_COSTOS
Email,"Estimados, quisiera saber los costos de secundaria para mi hijo Lucia.",estimados quisiera saber los costos de secundaria para mi hijo lucia,ADMIS_COSTOS
Email,<p><b>Solicito información de precios y detalles para secundaria. Atte: Maria.</b></p>,solicito información de precios y detalles para secundaria atte maria,ADMIS_COSTOS
Email,"<p><b>Estimados, quisiera saber los costos de 1ero primaria para mi hijo Maria.</b></p>",estimados quisiera saber los costos de 1ero primaria para mi hijo maria,ADMIS_COSTOS
Email,SOLICITO INFORMACIÓN DE COSTOS Y DETALLES PARA PRIMER AÑO. ATTE: ELENA.,solicito información de costos y detalles para primer año atte elena,ADMIS_COSTOS
Email,SOLICITO INFORMACIÓN DE CUOTAS Y DETALLES PARA PRIMER GRADO. ATTE: PEDRO.,solicito información de cuotas y detalles para primer grado atte pedro,ADMIS_COSTOS
Email,Solicito información de pagos y detalles para inicial 3 años. Atte: Lucia.,solicito información de pagos y detalles para inicial 3 años atte lucia,ADMIS_COSTOS
Web,reunión de admision para inicial 5 años. Mi menor es Gabriel.,reunión de admision para inicial 5 años mi menor es gabriel,OTROS
Web,citas de admision para secundaria. Mi menor es Ana.,citas de admision para secundaria mi menor es ana,ADMIS_CITAS
WhatsApp,Hola hay espacios para inicial 3 años? Mi niño se llama Ana.,hola hay espacios para inicial 3 años mi niño se llama ana,ADMIS_VACANTES
WhatsApp,HOLA HAY VACANTES PARA 1ERO PRIMARIA? MI NIÑO SE LLAMA JUAN.,hola hay vacantes para 1ero primaria mi niño se llama juan,ADMIS_VACANTES
WhatsApp,HOLA HAY LUGARES PARA SECUNDARIA? MI NIÑO SE LLAMA PEDRO.,hola hay lugares para secundaria mi niño se llama pedro,ADMIS_VACANTES
Web,requisitos para traslado a 6to primaria. Postulante: Camila.,requisitos para traslado a 6to primaria postulante camila,ADMIS_REQUIS_DOC
WhatsApp,SABER SI HAY VACANTES EN 5TO SECUNDARIA PARA GABRIEL. GRACIAS.,saber si hay vacantes en 5to secundaria para gabriel gracias,ADMIS_VACANTES
WhatsApp,Saber si hay vacantes en inicial 5 años para Pedro. Gracias.,saber si hay vacantes en inicial 5 años para pedro gracias,ADMIS_VACANTES
WhatsApp,Hola hay espacios para primer año? Mi niño se llama Gabriel.,hola hay espacios para primer año mi niño se llama gabriel,ADMIS_VACANTES
WhatsApp,<p><b>Saber si hay cupos en primer año para Sofia. Gracias.</b></p>,saber si hay cupos en primer año para sofia gracias,ADMIS_VACANTES
WhatsApp,Saber si hay cupos en inicial 4 años para Nicolas. Gracias.,saber si hay cupos en inicial 4 años para nicolas gracias,ADMIS_VACANTES
Email,Solicito información de costos y detalles para inicial 5 años. Atte: Sebastian.,solicito información de costos y detalles para inicial 5 años atte sebastian,ADMIS_COSTOS
Web,REQUISITOS PARA TRASLADO A 1ERO SECUNDARIA. POSTULANTE: MARIA.,requisitos para traslado a 1ero secundaria postulante maria,ADMIS_REQUIS_DOC
Web,PARTIDAS PARA TRASLADO A INICIAL 4 AÑOS. POSTULANTE: PEDRO.,partidas para traslado a inicial 4 años postulante pedro,ADMIS_REQUIS_DOC
Web,partidas para traslado a inicial 3 años. Postulante: Mateo.,partidas para traslado a inicial 3 años postulante mateo,ADMIS_REQUIS_DOC
Email,"Estimados, quisiera saber los precios de primer año para mi hijo Sebastian.",estimados quisiera saber los precios de primer año para mi hijo sebastian,ADMIS_COSTOS
WhatsApp,<p><b>Hola hay espacios para inicial 3 años? Mi niño se llama Camila.</b></p>,hola hay espacios para inicial 3 años mi niño se llama camila,ADMIS_VACANTES
Web,DOCUMENTOS PARA TRASLADO A INICIAL 4 AÑOS. POSTULANTE: JUAN.,documentos para traslado a inicial 4 años postulante juan,ADMIS_REQUIS_DOC
Email,Solicito información de pensiones y detalles para primer año. Atte: Maria.,solicito información de pensiones y detalles para primer año atte maria,ADMIS_COSTOS
Web,requisitos para traslado a secundaria. Postulante: Maria.,requisitos para traslado a secundaria postulante maria,ADMIS_REQUIS_DOC
WhatsApp,Saber si hay lugares en 1ero secundaria para Valentina. Gracias.,saber si hay lugares en 1ero secundaria para valentina gracias,ADMIS_VACANTES
Email,<p><b>Solicito información de precios y detalles para primer grado. Atte: Sebastian.</b></p>,solicito información de precios y detalles para primer grado atte sebastian,ADMIS_COSTOS
WhatsApp,Hola hay espacios para 5to secundaria? Mi niño se llama Ana.,hola hay espacios para 5to secundaria mi niño se llama ana,ADMIS_VACANTES
Web,<p><b>reunión de admision para primer grado. Mi menor es Maria.</b></p>,reunión de admision para primer grado mi menor es maria,OTROS
Web,cronograma de admision para secundaria. Mi menor es Elena.,cronograma de admision para secundaria mi menor es elena,ADMIS_CITAS
Web,partidas para traslado a 1ero primaria. Postulante: Lucia.,partidas para traslado a 1ero primaria postulante lucia,ADMIS_REQUIS_DOC
Email,"Estimados, quisiera saber los mensualidad de 6to primaria para mi hijo Ana.",estimados quisiera saber los mensualidad de 6to primaria para mi hijo ana,ADMIS_COSTOS
WhatsApp,Saber si hay espacios en 5to secundaria para Elena. Gracias.,saber si hay espacios en 5to secundaria para elena gracias,ADMIS_VACANTES
Web,<p><b>cronograma de admision para 6to primaria. Mi menor es Sebastian.</b></p>,cronograma de admision para 6to primaria mi menor es sebastian,ADMIS_CITAS
Email,<p><b>Solicito información de costos y detalles para primer grado. Atte: Gabriel.</b></p>,solicito información de costos y detalles para primer grado atte gabriel,ADMIS_COSTOS
Email,"Estimados, quisiera saber los precios de secundaria para mi hijo Ana.",estimados quisiera saber los precios de secundaria para mi hijo ana,ADMIS_COSTOS
Web,documentación para traslado a inicial 5 años. Postulante: Luis.,documentación para traslado a inicial 5 años postulante luis,ADMIS_REQUIS_DOC
Email,Solicito información de cuotas y detalles para 1ero secundaria. Atte: Luis.,solicito información de cuotas y detalles para 1ero secundaria atte luis,ADMIS_COSTOS
Web,entrevistas de admision para primer año. Mi menor es Juan.,entrevistas de admision para primer año mi menor es juan,ADMIS_CITAS
Web,<p><b>citas de admision para 1ero primaria. Mi menor es Pedro.</b></p>,citas de admision para 1ero primaria mi menor es pedro,ADMIS_CITAS
Web,charlas de admision para 1ero primaria. Mi menor es Sebastian.,charlas de admision para 1ero primaria mi menor es sebastian,ADMIS_CITAS
WhatsApp,<p><b>Saber si hay lugares en 5to secundaria para Juan. Gracias.</b></p>,saber si hay lugares en 5to secundaria para juan gracias,ADMIS_VACANTES
Email,<p><b>Solicito información de mensualidad y detalles para primer año. Atte: Mateo.</b></p>,solicito información de mensualidad y detalles para primer año atte mateo,ADMIS_COSTOS
WhatsApp,Hola hay matrículas disponibles para 5to secundaria? Mi niño se llama Gabriel.,hola hay matrículas disponibles para 5to secundaria mi niño se llama gabriel,ADMIS_VACANTES
WhatsApp,Hola hay lugares para inicial 5 años? Mi niño se llama Camila.,hola hay lugares para inicial 5 años mi niño se llama camila,ADMIS_VACANTES
WhatsApp,Hola hay espacios para 5to secundaria? Mi niño se llama Luis.,hola hay espacios para 5to secundaria mi niño se llama luis,ADMIS_VACANTES
WhatsApp,Saber si hay lugares en secundaria para Gabriel. Gracias.,saber si hay lugares en secundaria para gabriel gracias,ADMIS_VACANTES
WhatsApp,Hola hay matrículas disponibles para primer grado? Mi niño se llama Camila.,hola hay matrículas disponibles para primer grado mi niño se llama camila,ADMIS_VACANTES
Web,reunión de admision para 1ero primaria. Mi menor es Camila.,reunión de admision para 1ero primaria mi menor es camila,OTROS
Web,reunión de admision para primer año. Mi menor es Juan.,reunión de admision para primer año mi menor es juan,OTROS
Email,"<p><b>Estimados, quisiera saber los precios de 6to primaria para mi hijo Sebastian.</b></p>",estimados quisiera saber los precios de 6to primaria para mi hijo sebastian,ADMIS_COSTOS
Web,requisitos para traslado a inicial 4 años. Postulante: Nicolas.,requisitos para traslado a inicial 4 años postulante nicolas,ADMIS_REQUIS_DOC
Email,Solicito información de pensiones y detalles para 1ero primaria. Atte: Maria.,solicito información de pensiones y detalles para 1ero primaria atte maria,ADMIS_COSTOS
Email,"<p><b>Estimados, quisiera saber los costos de 1ero primaria para mi hijo Lucia.</b></p>",estimados quisiera saber los costos de 1ero primaria para mi hijo lucia,ADMIS_COSTOS
Email,<p><b>Solicito información de mensualidad y detalles para inicial 3 años. Atte: Juan.</b></p>,solicito información de mensualidad y detalles para inicial 3 años atte juan,ADMIS_COSTOS
WhatsApp,Hola hay lugares para 1ero primaria? Mi niño se llama Camila.,hola hay lugares para 1ero primaria mi niño se llama camila,ADMIS_VACANTES
Email,Solicito información de pagos y detalles para inicial 5 años. Atte: Sebastian.,solicito información de pagos y detalles para inicial 5 años atte sebastian,ADMIS_COSTOS
WhatsApp,<p><b>Saber si hay vacantes en primer grado para Sebastian. Gracias.</b></p>,saber si hay vacantes en primer grado para sebastian gracias,ADMIS_VACANTES
Email,"Estimados, quisiera saber los pagos de 6to primaria para mi hijo Lucia.",estimados quisiera saber los pagos de 6to primaria para mi hijo lucia,ADMIS_COSTOS
Email,"Estimados, quisiera saber los pensiones de 1ero primaria para mi hijo Juan.",estimados quisiera saber los pensiones de 1ero primaria para mi hijo juan,ADMIS_COSTOS
WhatsApp,Saber si hay matrículas disponibles en secundaria para Lucia. Gracias.,saber si hay matrículas disponibles en secundaria para lucia gracias,ADMIS_VACANTES
WhatsApp,Hola hay cupos para 1ero primaria? Mi niño se llama Maria.,hola hay cupos para 1ero primaria mi niño se llama maria,ADMIS_VACANTES
WhatsApp,Saber si hay lugares en inicial 3 años para Valentina. Gracias.,saber si hay lugares en inicial 3 años para valentina gracias,ADMIS_VACANTES
Web,cronograma de admision para inicial 3 años. Mi menor es Luis.,cronograma de admision para inicial 3 años mi menor es luis,ADMIS_CITAS
WhatsApp,<p><b>Hola hay matrículas disponibles para primer grado? Mi niño se llama Elena.</b></p>,hola hay matrículas disponibles para primer grado mi niño se llama elena,ADMIS_VACANTES
Email,Solicito información de costos y detalles para inicial 3 años. Atte: Nicolas.,solicito información de costos y detalles para inicial 3 años atte nicolas,ADMIS_COSTOS
WhatsApp,HOLA HAY CUPOS PARA PRIMER GRADO? MI NIÑO SE LLAMA LUIS.,hola hay cupos para primer grado mi niño se llama luis,ADMIS_VACANTES
WhatsApp,<p><b>Hola hay lugares para 1ero primaria? Mi niño se llama Gabriel.</b></p>,hola hay lugares para 1ero primaria mi niño se llama gabriel,ADMIS_VACANTES
Email,"<p><b>Estimados, quisiera saber los pagos de primer grado para mi hijo Valentina.</b></p>",estimados quisiera saber los pagos de primer grado para mi hijo valentina,ADMIS_COSTOS
Web,<p><b>charlas de admision para inicial 5 años. Mi menor es Lucia.</b></p>,charlas de admision para inicial 5 años mi menor es lucia,ADMIS_CITAS
WhatsApp,Saber si hay cupos en primer grado para Luis. Gracias.,saber si hay cupos en primer grado para luis gracias,ADMIS_VACANTES
Email,SOLICITO INFORMACIÓN DE PAGOS Y DETALLES PARA INICIAL 4 AÑOS. ATTE: ELENA.,solicito información de pagos y detalles para inicial 4 años atte elena,ADMIS_COSTOS
WhatsApp,HOLA HAY ESPACIOS PARA INICIAL 5 AÑOS? MI NIÑO SE LLAMA SOFIA.,hola hay espacios para inicial 5 años mi niño se llama sofia,ADMIS_VACANTES
WhatsApp,Hola hay vacantes para 6to primaria? Mi niño se llama Valentina.,hola hay vacantes para 6to primaria mi niño se llama valentina,ADMIS_VACANTES
Web,entrevistas de admision para inicial 3 años. Mi menor es Lucia.,entrevistas de admision para inicial 3 años mi menor es lucia,ADMIS_CITAS
Web,documentos para traslado a secundaria. Postulante: Gabriel.,documentos para traslado a secundaria postulante gabriel,ADMIS_REQUIS_DOC
Email,<p><b>Solicito información de pensiones y detalles para 5to secundaria. Atte: Sebastian.</b></p>,solicito información de pensiones y detalles para 5to secundaria atte sebastian,ADMIS_COSTOS
Email,<p><b>Solicito información de mensualidad y detalles para 1ero primaria. Atte: Gabriel.</b></p>,solicito información de mensualidad y detalles para 1ero primaria atte gabriel,ADMIS_COSTOS
Email,Solicito información de precios y detalles para inicial 3 años. Atte: Thiago.,solicito información de precios y detalles para inicial 3 años atte thiago,ADMIS_COSTOS
Email,"Estimados, quisiera saber los costos de primer grado para mi hijo Elena.",estimados quisiera saber los costos de primer grado para mi hijo elena,ADMIS_COSTOS
Web,documentación para traslado a 1ero secundaria. Postulante: Luis.,documentación para traslado a 1ero secundaria postulante luis,ADMIS_REQUIS_DOC
WhatsApp,Saber si hay cupos en secundaria para Mateo. Gracias.,saber si hay cupos en secundaria para mateo gracias,ADMIS_VACANTES
Web,documentos para traslado a primer año. Postulante: Mateo.,documentos para traslado a primer año postulante mateo,ADMIS_REQUIS_DOC
WhatsApp,Hola hay espacios para primer grado? Mi niño se llama Lucia.,hola hay espacios para primer grado mi niño se llama lucia,ADMIS_VACANTES
Email,"Estimados, quisiera saber los mensualidad de primer grado para mi hijo Lucia.",estimados quisiera saber los mensualidad de primer grado para mi hijo lucia,ADMIS_COSTOS
Email,"<p><b>Estimados, quisiera saber los precios de 6to primaria para mi hijo Valentina.</b></p>",estimados quisiera saber los precios de 6to primaria para mi hijo valentina,ADMIS_COSTOS
WhatsApp,<p><b>Hola hay espacios para primer año? Mi niño se llama Valentina.</b></p>,hola hay espacios para primer año mi niño se llama valentina,ADMIS_VACANTES
Web,<p><b>charlas de admision para inicial 3 años. Mi menor es Valentina.</b></p>,charlas de admision para inicial 3 años mi menor es valentina,ADMIS_CITAS
Web,documentos para traslado a 5to secundaria. Postulante: Ana.,documentos para traslado a 5to secundaria postulante ana,ADMIS_REQUIS_DOC
WhatsApp,Saber si hay cupos en 1ero secundaria para Juan. Gracias.,saber si hay cupos en 1ero secundaria para juan gracias,ADMIS_VACANTES
Web,reunión de admision para inicial 3 años. Mi menor es Nicolas.,reunión de admision para inicial 3 años mi menor es nicolas,OTROS
WhatsApp,<p><b>Hola hay vacantes para primer año? Mi niño se llama Juan.</b></p>,hola hay vacantes para primer año mi niño se llama juan,ADMIS_VACANTES
Web,<p><b>cronograma de admision para 1ero primaria. Mi menor es Mateo.</b></p>,cronograma de admision para 1ero primaria mi menor es mateo,ADMIS_CITAS
Web,documentos para traslado a primer grado. Postulante: Elena.,documentos para traslado a primer grado postulante elena,ADMIS_REQUIS_DOC
Email,SOLICITO INFORMACIÓN DE COSTOS Y DETALLES PARA PRIMER GRADO. ATTE: SEBASTIAN.,solicito información de costos y detalles para primer grado atte sebastian,ADMIS_COSTOS
Email,"Estimados, quisiera saber los costos de inicial 5 años para mi hijo Pedro.",estimados quisiera saber los costos de inicial 5 años para mi hijo pedro,ADMIS_COSTOS
Web,entrevistas de admision para 5to secundaria. Mi menor es Luis.,entrevistas de admision para 5to secundaria mi menor es luis,ADMIS_CITAS
Email,Solicito información de pagos y detalles para inicial 4 años. Atte: Pedro.,solicito información de pagos y detalles para inicial 4 años atte pedro,ADMIS_COSTOS
Web,<p><b>documentación para traslado a secundaria. Postulante: Gabriel.</b></p>,documentación para traslado a secundaria postulante gabriel,ADMIS_REQUIS_DOC
Email,Solicito información de mensualidad y detalles para 1ero secundaria. Atte: Camila.,solicito información de mensualidad y detalles para 1ero secundaria atte camila,ADMIS_COSTOS
Web,<p><b>documentos para traslado a inicial 5 años. Postulante: Camila.</b></p>,documentos para traslado a inicial 5 años postulante camila,ADMIS_REQUIS_DOC
WhatsApp,<p><b>Hola hay lugares para 5to secundaria? Mi niño se llama Maria.</b></p>,hola hay lugares para 5to secundaria mi niño se llama maria,ADMIS_VACANTES
WhatsApp,<p><b>Saber si hay matrículas disponibles en 1ero secundaria para Nicolas. Gracias.</b></p>,saber si hay matrículas disponibles en 1ero secundaria para nicolas gracias,ADMIS_VACANTES
Email,Solicito información de cuotas y detalles para primer año. Atte: Juan.,solicito información de cuotas y detalles para primer año atte juan,ADMIS_COSTOS
Web,reunión de admision para 1ero secundaria. Mi menor es Lucia.,reunión de admision para 1ero secundaria mi menor es lucia,OTROS
Web,<p><b>citas de admision para primer grado. Mi menor es Pedro.</b></p>,citas de admision para primer grado mi menor es pedro,ADMIS_CITAS
WhatsApp,Hola hay cupos para secundaria? Mi niño se llama Thiago.,hola hay cupos para secundaria mi niño se llama thiago,ADMIS_VACANTES
Email,"ESTIMADOS, QUISIERA SABER LOS COSTOS DE SECUNDARIA PARA MI HIJO MATEO.",estimados quisiera saber los costos de secundaria para mi hijo mateo,ADMIS_COSTOS
Web,DOCUMENTOS PARA TRASLADO A PRIMER AÑO. POSTULANTE: SOFIA.,documentos para traslado a primer año postulante sofia,ADMIS_REQUIS_DOC
Web,<p><b>partidas para traslado a 1ero secundaria. Postulante: Valentina.</b></p>,partidas para traslado a 1ero secundaria postulante valentina,ADMIS_REQUIS_DOC
Web,citas de admision para primer año. Mi menor es Ana.,citas de admision para primer año mi menor es ana,ADMIS_CITAS
WhatsApp,Saber si hay cupos en primer año para Valentina. Gracias.,saber si hay cupos en primer año para valentina gracias,ADMIS_VACANTES
WhatsApp,<p><b>Saber si hay espacios en inicial 3 años para Juan. Gracias.</b></p>,saber si hay espacios en inicial 3 años para juan gracias,ADMIS_VACANTES
Web,<p><b>cronograma de admision para inicial 4 años. Mi menor es Lucia.</b></p>,cronograma de admision para inicial 4 años mi menor es lucia,ADMIS_CITAS
Email,Solicito información de precios y detalles para secundaria. Atte: Gabriel.,solicito información de precios y detalles para secundaria atte gabriel,ADMIS_COSTOS
Email,"ESTIMADOS, QUISIERA SABER LOS PAGOS DE SECUNDARIA PARA MI HIJO ANA.",estimados quisiera saber los pagos de secundaria para mi hijo ana,ADMIS_COSTOS
Email,Solicito información de pensiones y detalles para 1ero secundaria. Atte: Juan.,solicito información de pensiones y detalles para 1ero secundaria atte juan,ADMIS_COSTOS
WhatsApp,Hola hay vacantes para 1ero primaria? Mi niño se llama Nicolas.,hola hay vacantes para 1ero primaria mi niño se llama nicolas,ADMIS_VACANTES
WhatsApp,Hola hay vacantes para 1ero secundaria? Mi niño se llama Gabriel.,hola hay vacantes para 1ero secundaria mi niño se llama gabriel,ADMIS_VACANTES
Email,Solicito información de pensiones y detalles para inicial 4 años. Atte: Pedro.,solicito información de pensiones y detalles para inicial 4 años atte pedro,ADMIS_COSTOS
WhatsApp,Saber si hay cupos en 6to primaria para Mateo. Gracias.,saber si hay cupos en 6to primaria para mateo gracias,ADMIS_VACANTES
Web,<p><b>documentación para traslado a 1ero secundaria. Postulante: Maria.</b></p>,documentación para traslado a 1ero secundaria postulante maria,ADMIS_REQUIS_DOC
WhatsApp,Saber si hay vacantes en inicial 3 años para Valentina. Gracias.,saber si hay vacantes en inicial 3 años para valentina gracias,ADMIS_VACANTES
WhatsApp,Saber si hay lugares en 6to primaria para Elena. Gracias.,saber si hay lugares en 6to primaria para elena gracias,ADMIS_VACANTES
Email,"ESTIMADOS, QUISIERA SABER LOS PAGOS DE PRIMER AÑO PARA MI HIJO ANA.",estimados quisiera saber los pagos de primer año para mi hijo ana,ADMIS_COSTOS
Email,"<p><b>Estimados, quisiera saber los mensualidad de 6to primaria para mi hijo Luis.</b></p>",estimados quisiera saber los mensualidad de 6to primaria para mi hijo luis,ADMIS_COSTOS
Email,"<p><b>Estimados, quisiera saber los pagos de 6to primaria para mi hijo Sebastian.</b></p>",estimados quisiera saber los pagos de 6to primaria para mi hijo sebastian,ADMIS_COSTOS
WhatsApp,Saber si hay cupos en inicial 3 años para Luis. Gracias.,saber si hay cupos en inicial 3 años para luis gracias,ADMIS_VACANTES
Email,"Estimados, quisiera saber los cuotas de 5to secundaria para mi hijo Gabriel.",estimados quisiera saber los cuotas de 5to secundaria para mi hijo gabriel,ADMIS_COSTOS
Email,"Estimados, quisiera saber los pagos de inicial 3 años para mi hijo Elena.",estimados quisiera saber los pagos de inicial 3 años para mi hijo elena,ADMIS_COSTOS
WhatsApp,Saber si hay matrículas disponibles en 1ero primaria para Juan. Gracias.,saber si hay matrículas disponibles en 1ero primaria para juan gracias,ADMIS_VACANTES
WhatsApp,Hola hay lugares para secundaria? Mi niño se llama Nicolas.,hola hay lugares para secundaria mi niño se llama nicolas,ADMIS_VACANTES
Email,Solicito información de mensualidad y detalles para 1ero primaria. Atte: Camila.,solicito información de mensualidad y detalles para 1ero primaria atte camila,ADMIS_COSTOS
WhatsApp,Saber si hay espacios en primer año para Sofia. Gracias.,saber si hay espacios en primer año para sofia gracias,ADMIS_VACANTES
WhatsApp,Hola hay vacantes para inicial 5 años? Mi niño se llama Mateo.,hola hay vacantes para inicial 5 años mi niño se llama mateo,ADMIS_VACANTES
WhatsApp,Saber si hay cupos en secundaria para Valentina. Gracias.,saber si hay cupos en secundaria para valentina gracias,ADMIS_VACANTES
WhatsApp,Saber si hay matrículas disponibles en 5to secundaria para Camila. Gracias.,saber si hay matrículas disponibles en 5to secundaria para camila gracias,ADMIS_VACANTES
Email,Solicito información de mensualidad y detalles para 5to secundaria. Atte: Sebastian.,solicito información de mensualidad y detalles para 5to secundaria atte sebastian,ADMIS_COSTOS
Email,"Estimados, quisiera saber los pagos de primer grado para mi hijo Elena.",estimados quisiera saber los pagos de primer grado para mi hijo elena,ADMIS_COSTOS
Web,PAPELES PARA TRASLADO A PRIMER AÑO. POSTULANTE: VALENTINA.,papeles para traslado a primer año postulante valentina,ADMIS_REQUIS_DOC
Web,documentos para traslado a 1ero secundaria. Postulante: Thiago.,documentos para traslado a 1ero secundaria postulante thiago,ADMIS_REQUIS_DOC
WhatsApp,<p><b>Hola hay matrículas disponibles para inicial 5 años? Mi niño se llama Camila.</b></p>,hola hay matrículas disponibles para inicial 5 años mi niño se llama camila,ADMIS_VACANTES
Web,requisitos para traslado a 6to primaria. Postulante: Pedro.,requisitos para traslado a 6to primaria postulante pedro,ADMIS_REQUIS_DOC
Web,entrevistas de admision para inicial 3 años. Mi menor es Pedro.,entrevistas de admision para inicial 3 años mi menor es pedro,ADMIS_CITAS
WhatsApp,Hola hay lugares para secundaria? Mi niño se llama Camila.,hola hay lugares para secundaria mi niño se llama camila,ADMIS_VACANTES
Email,"Estimados, quisiera saber los pagos de 1ero primaria para mi hijo Thiago.",estimados quisiera saber los pagos de 1ero primaria para mi hijo thiago,ADMIS_COSTOS
Email,Solicito información de costos y detalles para 1ero primaria. Atte: Valentina.,solicito información de costos y detalles para 1ero primaria atte valentina,ADMIS_COSTOS
Web,documentación para traslado a primer año. Postulante: Pedro.,documentación para traslado a primer año postulante pedro,ADMIS_REQUIS_DOC
Email,<p><b>Solicito información de costos y detalles para inicial 4 años. Atte: Sofia.</b></p>,solicito información de costos y detalles para inicial 4 años atte sofia,ADMIS_COSTOS
Web,reunión de admision para primer grado. Mi menor es Camila.,reunión de admision para primer grado mi menor es camila,OTROS
Web,reunión de admision para secundaria. Mi menor es Valentina.,reunión de admision para secundaria mi menor es valentina,OTROS
Email,"Estimados, quisiera saber los mensualidad de secundaria para mi hijo Sofia.",estimados quisiera saber los mensualidad de secundaria para mi hijo sofia,ADMIS_COSTOS
WhatsApp,Saber si hay lugares en 1ero primaria para Nicolas. Gracias.,saber si hay lugares en 1ero primaria para nicolas gracias,ADMIS_VACANTES
Web,<p><b>documentación para traslado a primer año. Postulante: Ana.</b></p>,documentación para traslado a primer año postulante ana,ADMIS_REQUIS_DOC
Email,"Estimados, quisiera saber los mensualidad de primer grado para mi hijo Ana.",estimados quisiera saber los mensualidad de primer grado para mi hijo ana,ADMIS_COSTOS
Email,Solicito información de pensiones y detalles para secundaria. Atte: Mateo.,solicito información de pensiones y detalles para secundaria atte mateo,ADMIS_COSTOS
Email,SOLICITO INFORMACIÓN DE PENSIONES Y DETALLES PARA PRIMER AÑO. ATTE: PEDRO.,solicito información de pensiones y detalles para primer año atte pedro,ADMIS_COSTOS
Web,PARTIDAS PARA TRASLADO A 1ERO PRIMARIA. POSTULANTE: ANA.,partidas para traslado a 1ero primaria postulante ana,ADMIS_REQUIS_DOC
Email,Solicito información de precios y detalles para 5to secundaria. Atte: Juan.,solicito información de precios y detalles para 5to secundaria atte juan,ADMIS_COSTOS
Web,reunión de admision para primer grado. Mi menor es Lucia.,reunión de admision para primer grado mi menor es lucia,OTROS
WhatsApp,Saber si hay cupos en primer grado para Mateo. Gracias.,saber si hay cupos en primer grado para mateo gracias,ADMIS_VACANTES
Web,citas de admision para inicial 4 años. Mi menor es Nicolas.,citas de admision para inicial 4 años mi menor es nicolas,ADMIS_CITAS
Email,Solicito información de pensiones y detalles para 1ero primaria. Atte: Juan.,solicito información de pensiones y detalles para 1ero primaria atte juan,ADMIS_COSTOS
Email,"Estimados, quisiera saber los pensiones de inicial 4 años para mi hijo Juan.",estimados quisiera saber los pensiones de inicial 4 años para mi hijo juan,ADMIS_COSTOS
Web,<p><b>papeles para traslado a 1ero secundaria. Postulante: Luis.</b></p>,papeles para traslado a 1ero secundaria postulante luis,ADMIS_REQUIS_DOC
WhatsApp,Hola hay vacantes para inicial 3 años? Mi niño se llama Pedro.,hola hay vacantes para inicial 3 años mi niño se llama pedro,ADMIS_VACANTES
Email,Solicito información de pagos y detalles para 1ero primaria. Atte: Luis.,solicito información de pagos y detalles para 1ero primaria atte luis,ADMIS_COSTOS
Email,Solicito información de mensualidad y detalles para 1ero secundaria. Atte: Luis.,solicito información de mensualidad y detalles para 1ero secundaria atte luis,ADMIS_COSTOS
Email,"<p><b>Estimados, quisiera saber los mensualidad de 1ero primaria para mi hijo Camila.</b></p>",estimados quisiera saber los mensualidad de 1ero primaria para mi hijo camila,ADMIS_COSTOS
Email,"Estimados, quisiera saber los precios de 6to primaria para mi hijo Maria.",estimados quisiera saber los precios de 6to primaria para mi hijo maria,ADMIS_COSTOS
Email,"Estimados, quisiera saber los costos de inicial 4 años para mi hijo Maria.",estimados quisiera saber los costos de inicial 4 años para mi hijo maria,ADMIS_COSTOS
Email,Solicito información de costos y detalles para primer grado. Atte: Maria.,solicito información de costos y detalles para primer grado atte maria,ADMIS_COSTOS
Email,<p><b>Solicito información de cuotas y detalles para primer grado. Atte: Maria.</b></p>,solicito información de cuotas y detalles para primer grado atte maria,ADMIS_COSTOS
Web,citas de admision para 1ero secundaria. Mi menor es Gabriel.,citas de admision para 1ero secundaria mi menor es gabriel,ADMIS_CITAS
Email,"ESTIMADOS, QUISIERA SABER LOS COSTOS DE INICIAL 3 AÑOS PARA MI HIJO SOFIA.",estimados quisiera saber los costos de inicial 3 años para mi hijo sofia,ADMIS_COSTOS
Email,SOLICITO INFORMACIÓN DE PENSIONES Y DETALLES PARA 1ERO SECUNDARIA. ATTE: THIAGO.,solicito información de pensiones y detalles para 1ero secundaria atte thiago,ADMIS_COSTOS
Web,<p><b>cronograma de admision para 5to secundaria. Mi menor es Ana.</b></p>,cronograma de admision para 5to secundaria mi menor es ana,ADMIS_CITAS
Email,SOLICITO INFORMACIÓN DE COSTOS Y DETALLES PARA 1ERO PRIMARIA. ATTE: MARIA.,solicito información de costos y detalles para 1ero primaria atte maria,ADMIS_COSTOS
Email,Solicito información de pagos y detalles para 6to primaria. Atte: Sebastian.,solicito información de pagos y detalles para 6to primaria atte sebastian,ADMIS_COSTOS
Web,papeles para traslado a 6to primaria. Postulante: Camila.,papeles para traslado a 6to primaria postulante camila,ADMIS_REQUIS_DOC
Web,documentación para traslado a 1ero primaria. Postulante: Gabriel.,documentación para traslado a 1ero primaria postulante gabriel,ADMIS_REQUIS_DOC
Web,DOCUMENTACIÓN PARA TRASLADO A INICIAL 3 AÑOS. POSTULANTE: PEDRO.,documentación para traslado a inicial 3 años postulante pedro,ADMIS_REQUIS_DOC
Web,<p><b>partidas para traslado a inicial 4 años. Postulante: Thiago.</b></p>,partidas para traslado a inicial 4 años postulante thiago,ADMIS_REQUIS_DOC
Email,SOLICITO INFORMACIÓN DE PRECIOS Y DETALLES PARA 1ERO PRIMARIA. ATTE: SOFIA.,solicito información de precios y detalles para 1ero primaria atte sofia,ADMIS_COSTOS
Email,"<p><b>Estimados, quisiera saber los pagos de 5to secundaria para mi hijo Mateo.</b></p>",estimados quisiera saber los pagos de 5to secundaria para mi hijo mateo,ADMIS_COSTOS
WhatsApp,Saber si hay vacantes en primer año para Maria. Gracias.,saber si hay vacantes en primer año para maria gracias,ADMIS_VACANTES
WhatsApp,<p><b>Saber si hay espacios en primer año para Valentina. Gracias.</b></p>,saber si hay espacios en primer año para valentina gracias,ADMIS_VACANTES
Email,"Estimados, quisiera saber los cuotas de inicial 4 años para mi hijo Sofia.",estimados quisiera saber los cuotas de inicial 4 años para mi hijo sofia,ADMIS_COSTOS
Web,papeles para traslado a primer año. Postulante: Juan.,papeles para traslado a primer año postulante juan,ADMIS_REQUIS_DOC
WhatsApp,Saber si hay lugares en primer grado para Pedro. Gracias.,saber si hay lugares en primer grado para pedro gracias,ADMIS_VACANTES
WhatsApp,Hola hay vacantes para secundaria? Mi niño se llama Mateo.,hola hay vacantes para secundaria mi niño se llama mateo,ADMIS_VACANTES
Email,Solicito información de mensualidad y detalles para secundaria. Atte: Sofia.,solicito información de mensualidad y detalles para secundaria atte sofia,ADMIS_COSTOS
Email,"ESTIMADOS, QUISIERA SABER LOS PRECIOS DE PRIMER AÑO PARA MI HIJO NICOLAS.",estimados quisiera saber los precios de primer año para mi hijo nicolas,ADMIS_COSTOS
Email,Solicito información de pagos y detalles para 1ero primaria. Atte: Nicolas.,solicito información de pagos y detalles para 1ero primaria atte nicolas,ADMIS_COSTOS
Email,"Estimados, quisiera saber los mensualidad de secundaria para mi hijo Camila.",estimados quisiera saber los mensualidad de secundaria para mi hijo camila,ADMIS_COSTOS
WhatsApp,Hola hay lugares para 5to secundaria? Mi niño se llama Sebastian.,hola hay lugares para 5to secundaria mi niño se llama sebastian,ADMIS_VACANTES
Email,Solicito información de costos y detalles para 1ero primaria. Atte: Camila.,solicito información de costos y detalles para 1ero primaria atte camila,ADMIS_COSTOS
Web,<p><b>papeles para traslado a 1ero primaria. Postulante: Pedro.</b></p>,papeles para traslado a 1ero primaria postulante pedro,ADMIS_REQUIS_DOC
Email,"ESTIMADOS, QUISIERA SABER LOS COSTOS DE PRIMER AÑO PARA MI HIJO NICOLAS.",estimados quisiera saber los costos de primer año para mi hijo nicolas,ADMIS_COSTOS
WhatsApp,Saber si hay matrículas disponibles en inicial 4 años para Sebastian. Gracias.,saber si hay matrículas disponibles en inicial 4 años para sebastian gracias,ADMIS_VACANTES
WhatsApp,<p><b>Hola hay cupos para inicial 3 años? Mi niño se llama Valentina.</b></p>,hola hay cupos para inicial 3 años mi niño se llama valentina,ADMIS_VACANTES
Email,"<p><b>Estimados, quisiera saber los costos de 1ero secundaria para mi hijo Camila.</b></p>",estimados quisiera saber los costos de 1ero secundaria para mi hijo camila,ADMIS_COSTOS
Email,"Estimados, quisiera saber los pagos de 1ero primaria para mi hijo Lucia.",estimados quisiera saber los pagos de 1ero primaria para mi hijo lucia,ADMIS_COSTOS
Web,charlas de admision para 1ero primaria. Mi menor es Lucia.,charlas de admision para 1ero primaria mi menor es lucia,ADMIS_CITAS
WhatsApp,<p><b>Saber si hay lugares en primer grado para Elena. Gracias.</b></p>,saber si hay lugares en primer grado para elena gracias,ADMIS_VACANTES
Email,"Estimados, quisiera saber los precios de 1ero secundaria para mi hijo Luis.",estimados quisiera saber los precios de 1ero secundaria para mi hijo luis,ADMIS_COSTOS
Web,<p><b>citas de admision para inicial 4 años. Mi menor es Thiago.</b></p>,citas de admision para inicial 4 años mi menor es thiago,ADMIS_CITAS
WhatsApp,Hola hay espacios para primer año? Mi niño se llama Nicolas.,hola hay espacios para primer año mi niño se llama nicolas,ADMIS_VACANTES
WhatsApp,SABER SI HAY VACANTES EN INICIAL 3 AÑOS PARA SEBASTIAN. GRACIAS.,saber si hay vacantes en inicial 3 años para sebastian gracias,ADMIS_VACANTES
Email,"Estimados, quisiera saber los mensualidad de primer año para mi hijo Nicolas.",estimados quisiera saber los mensualidad de primer año para mi hijo nicolas,ADMIS_COSTOS
WhatsApp,Hola hay lugares para inicial 4 años? Mi niño se llama Nicolas.,hola hay lugares para inicial 4 años mi niño se llama nicolas,ADMIS_VACANTES
WhatsApp,Saber si hay matrículas disponibles en 1ero secundaria para Lucia. Gracias.,saber si hay matrículas disponibles en 1ero secundaria para lucia gracias,ADMIS_VACANTES
WhatsApp,Hola hay matrículas disponibles para 6to primaria? Mi niño se llama Luis.,hola hay matrículas disponibles para 6to primaria mi niño se llama luis,ADMIS_VACANTES
WhatsApp,Saber si hay espacios en 5to secundaria para Valentina. Gracias.,saber si hay espacios en 5to secundaria para valentina gracias,ADMIS_VACANTES
WhatsApp,Hola hay vacantes para 1ero secundaria? Mi niño se llama Sebastian.,hola hay vacantes para 1ero secundaria mi niño se llama sebastian,ADMIS_VACANTES
Web,charlas de admision para inicial 5 años. Mi menor es Ana.,charlas de admision para inicial 5 años mi menor es ana,ADMIS_CITAS
WhatsApp,<p><b>Saber si hay espacios en inicial 4 años para Sebastian. Gracias.</b></p>,saber si hay espacios en inicial 4 años para sebastian gracias,ADMIS_VACANTES
WhatsApp,Saber si hay matrículas disponibles en primer grado para Valentina. Gracias.,saber si hay matrículas disponibles en primer grado para valentina gracias,ADMIS_VACANTES
Email,"Estimados, quisiera saber los cuotas de 6to primaria para mi hijo Sebastian.",estimados quisiera saber los cuotas de 6to primaria para mi hijo sebastian,ADMIS_COSTOS
Email,<p><b>Solicito información de costos y detalles para 6to primaria. Atte: Sebastian.</b></p>,solicito información de costos y detalles para 6to primaria atte sebastian,ADMIS_COSTOS
WhatsApp,<p><b>Hola hay matrículas disponibles para inicial 4 años? Mi niño se llama Pedro.</b></p>,hola hay matrículas disponibles para inicial 4 años mi niño se llama pedro,ADMIS_VACANTES
WhatsApp,Hola hay lugares para secundaria? Mi niño se llama Sofia.,hola hay lugares para secundaria mi niño se llama sofia,ADMIS_VACANTES
Web,charlas de admision para inicial 4 años. Mi menor es Nicolas.,charlas de admision para inicial 4 años mi menor es nicolas,ADMIS_CITAS
WhatsApp,Hola hay espacios para 1ero primaria? Mi niño se llama Maria.,hola hay espacios para 1ero primaria mi niño se llama maria,ADMIS_VACANTES
WhatsApp,Saber si hay vacantes en inicial 5 años para Valentina. Gracias.,saber si hay vacantes en inicial 5 años para valentina gracias,ADMIS_VACANTES
WhatsApp,Saber si hay vacantes en primer año para Valentina. Gracias.,saber si hay vacantes en primer año para valentina gracias,ADMIS_VACANTES
WhatsApp,Hola hay lugares para 5to secundaria? Mi niño se llama Lucia.,hola hay lugares para 5to secundaria mi niño se llama lucia,ADMIS_VACANTES
Web,documentación para traslado a 1ero secundaria. Postulante: Camila.,documentación para traslado a 1ero secundaria postulante camila,ADMIS_REQUIS_DOC
Email,"Estimados, quisiera saber los mensualidad de primer año para mi hijo Thiago.",estimados quisiera saber los mensualidad de primer año para mi hijo thiago,ADMIS_COSTOS
WhatsApp,SABER SI HAY LUGARES EN INICIAL 3 AÑOS PARA SEBASTIAN. GRACIAS.,saber si hay lugares en inicial 3 años para sebastian gracias,ADMIS_VACANTES
Web,citas de admision para 1ero primaria. Mi menor es Lucia.,citas de admision para 1ero primaria mi menor es lucia,ADMIS_CITAS
Email,Solicito información de mensualidad y detalles para inicial 5 años. Atte: Pedro.,solicito información de mensualidad y detalles para inicial 5 años atte pedro,ADMIS_COSTOS
Email,"Estimados, quisiera saber los cuotas de 1ero secundaria para mi hijo Elena.",estimados quisiera saber los cuotas de 1ero secundaria para mi hijo elena,ADMIS_COSTOS
WhatsApp,Hola hay lugares para secundaria? Mi niño se llama Ana.,hola hay lugares para secundaria mi niño se llama ana,ADMIS_VACANTES
Email,<p><b>Solicito información de mensualidad y detalles para inicial 3 años. Atte: Valentina.</b></p>,solicito información de mensualidad y detalles para inicial 3 años atte valentina,ADMIS_COSTOS
WhatsApp,<p><b>Hola hay matrículas disponibles para 1ero secundaria? Mi niño se llama Mateo.</b></p>,hola hay matrículas disponibles para 1ero secundaria mi niño se llama mateo,ADMIS_VACANTES
Web,reunión de admision para primer grado. Mi menor es Sebastian.,reunión de admision para primer grado mi menor es sebastian,OTROS
Email,"Estimados, quisiera saber los costos de 5to secundaria para mi hijo Thiago.",estimados quisiera saber los costos de 5to secundaria para mi hijo thiago,ADMIS_COSTOS
WhatsApp,HOLA HAY ESPACIOS PARA PRIMER AÑO? MI NIÑO SE LLAMA ANA.,hola hay espacios para primer año mi niño se llama ana,ADMIS_VACANTES
Web,documentación para traslado a inicial 3 años. Postulante: Thiago.,documentación para traslado a inicial 3 años postulante thiago,ADMIS_REQUIS_DOC
WhatsApp,HOLA HAY CUPOS PARA INICIAL 4 AÑOS? MI NIÑO SE LLAMA NICOLAS.,hola hay cupos para inicial 4 años mi niño se llama nicolas,ADMIS_VACANTES
Email,"<p><b>Estimados, quisiera saber los cuotas de inicial 3 años para mi hijo Gabriel.</b></p>",estimados quisiera saber los cuotas de inicial 3 años para mi hijo gabriel,ADMIS_COSTOS
WhatsApp,Hola hay matrículas disponibles para primer año? Mi niño se llama Gabriel.,hola hay matrículas disponibles para primer año mi niño se llama gabriel,ADMIS_VACANTES
Email,Solicito información de pagos y detalles para 1ero secundaria. Atte: Maria.,solicito información de pagos y detalles para 1ero secundaria atte maria,ADMIS_COSTOS
Web,papeles para traslado a primer grado. Postulante: Thiago.,papeles para traslado a primer grado postulante thiago,ADMIS_REQUIS_DOC
Email,"Estimados, quisiera saber los pensiones de 1ero secundaria para mi hijo Mateo.",estimados quisiera saber los pensiones de 1ero secundaria para mi hijo mateo,ADMIS_COSTOS
WhatsApp,Saber si hay cupos en 1ero secundaria para Gabriel. Gracias.,saber si hay cupos en 1ero secundaria para gabriel gracias,ADMIS_VACANTES
Web,papeles para traslado a 6to primaria. Postulante: Thiago.,papeles para traslado a 6to primaria postulante thiago,ADMIS_REQUIS_DOC
Web,charlas de admision para primer grado. Mi menor es Nicolas.,charlas de admision para primer grado mi menor es nicolas,ADMIS_CITAS
WhatsApp,Saber si hay matrículas disponibles en 1ero secundaria para Gabriel. Gracias.,saber si hay matrículas disponibles en 1ero secundaria para gabriel gracias,ADMIS_VACANTES
WhatsApp,Hola hay espacios para secundaria? Mi niño se llama Juan.,hola hay espacios para secundaria mi niño se llama juan,ADMIS_VACANTES
Email,<p><b>Solicito información de costos y detalles para 5to secundaria. Atte: Elena.</b></p>,solicito información de costos y detalles para 5to secundaria atte elena,ADMIS_COSTOS
Web,<p><b>reunión de admision para 5to secundaria. Mi menor es Gabriel.</b></p>,reunión de admision para 5to secundaria mi menor es gabriel,OTROS
Web,REQUISITOS PARA TRASLADO A 5TO SECUNDARIA. POSTULANTE: LUCIA.,requisitos para traslado a 5to secundaria postulante lucia,ADMIS_REQUIS_DOC
Email,SOLICITO INFORMACIÓN DE PRECIOS Y DETALLES PARA 1ERO PRIMARIA. ATTE: NICOLAS.,solicito información de precios y detalles para 1ero primaria atte nicolas,ADMIS_COSTOS
WhatsApp,<p><b>Saber si hay espacios en inicial 3 años para Lucia. Gracias.</b></p>,saber si hay espacios en inicial 3 años para lucia gracias,ADMIS_VACANTES
Web,partidas para traslado a 5to secundaria. Postulante: Valentina.,partidas para traslado a 5to secundaria postulante valentina,ADMIS_REQUIS_DOC
Web,documentación para traslado a primer año. Postulante: Maria.,documentación para traslado a primer año postulante maria,ADMIS_REQUIS_DOC
Web,requisitos para traslado a secundaria. Postulante: Luis.,requisitos para traslado a secundaria postulante luis,ADMIS_REQUIS_DOC
Email,"Estimados, quisiera saber los cuotas de primer año para mi hijo Sofia.",estimados quisiera saber los cuotas de primer año para mi hijo sofia,ADMIS_COSTOS
Email,"Estimados, quisiera saber los precios de 5to secundaria para mi hijo Elena.",estimados quisiera saber los precios de 5to secundaria para mi hijo elena,ADMIS_COSTOS
Email,"ESTIMADOS, QUISIERA SABER LOS CUOTAS DE 1ERO SECUNDARIA PARA MI HIJO PEDRO.",estimados quisiera saber los cuotas de 1ero secundaria para mi hijo pedro,ADMIS_COSTOS
Web,partidas para traslado a 1ero secundaria. Postulante: Thiago.,partidas para traslado a 1ero secundaria postulante thiago,ADMIS_REQUIS_DOC
WhatsApp,Hola hay cupos para inicial 3 años? Mi niño se llama Sebastian.,hola hay cupos para inicial 3 años mi niño se llama sebastian,ADMIS_VACANTES
WhatsApp,SABER SI HAY VACANTES EN SECUNDARIA PARA JUAN. GRACIAS.,saber si hay vacantes en secundaria para juan gracias,ADMIS_VACANTES
WhatsApp,Hola hay lugares para 5to secundaria? Mi niño se llama Luis.,hola hay lugares para 5to secundaria mi niño se llama luis,ADMIS_VACANTES
Email,Solicito información de pensiones y detalles para primer grado. Atte: Sebastian.,solicito información de pensiones y detalles para primer grado atte sebastian,ADMIS_COSTOS
Email,<p><b>Solicito información de pensiones y detalles para primer año. Atte: Camila.</b></p>,solicito información de pensiones y detalles para primer año atte camila,ADMIS_COSTOS
Web,<p><b>partidas para traslado a 6to primaria. Postulante: Pedro.</b></p>,partidas para traslado a 6to primaria postulante pedro,ADMIS_REQUIS_DOC
Web,citas de admision para secundaria. Mi menor es Juan.,citas de admision para secundaria mi menor es juan,ADMIS_CITAS
Email,"<p><b>Estimados, quisiera saber los pensiones de secundaria para mi hijo Maria.</b></p>",estimados quisiera saber los pensiones de secundaria para mi hijo maria,ADMIS_COSTOS
Web,<p><b>citas de admision para 5to secundaria. Mi menor es Lucia.</b></p>,citas de admision para 5to secundaria mi menor es lucia,ADMIS_CITAS
WhatsApp,Hola hay espacios para inicial 5 años? Mi niño se llama Valentina.,hola hay espacios para inicial 5 años mi niño se llama valentina,ADMIS_VACANTES
Email,"Estimados, quisiera saber los pensiones de inicial 5 años para mi hijo Luis.",estimados quisiera saber los pensiones de inicial 5 años para mi hijo luis,ADMIS_COSTOS
Email,"<p><b>Estimados, quisiera saber los costos de 1ero secundaria para mi hijo Elena.</b></p>",estimados quisiera saber los costos de 1ero secundaria para mi hijo elena,ADMIS_COSTOS
Email,Solicito información de mensualidad y detalles para 5to secundaria. Atte: Juan.,solicito información de mensualidad y detalles para 5to secundaria atte juan,ADMIS_COSTOS
Web,cronograma de admision para secundaria. Mi menor es Gabriel.,cronograma de admision para secundaria mi menor es gabriel,ADMIS_CITAS
Web,cronograma de admision para inicial 5 años. Mi menor es Valentina.,cronograma de admision para inicial 5 años mi menor es valentina,ADMIS_CITAS
Email,"Estimados, quisiera saber los mensualidad de 5to secundaria para mi hijo Pedro.",estimados quisiera saber los mensualidad de 5to secundaria para mi hijo pedro,ADMIS_COSTOS
WhatsApp,Hola hay matrículas disponibles para 6to primaria? Mi niño se llama Camila.,hola hay matrículas disponibles para 6to primaria mi niño se llama camila,ADMIS_VACANTES
WhatsApp,Saber si hay lugares en inicial 4 años para Elena. Gracias.,saber si hay lugares en inicial 4 años para elena gracias,ADMIS_VACANTES
WhatsApp,Hola hay lugares para 6to primaria? Mi niño se llama Sebastian.,hola hay lugares para 6to primaria mi niño se llama sebastian,ADMIS_VACANTES
Email,"<p><b>Estimados, quisiera saber los pagos de 5to secundaria para mi hijo Camila.</b></p>",estimados quisiera saber los pagos de 5to secundaria para mi hijo camila,ADMIS_COSTOS
Web,<p><b>entrevistas de admision para secundaria. Mi menor es Sebastian.</b></p>,entrevistas de admision para secundaria mi menor es sebastian,ADMIS_CITAS
WhatsApp,Saber si hay espacios en 1ero secundaria para Luis. Gracias.,saber si hay espacios en 1ero secundaria para luis gracias,ADMIS_VACANTES
WhatsApp,Saber si hay lugares en inicial 5 años para Elena. Gracias.,saber si hay lugares en inicial 5 años para elena gracias,ADMIS_VACANTES
Email,Solicito información de precios y detalles para inicial 4 años. Atte: Sebastian.,solicito información de precios y detalles para inicial 4 años atte sebastian,ADMIS_COSTOS
WhatsApp,Saber si hay matrículas disponibles en 1ero secundaria para Pedro. Gracias.,saber si hay matrículas disponibles en 1ero secundaria para pedro gracias,ADMIS_VACANTES
Web,documentación para traslado a 1ero primaria. Postulante: Ana.,documentación para traslado a 1ero primaria postulante ana,ADMIS_REQUIS_DOC
Email,"Estimados, quisiera saber los cuotas de 6to primaria para mi hijo Maria.",estimados quisiera saber los cuotas de 6to primaria para mi hijo maria,ADMIS_COSTOS
Email,"Estimados, quisiera saber los cuotas de secundaria para mi hijo Mateo.",estimados quisiera saber los cuotas de secundaria para mi hijo mateo,ADMIS_COSTOS
Web,<p><b>documentos para traslado a inicial 4 años. Postulante: Lucia.</b></p>,documentos para traslado a inicial 4 años postulante lucia,ADMIS_REQUIS_DOC
Web,CHARLAS DE ADMISION PARA INICIAL 5 AÑOS. MI MENOR ES VALENTINA.,charlas de admision para inicial 5 años mi menor es valentina,ADMIS_CITAS
Email,"Estimados, quisiera saber los cuotas de inicial 5 años para mi hijo Elena.",estimados quisiera saber los cuotas de inicial 5 años para mi hijo elena,ADMIS_COSTOS
WhatsApp,<p><b>Saber si hay espacios en 1ero secundaria para Camila. Gracias.</b></p>,saber si hay espacios en 1ero secundaria para camila gracias,ADMIS_VACANTES
Email,"ESTIMADOS, QUISIERA SABER LOS MENSUALIDAD DE INICIAL 3 AÑOS PARA MI HIJO THIAGO.",estimados quisiera saber los mensualidad de inicial 3 años para mi hijo thiago,ADMIS_COSTOS
Email,"ESTIMADOS, QUISIERA SABER LOS MENSUALIDAD DE INICIAL 5 AÑOS PARA MI HIJO VALENTINA.",estimados quisiera saber los mensualidad de inicial 5 años para mi hijo valentina,ADMIS_COSTOS
Email,"Estimados, quisiera saber los pensiones de primer grado para mi hijo Luis.",estimados quisiera saber los pensiones de primer grado para mi hijo luis,ADMIS_COSTOS
Web,REUNIÓN DE ADMISION PARA INICIAL 5 AÑOS. MI MENOR ES ELENA.,reunión de admision para inicial 5 años mi menor es elena,OTROS
Email,"ESTIMADOS, QUISIERA SABER LOS PAGOS DE SECUNDARIA PARA MI HIJO SOFIA.",estimados quisiera saber los pagos de secundaria para mi hijo sofia,ADMIS_COSTOS
Email,"Estimados, quisiera saber los precios de 1ero secundaria para mi hijo Valentina.",estimados quisiera saber los precios de 1ero secundaria para mi hijo valentina,ADMIS_COSTOS
Email,Solicito información de mensualidad y detalles para inicial 5 años. Atte: Mateo.,solicito información de mensualidad y detalles para inicial 5 años atte mateo,ADMIS_COSTOS
Web,documentos para traslado a inicial 4 años. Postulante: Valentina.,documentos para traslado a inicial 4 años postulante valentina,ADMIS_REQUIS_DOC
Email,"ESTIMADOS, QUISIERA SABER LOS MENSUALIDAD DE SECUNDARIA PARA MI HIJO LUIS.",estimados quisiera saber los mensualidad de secundaria para mi hijo luis,ADMIS_COSTOS
Web,documentación para traslado a 1ero primaria. Postulante: Luis.,documentación para traslado a 1ero primaria postulante luis,ADMIS_REQUIS_DOC
Email,Solicito información de pagos y detalles para inicial 5 años. Atte: Lucia.,solicito información de pagos y detalles para inicial 5 años atte lucia,ADMIS_COSTOS
Web,<p><b>partidas para traslado a primer año. Postulante: Ana.</b></p>,partidas para traslado a primer año postulante ana,ADMIS_REQUIS_DOC
Web,charlas de admision para 5to secundaria. Mi menor es Mateo.,charlas de admision para 5to secundaria mi menor es mateo,ADMIS_CITAS
Web,requisitos para traslado a 1ero primaria. Postulante: Thiago.,requisitos para traslado a 1ero primaria postulante thiago,ADMIS_REQUIS_DOC
Web,reunión de admision para primer año. Mi menor es Thiago.,reunión de admision para primer año mi menor es thiago,OTROS
Web,reunión de admision para 1ero primaria. Mi menor es Valentina.,reunión de admision para 1ero primaria mi menor es valentina,OTROS
Email,Solicito información de pensiones y detalles para 5to secundaria. Atte: Valentina.,solicito información de pensiones y detalles para 5to secundaria atte valentina,ADMIS_COSTOS
Email,Solicito información de costos y detalles para inicial 4 años. Atte: Luis.,solicito información de costos y detalles para inicial 4 años atte luis,ADMIS_COSTOS
WhatsApp,Saber si hay lugares en inicial 4 años para Camila. Gracias.,saber si hay lugares en inicial 4 años para camila gracias,ADMIS_VACANTES
Email,<p><b>Solicito información de cuotas y detalles para 1ero primaria. Atte: Lucia.</b></p>,solicito información de cuotas y detalles para 1ero primaria atte lucia,ADMIS_COSTOS
Email,"Estimados, quisiera saber los mensualidad de primer grado para mi hijo Luis.",estimados quisiera saber los mensualidad de primer grado para mi hijo luis,ADMIS_COSTOS
WhatsApp,Hola hay cupos para secundaria? Mi niño se llama Sebastian.,hola hay cupos para secundaria mi niño se llama sebastian,ADMIS_VACANTES
Web,cronograma de admision para 6to primaria. Mi menor es Elena.,cronograma de admision para 6to primaria mi menor es elena,ADMIS_CITAS
Email,Solicito información de cuotas y detalles para 5to secundaria. Atte: Gabriel.,solicito información de cuotas y detalles para 5to secundaria atte gabriel,ADMIS_COSTOS
Web,citas de admision para 1ero secundaria. Mi menor es Lucia.,citas de admision para 1ero secundaria mi menor es lucia,ADMIS_CITAS
Web,papeles para traslado a 1ero primaria. Postulante: Camila.,papeles para traslado a 1ero primaria postulante camila,ADMIS_REQUIS_DOC
WhatsApp,Hola hay matrículas disponibles para inicial 5 años? Mi niño se llama Maria.,hola hay matrículas disponibles para inicial 5 años mi niño se llama maria,ADMIS_VACANTES
Email,Solicito información de cuotas y detalles para 5to secundaria. Atte: Sebastian.,solicito información de cuotas y detalles para 5to secundaria atte sebastian,ADMIS_COSTOS
Email,"Estimados, quisiera saber los mensualidad de 6to primaria para mi hijo Mateo.",estimados quisiera saber los mensualidad de 6to primaria para mi hijo mateo,ADMIS_COSTOS
Email,"Estimados, quisiera saber los cuotas de 1ero secundaria para mi hijo Luis.",estimados quisiera saber los cuotas de 1ero secundaria para mi hijo luis,ADMIS_COSTOS
WhatsApp,HOLA HAY CUPOS PARA INICIAL 4 AÑOS? MI NIÑO SE LLAMA LUCIA.,hola hay cupos para inicial 4 años mi niño se llama lucia,ADMIS_VACANTES
WhatsApp,SABER SI HAY ESPACIOS EN SECUNDARIA PARA SEBASTIAN. GRACIAS.,saber si hay espacios en secundaria para sebastian gracias,ADMIS_VACANTES
Web,citas de admision para 1ero secundaria. Mi menor es Maria.,citas de admision para 1ero secundaria mi menor es maria,ADMIS_CITAS
Email,<p><b>Solicito información de pagos y detalles para inicial 5 años. Atte: Valentina.</b></p>,solicito información de pagos y detalles para inicial 5 años atte valentina,ADMIS_COSTOS
Web,reunión de admision para 1ero secundaria. Mi menor es Sofia.,reunión de admision para 1ero secundaria mi menor es sofia,OTROS
Web,REQUISITOS PARA TRASLADO A PRIMER GRADO. POSTULANTE: CAMILA.,requisitos para traslado a primer grado postulante camila,ADMIS_REQUIS_DOC
Web,documentación para traslado a inicial 5 años. Postulante: Sebastian.,documentación para traslado a inicial 5 años postulante sebastian,ADMIS_REQUIS_DOC
Web,reunión de admision para 5to secundaria. Mi menor es Camila.,reunión de admision para 5to secundaria mi menor es camila,OTROS
Web,citas de admision para secundaria. Mi menor es Lucia.,citas de admision para secundaria mi menor es lucia,ADMIS_CITAS
Email,SOLICITO INFORMACIÓN DE PAGOS Y DETALLES PARA PRIMER AÑO. ATTE: SOFIA.,solicito información de pagos y detalles para primer año atte sofia,ADMIS_COSTOS
WhatsApp,Hola hay matrículas disponibles para inicial 4 años? Mi niño se llama Thiago.,hola hay matrículas disponibles para inicial 4 años mi niño se llama thiago,ADMIS_VACANTES
Email,"Estimados, quisiera saber los pagos de 5to secundaria para mi hijo Thiago.",estimados quisiera saber los pagos de 5to secundaria para mi hijo thiago,ADMIS_COSTOS
Email,"Estimados, quisiera saber los mensualidad de 1ero primaria para mi hijo Pedro.",estimados quisiera saber los mensualidad de 1ero primaria para mi hijo pedro,ADMIS_COSTOS
Email,Solicito información de pagos y detalles para inicial 5 años. Atte: Elena.,solicito información de pagos y detalles para inicial 5 años atte elena,ADMIS_COSTOS
WhatsApp,Hola hay vacantes para 1ero primaria? Mi niño se llama Gabriel.,hola hay vacantes para 1ero primaria mi niño se llama gabriel,ADMIS_VACANTES
Email,"Estimados, quisiera saber los mensualidad de inicial 3 años para mi hijo Nicolas.",estimados quisiera saber los mensualidad de inicial 3 años para mi hijo nicolas,ADMIS_COSTOS
Email,Solicito información de pensiones y detalles para inicial 3 años. Atte: Camila.,solicito información de pensiones y detalles para inicial 3 años atte camila,ADMIS_COSTOS
Web,partidas para traslado a inicial 3 años. Postulante: Elena.,partidas para traslado a inicial 3 años postulante elena,ADMIS_REQUIS_DOC
Email,Solicito información de mensualidad y detalles para 1ero primaria. Atte: Juan.,solicito información de mensualidad y detalles para 1ero primaria atte juan,ADMIS_COSTOS
WhatsApp,Hola hay espacios para inicial 4 años? Mi niño se llama Elena.,hola hay espacios para inicial 4 años mi niño se llama elena,ADMIS_VACANTES
Web,<p><b>entrevistas de admision para 6to primaria. Mi menor es Ana.</b></p>,entrevistas de admision para 6to primaria mi menor es ana,ADMIS_CITAS
WhatsApp,Hola hay lugares para inicial 5 años? Mi niño se llama Maria.,hola hay lugares para inicial 5 años mi niño se llama maria,ADMIS_VACANTES
Email,"ESTIMADOS, QUISIERA SABER LOS PENSIONES DE INICIAL 4 AÑOS PARA MI HIJO CAMILA.",estimados quisiera saber los pensiones de inicial 4 años para mi hijo camila,ADMIS_COSTOS
Web,CRONOGRAMA DE ADMISION PARA PRIMER AÑO. MI MENOR ES JUAN.,cronograma de admision para primer año mi menor es juan,ADMIS_CITAS
Web,CITAS DE ADMISION PARA INICIAL 4 AÑOS. MI MENOR ES ELENA.,citas de admision para inicial 4 años mi menor es elena,ADMIS_CITAS
Web,<p><b>partidas para traslado a 1ero secundaria. Postulante: Mateo.</b></p>,partidas para traslado a 1ero secundaria postulante mateo,ADMIS_REQUIS_DOC
Email,"<p><b>Estimados, quisiera saber los precios de inicial 5 años para mi hijo Camila.</b></p>",estimados quisiera saber los precios de inicial 5 años para mi hijo camila,ADMIS_COSTOS
Email,"ESTIMADOS, QUISIERA SABER LOS COSTOS DE INICIAL 5 AÑOS PARA MI HIJO ELENA.",estimados quisiera saber los costos de inicial 5 años para mi hijo elena,ADMIS_COSTOS
Web,requisitos para traslado a 6to primaria. Postulante: Lucia.,requisitos para traslado a 6to primaria postulante lucia,ADMIS_REQUIS_DOC
WhatsApp,Saber si hay espacios en primer año para Maria. Gracias.,saber si hay espacios en primer año para maria gracias,ADMIS_VACANTES
Web,PAPELES PARA TRASLADO A SECUNDARIA. POSTULANTE: SEBASTIAN.,papeles para traslado a secundaria postulante sebastian,ADMIS_REQUIS_DOC
WhatsApp,<p><b>Saber si hay cupos en 5to secundaria para Thiago. Gracias.</b></p>,saber si hay cupos en 5to secundaria para thiago gracias,ADMIS_VACANTES
WhatsApp,<p><b>Saber si hay matrículas disponibles en 5to secundaria para Ana. Gracias.</b></p>,saber si hay matrículas disponibles en 5to secundaria para ana gracias,ADMIS_VACANTES
Web,REUNIÓN DE ADMISION PARA 1ERO SECUNDARIA. MI MENOR ES THIAGO.,reunión de admision para 1ero secundaria mi menor es thiago,OTROS
WhatsApp,Saber si hay espacios en secundaria para Thiago. Gracias.,saber si hay espacios en secundaria para thiago gracias,ADMIS_VACANTES
Web,<p><b>cronograma de admision para 1ero primaria. Mi menor es Luis.</b></p>,cronograma de admision para 1ero primaria mi menor es luis,ADMIS_CITAS
Email,"Estimados, quisiera saber los costos de primer grado para mi hijo Juan.",estimados quisiera saber los costos de primer grado para mi hijo juan,ADMIS_COSTOS
Email,"Estimados, quisiera saber los costos de 6to primaria para mi hijo Lucia.",estimados quisiera saber los costos de 6to primaria para mi hijo lucia,ADMIS_COSTOS
Web,charlas de admision para inicial 5 años. Mi menor es Sebastian.,charlas de admision para inicial 5 años mi menor es sebastian,ADMIS_CITAS
WhatsApp,Saber si hay espacios en 6to primaria para Gabriel. Gracias.,saber si hay espacios en 6to primaria para gabriel gracias,ADMIS_VACANTES
Email,"Estimados, quisiera saber los precios de primer grado para mi hijo Valentina.",estimados quisiera saber los precios de primer grado para mi hijo valentina,ADMIS_COSTOS
WhatsApp,Saber si hay vacantes en inicial 4 años para Maria. Gracias.,saber si hay vacantes en inicial 4 años para maria gracias,ADMIS_VACANTES
Email,<p><b>Solicito información de pensiones y detalles para secundaria. Atte: Thiago.</b></p>,solicito información de pensiones y detalles para secundaria atte thiago,ADMIS_COSTOS
WhatsApp,Saber si hay matrículas disponibles en 6to primaria para Sebastian. Gracias.,saber si hay matrículas disponibles en 6to primaria para sebastian gracias,ADMIS_VACANTES
Web,reunión de admision para 6to primaria. Mi menor es Juan.,reunión de admision para 6to primaria mi menor es juan,OTROS
Email,"<p><b>Estimados, quisiera saber los pagos de inicial 3 años para mi hijo Juan.</b></p>",estimados quisiera saber los pagos de inicial 3 años para mi hijo juan,ADMIS_COSTOS
WhatsApp,Saber si hay matrículas disponibles en inicial 4 años para Gabriel. Gracias.,saber si hay matrículas disponibles en inicial 4 años para gabriel gracias,ADMIS_VACANTES
Email,"Estimados, quisiera saber los costos de secundaria para mi hijo Elena.",estimados quisiera saber los costos de secundaria para mi hijo elena,ADMIS_COSTOS
Email,SOLICITO INFORMACIÓN DE PENSIONES Y DETALLES PARA INICIAL 3 AÑOS. ATTE: THIAGO.,solicito información de pensiones y detalles para inicial 3 años atte thiago,ADMIS_COSTOS
Web,<p><b>citas de admision para 5to secundaria. Mi menor es Luis.</b></p>,citas de admision para 5to secundaria mi menor es luis,ADMIS_CITAS
Email,"ESTIMADOS, QUISIERA SABER LOS COSTOS DE 1ERO SECUNDARIA PARA MI HIJO GABRIEL.",estimados quisiera saber los costos de 1ero secundaria para mi hijo gabriel,ADMIS_COSTOS
WhatsApp,SABER SI HAY MATRÍCULAS DISPONIBLES EN 5TO SECUNDARIA PARA LUCIA. GRACIAS.,saber si hay matrículas disponibles en 5to secundaria para lucia gracias,ADMIS_VACANTES
Email,"<p><b>Estimados, quisiera saber los mensualidad de 1ero primaria para mi hijo Valentina.</b></p>",estimados quisiera saber los mensualidad de 1ero primaria para mi hijo valentina,ADMIS_COSTOS
Email,SOLICITO INFORMACIÓN DE MENSUALIDAD Y DETALLES PARA INICIAL 4 AÑOS. ATTE: VALENTINA.,solicito información de mensualidad y detalles para inicial 4 años atte valentina,ADMIS_COSTOS
WhatsApp,Saber si hay espacios en inicial 5 años para Nicolas. Gracias.,saber si hay espacios en inicial 5 años para nicolas gracias,ADMIS_VACANTES
Email,"<p><b>Estimados, quisiera saber los mensualidad de inicial 5 años para mi hijo Elena.</b></p>",estimados quisiera saber los mensualidad de inicial 5 años para mi hijo elena,ADMIS_COSTOS
Email,Solicito información de precios y detalles para inicial 4 años. Atte: Camila.,solicito información de precios y detalles para inicial 4 años atte camila,ADMIS_COSTOS
Web,citas de admision para 1ero secundaria. Mi menor es Juan.,citas de admision para 1ero secundaria mi menor es juan,ADMIS_CITAS
Email,"Estimados, quisiera saber los mensualidad de 6to primaria para mi hijo Gabriel.",estimados quisiera saber los mensualidad de 6to primaria para mi hijo gabriel,ADMIS_COSTOS
Email,Solicito información de costos y detalles para 6to primaria. Atte: Pedro.,solicito información de costos y detalles para 6to primaria atte pedro,ADMIS_COSTOS
Web,CITAS DE ADMISION PARA SECUNDARIA. MI MENOR ES VALENTINA.,citas de admision para secundaria mi menor es valentina,ADMIS_CITAS
WhatsApp,Hola hay espacios para inicial 5 años? Mi niño se llama Pedro.,hola hay espacios para inicial 5 años mi niño se llama pedro,ADMIS_VACANTES
WhatsApp,Saber si hay vacantes en 6to primaria para Mateo. Gracias.,saber si hay vacantes en 6to primaria para mateo gracias,ADMIS_VACANTES
Web,<p><b>partidas para traslado a 5to secundaria. Postulante: Camila.</b></p>,partidas para traslado a 5to secundaria postulante camila,ADMIS_REQUIS_DOC
Email,"<p><b>Estimados, quisiera saber los precios de primer año para mi hijo Luis.</b></p>",estimados quisiera saber los precios de primer año para mi hijo luis,ADMIS_COSTOS
Web,<p><b>requisitos para traslado a secundaria. Postulante: Thiago.</b></p>,requisitos para traslado a secundaria postulante thiago,ADMIS_REQUIS_DOC
Web,<p><b>documentos para traslado a 1ero primaria. Postulante: Lucia.</b></p>,documentos para traslado a 1ero primaria postulante lucia,ADMIS_REQUIS_DOC
Email,"Estimados, quisiera saber los mensualidad de inicial 3 años para mi hijo Sofia.",estimados quisiera saber los mensualidad de inicial 3 años para mi hijo sofia,ADMIS_COSTOS
Email,<p><b>Solicito información de pensiones y detalles para 1ero secundaria. Atte: Sofia.</b></p>,solicito información de pensiones y detalles para 1ero secundaria atte sofia,ADMIS_COSTOS
WhatsApp,SABER SI HAY CUPOS EN 5TO SECUNDARIA PARA NICOLAS. GRACIAS.,saber si hay cupos en 5to secundaria para nicolas gracias,ADMIS_VACANTES
WhatsApp,Saber si hay matrículas disponibles en inicial 4 años para Camila. Gracias.,saber si hay matrículas disponibles en inicial 4 años para camila gracias,ADMIS_VACANTES
Web,documentación para traslado a inicial 3 años. Postulante: Camila.,documentación para traslado a inicial 3 años postulante camila,ADMIS_REQUIS_DOC
WhatsApp,Saber si hay espacios en 6to primaria para Ana. Gracias.,saber si hay espacios en 6to primaria para ana gracias,ADMIS_VACANTES
Email,SOLICITO INFORMACIÓN DE CUOTAS Y DETALLES PARA INICIAL 5 AÑOS. ATTE: THIAGO.,solicito información de cuotas y detalles para inicial 5 años atte thiago,ADMIS_COSTOS
Web,entrevistas de admision para 1ero secundaria. Mi menor es Juan.,entrevistas de admision para 1ero secundaria mi menor es juan,ADMIS_CITAS
Email,"Estimados, quisiera saber los precios de secundaria para mi hijo Elena.",estimados quisiera saber los precios de secundaria para mi hijo elena,ADMIS_COSTOS
Web,<p><b>cronograma de admision para inicial 5 años. Mi menor es Nicolas.</b></p>,cronograma de admision para inicial 5 años mi menor es nicolas,ADMIS_CITAS
Email,Solicito información de costos y detalles para 1ero primaria. Atte: Luis.,solicito información de costos y detalles para 1ero primaria atte luis,ADMIS_COSTOS
WhatsApp,<p><b>Saber si hay lugares en inicial 4 años para Pedro. Gracias.</b></p>,saber si hay lugares en inicial 4 años para pedro gracias,ADMIS_VACANTES
Email,Solicito información de cuotas y detalles para 1ero primaria. Atte: Ana.,solicito información de cuotas y detalles para 1ero primaria atte ana,ADMIS_COSTOS
WhatsApp,<p><b>Hola hay cupos para primer año? Mi niño se llama Luis.</b></p>,hola hay cupos para primer año mi niño se llama luis,ADMIS_VACANTES
WhatsApp,Hola hay matrículas disponibles para primer año? Mi niño se llama Mateo.,hola hay matrículas disponibles para primer año mi niño se llama mateo,ADMIS_VACANTES
Email,<p><b>Solicito información de mensualidad y detalles para primer año. Atte: Elena.</b></p>,solicito información de mensualidad y detalles para primer año atte elena,ADMIS_COSTOS
WhatsApp,<p><b>Hola hay vacantes para secundaria? Mi niño se llama Nicolas.</b></p>,hola hay vacantes para secundaria mi niño se llama nicolas,ADMIS_VACANTES
WhatsApp,<p><b>Hola hay lugares para primer año? Mi niño se llama Juan.</b></p>,hola hay lugares para primer año mi niño se llama juan,ADMIS_VACANTES
Email,Solicito información de pagos y detalles para primer grado. Atte: Sofia.,solicito información de pagos y detalles para primer grado atte sofia,ADMIS_COSTOS
WhatsApp,Saber si hay cupos en inicial 4 años para Valentina. Gracias.,saber si hay cupos en inicial 4 años para valentina gracias,ADMIS_VACANTES
WhatsApp,Hola hay vacantes para inicial 4 años? Mi niño se llama Sebastian.,hola hay vacantes para inicial 4 años mi niño se llama sebastian,ADMIS_VACANTES
Web,<p><b>citas de admision para secundaria. Mi menor es Camila.</b></p>,citas de admision para secundaria mi menor es camila,ADMIS_CITAS
WhatsApp,Saber si hay vacantes en 1ero primaria para Lucia. Gracias.,saber si hay vacantes en 1ero primaria para lucia gracias,ADMIS_VACANTES
Web,CITAS DE ADMISION PARA INICIAL 5 AÑOS. MI MENOR ES NICOLAS.,citas de admision para inicial 5 años mi menor es nicolas,ADMIS_CITAS
Web,<p><b>papeles para traslado a inicial 5 años. Postulante: Gabriel.</b></p>,papeles para traslado a inicial 5 años postulante gabriel,ADMIS_REQUIS_DOC
Email,"Estimados, quisiera saber los precios de 1ero secundaria para mi hijo Gabriel.",estimados quisiera saber los precios de 1ero secundaria para mi hijo gabriel,ADMIS_COSTOS
WhatsApp,Saber si hay vacantes en 1ero primaria para Nicolas. Gracias.,saber si hay vacantes en 1ero primaria para nicolas gracias,ADMIS_VACANTES
Email,"Estimados, quisiera saber los pensiones de 1ero secundaria para mi hijo Elena.",estimados quisiera saber los pensiones de 1ero secundaria para mi hijo elena,ADMIS_COSTOS
WhatsApp,Hola hay lugares para 1ero primaria? Mi niño se llama Luis.,hola hay lugares para 1ero primaria mi niño se llama luis,ADMIS_VACANTES
Web,<p><b>reunión de admision para 1ero secundaria. Mi menor es Pedro.</b></p>,reunión de admision para 1ero secundaria mi menor es pedro,OTROS
Email,<p><b>Solicito información de pensiones y detalles para inicial 4 años. Atte: Lucia.</b></p>,solicito información de pensiones y detalles para inicial 4 años atte lucia,ADMIS_COSTOS
Web,PAPELES PARA TRASLADO A 5TO SECUNDARIA. POSTULANTE: NICOLAS.,papeles para traslado a 5to secundaria postulante nicolas,ADMIS_REQUIS_DOC
Email,"<p><b>Estimados, quisiera saber los costos de inicial 4 años para mi hijo Pedro.</b></p>",estimados quisiera saber los costos de inicial 4 años para mi hijo pedro,ADMIS_COSTOS
Email,"Estimados, quisiera saber los pagos de primer grado para mi hijo Lucia.",estimados quisiera saber los pagos de primer grado para mi hijo lucia,ADMIS_COSTOS
Email,"Estimados, quisiera saber los cuotas de primer año para mi hijo Ana.",estimados quisiera saber los cuotas de primer año para mi hijo ana,ADMIS_COSTOS
Email,"Estimados, quisiera saber los mensualidad de primer año para mi hijo Luis.",estimados quisiera saber los mensualidad de primer año para mi hijo luis,ADMIS_COSTOS
WhatsApp,Saber si hay cupos en inicial 3 años para Sofia. Gracias.,saber si hay cupos en inicial 3 años para sofia gracias,ADMIS_VACANTES
Email,Solicito información de pensiones y detalles para 5to secundaria. Atte: Lucia.,solicito información de pensiones y detalles para 5to secundaria atte lucia,ADMIS_COSTOS
Web,REQUISITOS PARA TRASLADO A INICIAL 4 AÑOS. POSTULANTE: JUAN.,requisitos para traslado a inicial 4 años postulante juan,ADMIS_REQUIS_DOC
WhatsApp,Saber si hay espacios en 1ero primaria para Camila. Gracias.,saber si hay espacios en 1ero primaria para camila gracias,ADMIS_VACANTES
Web,documentos para traslado a primer año. Postulante: Nicolas.,documentos para traslado a primer año postulante nicolas,ADMIS_REQUIS_DOC
WhatsApp,Saber si hay vacantes en 6to primaria para Valentina. Gracias.,saber si hay vacantes en 6to primaria para valentina gracias,ADMIS_VACANTES
Web,entrevistas de admision para primer grado. Mi menor es Mateo.,entrevistas de admision para primer grado mi menor es mateo,ADMIS_CITAS
Email,"Estimados, quisiera saber los costos de 1ero secundaria para mi hijo Maria.",estimados quisiera saber los costos de 1ero secundaria para mi hijo maria,ADMIS_COSTOS
Email,<p><b>Solicito información de costos y detalles para primer año. Atte: Luis.</b></p>,solicito información de costos y detalles para primer año atte luis,ADMIS_COSTOS
Web,reunión de admision para inicial 3 años. Mi menor es Luis.,reunión de admision para inicial 3 años mi menor es luis,OTROS
Web,partidas para traslado a 1ero secundaria. Postulante: Lucia.,partidas para traslado a 1ero secundaria postulante lucia,ADMIS_REQUIS_DOC
Web,cronograma de admision para inicial 4 años. Mi menor es Pedro.,cronograma de admision para inicial 4 años mi menor es pedro,ADMIS_CITAS
Web,requisitos para traslado a 5to secundaria. Postulante: Elena.,requisitos para traslado a 5to secundaria postulante elena,ADMIS_REQUIS_DOC
Email,<p><b>Solicito información de costos y detalles para primer año. Atte: Nicolas.</b></p>,solicito información de costos y detalles para primer año atte nicolas,ADMIS_COSTOS
Email,<p><b>Solicito información de pensiones y detalles para 6to primaria. Atte: Thiago.</b></p>,solicito información de pensiones y detalles para 6to primaria atte thiago,ADMIS_COSTOS
WhatsApp,HOLA HAY LUGARES PARA PRIMER GRADO? MI NIÑO SE LLAMA GABRIEL.,hola hay lugares para primer grado mi niño se llama gabriel,ADMIS_VACANTES
WhatsApp,Hola hay matrículas disponibles para inicial 3 años? Mi niño se llama Valentina.,hola hay matrículas disponibles para inicial 3 años mi niño se llama valentina,ADMIS_VACANTES
Web,reunión de admision para primer año. Mi menor es Pedro.,reunión de admision para primer año mi menor es pedro,OTROS
Email,"ESTIMADOS, QUISIERA SABER LOS PRECIOS DE 5TO SECUNDARIA PARA MI HIJO JUAN.",estimados quisiera saber los precios de 5to secundaria para mi hijo juan,ADMIS_COSTOS
Web,reunión de admision para 1ero primaria. Mi menor es Thiago.,reunión de admision para 1ero primaria mi menor es thiago,OTROS
Email,<p><b>Solicito información de precios y detalles para inicial 4 años. Atte: Ana.</b></p>,solicito información de precios y detalles para inicial 4 años atte ana,ADMIS_COSTOS
Web,<p><b>citas de admision para primer año. Mi menor es Juan.</b></p>,citas de admision para primer año mi menor es juan,ADMIS_CITAS
Web,reunión de admision para 6to primaria. Mi menor es Camila.,reunión de admision para 6to primaria mi menor es camila,OTROS
Web,charlas de admision para 6to primaria. Mi menor es Sofia.,charlas de admision para 6to primaria mi menor es sofia,ADMIS_CITAS
WhatsApp,<p><b>Hola hay espacios para 1ero primaria? Mi niño se llama Pedro.</b></p>,hola hay espacios para 1ero primaria mi niño se llama pedro,ADMIS_VACANTES
WhatsApp,Hola hay vacantes para 1ero primaria? Mi niño se llama Valentina.,hola hay vacantes para 1ero primaria mi niño se llama valentina,ADMIS_VACANTES
Email,<p><b>Solicito información de cuotas y detalles para secundaria. Atte: Pedro.</b></p>,solicito información de cuotas y detalles para secundaria atte pedro,ADMIS_COSTOS
WhatsApp,Hola hay lugares para 1ero primaria? Mi niño se llama Sofia.,hola hay lugares para 1ero primaria mi niño se llama sofia,ADMIS_VACANTES
Email,Solicito información de precios y detalles para 6to primaria. Atte: Camila.,solicito información de precios y detalles para 6to primaria atte camila,ADMIS_COSTOS
Email,Solicito información de pagos y detalles para 1ero secundaria. Atte: Sebastian.,solicito información de pagos y detalles para 1ero secundaria atte sebastian,ADMIS_COSTOS
Email,"Estimados, quisiera saber los pagos de inicial 4 años para mi hijo Ana.",estimados quisiera saber los pagos de inicial 4 años para mi hijo ana,ADMIS_COSTOS
Email,"<p><b>Estimados, quisiera saber los precios de inicial 4 años para mi hijo Valentina.</b></p>",estimados quisiera saber los precios de inicial 4 años para mi hijo valentina,ADMIS_COSTOS
Email,"Estimados, quisiera saber los precios de 6to primaria para mi hijo Elena.",estimados quisiera saber los precios de 6to primaria para mi hijo elena,ADMIS_COSTOS
WhatsApp,HOLA HAY MATRÍCULAS DISPONIBLES PARA 5TO SECUNDARIA? MI NIÑO SE LLAMA JUAN.,hola hay matrículas disponibles para 5to secundaria mi niño se llama juan,ADMIS_VACANTES
WhatsApp,SABER SI HAY VACANTES EN INICIAL 4 AÑOS PARA JUAN. GRACIAS.,saber si hay vacantes en inicial 4 años para juan gracias,ADMIS_VACANTES
Email,Solicito información de precios y detalles para inicial 5 años. Atte: Pedro.,solicito información de precios y detalles para inicial 5 años atte pedro,ADMIS_COSTOS
Web,reunión de admision para secundaria. Mi menor es Nicolas.,reunión de admision para secundaria mi menor es nicolas,OTROS
WhatsApp,<p><b>Saber si hay cupos en 6to primaria para Ana. Gracias.</b></p>,saber si hay cupos en 6to primaria para ana gracias,ADMIS_VACANTES
Email,"Estimados, quisiera saber los cuotas de inicial 4 años para mi hijo Gabriel.",estimados quisiera saber los cuotas de inicial 4 años para mi hijo gabriel,ADMIS_COSTOS
Web,entrevistas de admision para primer grado. Mi menor es Sebastian.,entrevistas de admision para primer grado mi menor es sebastian,ADMIS_CITAS
Web,CHARLAS DE ADMISION PARA SECUNDARIA. MI MENOR ES ANA.,charlas de admision para secundaria mi menor es ana,ADMIS_CITAS
Email,Solicito información de precios y detalles para inicial 5 años. Atte: Gabriel.,solicito información de precios y detalles para inicial 5 años atte gabriel,ADMIS_COSTOS
Web,partidas para traslado a 1ero primaria. Postulante: Thiago.,partidas para traslado a 1ero primaria postulante thiago,ADMIS_REQUIS_DOC
Web,documentos para traslado a inicial 3 años. Postulante: Camila.,documentos para traslado a inicial 3 años postulante camila,ADMIS_REQUIS_DOC
WhatsApp,Saber si hay matrículas disponibles en secundaria para Gabriel. Gracias.,saber si hay matrículas disponibles en secundaria para gabriel gracias,ADMIS_VACANTES
Email,Solicito información de pagos y detalles para 6to primaria. Atte: Pedro.,solicito información de pagos y detalles para 6to primaria atte pedro,ADMIS_COSTOS
WhatsApp,<p><b>Hola hay matrículas disponibles para secundaria? Mi niño se llama Sebastian.</b></p>,hola hay matrículas disponibles para secundaria mi niño se llama sebastian,ADMIS_VACANTES
WhatsApp,<p><b>Saber si hay vacantes en inicial 4 años para Luis. Gracias.</b></p>,saber si hay vacantes en inicial 4 años para luis gracias,ADMIS_VACANTES
Web,charlas de admision para 6to primaria. Mi menor es Sebastian.,charlas de admision para 6to primaria mi menor es sebastian,ADMIS_CITAS
Web,requisitos para traslado a primer año. Postulante: Lucia.,requisitos para traslado a primer año postulante lucia,ADMIS_REQUIS_DOC
Email,Solicito información de cuotas y detalles para inicial 3 años. Atte: Gabriel.,solicito información de cuotas y detalles para inicial 3 años atte gabriel,ADMIS_COSTOS
Email,Solicito información de cuotas y detalles para secundaria. Atte: Elena.,solicito información de cuotas y detalles para secundaria atte elena,ADMIS_COSTOS
Email,"<p><b>Estimados, quisiera saber los pensiones de 6to primaria para mi hijo Thiago.</b></p>",estimados quisiera saber los pensiones de 6to primaria para mi hijo thiago,ADMIS_COSTOS
Web,requisitos para traslado a inicial 4 años. Postulante: Sebastian.,requisitos para traslado a inicial 4 años postulante sebastian,ADMIS_REQUIS_DOC
WhatsApp,<p><b>Saber si hay matrículas disponibles en 6to primaria para Camila. Gracias.</b></p>,saber si hay matrículas disponibles en 6to primaria para camila gracias,ADMIS_VACANTES
Email,"Estimados, quisiera saber los precios de inicial 4 años para mi hijo Lucia.",estimados quisiera saber los precios de inicial 4 años para mi hijo lucia,ADMIS_COSTOS
Email,"ESTIMADOS, QUISIERA SABER LOS CUOTAS DE 1ERO SECUNDARIA PARA MI HIJO GABRIEL.",estimados quisiera saber los cuotas de 1ero secundaria para mi hijo gabriel,ADMIS_COSTOS
WhatsApp,Saber si hay matrículas disponibles en 1ero secundaria para Luis. Gracias.,saber si hay matrículas disponibles en 1ero secundaria para luis gracias,ADMIS_VACANTES
WhatsApp,<p><b>Saber si hay vacantes en primer grado para Pedro. Gracias.</b></p>,saber si hay vacantes en primer grado para pedro gracias,ADMIS_VACANTES
WhatsApp,Saber si hay cupos en 1ero primaria para Nicolas. Gracias.,saber si hay cupos en 1ero primaria para nicolas gracias,ADMIS_VACANTES
Email,"Estimados, quisiera saber los precios de inicial 5 años para mi hijo Elena.",estimados quisiera saber los precios de inicial 5 años para mi hijo elena,ADMIS_COSTOS
Email,"Estimados, quisiera saber los pagos de primer grado para mi hijo Pedro.",estimados quisiera saber los pagos de primer grado para mi hijo pedro,ADMIS_COSTOS
Email,<p><b>Solicito información de costos y detalles para 5to secundaria. Atte: Juan.</b></p>,solicito información de costos y detalles para 5to secundaria atte juan,ADMIS_COSTOS
Email,"Estimados, quisiera saber los pagos de inicial 4 años para mi hijo Juan.",estimados quisiera saber los pagos de inicial 4 años para mi hijo juan,ADMIS_COSTOS
Web,documentación para traslado a primer año. Postulante: Sofia.,documentación para traslado a primer año postulante sofia,ADMIS_REQUIS_DOC
WhatsApp,Hola hay vacantes para inicial 4 años? Mi niño se llama Mateo.,hola hay vacantes para inicial 4 años mi niño se llama mateo,ADMIS_VACANTES
WhatsApp,<p><b>Saber si hay cupos en inicial 4 años para Gabriel. Gracias.</b></p>,saber si hay cupos en inicial 4 años para gabriel gracias,ADMIS_VACANTES
WhatsApp,<p><b>Hola hay vacantes para 1ero secundaria? Mi niño se llama Luis.</b></p>,hola hay vacantes para 1ero secundaria mi niño se llama luis,ADMIS_VACANTES
Email,"<p><b>Estimados, quisiera saber los cuotas de 1ero primaria para mi hijo Mateo.</b></p>",estimados quisiera saber los cuotas de 1ero primaria para mi hijo mateo,ADMIS_COSTOS
Email,SOLICITO INFORMACIÓN DE PENSIONES Y DETALLES PARA INICIAL 5 AÑOS. ATTE: NICOLAS.,solicito información de pensiones y detalles para inicial 5 años atte nicolas,ADMIS_COSTOS
Web,cronograma de admision para 1ero primaria. Mi menor es Gabriel.,cronograma de admision para 1ero primaria mi menor es gabriel,ADMIS_CITAS
WhatsApp,Hola hay espacios para 6to primaria? Mi niño se llama Pedro.,hola hay espacios para 6to primaria mi niño se llama pedro,ADMIS_VACANTES
WhatsApp,Hola hay cupos para inicial 5 años? Mi niño se llama Mateo.,hola hay cupos para inicial 5 años mi niño se llama mateo,ADMIS_VACANTES
Email,"Estimados, quisiera saber los pensiones de primer grado para mi hijo Lucia.",estimados quisiera saber los pensiones de primer grado para mi hijo lucia,ADMIS_COSTOS
WhatsApp,<p><b>Hola hay espacios para 6to primaria? Mi niño se llama Valentina.</b></p>,hola hay espacios para 6to primaria mi niño se llama valentina,ADMIS_VACANTES
WhatsApp,HOLA HAY ESPACIOS PARA PRIMER AÑO? MI NIÑO SE LLAMA JUAN.,hola hay espacios para primer año mi niño se llama juan,ADMIS_VACANTES
Web,<p><b>partidas para traslado a inicial 3 años. Postulante: Lucia.</b></p>,partidas para traslado a inicial 3 años postulante lucia,ADMIS_REQUIS_DOC
Email,Solicito información de precios y detalles para 6to primaria. Atte: Sebastian.,solicito información de precios y detalles para 6to primaria atte sebastian,ADMIS_COSTOS
Email,<p><b>Solicito información de costos y detalles para 6to primaria. Atte: Maria.</b></p>,solicito información de costos y detalles para 6to primaria atte maria,ADMIS_COSTOS
Email,"Estimados, quisiera saber los pagos de inicial 4 años para mi hijo Lucia.",estimados quisiera saber los pagos de inicial 4 años para mi hijo lucia,ADMIS_COSTOS
Email,<p><b>Solicito información de cuotas y detalles para 6to primaria. Atte: Sofia.</b></p>,solicito información de cuotas y detalles para 6to primaria atte sofia,ADMIS_COSTOS
Email,SOLICITO INFORMACIÓN DE PAGOS Y DETALLES PARA 1ERO PRIMARIA. ATTE: SOFIA.,solicito información de pagos y detalles para 1ero primaria atte sofia,ADMIS_COSTOS
Email,Solicito información de cuotas y detalles para inicial 5 años. Atte: Valentina.,solicito información de cuotas y detalles para inicial 5 años atte valentina,ADMIS_COSTOS
Web,documentación para traslado a 6to primaria. Postulante: Camila.,documentación para traslado a 6to primaria postulante camila,ADMIS_REQUIS_DOC
Email,SOLICITO INFORMACIÓN DE PENSIONES Y DETALLES PARA 6TO PRIMARIA. ATTE: NICOLAS.,solicito información de pensiones y detalles para 6to primaria atte nicolas,ADMIS_COSTOS
Web,documentos para traslado a 1ero primaria. Postulante: Pedro.,documentos para traslado a 1ero primaria postulante pedro,ADMIS_REQUIS_DOC
Email,"Estimados, quisiera saber los mensualidad de 5to secundaria para mi hijo Mateo.",estimados quisiera saber los mensualidad de 5to secundaria para mi hijo mateo,ADMIS_COSTOS
Web,DOCUMENTOS PARA TRASLADO A 5TO SECUNDARIA. POSTULANTE: VALENTINA.,documentos para traslado a 5to secundaria postulante valentina,ADMIS_REQUIS_DOC
Email,"<p><b>Estimados, quisiera saber los precios de secundaria para mi hijo Mateo.</b></p>",estimados quisiera saber los precios de secundaria para mi hijo mateo,ADMIS_COSTOS
WhatsApp,Saber si hay lugares en 1ero secundaria para Lucia. Gracias.,saber si hay lugares en 1ero secundaria para lucia gracias,ADMIS_VACANTES
WhatsApp,<p><b>Saber si hay lugares en 1ero secundaria para Maria. Gracias.</b></p>,saber si hay lugares en 1ero secundaria para maria gracias,ADMIS_VACANTES
Web,documentación para traslado a primer grado. Postulante: Gabriel.,documentación para traslado a primer grado postulante gabriel,ADMIS_REQUIS_DOC
Email,Solicito información de mensualidad y detalles para inicial 4 años. Atte: Elena.,solicito información de mensualidad y detalles para inicial 4 años atte elena,ADMIS_COSTOS
Web,citas de admision para inicial 4 años. Mi menor es Gabriel.,citas de admision para inicial 4 años mi menor es gabriel,ADMIS_CITAS
Web,entrevistas de admision para 6to primaria. Mi menor es Lucia.,entrevistas de admision para 6to primaria mi menor es lucia,ADMIS_CITAS
Web,<p><b>documentación para traslado a inicial 3 años. Postulante: Sebastian.</b></p>,documentación para traslado a inicial 3 años postulante sebastian,ADMIS_REQUIS_DOC
Web,partidas para traslado a secundaria. Postulante: Gabriel.,partidas para traslado a secundaria postulante gabriel,ADMIS_REQUIS_DOC
Web,REUNIÓN DE ADMISION PARA INICIAL 5 AÑOS. MI MENOR ES VALENTINA.,reunión de admision para inicial 5 años mi menor es valentina,OTROS
Web,citas de admision para 6to primaria. Mi menor es Valentina.,citas de admision para 6to primaria mi menor es valentina,ADMIS_CITAS
Web,<p><b>partidas para traslado a 1ero primaria. Postulante: Mateo.</b></p>,partidas para traslado a 1ero primaria postulante mateo,ADMIS_REQUIS_DOC
Web,<p><b>papeles para traslado a 5to secundaria. Postulante: Sebastian.</b></p>,papeles para traslado a 5to secundaria postulante sebastian,ADMIS_REQUIS_DOC
WhatsApp,Hola hay lugares para primer grado? Mi niño se llama Camila.,hola hay lugares para primer grado mi niño se llama camila,ADMIS_VACANTES
Email,"ESTIMADOS, QUISIERA SABER LOS PENSIONES DE INICIAL 4 AÑOS PARA MI HIJO GABRIEL.",estimados quisiera saber los pensiones de inicial 4 años para mi hijo gabriel,ADMIS_COSTOS
WhatsApp,Saber si hay lugares en inicial 3 años para Nicolas. Gracias.,saber si hay lugares en inicial 3 años para nicolas gracias,ADMIS_VACANTES
Web,DOCUMENTOS PARA TRASLADO A SECUNDARIA. POSTULANTE: THIAGO.,documentos para traslado a secundaria postulante thiago,ADMIS_REQUIS_DOC
Email,SOLICITO INFORMACIÓN DE PENSIONES Y DETALLES PARA INICIAL 3 AÑOS. ATTE: NICOLAS.,solicito información de pensiones y detalles para inicial 3 años atte nicolas,ADMIS_COSTOS
WhatsApp,HOLA HAY MATRÍCULAS DISPONIBLES PARA INICIAL 4 AÑOS? MI NIÑO SE LLAMA MATEO.,hola hay matrículas disponibles para inicial 4 años mi niño se llama mateo,ADMIS_VACANTES
Email,Solicito información de mensualidad y detalles para 1ero primaria. Atte: Nicolas.,solicito información de mensualidad y detalles para 1ero primaria atte nicolas,ADMIS_COSTOS
Web,documentación para traslado a 5to secundaria. Postulante: Thiago.,documentación para traslado a 5to secundaria postulante thiago,ADMIS_REQUIS_DOC
Email,"Estimados, quisiera saber los pensiones de inicial 3 años para mi hijo Pedro.",estimados quisiera saber los pensiones de inicial 3 años para mi hijo pedro,ADMIS_COSTOS
WhatsApp,Saber si hay cupos en primer grado para Nicolas. Gracias.,saber si hay cupos en primer grado para nicolas gracias,ADMIS_VACANTES
Web,entrevistas de admision para 1ero primaria. Mi menor es Camila.,entrevistas de admision para 1ero primaria mi menor es camila,ADMIS_CITAS
Web,PARTIDAS PARA TRASLADO A PRIMER GRADO. POSTULANTE: PEDRO.,partidas para traslado a primer grado postulante pedro,ADMIS_REQUIS_DOC
Email,Solicito información de precios y detalles para 6to primaria. Atte: Luis.,solicito información de precios y detalles para 6to primaria atte luis,ADMIS_COSTOS
Web,CITAS DE ADMISION PARA 1ERO PRIMARIA. MI MENOR ES MARIA.,citas de admision para 1ero primaria mi menor es maria,ADMIS_CITAS
Email,"Estimados, quisiera saber los mensualidad de 1ero secundaria para mi hijo Camila.",estimados quisiera saber los mensualidad de 1ero secundaria para mi hijo camila,ADMIS_COSTOS
Web,<p><b>citas de admision para 1ero primaria. Mi menor es Ana.</b></p>,citas de admision para 1ero primaria mi menor es ana,ADMIS_CITAS
Email,"ESTIMADOS, QUISIERA SABER LOS MENSUALIDAD DE PRIMER AÑO PARA MI HIJO JUAN.",estimados quisiera saber los mensualidad de primer año para mi hijo juan,ADMIS_COSTOS
Email,"Estimados, quisiera saber los mensualidad de inicial 5 años para mi hijo Camila.",estimados quisiera saber los mensualidad de inicial 5 años para mi hijo camila,ADMIS_COSTOS
WhatsApp,Saber si hay lugares en 5to secundaria para Elena. Gracias.,saber si hay lugares en 5to secundaria para elena gracias,ADMIS_VACANTES
Web,ENTREVISTAS DE ADMISION PARA INICIAL 5 AÑOS. MI MENOR ES JUAN.,entrevistas de admision para inicial 5 años mi menor es juan,ADMIS_CITAS
Email,<p><b>Solicito información de precios y detalles para 5to secundaria. Atte: Valentina.</b></p>,solicito información de precios y detalles para 5to secundaria atte valentina,ADMIS_COSTOS
Email,"Estimados, quisiera saber los costos de inicial 3 años para mi hijo Juan.",estimados quisiera saber los costos de inicial 3 años para mi hijo juan,ADMIS_COSTOS
WhatsApp,HOLA HAY CUPOS PARA INICIAL 3 AÑOS? MI NIÑO SE LLAMA ANA.,hola hay cupos para inicial 3 años mi niño se llama ana,ADMIS_VACANTES
Web,DOCUMENTOS PARA TRASLADO A INICIAL 5 AÑOS. POSTULANTE: VALENTINA.,documentos para traslado a inicial 5 años postulante valentina,ADMIS_REQUIS_DOC
Web,cronograma de admision para 6to primaria. Mi menor es Maria.,cronograma de admision para 6to primaria mi menor es maria,ADMIS_CITAS
Email,<p><b>Solicito información de precios y detalles para primer grado. Atte: Thiago.</b></p>,solicito información de precios y detalles para primer grado atte thiago,ADMIS_COSTOS
WhatsApp,Hola hay lugares para inicial 3 años? Mi niño se llama Sofia.,hola hay lugares para inicial 3 años mi niño se llama sofia,ADMIS_VACANTES
WhatsApp,Hola hay matrículas disponibles para inicial 4 años? Mi niño se llama Camila.,hola hay matrículas disponibles para inicial 4 años mi niño se llama camila,ADMIS_VACANTES
Email,"ESTIMADOS, QUISIERA SABER LOS PAGOS DE PRIMER AÑO PARA MI HIJO GABRIEL.",estimados quisiera saber los pagos de primer año para mi hijo gabriel,ADMIS_COSTOS
WhatsApp,SABER SI HAY CUPOS EN INICIAL 3 AÑOS PARA SEBASTIAN. GRACIAS.,saber si hay cupos en inicial 3 años para sebastian gracias,ADMIS_VACANTES
WhatsApp,Hola hay espacios para 6to primaria? Mi niño se llama Lucia.,hola hay espacios para 6to primaria mi niño se llama lucia,ADMIS_VACANTES
WhatsApp,Saber si hay espacios en 5to secundaria para Sofia. Gracias.,saber si hay espacios en 5to secundaria para sofia gracias,ADMIS_VACANTES
Web,entrevistas de admision para inicial 3 años. Mi menor es Ana.,entrevistas de admision para inicial 3 años mi menor es ana,ADMIS_CITAS
WhatsApp,<p><b>Hola hay vacantes para 5to secundaria? Mi niño se llama Camila.</b></p>,hola hay vacantes para 5to secundaria mi niño se llama camila,ADMIS_VACANTES
WhatsApp,<p><b>Saber si hay cupos en inicial 5 años para Juan. Gracias.</b></p>,saber si hay cupos en inicial 5 años para juan gracias,ADMIS_VACANTES
WhatsApp,Hola hay matrículas disponibles para 6to primaria? Mi niño se llama Thiago.,hola hay matrículas disponibles para 6to primaria mi niño se llama thiago,ADMIS_VACANTES
Email,"ESTIMADOS, QUISIERA SABER LOS CUOTAS DE INICIAL 3 AÑOS PARA MI HIJO LUCIA.",estimados quisiera saber los cuotas de inicial 3 años para mi hijo lucia,ADMIS_COSTOS
Web,reunión de admision para inicial 5 años. Mi menor es Sebastian.,reunión de admision para inicial 5 años mi menor es sebastian,OTROS
Web,DOCUMENTOS PARA TRASLADO A 5TO SECUNDARIA. POSTULANTE: MARIA.,documentos para traslado a 5to secundaria postulante maria,ADMIS_REQUIS_DOC
Email,Solicito información de precios y detalles para secundaria. Atte: Valentina.,solicito información de precios y detalles para secundaria atte valentina,ADMIS_COSTOS
Email,<p><b>Solicito información de cuotas y detalles para inicial 3 años. Atte: Luis.</b></p>,solicito información de cuotas y detalles para inicial 3 años atte luis,ADMIS_COSTOS
Email,"Estimados, quisiera saber los pagos de primer año para mi hijo Valentina.",estimados quisiera saber los pagos de primer año para mi hijo valentina,ADMIS_COSTOS
WhatsApp,Hola hay cupos para primer grado? Mi niño se llama Pedro.,hola hay cupos para primer grado mi niño se llama pedro,ADMIS_VACANTES
WhatsApp,Hola hay matrículas disponibles para secundaria? Mi niño se llama Elena.,hola hay matrículas disponibles para secundaria mi niño se llama elena,ADMIS_VACANTES
WhatsApp,Hola hay espacios para 1ero secundaria? Mi niño se llama Sofia.,hola hay espacios para 1ero secundaria mi niño se llama sofia,ADMIS_VACANTES
Email,"<p><b>Estimados, quisiera saber los pagos de 1ero secundaria para mi hijo Nicolas.</b></p>",estimados quisiera saber los pagos de 1ero secundaria para mi hijo nicolas,ADMIS_COSTOS
Web,entrevistas de admision para inicial 5 años. Mi menor es Sofia.,entrevistas de admision para inicial 5 años mi menor es sofia,ADMIS_CITAS
Email,"Estimados, quisiera saber los costos de 1ero secundaria para mi hijo Juan.",estimados quisiera saber los costos de 1ero secundaria para mi hijo juan,ADMIS_COSTOS
WhatsApp,<p><b>Hola hay vacantes para 6to primaria? Mi niño se llama Elena.</b></p>,hola hay vacantes para 6to primaria mi niño se llama elena,ADMIS_VACANTES
Web,<p><b>entrevistas de admision para 6to primaria. Mi menor es Gabriel.</b></p>,entrevistas de admision para 6to primaria mi menor es gabriel,ADMIS_CITAS
Web,documentos para traslado a 1ero primaria. Postulante: Juan.,documentos para traslado a 1ero primaria postulante juan,ADMIS_REQUIS_DOC
Email,"ESTIMADOS, QUISIERA SABER LOS COSTOS DE SECUNDARIA PARA MI HIJO NICOLAS.",estimados quisiera saber los costos de secundaria para mi hijo nicolas,ADMIS_COSTOS
WhatsApp,Hola hay lugares para 1ero secundaria? Mi niño se llama Sofia.,hola hay lugares para 1ero secundaria mi niño se llama sofia,ADMIS_VACANTES
Email,"ESTIMADOS, QUISIERA SABER LOS CUOTAS DE INICIAL 3 AÑOS PARA MI HIJO NICOLAS.",estimados quisiera saber los cuotas de inicial 3 años para mi hijo nicolas,ADMIS_COSTOS
Email,"Estimados, quisiera saber los precios de 1ero secundaria para mi hijo Juan.",estimados quisiera saber los precios de 1ero secundaria para mi hijo juan,ADMIS_COSTOS
WhatsApp,Saber si hay matrículas disponibles en inicial 3 años para Juan. Gracias.,saber si hay matrículas disponibles en inicial 3 años para juan gracias,ADMIS_VACANTES
Email,<p><b>Solicito información de mensualidad y detalles para inicial 5 años. Atte: Ana.</b></p>,solicito información de mensualidad y detalles para inicial 5 años atte ana,ADMIS_COSTOS
WhatsApp,<p><b>Hola hay espacios para secundaria? Mi niño se llama Ana.</b></p>,hola hay espacios para secundaria mi niño se llama ana,ADMIS_VACANTES
Email,"<p><b>Estimados, quisiera saber los pensiones de 1ero primaria para mi hijo Gabriel.</b></p>",estimados quisiera saber los pensiones de 1ero primaria para mi hijo gabriel,ADMIS_COSTOS
Web,requisitos para traslado a 5to secundaria. Postulante: Sebastian.,requisitos para traslado a 5to secundaria postulante sebastian,ADMIS_REQUIS_DOC
WhatsApp,Hola hay espacios para inicial 3 años? Mi niño se llama Thiago.,hola hay espacios para inicial 3 años mi niño se llama thiago,ADMIS_VACANTES
Web,ENTREVISTAS DE ADMISION PARA SECUNDARIA. MI MENOR ES MARIA.,entrevistas de admision para secundaria mi menor es maria,ADMIS_CITAS
Email,Solicito información de mensualidad y detalles para primer año. Atte: Juan.,solicito información de mensualidad y detalles para primer año atte juan,ADMIS_COSTOS
Email,<p><b>Solicito información de costos y detalles para inicial 4 años. Atte: Nicolas.</b></p>,solicito información de costos y detalles para inicial 4 años atte nicolas,ADMIS_COSTOS
Web,CHARLAS DE ADMISION PARA 1ERO PRIMARIA. MI MENOR ES THIAGO.,charlas de admision para 1ero primaria mi menor es thiago,ADMIS_CITAS
Email,"<p><b>Estimados, quisiera saber los pagos de 6to primaria para mi hijo Gabriel.</b></p>",estimados quisiera saber los pagos de 6to primaria para mi hijo gabriel,ADMIS_COSTOS
Email,"ESTIMADOS, QUISIERA SABER LOS CUOTAS DE PRIMER GRADO PARA MI HIJO PEDRO.",estimados quisiera saber los cuotas de primer grado para mi hijo pedro,ADMIS_COSTOS
Email,"Estimados, quisiera saber los mensualidad de secundaria para mi hijo Pedro.",estimados quisiera saber los mensualidad de secundaria para mi hijo pedro,ADMIS_COSTOS
Email,Solicito información de costos y detalles para 6to primaria. Atte: Elena.,solicito información de costos y detalles para 6to primaria atte elena,ADMIS_COSTOS
Web,documentos para traslado a 1ero primaria. Postulante: Thiago.,documentos para traslado a 1ero primaria postulante thiago,ADMIS_REQUIS_DOC
Email,<p><b>Solicito información de costos y detalles para 1ero primaria. Atte: Elena.</b></p>,solicito información de costos y detalles para 1ero primaria atte elena,ADMIS_COSTOS
Web,CRONOGRAMA DE ADMISION PARA PRIMER AÑO. MI MENOR ES SEBASTIAN.,cronograma de admision para primer año mi menor es sebastian,ADMIS_CITAS
Email,Solicito información de costos y detalles para inicial 5 años. Atte: Mateo.,solicito información de costos y detalles para inicial 5 años atte mateo,ADMIS_COSTOS
WhatsApp,Hola hay matrículas disponibles para 1ero secundaria? Mi niño se llama Maria.,hola hay matrículas disponibles para 1ero secundaria mi niño se llama maria,ADMIS_VACANTES
Email,Solicito información de pensiones y detalles para primer grado. Atte: Luis.,solicito información de pensiones y detalles para primer grado atte luis,ADMIS_COSTOS
Web,charlas de admision para inicial 3 años. Mi menor es Pedro.,charlas de admision para inicial 3 años mi menor es pedro,ADMIS_CITAS
Email,SOLICITO INFORMACIÓN DE PRECIOS Y DETALLES PARA INICIAL 3 AÑOS. ATTE: SOFIA.,solicito información de precios y detalles para inicial 3 años atte sofia,ADMIS_COSTOS
Email,"Estimados, quisiera saber los precios de 6to primaria para mi hijo Luis.",estimados quisiera saber los precios de 6to primaria para mi hijo luis,ADMIS_COSTOS
WhatsApp,SABER SI HAY ESPACIOS EN INICIAL 4 AÑOS PARA PEDRO. GRACIAS.,saber si hay espacios en inicial 4 años para pedro gracias,ADMIS_VACANTES
Email,"Estimados, quisiera saber los mensualidad de 1ero secundaria para mi hijo Sebastian.",estimados quisiera saber los mensualidad de 1ero secundaria para mi hijo sebastian,ADMIS_COSTOS
WhatsApp,Saber si hay espacios en secundaria para Elena. Gracias.,saber si hay espacios en secundaria para elena gracias,ADMIS_VACANTES
Web,PAPELES PARA TRASLADO A SECUNDARIA. POSTULANTE: CAMILA.,papeles para traslado a secundaria postulante camila,ADMIS_REQUIS_DOC
Email,"Estimados, quisiera saber los costos de primer año para mi hijo Gabriel.",estimados quisiera saber los costos de primer año para mi hijo gabriel,ADMIS_COSTOS
Web,<p><b>requisitos para traslado a primer año. Postulante: Camila.</b></p>,requisitos para traslado a primer año postulante camila,ADMIS_REQUIS_DOC
Web,PAPELES PARA TRASLADO A PRIMER GRADO. POSTULANTE: GABRIEL.,papeles para traslado a primer grado postulante gabriel,ADMIS_REQUIS_DOC
Web,papeles para traslado a 5to secundaria. Postulante: Sofia.,papeles para traslado a 5to secundaria postulante sofia,ADMIS_REQUIS_DOC
WhatsApp,<p><b>Hola hay cupos para inicial 5 años? Mi niño se llama Pedro.</b></p>,hola hay cupos para inicial 5 años mi niño se llama pedro,ADMIS_VACANTES
Web,<p><b>papeles para traslado a 6to primaria. Postulante: Juan.</b></p>,papeles para traslado a 6to primaria postulante juan,ADMIS_REQUIS_DOC
Web,<p><b>charlas de admision para inicial 4 años. Mi menor es Sebastian.</b></p>,charlas de admision para inicial 4 años mi menor es sebastian,ADMIS_CITAS
Email,Solicito información de pagos y detalles para 6to primaria. Atte: Juan.,solicito información de pagos y detalles para 6to primaria atte juan,ADMIS_COSTOS
Email,"Estimados, quisiera saber los costos de inicial 5 años para mi hijo Valentina.",estimados quisiera saber los costos de inicial 5 años para mi hijo valentina,ADMIS_COSTOS
WhatsApp,Saber si hay espacios en inicial 4 años para Elena. Gracias.,saber si hay espacios en inicial 4 años para elena gracias,ADMIS_VACANTES
Email,Solicito información de mensualidad y detalles para 6to primaria. Atte: Maria.,solicito información de mensualidad y detalles para 6to primaria atte maria,ADMIS_COSTOS
Email,<p><b>Solicito información de mensualidad y detalles para primer grado. Atte: Juan.</b></p>,solicito información de mensualidad y detalles para primer grado atte juan,ADMIS_COSTOS
WhatsApp,<p><b>Hola hay vacantes para inicial 4 años? Mi niño se llama Sofia.</b></p>,hola hay vacantes para inicial 4 años mi niño se llama sofia,ADMIS_VACANTES
Email,Solicito información de cuotas y detalles para 1ero secundaria. Atte: Nicolas.,solicito información de cuotas y detalles para 1ero secundaria atte nicolas,ADMIS_COSTOS
Web,entrevistas de admision para 6to primaria. Mi menor es Pedro.,entrevistas de admision para 6to primaria mi menor es pedro,ADMIS_CITAS
WhatsApp,<p><b>Hola hay lugares para inicial 5 años? Mi niño se llama Valentina.</b></p>,hola hay lugares para inicial 5 años mi niño se llama valentina,ADMIS_VACANTES
Web,PAPELES PARA TRASLADO A 1ERO PRIMARIA. POSTULANTE: MARIA.,papeles para traslado a 1ero primaria postulante maria,ADMIS_REQUIS_DOC
Email,Solicito información de cuotas y detalles para primer grado. Atte: Gabriel.,solicito información de cuotas y detalles para primer grado atte gabriel,ADMIS_COSTOS
Email,"<p><b>Estimados, quisiera saber los costos de primer año para mi hijo Maria.</b></p>",estimados quisiera saber los costos de primer año para mi hijo maria,ADMIS_COSTOS
Web,CHARLAS DE ADMISION PARA 1ERO SECUNDARIA. MI MENOR ES CAMILA.,charlas de admision para 1ero secundaria mi menor es camila,ADMIS_CITAS
WhatsApp,SABER SI HAY ESPACIOS EN INICIAL 3 AÑOS PARA ELENA. GRACIAS.,saber si hay espacios en inicial 3 años para elena gracias,ADMIS_VACANTES
Web,citas de admision para 1ero primaria. Mi menor es Sofia.,citas de admision para 1ero primaria mi menor es sofia,ADMIS_CITAS
WhatsApp,Hola hay vacantes para 1ero primaria? Mi niño se llama Lucia.,hola hay vacantes para 1ero primaria mi niño se llama lucia,ADMIS_VACANTES
Web,entrevistas de admision para inicial 5 años. Mi menor es Maria.,entrevistas de admision para inicial 5 años mi menor es maria,ADMIS_CITAS
WhatsApp,Saber si hay vacantes en inicial 4 años para Pedro. Gracias.,saber si hay vacantes en inicial 4 años para pedro gracias,ADMIS_VACANTES
WhatsApp,Saber si hay cupos en 1ero secundaria para Mateo. Gracias.,saber si hay cupos en 1ero secundaria para mateo gracias,ADMIS_VACANTES
WhatsApp,HOLA HAY MATRÍCULAS DISPONIBLES PARA SECUNDARIA? MI NIÑO SE LLAMA LUIS.,hola hay matrículas disponibles para secundaria mi niño se llama luis,ADMIS_VACANTES
Email,"Estimados, quisiera saber los pensiones de 5to secundaria para mi hijo Ana.",estimados quisiera saber los pensiones de 5to secundaria para mi hijo ana,ADMIS_COSTOS
Email,"Estimados, quisiera saber los pagos de 1ero secundaria para mi hijo Sofia.",estimados quisiera saber los pagos de 1ero secundaria para mi hijo sofia,ADMIS_COSTOS
Web,citas de admision para secundaria. Mi menor es Thiago.,citas de admision para secundaria mi menor es thiago,ADMIS_CITAS
Email,Solicito información de cuotas y detalles para 6to primaria. Atte: Camila.,solicito información de cuotas y detalles para 6to primaria atte camila,ADMIS_COSTOS
WhatsApp,Saber si hay cupos en primer grado para Juan. Gracias.,saber si hay cupos en primer grado para juan gracias,ADMIS_VACANTES
WhatsApp,Hola hay vacantes para 1ero secundaria? Mi niño se llama Maria.,hola hay vacantes para 1ero secundaria mi niño se llama maria,ADMIS_VACANTES
WhatsApp,SABER SI HAY LUGARES EN PRIMER GRADO PARA VALENTINA. GRACIAS.,saber si hay lugares en primer grado para valentina gracias,ADMIS_VACANTES
Web,PARTIDAS PARA TRASLADO A PRIMER AÑO. POSTULANTE: NICOLAS.,partidas para traslado a primer año postulante nicolas,ADMIS_REQUIS_DOC
Web,documentación para traslado a 1ero primaria. Postulante: Nicolas.,documentación para traslado a 1ero primaria postulante nicolas,ADMIS_REQUIS_DOC
Web,documentos para traslado a primer grado. Postulante: Nicolas.,documentos para traslado a primer grado postulante nicolas,ADMIS_REQUIS_DOC
Web,citas de admision para inicial 5 años. Mi menor es Luis.,citas de admision para inicial 5 años mi menor es luis,ADMIS_CITAS
Web,entrevistas de admision para inicial 4 años. Mi menor es Sebastian.,entrevistas de admision para inicial 4 años mi menor es sebastian,ADMIS_CITAS
Email,"Estimados, quisiera saber los pensiones de 1ero primaria para mi hijo Elena.",estimados quisiera saber los pensiones de 1ero primaria para mi hijo elena,ADMIS_COSTOS
Email,"Estimados, quisiera saber los mensualidad de inicial 3 años para mi hijo Gabriel.",estimados quisiera saber los mensualidad de inicial 3 años para mi hijo gabriel,ADMIS_COSTOS
WhatsApp,HOLA HAY MATRÍCULAS DISPONIBLES PARA 1ERO SECUNDARIA? MI NIÑO SE LLAMA ANA.,hola hay matrículas disponibles para 1ero secundaria mi niño se llama ana,ADMIS_VACANTES
Email,<p><b>Solicito información de cuotas y detalles para 6to primaria. Atte: Thiago.</b></p>,solicito información de cuotas y detalles para 6to primaria atte thiago,ADMIS_COSTOS
WhatsApp,<p><b>Saber si hay cupos en inicial 5 años para Elena. Gracias.</b></p>,saber si hay cupos en inicial 5 años para elena gracias,ADMIS_VACANTES
Email,Solicito información de costos y detalles para 1ero primaria. Atte: Sofia.,solicito información de costos y detalles para 1ero primaria atte sofia,ADMIS_COSTOS
Email,"Estimados, quisiera saber los pagos de inicial 3 años para mi hijo Valentina.",estimados quisiera saber los pagos de inicial 3 años para mi hijo valentina,ADMIS_COSTOS
WhatsApp,<p><b>Saber si hay cupos en inicial 3 años para Elena. Gracias.</b></p>,saber si hay cupos en inicial 3 años para elena gracias,ADMIS_VACANTES
WhatsApp,Hola hay matrículas disponibles para 1ero secundaria? Mi niño se llama Sofia.,hola hay matrículas disponibles para 1ero secundaria mi niño se llama sofia,ADMIS_VACANTES
Web,reunión de admision para 6to primaria. Mi menor es Thiago.,reunión de admision para 6to primaria mi menor es thiago,OTROS
Web,citas de admision para inicial 3 años. Mi menor es Gabriel.,citas de admision para inicial 3 años mi menor es gabriel,ADMIS_CITAS
Web,cronograma de admision para inicial 3 años. Mi menor es Sebastian.,cronograma de admision para inicial 3 años mi menor es sebastian,ADMIS_CITAS
WhatsApp,Saber si hay cupos en inicial 5 años para Lucia. Gracias.,saber si hay cupos en inicial 5 años para lucia gracias,ADMIS_VACANTES
Email,"Estimados, quisiera saber los cuotas de primer grado para mi hijo Sofia.",estimados quisiera saber los cuotas de primer grado para mi hijo sofia,ADMIS_COSTOS
WhatsApp,Saber si hay cupos en 6to primaria para Valentina. Gracias.,saber si hay cupos en 6to primaria para valentina gracias,ADMIS_VACANTES
Web,<p><b>cronograma de admision para inicial 4 años. Mi menor es Gabriel.</b></p>,cronograma de admision para inicial 4 años mi menor es gabriel,ADMIS_CITAS
Email,SOLICITO INFORMACIÓN DE CUOTAS Y DETALLES PARA 6TO PRIMARIA. ATTE: LUCIA.,solicito información de cuotas y detalles para 6to primaria atte lucia,ADMIS_COSTOS
Web,reunión de admision para 6to primaria. Mi menor es Ana.,reunión de admision para 6to primaria mi menor es ana,OTROS
Email,Solicito información de pagos y detalles para secundaria. Atte: Thiago.,solicito información de pagos y detalles para secundaria atte thiago,ADMIS_COSTOS
Web,documentación para traslado a inicial 4 años. Postulante: Camila.,documentación para traslado a inicial 4 años postulante camila,ADMIS_REQUIS_DOC
WhatsApp,Saber si hay matrículas disponibles en inicial 3 años para Valentina. Gracias.,saber si hay matrículas disponibles en inicial 3 años para valentina gracias,ADMIS_VACANTES
Email,Solicito información de cuotas y detalles para 6to primaria. Atte: Gabriel.,solicito información de cuotas y detalles para 6to primaria atte gabriel,ADMIS_COSTOS
Web,documentación para traslado a inicial 5 años. Postulante: Gabriel.,documentación para traslado a inicial 5 años postulante gabriel,ADMIS_REQUIS_DOC
Web,reunión de admision para 6to primaria. Mi menor es Valentina.,reunión de admision para 6to primaria mi menor es valentina,OTROS
Email,"Estimados, quisiera saber los mensualidad de 1ero primaria para mi hijo Sebastian.",estimados quisiera saber los mensualidad de 1ero primaria para mi hijo sebastian,ADMIS_COSTOS
Web,DOCUMENTACIÓN PARA TRASLADO A 1ERO SECUNDARIA. POSTULANTE: VALENTINA.,documentación para traslado a 1ero secundaria postulante valentina,ADMIS_REQUIS_DOC
Email,"Estimados, quisiera saber los mensualidad de inicial 4 años para mi hijo Elena.",estimados quisiera saber los mensualidad de inicial 4 años para mi hijo elena,ADMIS_COSTOS
Web,requisitos para traslado a 1ero secundaria. Postulante: Pedro.,requisitos para traslado a 1ero secundaria postulante pedro,ADMIS_REQUIS_DOC
Email,Solicito información de pensiones y detalles para primer grado. Atte: Ana.,solicito información de pensiones y detalles para primer grado atte ana,ADMIS_COSTOS
Web,<p><b>charlas de admision para primer año. Mi menor es Pedro.</b></p>,charlas de admision para primer año mi menor es pedro,ADMIS_CITAS
WhatsApp,SABER SI HAY VACANTES EN 6TO PRIMARIA PARA MARIA. GRACIAS.,saber si hay vacantes en 6to primaria para maria gracias,ADMIS_VACANTES
Email,SOLICITO INFORMACIÓN DE CUOTAS Y DETALLES PARA 1ERO PRIMARIA. ATTE: VALENTINA.,solicito información de cuotas y detalles para 1ero primaria atte valentina,ADMIS_COSTOS
Web,<p><b>papeles para traslado a primer año. Postulante: Elena.</b></p>,papeles para traslado a primer año postulante elena,ADMIS_REQUIS_DOC
Web,reunión de admision para primer año. Mi menor es Lucia.,reunión de admision para primer año mi menor es lucia,OTROS
Email,"Estimados, quisiera saber los precios de inicial 3 años para mi hijo Mateo.",estimados quisiera saber los precios de inicial 3 años para mi hijo mateo,ADMIS_COSTOS
WhatsApp,SABER SI HAY VACANTES EN SECUNDARIA PARA VALENTINA. GRACIAS.,saber si hay vacantes en secundaria para valentina gracias,ADMIS_VACANTES
Email,Solicito información de costos y detalles para 1ero secundaria. Atte: Ana.,solicito información de costos y detalles para 1ero secundaria atte ana,ADMIS_COSTOS
Web,cronograma de admision para primer grado. Mi menor es Gabriel.,cronograma de admision para primer grado mi menor es gabriel,ADMIS_CITAS
Web,citas de admision para secundaria. Mi menor es Nicolas.,citas de admision para secundaria mi menor es nicolas,ADMIS_CITAS
Web,documentación para traslado a primer año. Postulante: Gabriel.,documentación para traslado a primer año postulante gabriel,ADMIS_REQUIS_DOC
WhatsApp,<p><b>Hola hay lugares para inicial 5 años? Mi niño se llama Sebastian.</b></p>,hola hay lugares para inicial 5 años mi niño se llama sebastian,ADMIS_VACANTES
Web,partidas para traslado a 1ero primaria. Postulante: Camila.,partidas para traslado a 1ero primaria postulante camila,ADMIS_REQUIS_DOC
WhatsApp,Saber si hay vacantes en inicial 5 años para Camila. Gracias.,saber si hay vacantes en inicial 5 años para camila gracias,ADMIS_VACANTES
Email,Solicito información de mensualidad y detalles para primer año. Atte: Luis.,solicito información de mensualidad y detalles para primer año atte luis,ADMIS_COSTOS
WhatsApp,Saber si hay espacios en 1ero primaria para Thiago. Gracias.,saber si hay espacios en 1ero primaria para thiago gracias,ADMIS_VACANTES
WhatsApp,Saber si hay matrículas disponibles en 1ero primaria para Thiago. Gracias.,saber si hay matrículas disponibles en 1ero primaria para thiago gracias,ADMIS_VACANTES
WhatsApp,Hola hay matrículas disponibles para primer grado? Mi niño se llama Thiago.,hola hay matrículas disponibles para primer grado mi niño se llama thiago,ADMIS_VACANTES
WhatsApp,Hola hay cupos para secundaria? Mi niño se llama Valentina.,hola hay cupos para secundaria mi niño se llama valentina,ADMIS_VACANTES
WhatsApp,Hola hay cupos para secundaria? Mi niño se llama Pedro.,hola hay cupos para secundaria mi niño se llama pedro,ADMIS_VACANTES
WhatsApp,Saber si hay vacantes en 1ero secundaria para Valentina. Gracias.,saber si hay vacantes en 1ero secundaria para valentina gracias,ADMIS_VACANTES
Email,"Estimados, quisiera saber los cuotas de primer año para mi hijo Gabriel.",estimados quisiera saber los cuotas de primer año para mi hijo gabriel,ADMIS_COSTOS
Web,<p><b>papeles para traslado a 1ero secundaria. Postulante: Sofia.</b></p>,papeles para traslado a 1ero secundaria postulante sofia,ADMIS_REQUIS_DOC
Email,"ESTIMADOS, QUISIERA SABER LOS MENSUALIDAD DE 6TO PRIMARIA PARA MI HIJO PEDRO.",estimados quisiera saber los mensualidad de 6to primaria para mi hijo pedro,ADMIS_COSTOS
Email,Solicito información de pensiones y detalles para secundaria. Atte: Nicolas.,solicito información de pensiones y detalles para secundaria atte nicolas,ADMIS_COSTOS
Email,<p><b>Solicito información de precios y detalles para secundaria. Atte: Sebastian.</b></p>,solicito información de precios y detalles para secundaria atte sebastian,ADMIS_COSTOS
WhatsApp,SABER SI HAY LUGARES EN PRIMER AÑO PARA SOFIA. GRACIAS.,saber si hay lugares en primer año para sofia gracias,ADMIS_VACANTES
Email,SOLICITO INFORMACIÓN DE MENSUALIDAD Y DETALLES PARA SECUNDARIA. ATTE: ELENA.,solicito información de mensualidad y detalles para secundaria atte elena,ADMIS_COSTOS
Email,"Estimados, quisiera saber los costos de primer año para mi hijo Luis.",estimados quisiera saber los costos de primer año para mi hijo luis,ADMIS_COSTOS
WhatsApp,Hola hay matrículas disponibles para inicial 3 años? Mi niño se llama Pedro.,hola hay matrículas disponibles para inicial 3 años mi niño se llama pedro,ADMIS_VACANTES
Email,Solicito información de cuotas y detalles para secundaria. Atte: Luis.,solicito información de cuotas y detalles para secundaria atte luis,ADMIS_COSTOS
Email,Solicito información de mensualidad y detalles para 6to primaria. Atte: Sebastian.,solicito información de mensualidad y detalles para 6to primaria atte sebastian,ADMIS_COSTOS
Email,"<p><b>Estimados, quisiera saber los mensualidad de primer año para mi hijo Maria.</b></p>",estimados quisiera saber los mensualidad de primer año para mi hijo maria,ADMIS_COSTOS
Web,CHARLAS DE ADMISION PARA INICIAL 3 AÑOS. MI MENOR ES LUIS.,charlas de admision para inicial 3 años mi menor es luis,ADMIS_CITAS
Email,"ESTIMADOS, QUISIERA SABER LOS CUOTAS DE INICIAL 4 AÑOS PARA MI HIJO MARIA.",estimados quisiera saber los cuotas de inicial 4 años para mi hijo maria,ADMIS_COSTOS
Web,entrevistas de admision para primer grado. Mi menor es Luis.,entrevistas de admision para primer grado mi menor es luis,ADMIS_CITAS
Email,"Estimados, quisiera saber los costos de primer año para mi hijo Sofia.",estimados quisiera saber los costos de primer año para mi hijo sofia,ADMIS_COSTOS
Web,documentación para traslado a 1ero secundaria. Postulante: Thiago.,documentación para traslado a 1ero secundaria postulante thiago,ADMIS_REQUIS_DOC
Email,"Estimados, quisiera saber los precios de primer año para mi hijo Thiago.",estimados quisiera saber los precios de primer año para mi hijo thiago,ADMIS_COSTOS
Email,Solicito información de cuotas y detalles para inicial 3 años. Atte: Maria.,solicito información de cuotas y detalles para inicial 3 años atte maria,ADMIS_COSTOS
Email,Solicito información de cuotas y detalles para secundaria. Atte: Camila.,solicito información de cuotas y detalles para secundaria atte camila,ADMIS_COSTOS
Web,papeles para traslado a inicial 4 años. Postulante: Nicolas.,papeles para traslado a inicial 4 años postulante nicolas,ADMIS_REQUIS_DOC
Web,<p><b>documentación para traslado a secundaria. Postulante: Thiago.</b></p>,documentación para traslado a secundaria postulante thiago,ADMIS_REQUIS_DOC
Web,ENTREVISTAS DE ADMISION PARA PRIMER AÑO. MI MENOR ES NICOLAS.,entrevistas de admision para primer año mi menor es nicolas,ADMIS_CITAS
Web,requisitos para traslado a 1ero secundaria. Postulante: Sebastian.,requisitos para traslado a 1ero secundaria postulante sebastian,ADMIS_REQUIS_DOC
Web,<p><b>requisitos para traslado a 1ero primaria. Postulante: Elena.</b></p>,requisitos para traslado a 1ero primaria postulante elena,ADMIS_REQUIS_DOC
Email,"Estimados, quisiera saber los pagos de primer año para mi hijo Sebastian.",estimados quisiera saber los pagos de primer año para mi hijo sebastian,ADMIS_COSTOS
Email,Solicito información de pensiones y detalles para primer año. Atte: Juan.,solicito información de pensiones y detalles para primer año atte juan,ADMIS_COSTOS
WhatsApp,SABER SI HAY MATRÍCULAS DISPONIBLES EN INICIAL 3 AÑOS PARA LUCIA. GRACIAS.,saber si hay matrículas disponibles en inicial 3 años para lucia gracias,ADMIS_VACANTES
Email,SOLICITO INFORMACIÓN DE PENSIONES Y DETALLES PARA INICIAL 5 AÑOS. ATTE: GABRIEL.,solicito información de pensiones y detalles para inicial 5 años atte gabriel,ADMIS_COSTOS
Email,"Estimados, quisiera saber los cuotas de inicial 5 años para mi hijo Camila.",estimados quisiera saber los cuotas de inicial 5 años para mi hijo camila,ADMIS_COSTOS
Web,papeles para traslado a primer grado. Postulante: Camila.,papeles para traslado a primer grado postulante camila,ADMIS_REQUIS_DOC
WhatsApp,Hola hay espacios para secundaria? Mi niño se llama Mateo.,hola hay espacios para secundaria mi niño se llama mateo,ADMIS_VACANTES
Email,Solicito información de pensiones y detalles para inicial 3 años. Atte: Maria.,solicito información de pensiones y detalles para inicial 3 años atte maria,ADMIS_COSTOS
WhatsApp,Saber si hay cupos en 6to primaria para Elena. Gracias.,saber si hay cupos en 6to primaria para elena gracias,ADMIS_VACANTES
Web,documentos para traslado a primer grado. Postulante: Camila.,documentos para traslado a primer grado postulante camila,ADMIS_REQUIS_DOC
Web,reunión de admision para inicial 4 años. Mi menor es Pedro.,reunión de admision para inicial 4 años mi menor es pedro,OTROS
WhatsApp,SABER SI HAY LUGARES EN SECUNDARIA PARA LUCIA. GRACIAS.,saber si hay lugares en secundaria para lucia gracias,ADMIS_VACANTES
Web,charlas de admision para inicial 5 años. Mi menor es Pedro.,charlas de admision para inicial 5 años mi menor es pedro,ADMIS_CITAS
Email,Solicito información de precios y detalles para inicial 3 años. Atte: Camila.,solicito información de precios y detalles para inicial 3 años atte camila,ADMIS_COSTOS
Email,"<p><b>Estimados, quisiera saber los mensualidad de inicial 4 años para mi hijo Nicolas.</b></p>",estimados quisiera saber los mensualidad de inicial 4 años para mi hijo nicolas,ADMIS_COSTOS
Email,Solicito información de precios y detalles para 5to secundaria. Atte: Gabriel.,solicito información de precios y detalles para 5to secundaria atte gabriel,ADMIS_COSTOS
Email,Solicito información de pensiones y detalles para 1ero primaria. Atte: Elena.,solicito información de pensiones y detalles para 1ero primaria atte elena,ADMIS_COSTOS
Email,"ESTIMADOS, QUISIERA SABER LOS MENSUALIDAD DE 5TO SECUNDARIA PARA MI HIJO ELENA.",estimados quisiera saber los mensualidad de 5to secundaria para mi hijo elena,ADMIS_COSTOS
WhatsApp,SABER SI HAY VACANTES EN SECUNDARIA PARA SOFIA. GRACIAS.,saber si hay vacantes en secundaria para sofia gracias,ADMIS_VACANTES
WhatsApp,SABER SI HAY ESPACIOS EN INICIAL 3 AÑOS PARA SOFIA. GRACIAS.,saber si hay espacios en inicial 3 años para sofia gracias,ADMIS_VACANTES
Email,<p><b>Solicito información de costos y detalles para inicial 5 años. Atte: Thiago.</b></p>,solicito información de costos y detalles para inicial 5 años atte thiago,ADMIS_COSTOS
Web,requisitos para traslado a 6to primaria. Postulante: Luis.,requisitos para traslado a 6to primaria postulante luis,ADMIS_REQUIS_DOC
Web,papeles para traslado a secundaria. Postulante: Luis.,papeles para traslado a secundaria postulante luis,ADMIS_REQUIS_DOC
Web,<p><b>partidas para traslado a secundaria. Postulante: Maria.</b></p>,partidas para traslado a secundaria postulante maria,ADMIS_REQUIS_DOC
Email,"Estimados, quisiera saber los mensualidad de inicial 3 años para mi hijo Mateo.",estimados quisiera saber los mensualidad de inicial 3 años para mi hijo mateo,ADMIS_COSTOS
Web,<p><b>papeles para traslado a inicial 3 años. Postulante: Juan.</b></p>,papeles para traslado a inicial 3 años postulante juan,ADMIS_REQUIS_DOC
Email,"Estimados, quisiera saber los pagos de inicial 4 años para mi hijo Pedro.",estimados quisiera saber los pagos de inicial 4 años para mi hijo pedro,ADMIS_COSTOS
Web,citas de admision para primer grado. Mi menor es Sofia.,citas de admision para primer grado mi menor es sofia,ADMIS_CITAS
Web,cronograma de admision para 5to secundaria. Mi menor es Camila.,cronograma de admision para 5to secundaria mi menor es camila,ADMIS_CITAS
Web,partidas para traslado a 1ero secundaria. Postulante: Luis.,partidas para traslado a 1ero secundaria postulante luis,ADMIS_REQUIS_DOC
Email,SOLICITO INFORMACIÓN DE PRECIOS Y DETALLES PARA INICIAL 5 AÑOS. ATTE: JUAN.,solicito información de precios y detalles para inicial 5 años atte juan,ADMIS_COSTOS
WhatsApp,Hola hay lugares para inicial 3 años? Mi niño se llama Gabriel.,hola hay lugares para inicial 3 años mi niño se llama gabriel,ADMIS_VACANTES
Email,Solicito información de mensualidad y detalles para 6to primaria. Atte: Mateo.,solicito información de mensualidad y detalles para 6to primaria atte mateo,ADMIS_COSTOS
Email,Solicito información de mensualidad y detalles para 1ero primaria. Atte: Pedro.,solicito información de mensualidad y detalles para 1ero primaria atte pedro,ADMIS_COSTOS
WhatsApp,Hola hay vacantes para inicial 4 años? Mi niño se llama Pedro.,hola hay vacantes para inicial 4 años mi niño se llama pedro,ADMIS_VACANTES
WhatsApp,Hola hay vacantes para secundaria? Mi niño se llama Luis.,hola hay vacantes para secundaria mi niño se llama luis,ADMIS_VACANTES
Web,citas de admision para primer año. Mi menor es Pedro.,citas de admision para primer año mi menor es pedro,ADMIS_CITAS
Email,<p><b>Solicito información de mensualidad y detalles para inicial 5 años. Atte: Camila.</b></p>,solicito información de mensualidad y detalles para inicial 5 años atte camila,ADMIS_COSTOS
Email,Solicito información de costos y detalles para primer grado. Atte: Juan.,solicito información de costos y detalles para primer grado atte juan,ADMIS_COSTOS
Web,ENTREVISTAS DE ADMISION PARA 1ERO SECUNDARIA. MI MENOR ES LUCIA.,entrevistas de admision para 1ero secundaria mi menor es lucia,ADMIS_CITAS
Web,documentación para traslado a 1ero primaria. Postulante: Mateo.,documentación para traslado a 1ero primaria postulante mateo,ADMIS_REQUIS_DOC
Email,Solicito información de cuotas y detalles para 1ero secundaria. Atte: Mateo.,solicito información de cuotas y detalles para 1ero secundaria atte mateo,ADMIS_COSTOS
Web,citas de admision para 1ero secundaria. Mi menor es Nicolas.,citas de admision para 1ero secundaria mi menor es nicolas,ADMIS_CITAS
Email,Solicito información de costos y detalles para 1ero secundaria. Atte: Lucia.,solicito información de costos y detalles para 1ero secundaria atte lucia,ADMIS_COSTOS
Web,<p><b>cronograma de admision para 1ero secundaria. Mi menor es Thiago.</b></p>,cronograma de admision para 1ero secundaria mi menor es thiago,ADMIS_CITAS
Email,"ESTIMADOS, QUISIERA SABER LOS PAGOS DE SECUNDARIA PARA MI HIJO SEBASTIAN.",estimados quisiera saber los pagos de secundaria para mi hijo sebastian,ADMIS_COSTOS
Web,reunión de admision para 1ero secundaria. Mi menor es Luis.,reunión de admision para 1ero secundaria mi menor es luis,OTROS
Email,"Estimados, quisiera saber los cuotas de 1ero primaria para mi hijo Valentina.",estimados quisiera saber los cuotas de 1ero primaria para mi hijo valentina,ADMIS_COSTOS
Email,"<p><b>Estimados, quisiera saber los pensiones de primer año para mi hijo Nicolas.</b></p>",estimados quisiera saber los pensiones de primer año para mi hijo nicolas,ADMIS_COSTOS
WhatsApp,Hola hay cupos para inicial 3 años? Mi niño se llama Mateo.,hola hay cupos para inicial 3 años mi niño se llama mateo,ADMIS_VACANTES
Email,Solicito información de cuotas y detalles para primer año. Atte: Elena.,solicito información de cuotas y detalles para primer año atte elena,ADMIS_COSTOS
Web,CRONOGRAMA DE ADMISION PARA 6TO PRIMARIA. MI MENOR ES VALENTINA.,cronograma de admision para 6to primaria mi menor es valentina,ADMIS_CITAS
WhatsApp,Saber si hay cupos en inicial 5 años para Sofia. Gracias.,saber si hay cupos en inicial 5 años para sofia gracias,ADMIS_VACANTES
Web,<p><b>documentos para traslado a inicial 5 años. Postulante: Luis.</b></p>,documentos para traslado a inicial 5 años postulante luis,ADMIS_REQUIS_DOC
Email,"Estimados, quisiera saber los costos de primer año para mi hijo Valentina.",estimados quisiera saber los costos de primer año para mi hijo valentina,ADMIS_COSTOS
Email,"Estimados, quisiera saber los costos de primer grado para mi hijo Valentina.",estimados quisiera saber los costos de primer grado para mi hijo valentina,ADMIS_COSTOS
Web,DOCUMENTACIÓN PARA TRASLADO A INICIAL 4 AÑOS. POSTULANTE: PEDRO.,documentación para traslado a inicial 4 años postulante pedro,ADMIS_REQUIS_DOC
Email,"ESTIMADOS, QUISIERA SABER LOS MENSUALIDAD DE 1ERO SECUNDARIA PARA MI HIJO ELENA.",estimados quisiera saber los mensualidad de 1ero secundaria para mi hijo elena,ADMIS_COSTOS
Web,documentos para traslado a 6to primaria. Postulante: Ana.,documentos para traslado a 6to primaria postulante ana,ADMIS_REQUIS_DOC
Web,<p><b>citas de admision para inicial 3 años. Mi menor es Elena.</b></p>,citas de admision para inicial 3 años mi menor es elena,ADMIS_CITAS
Email,"Estimados, quisiera saber los pagos de primer grado para mi hijo Maria.",estimados quisiera saber los pagos de primer grado para mi hijo maria,ADMIS_COSTOS
Email,"ESTIMADOS, QUISIERA SABER LOS MENSUALIDAD DE 1ERO PRIMARIA PARA MI HIJO GABRIEL.",estimados quisiera saber los mensualidad de 1ero primaria para mi hijo gabriel,ADMIS_COSTOS
Email,"ESTIMADOS, QUISIERA SABER LOS MENSUALIDAD DE PRIMER GRADO PARA MI HIJO ELENA.",estimados quisiera saber los mensualidad de primer grado para mi hijo elena,ADMIS_COSTOS
WhatsApp,HOLA HAY VACANTES PARA 6TO PRIMARIA? MI NIÑO SE LLAMA CAMILA.,hola hay vacantes para 6to primaria mi niño se llama camila,ADMIS_VACANTES
Web,requisitos para traslado a 6to primaria. Postulante: Maria.,requisitos para traslado a 6to primaria postulante maria,ADMIS_REQUIS_DOC
Email,Solicito información de cuotas y detalles para primer año. Atte: Thiago.,solicito información de cuotas y detalles para primer año atte thiago,ADMIS_COSTOS
Email,Solicito información de mensualidad y detalles para inicial 3 años. Atte: Camila.,solicito información de mensualidad y detalles para inicial 3 años atte camila,ADMIS_COSTOS
Web,<p><b>documentos para traslado a primer año. Postulante: Elena.</b></p>,documentos para traslado a primer año postulante elena,ADMIS_REQUIS_DOC
Web,DOCUMENTOS PARA TRASLADO A 1ERO PRIMARIA. POSTULANTE: CAMILA.,documentos para traslado a 1ero primaria postulante camila,ADMIS_REQUIS_DOC
Web,cronograma de admision para secundaria. Mi menor es Lucia.,cronograma de admision para secundaria mi menor es lucia,ADMIS_CITAS
Web,cronograma de admision para 6to primaria. Mi menor es Luis.,cronograma de admision para 6to primaria mi menor es luis,ADMIS_CITAS
WhatsApp,<p><b>Hola hay lugares para 6to primaria? Mi niño se llama Elena.</b></p>,hola hay lugares para 6to primaria mi niño se llama elena,ADMIS_VACANTES
Web,requisitos para traslado a primer año. Postulante: Valentina.,requisitos para traslado a primer año postulante valentina,ADMIS_REQUIS_DOC
Email,"Estimados, quisiera saber los pensiones de 1ero primaria para mi hijo Thiago.",estimados quisiera saber los pensiones de 1ero primaria para mi hijo thiago,ADMIS_COSTOS
Email,<p><b>Solicito información de cuotas y detalles para 5to secundaria. Atte: Maria.</b></p>,solicito información de cuotas y detalles para 5to secundaria atte maria,ADMIS_COSTOS
WhatsApp,<p><b>Hola hay vacantes para 5to secundaria? Mi niño se llama Mateo.</b></p>,hola hay vacantes para 5to secundaria mi niño se llama mateo,ADMIS_VACANTES
Web,documentos para traslado a primer grado. Postulante: Juan.,documentos para traslado a primer grado postulante juan,ADMIS_REQUIS_DOC
Email,"Estimados, quisiera saber los mensualidad de secundaria para mi hijo Elena.",estimados quisiera saber los mensualidad de secundaria para mi hijo elena,ADMIS_COSTOS
Email,"Estimados, quisiera saber los pensiones de secundaria para mi hijo Mateo.",estimados quisiera saber los pensiones de secundaria para mi hijo mateo,ADMIS_COSTOS
Web,documentos para traslado a 5to secundaria. Postulante: Pedro.,documentos para traslado a 5to secundaria postulante pedro,ADMIS_REQUIS_DOC
Email,Solicito información de pagos y detalles para 6to primaria. Atte: Gabriel.,solicito información de pagos y detalles para 6to primaria atte gabriel,ADMIS_COSTOS
Email,Solicito información de pagos y detalles para secundaria. Atte: Juan.,solicito información de pagos y detalles para secundaria atte juan,ADMIS_COSTOS
Web,<p><b>requisitos para traslado a primer grado. Postulante: Mateo.</b></p>,requisitos para traslado a primer grado postulante mateo,ADMIS_REQUIS_DOC
Web,<p><b>cronograma de admision para inicial 4 años. Mi menor es Mateo.</b></p>,cronograma de admision para inicial 4 años mi menor es mateo,ADMIS_CITAS
Web,reunión de admision para 1ero primaria. Mi menor es Juan.,reunión de admision para 1ero primaria mi menor es juan,OTROS
Email,<p><b>Solicito información de cuotas y detalles para inicial 4 años. Atte: Maria.</b></p>,solicito información de cuotas y detalles para inicial 4 años atte maria,ADMIS_COSTOS
Email,SOLICITO INFORMACIÓN DE PRECIOS Y DETALLES PARA PRIMER AÑO. ATTE: ELENA.,solicito información de precios y detalles para primer año atte elena,ADMIS_COSTOS
WhatsApp,SABER SI HAY CUPOS EN INICIAL 5 AÑOS PARA SEBASTIAN. GRACIAS.,saber si hay cupos en inicial 5 años para sebastian gracias,ADMIS_VACANTES
Email,"Estimados, quisiera saber los mensualidad de inicial 5 años para mi hijo Sofia.",estimados quisiera saber los mensualidad de inicial 5 años para mi hijo sofia,ADMIS_COSTOS
Web,<p><b>papeles para traslado a primer año. Postulante: Sofia.</b></p>,papeles para traslado a primer año postulante sofia,ADMIS_REQUIS_DOC
Email,"Estimados, quisiera saber los pagos de inicial 3 años para mi hijo Gabriel.",estimados quisiera saber los pagos de inicial 3 años para mi hijo gabriel,ADMIS_COSTOS
Web,papeles para traslado a primer grado. Postulante: Pedro.,papeles para traslado a primer grado postulante pedro,ADMIS_REQUIS_DOC
Email,"Estimados, quisiera saber los precios de 5to secundaria para mi hijo Valentina.",estimados quisiera saber los precios de 5to secundaria para mi hijo valentina,ADMIS_COSTOS
Email,Solicito información de pagos y detalles para secundaria. Atte: Sofia.,solicito información de pagos y detalles para secundaria atte sofia,ADMIS_COSTOS
Web,cronograma de admision para 6to primaria. Mi menor es Ana.,cronograma de admision para 6to primaria mi menor es ana,ADMIS_CITAS
WhatsApp,Hola hay cupos para 6to primaria? Mi niño se llama Nicolas.,hola hay cupos para 6to primaria mi niño se llama nicolas,ADMIS_VACANTES
Web,<p><b>requisitos para traslado a primer año. Postulante: Pedro.</b></p>,requisitos para traslado a primer año postulante pedro,ADMIS_REQUIS_DOC
Web,papeles para traslado a inicial 5 años. Postulante: Maria.,papeles para traslado a inicial 5 años postulante maria,ADMIS_REQUIS_DOC
Web,<p><b>partidas para traslado a 1ero primaria. Postulante: Gabriel.</b></p>,partidas para traslado a 1ero primaria postulante gabriel,ADMIS_REQUIS_DOC
WhatsApp,Hola hay lugares para inicial 4 años? Mi niño se llama Sofia.,hola hay lugares para inicial 4 años mi niño se llama sofia,ADMIS_VACANTES
Email,Solicito información de pagos y detalles para inicial 3 años. Atte: Sofia.,solicito información de pagos y detalles para inicial 3 años atte sofia,ADMIS_COSTOS
Email,"ESTIMADOS, QUISIERA SABER LOS PRECIOS DE 5TO SECUNDARIA PARA MI HIJO ANA.",estimados quisiera saber los precios de 5to secundaria para mi hijo ana,ADMIS_COSTOS
Email,"Estimados, quisiera saber los pagos de 1ero secundaria para mi hijo Thiago.",estimados quisiera saber los pagos de 1ero secundaria para mi hijo thiago,ADMIS_COSTOS
Email,SOLICITO INFORMACIÓN DE PAGOS Y DETALLES PARA PRIMER AÑO. ATTE: GABRIEL.,solicito información de pagos y detalles para primer año atte gabriel,ADMIS_COSTOS
Email,"Estimados, quisiera saber los cuotas de inicial 3 años para mi hijo Thiago.",estimados quisiera saber los cuotas de inicial 3 años para mi hijo thiago,ADMIS_COSTOS
WhatsApp,Hola hay cupos para 6to primaria? Mi niño se llama Thiago.,hola hay cupos para 6to primaria mi niño se llama thiago,ADMIS_VACANTES
Web,<p><b>partidas para traslado a primer año. Postulante: Valentina.</b></p>,partidas para traslado a primer año postulante valentina,ADMIS_REQUIS_DOC
WhatsApp,Saber si hay cupos en inicial 5 años para Pedro. Gracias.,saber si hay cupos en inicial 5 años para pedro gracias,ADMIS_VACANTES
WhatsApp,<p><b>Hola hay matrículas disponibles para primer año? Mi niño se llama Valentina.</b></p>,hola hay matrículas disponibles para primer año mi niño se llama valentina,ADMIS_VACANTES
WhatsApp,Saber si hay espacios en primer grado para Elena. Gracias.,saber si hay espacios en primer grado para elena gracias,ADMIS_VACANTES
WhatsApp,Hola hay espacios para inicial 5 años? Mi niño se llama Mateo.,hola hay espacios para inicial 5 años mi niño se llama mateo,ADMIS_VACANTES
Email,Solicito información de pensiones y detalles para 1ero primaria. Atte: Lucia.,solicito información de pensiones y detalles para 1ero primaria atte lucia,ADMIS_COSTOS
Web,cronograma de admision para inicial 3 años. Mi menor es Nicolas.,cronograma de admision para inicial 3 años mi menor es nicolas,ADMIS_CITAS
Web,citas de admision para secundaria. Mi menor es Gabriel.,citas de admision para secundaria mi menor es gabriel,ADMIS_CITAS
Email,Solicito información de precios y detalles para 1ero primaria. Atte: Pedro.,solicito información de precios y detalles para 1ero primaria atte pedro,ADMIS_COSTOS
Email,"ESTIMADOS, QUISIERA SABER LOS MENSUALIDAD DE SECUNDARIA PARA MI HIJO THIAGO.",estimados quisiera saber los mensualidad de secundaria para mi hijo thiago,ADMIS_COSTOS
WhatsApp,Saber si hay matrículas disponibles en primer grado para Luis. Gracias.,saber si hay matrículas disponibles en primer grado para luis gracias,ADMIS_VACANTES
Web,papeles para traslado a 5to secundaria. Postulante: Mateo.,papeles para traslado a 5to secundaria postulante mateo,ADMIS_REQUIS_DOC
WhatsApp,Saber si hay matrículas disponibles en secundaria para Maria. Gracias.,saber si hay matrículas disponibles en secundaria para maria gracias,ADMIS_VACANTES
Email,Solicito información de costos y detalles para inicial 4 años. Atte: Camila.,solicito información de costos y detalles para inicial 4 años atte camila,ADMIS_COSTOS
Email,Solicito información de cuotas y detalles para inicial 4 años. Atte: Mateo.,solicito información de cuotas y detalles para inicial 4 años atte mateo,ADMIS_COSTOS
Web,CHARLAS DE ADMISION PARA 6TO PRIMARIA. MI MENOR ES GABRIEL.,charlas de admision para 6to primaria mi menor es gabriel,ADMIS_CITAS
WhatsApp,Hola hay espacios para primer grado? Mi niño se llama Luis.,hola hay espacios para primer grado mi niño se llama luis,ADMIS_VACANTES
Web,REUNIÓN DE ADMISION PARA INICIAL 3 AÑOS. MI MENOR ES GABRIEL.,reunión de admision para inicial 3 años mi menor es gabriel,OTROS
Web,CITAS DE ADMISION PARA INICIAL 3 AÑOS. MI MENOR ES MATEO.,citas de admision para inicial 3 años mi menor es mateo,ADMIS_CITAS
Email,Solicito información de cuotas y detalles para primer grado. Atte: Nicolas.,solicito información de cuotas y detalles para primer grado atte nicolas,ADMIS_COSTOS
WhatsApp,HOLA HAY CUPOS PARA 6TO PRIMARIA? MI NIÑO SE LLAMA LUIS.,hola hay cupos para 6to primaria mi niño se llama luis,ADMIS_VACANTES
Web,<p><b>papeles para traslado a inicial 3 años. Postulante: Maria.</b></p>,papeles para traslado a inicial 3 años postulante maria,ADMIS_REQUIS_DOC
Web,entrevistas de admision para primer grado. Mi menor es Camila.,entrevistas de admision para primer grado mi menor es camila,ADMIS_CITAS
Web,reunión de admision para secundaria. Mi menor es Lucia.,reunión de admision para secundaria mi menor es lucia,OTROS
Email,"<p><b>Estimados, quisiera saber los pensiones de primer grado para mi hijo Sebastian.</b></p>",estimados quisiera saber los pensiones de primer grado para mi hijo sebastian,ADMIS_COSTOS
WhatsApp,Saber si hay vacantes en inicial 5 años para Nicolas. Gracias.,saber si hay vacantes en inicial 5 años para nicolas gracias,ADMIS_VACANTES
Email,Solicito información de pagos y detalles para 1ero primaria. Atte: Ana.,solicito información de pagos y detalles para 1ero primaria atte ana,ADMIS_COSTOS
Web,partidas para traslado a 1ero secundaria. Postulante: Gabriel.,partidas para traslado a 1ero secundaria postulante gabriel,ADMIS_REQUIS_DOC
WhatsApp,HOLA HAY VACANTES PARA 1ERO SECUNDARIA? MI NIÑO SE LLAMA ELENA.,hola hay vacantes para 1ero secundaria mi niño se llama elena,ADMIS_VACANTES
Email,<p><b>Solicito información de pensiones y detalles para 1ero secundaria. Atte: Pedro.</b></p>,solicito información de pensiones y detalles para 1ero secundaria atte pedro,ADMIS_COSTOS
Web,documentos para traslado a primer año. Postulante: Thiago.,documentos para traslado a primer año postulante thiago,ADMIS_REQUIS_DOC
WhatsApp,Hola hay lugares para 1ero secundaria? Mi niño se llama Valentina.,hola hay lugares para 1ero secundaria mi niño se llama valentina,ADMIS_VACANTES
Web,cronograma de admision para primer año. Mi menor es Lucia.,cronograma de admision para primer año mi menor es lucia,ADMIS_CITAS
Web,papeles para traslado a secundaria. Postulante: Sofia.,papeles para traslado a secundaria postulante sofia,ADMIS_REQUIS_DOC
WhatsApp,<p><b>Saber si hay espacios en primer grado para Maria. Gracias.</b></p>,saber si hay espacios en primer grado para maria gracias,ADMIS_VACANTES
WhatsApp,Hola hay matrículas disponibles para primer grado? Mi niño se llama Luis.,hola hay matrículas disponibles para primer grado mi niño se llama luis,ADMIS_VACANTES
Email,Solicito información de mensualidad y detalles para inicial 3 años. Atte: Elena.,solicito información de mensualidad y detalles para inicial 3 años atte elena,ADMIS_COSTOS
Email,SOLICITO INFORMACIÓN DE CUOTAS Y DETALLES PARA INICIAL 5 AÑOS. ATTE: JUAN.,solicito información de cuotas y detalles para inicial 5 años atte juan,ADMIS_COSTOS
Email,"ESTIMADOS, QUISIERA SABER LOS PENSIONES DE SECUNDARIA PARA MI HIJO JUAN.",estimados quisiera saber los pensiones de secundaria para mi hijo juan,ADMIS_COSTOS
Web,papeles para traslado a primer grado. Postulante: Sofia.,papeles para traslado a primer grado postulante sofia,ADMIS_REQUIS_DOC
Web,partidas para traslado a inicial 5 años. Postulante: Maria.,partidas para traslado a inicial 5 años postulante maria,ADMIS_REQUIS_DOC
Web,documentación para traslado a 6to primaria. Postulante: Lucia.,documentación para traslado a 6to primaria postulante lucia,ADMIS_REQUIS_DOC
Web,entrevistas de admision para 1ero primaria. Mi menor es Elena.,entrevistas de admision para 1ero primaria mi menor es elena,ADMIS_CITAS
Web,cronograma de admision para 1ero primaria. Mi menor es Sofia.,cronograma de admision para 1ero primaria mi menor es sofia,ADMIS_CITAS
Web,documentación para traslado a 1ero primaria. Postulante: Thiago.,documentación para traslado a 1ero primaria postulante thiago,ADMIS_REQUIS_DOC
WhatsApp,Hola hay cupos para primer grado? Mi niño se llama Lucia.,hola hay cupos para primer grado mi niño se llama lucia,ADMIS_VACANTES
Web,<p><b>charlas de admision para 1ero primaria. Mi menor es Luis.</b></p>,charlas de admision para 1ero primaria mi menor es luis,ADMIS_CITAS
Email,"Estimados, quisiera saber los cuotas de primer grado para mi hijo Maria.",estimados quisiera saber los cuotas de primer grado para mi hijo maria,ADMIS_COSTOS
Web,<p><b>citas de admision para secundaria. Mi menor es Sebastian.</b></p>,citas de admision para secundaria mi menor es sebastian,ADMIS_CITAS
Email,"Estimados, quisiera saber los costos de 5to secundaria para mi hijo Sofia.",estimados quisiera saber los costos de 5to secundaria para mi hijo sofia,ADMIS_COSTOS
Web,DOCUMENTACIÓN PARA TRASLADO A 5TO SECUNDARIA. POSTULANTE: LUCIA.,documentación para traslado a 5to secundaria postulante lucia,ADMIS_REQUIS_DOC
WhatsApp,SABER SI HAY MATRÍCULAS DISPONIBLES EN PRIMER GRADO PARA PEDRO. GRACIAS.,saber si hay matrículas disponibles en primer grado para pedro gracias,ADMIS_VACANTES
WhatsApp,Hola hay cupos para 1ero primaria? Mi niño se llama Thiago.,hola hay cupos para 1ero primaria mi niño se llama thiago,ADMIS_VACANTES
WhatsApp,Hola hay vacantes para inicial 4 años? Mi niño se llama Juan.,hola hay vacantes para inicial 4 años mi niño se llama juan,ADMIS_VACANTES
Web,<p><b>requisitos para traslado a inicial 3 años. Postulante: Gabriel.</b></p>,requisitos para traslado a inicial 3 años postulante gabriel,ADMIS_REQUIS_DOC
Email,"ESTIMADOS, QUISIERA SABER LOS COSTOS DE INICIAL 4 AÑOS PARA MI HIJO MATEO.",estimados quisiera saber los costos de inicial 4 años para mi hijo mateo,ADMIS_COSTOS
Email,"Estimados, quisiera saber los pensiones de inicial 5 años para mi hijo Sebastian.",estimados quisiera saber los pensiones de inicial 5 años para mi hijo sebastian,ADMIS_COSTOS
Email,Solicito información de pagos y detalles para 5to secundaria. Atte: Pedro.,solicito información de pagos y detalles para 5to secundaria atte pedro,ADMIS_COSTOS
Email,"Estimados, quisiera saber los precios de inicial 3 años para mi hijo Valentina.",estimados quisiera saber los precios de inicial 3 años para mi hijo valentina,ADMIS_COSTOS
Web,<p><b>partidas para traslado a inicial 4 años. Postulante: Ana.</b></p>,partidas para traslado a inicial 4 años postulante ana,ADMIS_REQUIS_DOC
Email,"Estimados, quisiera saber los cuotas de 1ero primaria para mi hijo Pedro.",estimados quisiera saber los cuotas de 1ero primaria para mi hijo pedro,ADMIS_COSTOS
Web,<p><b>entrevistas de admision para primer grado. Mi menor es Maria.</b></p>,entrevistas de admision para primer grado mi menor es maria,ADMIS_CITAS
Web,<p><b>entrevistas de admision para inicial 5 años. Mi menor es Lucia.</b></p>,entrevistas de admision para inicial 5 años mi menor es lucia,ADMIS_CITAS
WhatsApp,<p><b>Hola hay lugares para 6to primaria? Mi niño se llama Juan.</b></p>,hola hay lugares para 6to primaria mi niño se llama juan,ADMIS_VACANTES
WhatsApp,Hola hay vacantes para primer grado? Mi niño se llama Camila.,hola hay vacantes para primer grado mi niño se llama camila,ADMIS_VACANTES
Web,<p><b>citas de admision para 1ero secundaria. Mi menor es Sebastian.</b></p>,citas de admision para 1ero secundaria mi menor es sebastian,ADMIS_CITAS
Web,documentación para traslado a 1ero secundaria. Postulante: Gabriel.,documentación para traslado a 1ero secundaria postulante gabriel,ADMIS_REQUIS_DOC
Email,"Estimados, quisiera saber los pagos de 5to secundaria para mi hijo Elena.",estimados quisiera saber los pagos de 5to secundaria para mi hijo elena,ADMIS_COSTOS
Web,entrevistas de admision para secundaria. Mi menor es Lucia.,entrevistas de admision para secundaria mi menor es lucia,ADMIS_CITAS
Web,entrevistas de admision para 1ero primaria. Mi menor es Gabriel.,entrevistas de admision para 1ero primaria mi menor es gabriel,ADMIS_CITAS
Email,"<p><b>Estimados, quisiera saber los pagos de 5to secundaria para mi hijo Valentina.</b></p>",estimados quisiera saber los pagos de 5to secundaria para mi hijo valentina,ADMIS_COSTOS
WhatsApp,Saber si hay matrículas disponibles en inicial 5 años para Mateo. Gracias.,saber si hay matrículas disponibles en inicial 5 años para mateo gracias,ADMIS_VACANTES
Email,SOLICITO INFORMACIÓN DE PENSIONES Y DETALLES PARA 1ERO PRIMARIA. ATTE: SOFIA.,solicito información de pensiones y detalles para 1ero primaria atte sofia,ADMIS_COSTOS
Web,documentación para traslado a inicial 4 años. Postulante: Sofia.,documentación para traslado a inicial 4 años postulante sofia,ADMIS_REQUIS_DOC
WhatsApp,Saber si hay espacios en inicial 5 años para Sofia. Gracias.,saber si hay espacios en inicial 5 años para sofia gracias,ADMIS_VACANTES
Email,<p><b>Solicito información de mensualidad y detalles para inicial 3 años. Atte: Lucia.</b></p>,solicito información de mensualidad y detalles para inicial 3 años atte lucia,ADMIS_COSTOS
WhatsApp,Hola hay lugares para 5to secundaria? Mi niño se llama Thiago.,hola hay lugares para 5to secundaria mi niño se llama thiago,ADMIS_VACANTES
Web,documentos para traslado a inicial 4 años. Postulante: Thiago.,documentos para traslado a inicial 4 años postulante thiago,ADMIS_REQUIS_DOC
Web,<p><b>documentación para traslado a 6to primaria. Postulante: Mateo.</b></p>,documentación para traslado a 6to primaria postulante mateo,ADMIS_REQUIS_DOC
Email,SOLICITO INFORMACIÓN DE PAGOS Y DETALLES PARA 1ERO PRIMARIA. ATTE: CAMILA.,solicito información de pagos y detalles para 1ero primaria atte camila,ADMIS_COSTOS
WhatsApp,Hola hay vacantes para inicial 3 años? Mi niño se llama Luis.,hola hay vacantes para inicial 3 años mi niño se llama luis,ADMIS_VACANTES
Web,entrevistas de admision para 1ero secundaria. Mi menor es Pedro.,entrevistas de admision para 1ero secundaria mi menor es pedro,ADMIS_CITAS
Email,Solicito información de mensualidad y detalles para primer año. Atte: Maria.,solicito información de mensualidad y detalles para primer año atte maria,ADMIS_COSTOS
Web,documentos para traslado a 1ero secundaria. Postulante: Sofia.,documentos para traslado a 1ero secundaria postulante sofia,ADMIS_REQUIS_DOC
Email,"Estimados, quisiera saber los pagos de secundaria para mi hijo Thiago.",estimados quisiera saber los pagos de secundaria para mi hijo thiago,ADMIS_COSTOS
Web,requisitos para traslado a primer grado. Postulante: Sebastian.,requisitos para traslado a primer grado postulante sebastian,ADMIS_REQUIS_DOC
Web,citas de admision para inicial 4 años. Mi menor es Sebastian.,citas de admision para inicial 4 años mi menor es sebastian,ADMIS_CITAS
WhatsApp,Hola hay cupos para primer grado? Mi niño se llama Elena.,hola hay cupos para primer grado mi niño se llama elena,ADMIS_VACANTES
Web,DOCUMENTOS PARA TRASLADO A 1ERO SECUNDARIA. POSTULANTE: JUAN.,documentos para traslado a 1ero secundaria postulante juan,ADMIS_REQUIS_DOC
WhatsApp,Hola hay vacantes para 6to primaria? Mi niño se llama Ana.,hola hay vacantes para 6to primaria mi niño se llama ana,ADMIS_VACANTES
WhatsApp,Saber si hay vacantes en inicial 5 años para Elena. Gracias.,saber si hay vacantes en inicial 5 años para elena gracias,ADMIS_VACANTES
WhatsApp,<p><b>Hola hay lugares para 1ero secundaria? Mi niño se llama Gabriel.</b></p>,hola hay lugares para 1ero secundaria mi niño se llama gabriel,ADMIS_VACANTES
WhatsApp,<p><b>Hola hay lugares para 1ero primaria? Mi niño se llama Ana.</b></p>,hola hay lugares para 1ero primaria mi niño se llama ana,ADMIS_VACANTES
Email,SOLICITO INFORMACIÓN DE PRECIOS Y DETALLES PARA 6TO PRIMARIA. ATTE: NICOLAS.,solicito información de precios y detalles para 6to primaria atte nicolas,ADMIS_COSTOS
Email,SOLICITO INFORMACIÓN DE PRECIOS Y DETALLES PARA 1ERO SECUNDARIA. ATTE: LUCIA.,solicito información de precios y detalles para 1ero secundaria atte lucia,ADMIS_COSTOS
Email,"<p><b>Estimados, quisiera saber los cuotas de 1ero secundaria para mi hijo Camila.</b></p>",estimados quisiera saber los cuotas de 1ero secundaria para mi hijo camila,ADMIS_COSTOS
Email,Solicito información de pagos y detalles para inicial 3 años. Atte: Mateo.,solicito información de pagos y detalles para inicial 3 años atte mateo,ADMIS_COSTOS
Web,cronograma de admision para 6to primaria. Mi menor es Juan.,cronograma de admision para 6to primaria mi menor es juan,ADMIS_CITAS
WhatsApp,<p><b>Saber si hay espacios en inicial 5 años para Sebastian. Gracias.</b></p>,saber si hay espacios en inicial 5 años para sebastian gracias,ADMIS_VACANTES
Email,Solicito información de cuotas y detalles para secundaria. Atte: Valentina.,solicito información de cuotas y detalles para secundaria atte valentina,ADMIS_COSTOS
Email,<p><b>Solicito información de precios y detalles para 6to primaria. Atte: Valentina.</b></p>,solicito información de precios y detalles para 6to primaria atte valentina,ADMIS_COSTOS
Web,ENTREVISTAS DE ADMISION PARA INICIAL 4 AÑOS. MI MENOR ES GABRIEL.,entrevistas de admision para inicial 4 años mi menor es gabriel,ADMIS_CITAS
Web,documentación para traslado a 5to secundaria. Postulante: Mateo.,documentación para traslado a 5to secundaria postulante mateo,ADMIS_REQUIS_DOC
Email,<p><b>Solicito información de costos y detalles para 5to secundaria. Atte: Pedro.</b></p>,solicito información de costos y detalles para 5to secundaria atte pedro,ADMIS_COSTOS
Web,<p><b>reunión de admision para primer grado. Mi menor es Valentina.</b></p>,reunión de admision para primer grado mi menor es valentina,OTROS
WhatsApp,Saber si hay vacantes en primer grado para Thiago. Gracias.,saber si hay vacantes en primer grado para thiago gracias,ADMIS_VACANTES
Web,citas de admision para 1ero secundaria. Mi menor es Luis.,citas de admision para 1ero secundaria mi menor es luis,ADMIS_CITAS
WhatsApp,Hola hay espacios para 1ero secundaria? Mi niño se llama Pedro.,hola hay espacios para 1ero secundaria mi niño se llama pedro,ADMIS_VACANTES
Web,DOCUMENTACIÓN PARA TRASLADO A 1ERO SECUNDARIA. POSTULANTE: ANA.,documentación para traslado a 1ero secundaria postulante ana,ADMIS_REQUIS_DOC
WhatsApp,Saber si hay vacantes en inicial 5 años para Sofia. Gracias.,saber si hay vacantes en inicial 5 años para sofia gracias,ADMIS_VACANTES
Email,Solicito información de pagos y detalles para 5to secundaria. Atte: Juan.,solicito información de pagos y detalles para 5to secundaria atte juan,ADMIS_COSTOS
Web,<p><b>partidas para traslado a inicial 4 años. Postulante: Camila.</b></p>,partidas para traslado a inicial 4 años postulante camila,ADMIS_REQUIS_DOC
WhatsApp,Saber si hay lugares en secundaria para Mateo. Gracias.,saber si hay lugares en secundaria para mateo gracias,ADMIS_VACANTES
Web,entrevistas de admision para secundaria. Mi menor es Thiago.,entrevistas de admision para secundaria mi menor es thiago,ADMIS_CITAS
Email,Solicito información de cuotas y detalles para primer grado. Atte: Lucia.,solicito información de cuotas y detalles para primer grado atte lucia,ADMIS_COSTOS
WhatsApp,Hola hay cupos para secundaria? Mi niño se llama Maria.,hola hay cupos para secundaria mi niño se llama maria,ADMIS_VACANTES
Email,"Estimados, quisiera saber los pagos de 1ero secundaria para mi hijo Valentina.",estimados quisiera saber los pagos de 1ero secundaria para mi hijo valentina,ADMIS_COSTOS
Web,REUNIÓN DE ADMISION PARA PRIMER AÑO. MI MENOR ES GABRIEL.,reunión de admision para primer año mi menor es gabriel,OTROS
WhatsApp,Hola hay matrículas disponibles para inicial 3 años? Mi niño se llama Thiago.,hola hay matrículas disponibles para inicial 3 años mi niño se llama thiago,ADMIS_VACANTES
Email,"Estimados, quisiera saber los pagos de 1ero secundaria para mi hijo Lucia.",estimados quisiera saber los pagos de 1ero secundaria para mi hijo lucia,ADMIS_COSTOS
WhatsApp,Hola hay lugares para primer año? Mi niño se llama Mateo.,hola hay lugares para primer año mi niño se llama mateo,ADMIS_VACANTES
Email,Solicito información de pensiones y detalles para 5to secundaria. Atte: Elena.,solicito información de pensiones y detalles para 5to secundaria atte elena,ADMIS_COSTOS
WhatsApp,Hola hay vacantes para 1ero secundaria? Mi niño se llama Juan.,hola hay vacantes para 1ero secundaria mi niño se llama juan,ADMIS_VACANTES
Web,CHARLAS DE ADMISION PARA 1ERO SECUNDARIA. MI MENOR ES SOFIA.,charlas de admision para 1ero secundaria mi menor es sofia,ADMIS_CITAS
Email,"Estimados, quisiera saber los mensualidad de 5to secundaria para mi hijo Ana.",estimados quisiera saber los mensualidad de 5to secundaria para mi hijo ana,ADMIS_COSTOS
Email,Solicito información de costos y detalles para 1ero secundaria. Atte: Mateo.,solicito información de costos y detalles para 1ero secundaria atte mateo,ADMIS_COSTOS
Email,Solicito información de mensualidad y detalles para inicial 4 años. Atte: Maria.,solicito información de mensualidad y detalles para inicial 4 años atte maria,ADMIS_COSTOS
Email,Solicito información de mensualidad y detalles para primer año. Atte: Valentina.,solicito información de mensualidad y detalles para primer año atte valentina,ADMIS_COSTOS
WhatsApp,Saber si hay cupos en 5to secundaria para Luis. Gracias.,saber si hay cupos en 5to secundaria para luis gracias,ADMIS_VACANTES
Email,Solicito información de costos y detalles para 6to primaria. Atte: Luis.,solicito información de costos y detalles para 6to primaria atte luis,ADMIS_COSTOS
WhatsApp,SABER SI HAY ESPACIOS EN 1ERO PRIMARIA PARA SEBASTIAN. GRACIAS.,saber si hay espacios en 1ero primaria para sebastian gracias,ADMIS_VACANTES
WhatsApp,<p><b>Saber si hay matrículas disponibles en inicial 3 años para Thiago. Gracias.</b></p>,saber si hay matrículas disponibles en inicial 3 años para thiago gracias,ADMIS_VACANTES
Web,cronograma de admision para inicial 5 años. Mi menor es Thiago.,cronograma de admision para inicial 5 años mi menor es thiago,ADMIS_CITAS
Email,Solicito información de cuotas y detalles para 1ero secundaria. Atte: Valentina.,solicito información de cuotas y detalles para 1ero secundaria atte valentina,ADMIS_COSTOS
WhatsApp,Hola hay vacantes para inicial 5 años? Mi niño se llama Valentina.,hola hay vacantes para inicial 5 años mi niño se llama valentina,ADMIS_VACANTES
WhatsApp,Saber si hay matrículas disponibles en inicial 4 años para Juan. Gracias.,saber si hay matrículas disponibles en inicial 4 años para juan gracias,ADMIS_VACANTES
Email,Solicito información de mensualidad y detalles para 6to primaria. Atte: Nicolas.,solicito información de mensualidad y detalles para 6to primaria atte nicolas,ADMIS_COSTOS
Email,Solicito información de pensiones y detalles para 6to primaria. Atte: Maria.,solicito información de pensiones y detalles para 6to primaria atte maria,ADMIS_COSTOS
WhatsApp,Saber si hay matrículas disponibles en primer año para Elena. Gracias.,saber si hay matrículas disponibles en primer año para elena gracias,ADMIS_VACANTES
Email,"Estimados, quisiera saber los cuotas de inicial 4 años para mi hijo Lucia.",estimados quisiera saber los cuotas de inicial 4 años para mi hijo lucia,ADMIS_COSTOS
Email,Solicito información de mensualidad y detalles para inicial 4 años. Atte: Gabriel.,solicito información de mensualidad y detalles para inicial 4 años atte gabriel,ADMIS_COSTOS
Email,"Estimados, quisiera saber los cuotas de 6to primaria para mi hijo Sofia.",estimados quisiera saber los cuotas de 6to primaria para mi hijo sofia,ADMIS_COSTOS
Web,documentos para traslado a inicial 4 años. Postulante: Pedro.,documentos para traslado a inicial 4 años postulante pedro,ADMIS_REQUIS_DOC
Email,SOLICITO INFORMACIÓN DE COSTOS Y DETALLES PARA 1ERO SECUNDARIA. ATTE: LUIS.,solicito información de costos y detalles para 1ero secundaria atte luis,ADMIS_COSTOS
Email,"Estimados, quisiera saber los cuotas de inicial 5 años para mi hijo Mateo.",estimados quisiera saber los cuotas de inicial 5 años para mi hijo mateo,ADMIS_COSTOS
WhatsApp,<p><b>Hola hay espacios para secundaria? Mi niño se llama Thiago.</b></p>,hola hay espacios para secundaria mi niño se llama thiago,ADMIS_VACANTES
Web,reunión de admision para inicial 4 años. Mi menor es Nicolas.,reunión de admision para inicial 4 años mi menor es nicolas,OTROS
Web,DOCUMENTOS PARA TRASLADO A SECUNDARIA. POSTULANTE: LUCIA.,documentos para traslado a secundaria postulante lucia,ADMIS_REQUIS_DOC
Web,PARTIDAS PARA TRASLADO A INICIAL 5 AÑOS. POSTULANTE: CAMILA.,partidas para traslado a inicial 5 años postulante camila,ADMIS_REQUIS_DOC
Email,"Estimados, quisiera saber los mensualidad de inicial 5 años para mi hijo Nicolas.",estimados quisiera saber los mensualidad de inicial 5 años para mi hijo nicolas,ADMIS_COSTOS
Email,Solicito información de mensualidad y detalles para 1ero secundaria. Atte: Mateo.,solicito información de mensualidad y detalles para 1ero secundaria atte mateo,ADMIS_COSTOS
Email,SOLICITO INFORMACIÓN DE PRECIOS Y DETALLES PARA 6TO PRIMARIA. ATTE: GABRIEL.,solicito información de precios y detalles para 6to primaria atte gabriel,ADMIS_COSTOS
WhatsApp,HOLA HAY LUGARES PARA 1ERO PRIMARIA? MI NIÑO SE LLAMA VALENTINA.,hola hay lugares para 1ero primaria mi niño se llama valentina,ADMIS_VACANTES
WhatsApp,Hola hay cupos para 6to primaria? Mi niño se llama Gabriel.,hola hay cupos para 6to primaria mi niño se llama gabriel,ADMIS_VACANTES
Web,<p><b>partidas para traslado a 1ero secundaria. Postulante: Elena.</b></p>,partidas para traslado a 1ero secundaria postulante elena,ADMIS_REQUIS_DOC
Email,"Estimados, quisiera saber los pagos de inicial 4 años para mi hijo Camila.",estimados quisiera saber los pagos de inicial 4 años para mi hijo camila,ADMIS_COSTOS
WhatsApp,Saber si hay matrículas disponibles en 1ero primaria para Maria. Gracias.,saber si hay matrículas disponibles en 1ero primaria para maria gracias,ADMIS_VACANTES
Email,"Estimados, quisiera saber los pensiones de primer grado para mi hijo Sofia.",estimados quisiera saber los pensiones de primer grado para mi hijo sofia,ADMIS_COSTOS
WhatsApp,Hola hay vacantes para 5to secundaria? Mi niño se llama Valentina.,hola hay vacantes para 5to secundaria mi niño se llama valentina,ADMIS_VACANTES
WhatsApp,Hola hay cupos para inicial 5 años? Mi niño se llama Ana.,hola hay cupos para inicial 5 años mi niño se llama ana,ADMIS_VACANTES
Email,"Estimados, quisiera saber los precios de inicial 3 años para mi hijo Ana.",estimados quisiera saber los precios de inicial 3 años para mi hijo ana,ADMIS_COSTOS
WhatsApp,Hola hay espacios para 5to secundaria? Mi niño se llama Valentina.,hola hay espacios para 5to secundaria mi niño se llama valentina,ADMIS_VACANTES
WhatsApp,Hola hay lugares para primer año? Mi niño se llama Luis.,hola hay lugares para primer año mi niño se llama luis,ADMIS_VACANTES
Web,requisitos para traslado a inicial 5 años. Postulante: Elena.,requisitos para traslado a inicial 5 años postulante elena,ADMIS_REQUIS_DOC
WhatsApp,Hola hay cupos para primer grado? Mi niño se llama Juan.,hola hay cupos para primer grado mi niño se llama juan,ADMIS_VACANTES
Web,reunión de admision para secundaria. Mi menor es Camila.,reunión de admision para secundaria mi menor es camila,OTROS
Email,Solicito información de pensiones y detalles para 1ero secundaria. Atte: Ana.,solicito información de pensiones y detalles para 1ero secundaria atte ana,ADMIS_COSTOS
WhatsApp,<p><b>Saber si hay matrículas disponibles en inicial 5 años para Camila. Gracias.</b></p>,saber si hay matrículas disponibles en inicial 5 años para camila gracias,ADMIS_VACANTES
WhatsApp,<p><b>Saber si hay cupos en inicial 4 años para Pedro. Gracias.</b></p>,saber si hay cupos en inicial 4 años para pedro gracias,ADMIS_VACANTES
WhatsApp,SABER SI HAY LUGARES EN 5TO SECUNDARIA PARA ANA. GRACIAS.,saber si hay lugares en 5to secundaria para ana gracias,ADMIS_VACANTES
Web,<p><b>documentación para traslado a primer año. Postulante: Camila.</b></p>,documentación para traslado a primer año postulante camila,ADMIS_REQUIS_DOC
WhatsApp,<p><b>Saber si hay vacantes en primer grado para Valentina. Gracias.</b></p>,saber si hay vacantes en primer grado para valentina gracias,ADMIS_VACANTES
Web,<p><b>charlas de admision para secundaria. Mi menor es Luis.</b></p>,charlas de admision para secundaria mi menor es luis,ADMIS_CITAS
Web,papeles para traslado a primer año. Postulante: Sebastian.,papeles para traslado a primer año postulante sebastian,ADMIS_REQUIS_DOC
Web,<p><b>charlas de admision para inicial 5 años. Mi menor es Gabriel.</b></p>,charlas de admision para inicial 5 años mi menor es gabriel,ADMIS_CITAS
Email,"Estimados, quisiera saber los pagos de 1ero secundaria para mi hijo Ana.",estimados quisiera saber los pagos de 1ero secundaria para mi hijo ana,ADMIS_COSTOS
Email,"Estimados, quisiera saber los costos de inicial 3 años para mi hijo Pedro.",estimados quisiera saber los costos de inicial 3 años para mi hijo pedro,ADMIS_COSTOS
Email,"Estimados, quisiera saber los precios de 5to secundaria para mi hijo Sebastian.",estimados quisiera saber los precios de 5to secundaria para mi hijo sebastian,ADMIS_COSTOS
WhatsApp,<p><b>Saber si hay espacios en 1ero secundaria para Nicolas. Gracias.</b></p>,saber si hay espacios en 1ero secundaria para nicolas gracias,ADMIS_VACANTES
Web,documentos para traslado a 1ero primaria. Postulante: Elena.,documentos para traslado a 1ero primaria postulante elena,ADMIS_REQUIS_DOC
Email,Solicito información de pensiones y detalles para inicial 5 años. Atte: Sebastian.,solicito información de pensiones y detalles para inicial 5 años atte sebastian,ADMIS_COSTOS
Email,Solicito información de costos y detalles para inicial 4 años. Atte: Sebastian.,solicito información de costos y detalles para inicial 4 años atte sebastian,ADMIS_COSTOS
Web,documentación para traslado a 6to primaria. Postulante: Pedro.,documentación para traslado a 6to primaria postulante pedro,ADMIS_REQUIS_DOC
Web,<p><b>papeles para traslado a inicial 4 años. Postulante: Sebastian.</b></p>,papeles para traslado a inicial 4 años postulante sebastian,ADMIS_REQUIS_DOC
WhatsApp,Hola hay lugares para 1ero secundaria? Mi niño se llama Juan.,hola hay lugares para 1ero secundaria mi niño se llama juan,ADMIS_VACANTES
Web,<p><b>partidas para traslado a primer grado. Postulante: Sebastian.</b></p>,partidas para traslado a primer grado postulante sebastian,ADMIS_REQUIS_DOC
WhatsApp,SABER SI HAY MATRÍCULAS DISPONIBLES EN INICIAL 5 AÑOS PARA JUAN. GRACIAS.,saber si hay matrículas disponibles en inicial 5 años para juan gracias,ADMIS_VACANTES
WhatsApp,Hola hay vacantes para secundaria? Mi niño se llama Camila.,hola hay vacantes para secundaria mi niño se llama camila,ADMIS_VACANTES
Web,charlas de admision para primer grado. Mi menor es Sebastian.,charlas de admision para primer grado mi menor es sebastian,ADMIS_CITAS
WhatsApp,<p><b>Hola hay espacios para 5to secundaria? Mi niño se llama Gabriel.</b></p>,hola hay espacios para 5to secundaria mi niño se llama gabriel,ADMIS_VACANTES
Web,requisitos para traslado a 1ero secundaria. Postulante: Ana.,requisitos para traslado a 1ero secundaria postulante ana,ADMIS_REQUIS_DOC
Web,documentos para traslado a 6to primaria. Postulante: Maria.,documentos para traslado a 6to primaria postulante maria,ADMIS_REQUIS_DOC
WhatsApp,Saber si hay espacios en primer grado para Camila. Gracias.,saber si hay espacios en primer grado para camila gracias,ADMIS_VACANTES
WhatsApp,SABER SI HAY VACANTES EN 5TO SECUNDARIA PARA MARIA. GRACIAS.,saber si hay vacantes en 5to secundaria para maria gracias,ADMIS_VACANTES
Email,"Estimados, quisiera saber los precios de inicial 3 años para mi hijo Nicolas.",estimados quisiera saber los precios de inicial 3 años para mi hijo nicolas,ADMIS_COSTOS
Email,"<p><b>Estimados, quisiera saber los cuotas de inicial 3 años para mi hijo Maria.</b></p>",estimados quisiera saber los cuotas de inicial 3 años para mi hijo maria,ADMIS_COSTOS
WhatsApp,<p><b>Saber si hay espacios en inicial 4 años para Luis. Gracias.</b></p>,saber si hay espacios en inicial 4 años para luis gracias,ADMIS_VACANTES
WhatsApp,<p><b>Saber si hay lugares en primer año para Mateo. Gracias.</b></p>,saber si hay lugares en primer año para mateo gracias,ADMIS_VACANTES
Email,"Estimados, quisiera saber los costos de primer grado para mi hijo Pedro.",estimados quisiera saber los costos de primer grado para mi hijo pedro,ADMIS_COSTOS
WhatsApp,Saber si hay matrículas disponibles en secundaria para Mateo. Gracias.,saber si hay matrículas disponibles en secundaria para mateo gracias,ADMIS_VACANTES
Web,<p><b>papeles para traslado a inicial 5 años. Postulante: Sebastian.</b></p>,papeles para traslado a inicial 5 años postulante sebastian,ADMIS_REQUIS_DOC
WhatsApp,Hola hay lugares para primer grado? Mi niño se llama Valentina.,hola hay lugares para primer grado mi niño se llama valentina,ADMIS_VACANTES
Web,CRONOGRAMA DE ADMISION PARA SECUNDARIA. MI MENOR ES SEBASTIAN.,cronograma de admision para secundaria mi menor es sebastian,ADMIS_CITAS
Web,ENTREVISTAS DE ADMISION PARA PRIMER AÑO. MI MENOR ES LUCIA.,entrevistas de admision para primer año mi menor es lucia,ADMIS_CITAS
Email,"Estimados, quisiera saber los costos de 6to primaria para mi hijo Elena.",estimados quisiera saber los costos de 6to primaria para mi hijo elena,ADMIS_COSTOS
Web,documentación para traslado a 5to secundaria. Postulante: Gabriel.,documentación para traslado a 5to secundaria postulante gabriel,ADMIS_REQUIS_DOC
WhatsApp,Saber si hay lugares en inicial 4 años para Valentina. Gracias.,saber si hay lugares en inicial 4 años para valentina gracias,ADMIS_VACANTES
Web,<p><b>charlas de admision para 5to secundaria. Mi menor es Luis.</b></p>,charlas de admision para 5to secundaria mi menor es luis,ADMIS_CITAS
Email,Solicito información de cuotas y detalles para primer año. Atte: Camila.,solicito información de cuotas y detalles para primer año atte camila,ADMIS_COSTOS
Web,documentación para traslado a secundaria. Postulante: Lucia.,documentación para traslado a secundaria postulante lucia,ADMIS_REQUIS_DOC
Email,"Estimados, quisiera saber los cuotas de secundaria para mi hijo Gabriel.",estimados quisiera saber los cuotas de secundaria para mi hijo gabriel,ADMIS_COSTOS
Email,"Estimados, quisiera saber los cuotas de inicial 3 años para mi hijo Camila.",estimados quisiera saber los cuotas de inicial 3 años para mi hijo camila,ADMIS_COSTOS
Web,<p><b>reunión de admision para inicial 5 años. Mi menor es Lucia.</b></p>,reunión de admision para inicial 5 años mi menor es lucia,OTROS
Email,"Estimados, quisiera saber los mensualidad de inicial 4 años para mi hijo Valentina.",estimados quisiera saber los mensualidad de inicial 4 años para mi hijo valentina,ADMIS_COSTOS
WhatsApp,Saber si hay lugares en 1ero primaria para Valentina. Gracias.,saber si hay lugares en 1ero primaria para valentina gracias,ADMIS_VACANTES
WhatsApp,SABER SI HAY MATRÍCULAS DISPONIBLES EN INICIAL 5 AÑOS PARA PEDRO. GRACIAS.,saber si hay matrículas disponibles en inicial 5 años para pedro gracias,ADMIS_VACANTES
WhatsApp,Saber si hay cupos en secundaria para Sofia. Gracias.,saber si hay cupos en secundaria para sofia gracias,ADMIS_VACANTES
Email,"Estimados, quisiera saber los costos de primer grado para mi hijo Sofia.",estimados quisiera saber los costos de primer grado para mi hijo sofia,ADMIS_COSTOS
Email,<p><b>Solicito información de pensiones y detalles para 1ero secundaria. Atte: Sebastian.</b></p>,solicito información de pensiones y detalles para 1ero secundaria atte sebastian,ADMIS_COSTOS
Web,PARTIDAS PARA TRASLADO A PRIMER AÑO. POSTULANTE: PEDRO.,partidas para traslado a primer año postulante pedro,ADMIS_REQUIS_DOC
WhatsApp,<p><b>Hola hay matrículas disponibles para primer grado? Mi niño se llama Nicolas.</b></p>,hola hay matrículas disponibles para primer grado mi niño se llama nicolas,ADMIS_VACANTES
Email,<p><b>Solicito información de precios y detalles para inicial 3 años. Atte: Maria.</b></p>,solicito información de precios y detalles para inicial 3 años atte maria,ADMIS_COSTOS
Email,Solicito información de precios y detalles para inicial 4 años. Atte: Sofia.,solicito información de precios y detalles para inicial 4 años atte sofia,ADMIS_COSTOS
Email,"Estimados, quisiera saber los cuotas de inicial 3 años para mi hijo Sebastian.",estimados quisiera saber los cuotas de inicial 3 años para mi hijo sebastian,ADMIS_COSTOS
Web,reunión de admision para primer grado. Mi menor es Ana.,reunión de admision para primer grado mi menor es ana,OTROS
Email,"<p><b>Estimados, quisiera saber los costos de inicial 3 años para mi hijo Nicolas.</b></p>",estimados quisiera saber los costos de inicial 3 años para mi hijo nicolas,ADMIS_COSTOS
Email,Solicito información de pensiones y detalles para 6to primaria. Atte: Sebastian.,solicito información de pensiones y detalles para 6to primaria atte sebastian,ADMIS_COSTOS
Web,documentación para traslado a inicial 4 años. Postulante: Sebastian.,documentación para traslado a inicial 4 años postulante sebastian,ADMIS_REQUIS_DOC
Email,"<p><b>Estimados, quisiera saber los precios de 5to secundaria para mi hijo Lucia.</b></p>",estimados quisiera saber los precios de 5to secundaria para mi hijo lucia,ADMIS_COSTOS
WhatsApp,SABER SI HAY MATRÍCULAS DISPONIBLES EN 6TO PRIMARIA PARA PEDRO. GRACIAS.,saber si hay matrículas disponibles en 6to primaria para pedro gracias,ADMIS_VACANTES
Email,"Estimados, quisiera saber los cuotas de secundaria para mi hijo Sofia.",estimados quisiera saber los cuotas de secundaria para mi hijo sofia,ADMIS_COSTOS
Web,documentos para traslado a primer año. Postulante: Maria.,documentos para traslado a primer año postulante maria,ADMIS_REQUIS_DOC
WhatsApp,<p><b>Hola hay cupos para 1ero secundaria? Mi niño se llama Nicolas.</b></p>,hola hay cupos para 1ero secundaria mi niño se llama nicolas,ADMIS_VACANTES
Email,Solicito información de pensiones y detalles para inicial 3 años. Atte: Mateo.,solicito información de pensiones y detalles para inicial 3 años atte mateo,ADMIS_COSTOS
WhatsApp,Hola hay vacantes para 1ero primaria? Mi niño se llama Thiago.,hola hay vacantes para 1ero primaria mi niño se llama thiago,ADMIS_VACANTES
Email,"ESTIMADOS, QUISIERA SABER LOS COSTOS DE 5TO SECUNDARIA PARA MI HIJO PEDRO.",estimados quisiera saber los costos de 5to secundaria para mi hijo pedro,ADMIS_COSTOS
Web,papeles para traslado a 5to secundaria. Postulante: Juan.,papeles para traslado a 5to secundaria postulante juan,ADMIS_REQUIS_DOC
WhatsApp,Saber si hay matrículas disponibles en primer año para Maria. Gracias.,saber si hay matrículas disponibles en primer año para maria gracias,ADMIS_VACANTES
Web,REQUISITOS PARA TRASLADO A PRIMER AÑO. POSTULANTE: LUIS.,requisitos para traslado a primer año postulante luis,ADMIS_REQUIS_DOC
Web,partidas para traslado a 1ero primaria. Postulante: Valentina.,partidas para traslado a 1ero primaria postulante valentina,ADMIS_REQUIS_DOC
WhatsApp,Hola hay matrículas disponibles para 6to primaria? Mi niño se llama Maria.,hola hay matrículas disponibles para 6to primaria mi niño se llama maria,ADMIS_VACANTES
WhatsApp,Saber si hay vacantes en primer año para Camila. Gracias.,saber si hay vacantes en primer año para camila gracias,ADMIS_VACANTES
WhatsApp,Saber si hay matrículas disponibles en inicial 5 años para Lucia. Gracias.,saber si hay matrículas disponibles en inicial 5 años para lucia gracias,ADMIS_VACANTES
Email,"Estimados, quisiera saber los cuotas de inicial 5 años para mi hijo Ana.",estimados quisiera saber los cuotas de inicial 5 años para mi hijo ana,ADMIS_COSTOS
WhatsApp,Hola hay vacantes para 6to primaria? Mi niño se llama Mateo.,hola hay vacantes para 6to primaria mi niño se llama mateo,ADMIS_VACANTES
WhatsApp,<p><b>Hola hay espacios para 1ero secundaria? Mi niño se llama Juan.</b></p>,hola hay espacios para 1ero secundaria mi niño se llama juan,ADMIS_VACANTES
Web,charlas de admision para 6to primaria. Mi menor es Juan.,charlas de admision para 6to primaria mi menor es juan,ADMIS_CITAS
Email,"<p><b>Estimados, quisiera saber los mensualidad de 1ero secundaria para mi hijo Pedro.</b></p>",estimados quisiera saber los mensualidad de 1ero secundaria para mi hijo pedro,ADMIS_COSTOS
WhatsApp,Hola hay vacantes para inicial 4 años? Mi niño se llama Elena.,hola hay vacantes para inicial 4 años mi niño se llama elena,ADMIS_VACANTES
Email,Solicito información de mensualidad y detalles para 5to secundaria. Atte: Luis.,solicito información de mensualidad y detalles para 5to secundaria atte luis,ADMIS_COSTOS
WhatsApp,Saber si hay lugares en 6to primaria para Luis. Gracias.,saber si hay lugares en 6to primaria para luis gracias,ADMIS_VACANTES
Web,<p><b>partidas para traslado a 1ero secundaria. Postulante: Pedro.</b></p>,partidas para traslado a 1ero secundaria postulante pedro,ADMIS_REQUIS_DOC
WhatsApp,Saber si hay vacantes en 1ero primaria para Juan. Gracias.,saber si hay vacantes en 1ero primaria para juan gracias,ADMIS_VACANTES
WhatsApp,<p><b>Saber si hay vacantes en 1ero secundaria para Thiago. Gracias.</b></p>,saber si hay vacantes en 1ero secundaria para thiago gracias,ADMIS_VACANTES
Web,DOCUMENTACIÓN PARA TRASLADO A 1ERO SECUNDARIA. POSTULANTE: SEBASTIAN.,documentación para traslado a 1ero secundaria postulante sebastian,ADMIS_REQUIS_DOC
Web,documentación para traslado a primer grado. Postulante: Thiago.,documentación para traslado a primer grado postulante thiago,ADMIS_REQUIS_DOC
WhatsApp,<p><b>Saber si hay lugares en primer grado para Sofia. Gracias.</b></p>,saber si hay lugares en primer grado para sofia gracias,ADMIS_VACANTES
WhatsApp,Saber si hay espacios en 5to secundaria para Ana. Gracias.,saber si hay espacios en 5to secundaria para ana gracias,ADMIS_VACANTES
WhatsApp,Hola hay espacios para 1ero primaria? Mi niño se llama Ana.,hola hay espacios para 1ero primaria mi niño se llama ana,ADMIS_VACANTES
Email,Solicito información de precios y detalles para inicial 5 años. Atte: Luis.,solicito información de precios y detalles para inicial 5 años atte luis,ADMIS_COSTOS
Email,Solicito información de pagos y detalles para inicial 4 años. Atte: Maria.,solicito información de pagos y detalles para inicial 4 años atte maria,ADMIS_COSTOS
WhatsApp,Hola hay espacios para 1ero secundaria? Mi niño se llama Luis.,hola hay espacios para 1ero secundaria mi niño se llama luis,ADMIS_VACANTES
WhatsApp,<p><b>Hola hay vacantes para inicial 4 años? Mi niño se llama Thiago.</b></p>,hola hay vacantes para inicial 4 años mi niño se llama thiago,ADMIS_VACANTES
Email,"Estimados, quisiera saber los mensualidad de inicial 5 años para mi hijo Lucia.",estimados quisiera saber los mensualidad de inicial 5 años para mi hijo lucia,ADMIS_COSTOS
Email,"Estimados, quisiera saber los pensiones de 1ero primaria para mi hijo Luis.",estimados quisiera saber los pensiones de 1ero primaria para mi hijo luis,ADMIS_COSTOS
WhatsApp,Hola hay lugares para inicial 5 años? Mi niño se llama Thiago.,hola hay lugares para inicial 5 años mi niño se llama thiago,ADMIS_VACANTES
WhatsApp,Hola hay vacantes para primer grado? Mi niño se llama Sebastian.,hola hay vacantes para primer grado mi niño se llama sebastian,ADMIS_VACANTES
Email,Solicito información de costos y detalles para secundaria. Atte: Nicolas.,solicito información de costos y detalles para secundaria atte nicolas,ADMIS_COSTOS
Web,partidas para traslado a inicial 5 años. Postulante: Valentina.,partidas para traslado a inicial 5 años postulante valentina,ADMIS_REQUIS_DOC
WhatsApp,Hola hay matrículas disponibles para secundaria? Mi niño se llama Lucia.,hola hay matrículas disponibles para secundaria mi niño se llama lucia,ADMIS_VACANTES
Web,DOCUMENTOS PARA TRASLADO A INICIAL 4 AÑOS. POSTULANTE: GABRIEL.,documentos para traslado a inicial 4 años postulante gabriel,ADMIS_REQUIS_DOC
WhatsApp,Hola hay vacantes para 5to secundaria? Mi niño se llama Gabriel.,hola hay vacantes para 5to secundaria mi niño se llama gabriel,ADMIS_VACANTES
WhatsApp,Saber si hay cupos en inicial 3 años para Lucia. Gracias.,saber si hay cupos en inicial 3 años para lucia gracias,ADMIS_VACANTES
Email,Solicito información de precios y detalles para secundaria. Atte: Luis.,solicito información de precios y detalles para secundaria atte luis,ADMIS_COSTOS
WhatsApp,Hola hay matrículas disponibles para inicial 3 años? Mi niño se llama Elena.,hola hay matrículas disponibles para inicial 3 años mi niño se llama elena,ADMIS_VACANTES
Email,"ESTIMADOS, QUISIERA SABER LOS PRECIOS DE INICIAL 5 AÑOS PARA MI HIJO MATEO.",estimados quisiera saber los precios de inicial 5 años para mi hijo mateo,ADMIS_COSTOS
Web,CITAS DE ADMISION PARA 5TO SECUNDARIA. MI MENOR ES ANA.,citas de admision para 5to secundaria mi menor es ana,ADMIS_CITAS
Web,papeles para traslado a secundaria. Postulante: Mateo.,papeles para traslado a secundaria postulante mateo,ADMIS_REQUIS_DOC
Web,<p><b>requisitos para traslado a primer grado. Postulante: Elena.</b></p>,requisitos para traslado a primer grado postulante elena,ADMIS_REQUIS_DOC
Email,"Estimados, quisiera saber los pensiones de inicial 3 años para mi hijo Lucia.",estimados quisiera saber los pensiones de inicial 3 años para mi hijo lucia,ADMIS_COSTOS
Email,Solicito información de mensualidad y detalles para inicial 4 años. Atte: Pedro.,solicito información de mensualidad y detalles para inicial 4 años atte pedro,ADMIS_COSTOS
Email,Solicito información de pensiones y detalles para 6to primaria. Atte: Valentina.,solicito información de pensiones y detalles para 6to primaria atte valentina,ADMIS_COSTOS
Email,Solicito información de precios y detalles para 1ero secundaria. Atte: Sebastian.,solicito información de precios y detalles para 1ero secundaria atte sebastian,ADMIS_COSTOS
Web,reunión de admision para 1ero primaria. Mi menor es Mateo.,reunión de admision para 1ero primaria mi menor es mateo,OTROS
Web,partidas para traslado a secundaria. Postulante: Sofia.,partidas para traslado a secundaria postulante sofia,ADMIS_REQUIS_DOC
Email,SOLICITO INFORMACIÓN DE COSTOS Y DETALLES PARA INICIAL 3 AÑOS. ATTE: CAMILA.,solicito información de costos y detalles para inicial 3 años atte camila,ADMIS_COSTOS
WhatsApp,Hola hay cupos para inicial 3 años? Mi niño se llama Elena.,hola hay cupos para inicial 3 años mi niño se llama elena,ADMIS_VACANTES
Email,"Estimados, quisiera saber los cuotas de 5to secundaria para mi hijo Juan.",estimados quisiera saber los cuotas de 5to secundaria para mi hijo juan,ADMIS_COSTOS
WhatsApp,<p><b>Hola hay lugares para primer grado? Mi niño se llama Mateo.</b></p>,hola hay lugares para primer grado mi niño se llama mateo,ADMIS_VACANTES
Web,<p><b>reunión de admision para secundaria. Mi menor es Sebastian.</b></p>,reunión de admision para secundaria mi menor es sebastian,OTROS
Web,<p><b>entrevistas de admision para 5to secundaria. Mi menor es Pedro.</b></p>,entrevistas de admision para 5to secundaria mi menor es pedro,ADMIS_CITAS
Web,charlas de admision para 1ero primaria. Mi menor es Mateo.,charlas de admision para 1ero primaria mi menor es mateo,ADMIS_CITAS
WhatsApp,Hola hay cupos para primer grado? Mi niño se llama Sofia.,hola hay cupos para primer grado mi niño se llama sofia,ADMIS_VACANTES
Web,entrevistas de admision para primer grado. Mi menor es Juan.,entrevistas de admision para primer grado mi menor es juan,ADMIS_CITAS
Web,<p><b>reunión de admision para 1ero secundaria. Mi menor es Valentina.</b></p>,reunión de admision para 1ero secundaria mi menor es valentina,OTROS
WhatsApp,Saber si hay lugares en inicial 5 años para Valentina. Gracias.,saber si hay lugares en inicial 5 años para valentina gracias,ADMIS_VACANTES
Email,Solicito información de precios y detalles para 1ero primaria. Atte: Elena.,solicito información de precios y detalles para 1ero primaria atte elena,ADMIS_COSTOS
Web,documentación para traslado a primer año. Postulante: Valentina.,documentación para traslado a primer año postulante valentina,ADMIS_REQUIS_DOC
Email,<p><b>Solicito información de cuotas y detalles para 5to secundaria. Atte: Lucia.</b></p>,solicito información de cuotas y detalles para 5to secundaria atte lucia,ADMIS_COSTOS
WhatsApp,HOLA HAY VACANTES PARA SECUNDARIA? MI NIÑO SE LLAMA SOFIA.,hola hay vacantes para secundaria mi niño se llama sofia,ADMIS_VACANTES
WhatsApp,Hola hay matrículas disponibles para inicial 3 años? Mi niño se llama Juan.,hola hay matrículas disponibles para inicial 3 años mi niño se llama juan,ADMIS_VACANTES
Email,Solicito información de cuotas y detalles para inicial 4 años. Atte: Camila.,solicito información de cuotas y detalles para inicial 4 años atte camila,ADMIS_COSTOS
Email,"<p><b>Estimados, quisiera saber los mensualidad de 5to secundaria para mi hijo Luis.</b></p>",estimados quisiera saber los mensualidad de 5to secundaria para mi hijo luis,ADMIS_COSTOS
Email,Solicito información de costos y detalles para primer grado. Atte: Luis.,solicito información de costos y detalles para primer grado atte luis,ADMIS_COSTOS
Email,Solicito información de costos y detalles para primer grado. Atte: Mateo.,solicito información de costos y detalles para primer grado atte mateo,ADMIS_COSTOS
Email,SOLICITO INFORMACIÓN DE PRECIOS Y DETALLES PARA 1ERO SECUNDARIA. ATTE: THIAGO.,solicito información de precios y detalles para 1ero secundaria atte thiago,ADMIS_COSTOS
WhatsApp,Hola hay vacantes para primer grado? Mi niño se llama Elena.,hola hay vacantes para primer grado mi niño se llama elena,ADMIS_VACANTES
WhatsApp,<p><b>Saber si hay espacios en secundaria para Ana. Gracias.</b></p>,saber si hay espacios en secundaria para ana gracias,ADMIS_VACANTES
WhatsApp,<p><b>Saber si hay lugares en 1ero primaria para Elena. Gracias.</b></p>,saber si hay lugares en 1ero primaria para elena gracias,ADMIS_VACANTES
Email,Solicito información de pensiones y detalles para 1ero primaria. Atte: Pedro.,solicito información de pensiones y detalles para 1ero primaria atte pedro,ADMIS_COSTOS
Web,documentos para traslado a inicial 5 años. Postulante: Gabriel.,documentos para traslado a inicial 5 años postulante gabriel,ADMIS_REQUIS_DOC
Web,documentación para traslado a inicial 3 años. Postulante: Mateo.,documentación para traslado a inicial 3 años postulante mateo,ADMIS_REQUIS_DOC
Web,charlas de admision para secundaria. Mi menor es Sofia.,charlas de admision para secundaria mi menor es sofia,ADMIS_CITAS
Email,Solicito información de precios y detalles para 1ero secundaria. Atte: Ana.,solicito información de precios y detalles para 1ero secundaria atte ana,ADMIS_COSTOS
Web,charlas de admision para 1ero primaria. Mi menor es Ana.,charlas de admision para 1ero primaria mi menor es ana,ADMIS_CITAS
Email,"Estimados, quisiera saber los pensiones de inicial 5 años para mi hijo Gabriel.",estimados quisiera saber los pensiones de inicial 5 años para mi hijo gabriel,ADMIS_COSTOS
WhatsApp,Saber si hay lugares en 6to primaria para Nicolas. Gracias.,saber si hay lugares en 6to primaria para nicolas gracias,ADMIS_VACANTES
Email,Solicito información de precios y detalles para inicial 5 años. Atte: Elena.,solicito información de precios y detalles para inicial 5 años atte elena,ADMIS_COSTOS
Web,documentación para traslado a primer año. Postulante: Sebastian.,documentación para traslado a primer año postulante sebastian,ADMIS_REQUIS_DOC
Web,papeles para traslado a 6to primaria. Postulante: Lucia.,papeles para traslado a 6to primaria postulante lucia,ADMIS_REQUIS_DOC
WhatsApp,Saber si hay lugares en 1ero primaria para Gabriel. Gracias.,saber si hay lugares en 1ero primaria para gabriel gracias,ADMIS_VACANTES
Web,documentación para traslado a 6to primaria. Postulante: Ana.,documentación para traslado a 6to primaria postulante ana,ADMIS_REQUIS_DOC
Email,"ESTIMADOS, QUISIERA SABER LOS PENSIONES DE PRIMER GRADO PARA MI HIJO PEDRO.",estimados quisiera saber los pensiones de primer grado para mi hijo pedro,ADMIS_COSTOS
Email,"Estimados, quisiera saber los pensiones de secundaria para mi hijo Lucia.",estimados quisiera saber los pensiones de secundaria para mi hijo lucia,ADMIS_COSTOS
WhatsApp,<p><b>Saber si hay vacantes en secundaria para Nicolas. Gracias.</b></p>,saber si hay vacantes en secundaria para nicolas gracias,ADMIS_VACANTES
Web,<p><b>entrevistas de admision para secundaria. Mi menor es Juan.</b></p>,entrevistas de admision para secundaria mi menor es juan,ADMIS_CITAS
Web,<p><b>entrevistas de admision para secundaria. Mi menor es Sofia.</b></p>,entrevistas de admision para secundaria mi menor es sofia,ADMIS_CITAS
WhatsApp,Saber si hay cupos en inicial 3 años para Thiago. Gracias.,saber si hay cupos en inicial 3 años para thiago gracias,ADMIS_VACANTES
WhatsApp,SABER SI HAY MATRÍCULAS DISPONIBLES EN PRIMER AÑO PARA MATEO. GRACIAS.,saber si hay matrículas disponibles en primer año para mateo gracias,ADMIS_VACANTES
Web,entrevistas de admision para 6to primaria. Mi menor es Thiago.,entrevistas de admision para 6to primaria mi menor es thiago,ADMIS_CITAS
WhatsApp,Hola hay espacios para 5to secundaria? Mi niño se llama Juan.,hola hay espacios para 5to secundaria mi niño se llama juan,ADMIS_VACANTES
WhatsApp,<p><b>Hola hay espacios para 6to primaria? Mi niño se llama Camila.</b></p>,hola hay espacios para 6to primaria mi niño se llama camila,ADMIS_VACANTES
Web,requisitos para traslado a 6to primaria. Postulante: Gabriel.,requisitos para traslado a 6to primaria postulante gabriel,ADMIS_REQUIS_DOC
WhatsApp,Saber si hay vacantes en primer año para Nicolas. Gracias.,saber si hay vacantes en primer año para nicolas gracias,ADMIS_VACANTES
WhatsApp,SABER SI HAY ESPACIOS EN PRIMER AÑO PARA ANA. GRACIAS.,saber si hay espacios en primer año para ana gracias,ADMIS_VACANTES
WhatsApp,Saber si hay vacantes en 6to primaria para Luis. Gracias.,saber si hay vacantes en 6to primaria para luis gracias,ADMIS_VACANTES
Web,<p><b>charlas de admision para primer año. Mi menor es Mateo.</b></p>,charlas de admision para primer año mi menor es mateo,ADMIS_CITAS
Web,entrevistas de admision para primer grado. Mi menor es Sofia.,entrevistas de admision para primer grado mi menor es sofia,ADMIS_CITAS
WhatsApp,Hola hay matrículas disponibles para 1ero secundaria? Mi niño se llama Camila.,hola hay matrículas disponibles para 1ero secundaria mi niño se llama camila,ADMIS_VACANTES
Email,"Estimados, quisiera saber los costos de primer grado para mi hijo Thiago.",estimados quisiera saber los costos de primer grado para mi hijo thiago,ADMIS_COSTOS
Email,"Estimados, quisiera saber los cuotas de inicial 4 años para mi hijo Pedro.",estimados quisiera saber los cuotas de inicial 4 años para mi hijo pedro,ADMIS_COSTOS
WhatsApp,SABER SI HAY ESPACIOS EN 1ERO SECUNDARIA PARA ELENA. GRACIAS.,saber si hay espacios en 1ero secundaria para elena gracias,ADMIS_VACANTES
Web,papeles para traslado a 1ero secundaria. Postulante: Juan.,papeles para traslado a 1ero secundaria postulante juan,ADMIS_REQUIS_DOC
Web,<p><b>papeles para traslado a inicial 5 años. Postulante: Pedro.</b></p>,papeles para traslado a inicial 5 años postulante pedro,ADMIS_REQUIS_DOC
Web,requisitos para traslado a 5to secundaria. Postulante: Mateo.,requisitos para traslado a 5to secundaria postulante mateo,ADMIS_REQUIS_DOC
Web,papeles para traslado a primer grado. Postulante: Maria.,papeles para traslado a primer grado postulante maria,ADMIS_REQUIS_DOC
Web,DOCUMENTOS PARA TRASLADO A PRIMER GRADO. POSTULANTE: GABRIEL.,documentos para traslado a primer grado postulante gabriel,ADMIS_REQUIS_DOC
Web,entrevistas de admision para 1ero secundaria. Mi menor es Sebastian.,entrevistas de admision para 1ero secundaria mi menor es sebastian,ADMIS_CITAS
WhatsApp,Saber si hay cupos en primer año para Thiago. Gracias.,saber si hay cupos en primer año para thiago gracias,ADMIS_VACANTES
Web,<p><b>documentos para traslado a inicial 5 años. Postulante: Juan.</b></p>,documentos para traslado a inicial 5 años postulante juan,ADMIS_REQUIS_DOC
WhatsApp,SABER SI HAY ESPACIOS EN PRIMER GRADO PARA GABRIEL. GRACIAS.,saber si hay espacios en primer grado para gabriel gracias,ADMIS_VACANTES
Web,documentos para traslado a 6to primaria. Postulante: Mateo.,documentos para traslado a 6to primaria postulante mateo,ADMIS_REQUIS_DOC
WhatsApp,HOLA HAY ESPACIOS PARA INICIAL 3 AÑOS? MI NIÑO SE LLAMA GABRIEL.,hola hay espacios para inicial 3 años mi niño se llama gabriel,ADMIS_VACANTES
Email,"<p><b>Estimados, quisiera saber los pensiones de inicial 3 años para mi hijo Gabriel.</b></p>",estimados quisiera saber los pensiones de inicial 3 años para mi hijo gabriel,ADMIS_COSTOS
Email,"Estimados, quisiera saber los mensualidad de inicial 4 años para mi hijo Mateo.",estimados quisiera saber los mensualidad de inicial 4 años para mi hijo mateo,ADMIS_COSTOS
WhatsApp,Saber si hay espacios en 6to primaria para Mateo. Gracias.,saber si hay espacios en 6to primaria para mateo gracias,ADMIS_VACANTES
WhatsApp,Hola hay matrículas disponibles para 1ero primaria? Mi niño se llama Sofia.,hola hay matrículas disponibles para 1ero primaria mi niño se llama sofia,ADMIS_VACANTES
Web,documentación para traslado a 6to primaria. Postulante: Sofia.,documentación para traslado a 6to primaria postulante sofia,ADMIS_REQUIS_DOC
Web,<p><b>charlas de admision para primer grado. Mi menor es Luis.</b></p>,charlas de admision para primer grado mi menor es luis,ADMIS_CITAS
WhatsApp,Saber si hay vacantes en inicial 3 años para Gabriel. Gracias.,saber si hay vacantes en inicial 3 años para gabriel gracias,ADMIS_VACANTES
Web,partidas para traslado a 1ero secundaria. Postulante: Juan.,partidas para traslado a 1ero secundaria postulante juan,ADMIS_REQUIS_DOC
WhatsApp,<p><b>Hola hay lugares para 1ero primaria? Mi niño se llama Nicolas.</b></p>,hola hay lugares para 1ero primaria mi niño se llama nicolas,ADMIS_VACANTES
Email,<p><b>Solicito información de precios y detalles para primer año. Atte: Juan.</b></p>,solicito información de precios y detalles para primer año atte juan,ADMIS_COSTOS
WhatsApp,HOLA HAY VACANTES PARA PRIMER GRADO? MI NIÑO SE LLAMA MARIA.,hola hay vacantes para primer grado mi niño se llama maria,ADMIS_VACANTES
Email,"Estimados, quisiera saber los cuotas de 1ero secundaria para mi hijo Ana.",estimados quisiera saber los cuotas de 1ero secundaria para mi hijo ana,ADMIS_COSTOS
Web,papeles para traslado a 1ero primaria. Postulante: Thiago.,papeles para traslado a 1ero primaria postulante thiago,ADMIS_REQUIS_DOC
Email,"Estimados, quisiera saber los pagos de primer grado para mi hijo Mateo.",estimados quisiera saber los pagos de primer grado para mi hijo mateo,ADMIS_COSTOS
WhatsApp,Saber si hay espacios en primer año para Pedro. Gracias.,saber si hay espacios en primer año para pedro gracias,ADMIS_VACANTES
WhatsApp,Hola hay vacantes para 1ero secundaria? Mi niño se llama Camila.,hola hay vacantes para 1ero secundaria mi niño se llama camila,ADMIS_VACANTES
Web,reunión de admision para primer grado. Mi menor es Sofia.,reunión de admision para primer grado mi menor es sofia,OTROS
Email,<p><b>Solicito información de pensiones y detalles para primer año. Atte: Valentina.</b></p>,solicito información de pensiones y detalles para primer año atte valentina,ADMIS_COSTOS
Web,PARTIDAS PARA TRASLADO A PRIMER GRADO. POSTULANTE: SOFIA.,partidas para traslado a primer grado postulante sofia,ADMIS_REQUIS_DOC
Email,<p><b>Solicito información de cuotas y detalles para 1ero secundaria. Atte: Lucia.</b></p>,solicito información de cuotas y detalles para 1ero secundaria atte lucia,ADMIS_COSTOS
