fuente,contenido
Email,"Estimados, quisiera saber los cuotas de inicial 5 años para mi hijo Luis."
Email,SOLICITO INFORMACIÓN DE PRECIOS Y DETALLES PARA PRIMER AÑO. ATTE: NICOLAS.
Email,Solicito información de cuotas y detalles para 1ero primaria. Atte: Lucia.
WhatsApp,Hola hay espacios para inicial 5 años? Mi niño se llama Pedro.
WhatsApp,SABER SI HAY CUPOS EN PRIMER GRADO PARA MATEO. GRACIAS.
WhatsApp,Hola hay disponibilidad de ingreso para 5to secundaria? Mi niño se llama Thiago.
Email,"Estimados, quisiera saber los precios de inicial 3 años para mi hijo Valentina."
Web,documentación para traslado a inicial 5 años. Postulante: Nicolas.
WhatsApp,Saber si hay espacios en 5to secundaria para Sebastian. Gracias.
Web,cronograma de admision para primer año. Mi menor es Gabriel.
Web,ficha de matrícula para traslado a 1ero secundaria. Postulante: Thiago.
Web,FICHA DE MATRÍCULA PARA TRASLADO A 1ERO PRIMARIA. POSTULANTE: ANA.
WhatsApp,Hola hay cupos para primer año? Mi niño se llama Luis.
Web,partidas para traslado a inicial 5 años. Postulante: Maria.
Email,"ESTIMADOS, QUISIERA SABER LOS CUOTAS DE INICIAL 5 AÑOS PARA MI HIJO VALENTINA."
WhatsApp,SABER SI HAY ESPACIOS EN 1ERO PRIMARIA PARA SEBASTIAN. GRACIAS.
Web,<p><b>reunión de admision para 5to secundaria. Mi menor es Sofia.</b></p>
Web,citas de admision para secundaria. Mi menor es Juan.
WhatsApp,<p><b>Saber si hay cupos en primer grado para Elena. Gracias.</b></p>
Email,Solicito información de mensualidad y detalles para inicial 4 años. Atte: Juan.
WhatsApp,SABER SI HAY LUGARES EN 1ERO PRIMARIA PARA ANA. GRACIAS.
Web,charlas de admision para secundaria. Mi menor es Juan.
Web,cronograma de admision para secundaria. Mi menor es Gabriel.
Email,"Estimados, quisiera saber los mensualidad de 5to secundaria para mi hijo Pedro."
Email,"Estimados, quisiera saber los cuotas de 1ero secundaria para mi hijo Juan."
WhatsApp,Hola hay disponibilidad de ingreso para 6to primaria? Mi niño se llama Mateo.
Email,<p><b>Solicito información de precios y detalles para primer año. Atte: Lucia.</b></p>
WhatsApp,Saber si hay lugares en inicial 4 años para Gabriel. Gracias.
WhatsApp,SABER SI HAY DISPONIBILIDAD DE INGRESO EN INICIAL 5 AÑOS PARA MARIA. GRACIAS.
Web,reunión de admision para 1ero primaria. Mi menor es Camila.
WhatsApp,<p><b>Hola hay lugares para 6to primaria? Mi niño se llama Lucia.</b></p>
Web,partidas para traslado a 5to secundaria. Postulante: Nicolas.
Email,"<p><b>Estimados, quisiera saber los pensiones de 5to secundaria para mi hijo Luis.</b></p>"
Web,documentación para traslado a inicial 4 años. Postulante: Camila.
WhatsApp,HOLA HAY CUPOS PARA 1ERO SECUNDARIA? MI NIÑO SE LLAMA VALENTINA.
WhatsApp,Hola hay lugares para 5to secundaria? Mi niño se llama Nicolas.
WhatsApp,Hola hay lugares para 1ero primaria? Mi niño se llama Mateo.
WhatsApp,<p><b>Saber si hay disponibilidad de ingreso en 1ero secundaria para Camila. Gracias.</b></p>
Email,"Estimados, quisiera saber los costos de inicial 3 años para mi hijo Luis."
Email,Solicito información de mensualidad y detalles para 5to secundaria. Atte: Nicolas.
WhatsApp,Saber si hay espacios en inicial 3 años para Nicolas. Gracias.
WhatsApp,<p><b>Hola hay espacios para 5to secundaria? Mi niño se llama Lucia.</b></p>
Web,papeles para traslado a 5to secundaria. Postulante: Camila.
WhatsApp,Saber si hay lugares en 1ero primaria para Gabriel. Gracias.
Email,"Estimados, quisiera saber los pagos de primer año para mi hijo Camila."
WhatsApp,Hola hay disponibilidad de ingreso para 5to secundaria? Mi niño se llama Luis.
Email,<p><b>Solicito información de precios y detalles para 5to secundaria. Atte: Pedro.</b></p>
Email,SOLICITO INFORMACIÓN DE CUOTAS Y DETALLES PARA INICIAL 3 AÑOS. ATTE: ANA.
Email,Solicito información de mensualidad y detalles para 1ero secundaria. Atte: Sebastian.
Email,Solicito información de precios y detalles para secundaria. Atte: Valentina.
Web,documentación para traslado a primer año. Postulante: Sebastian.
WhatsApp,Saber si hay vacantes en primer grado para Juan. Gracias.
WhatsApp,Hola hay espacios para inicial 5 años? Mi niño se llama Mateo.
WhatsApp,Saber si hay vacantes en 1ero primaria para Ana. Gracias.
Web,partidas para traslado a primer grado. Postulante: Gabriel.
Email,SOLICITO INFORMACIÓN DE CUOTAS Y DETALLES PARA 6TO PRIMARIA. ATTE: ANA.
WhatsApp,Hola hay lugares para secundaria? Mi niño se llama Juan.
WhatsApp,Saber si hay cupos en 1ero secundaria para Sebastian. Gracias.
WhatsApp,Hola hay lugares para inicial 3 años? Mi niño se llama Lucia.
WhatsApp,Saber si hay espacios en inicial 5 años para Camila. Gracias.
WhatsApp,<p><b>Hola hay lugares para primer grado? Mi niño se llama Lucia.</b></p>
WhatsApp,HOLA HAY DISPONIBILIDAD DE INGRESO PARA PRIMER GRADO? MI NIÑO SE LLAMA LUCIA.
Email,Solicito información de precios y detalles para 1ero secundaria. Atte: Luis.
Web,<p><b>ficha de matrícula para traslado a inicial 4 años. Postulante: Maria.</b></p>
Email,"ESTIMADOS, QUISIERA SABER LOS PRECIOS DE INICIAL 4 AÑOS PARA MI HIJO VALENTINA."
Web,<p><b>documentación para traslado a inicial 5 años. Postulante: Juan.</b></p>
Web,PAPELES PARA TRASLADO A 6TO PRIMARIA. POSTULANTE: GABRIEL.
Web,<p><b>cronograma de admision para 5to secundaria. Mi menor es Mateo.</b></p>
Web,documentación para traslado a 1ero secundaria. Postulante: Camila.
Email,"Estimados, quisiera saber los costos de 5to secundaria para mi hijo Camila."
Web,cronograma de admision para inicial 5 años. Mi menor es Lucia.
Email,"Estimados, quisiera saber los pensiones de primer grado para mi hijo Ana."
Email,<p><b>Solicito información de cuotas y detalles para inicial 4 años. Atte: Valentina.</b></p>
WhatsApp,<p><b>Hola hay espacios para inicial 3 años? Mi niño se llama Maria.</b></p>
WhatsApp,HOLA HAY VACANTES PARA SECUNDARIA? MI NIÑO SE LLAMA SOFIA.
Web,<p><b>reunión de admision para primer año. Mi menor es Nicolas.</b></p>
WhatsApp,<p><b>Hola hay vacantes para primer año? Mi niño se llama Gabriel.</b></p>
Email,"Estimados, quisiera saber los precios de inicial 3 años para mi hijo Gabriel."
WhatsApp,SABER SI HAY CUPOS EN INICIAL 3 AÑOS PARA ANA. GRACIAS.
Email,"<p><b>Estimados, quisiera saber los precios de 5to secundaria para mi hijo Ana.</b></p>"
WhatsApp,HOLA HAY VACANTES PARA 1ERO SECUNDARIA? MI NIÑO SE LLAMA GABRIEL.
Email,"Estimados, quisiera saber los precios de inicial 4 años para mi hijo Maria."
WhatsApp,HOLA HAY LUGARES PARA PRIMER GRADO? MI NIÑO SE LLAMA VALENTINA.
Web,ficha de matrícula para traslado a primer grado. Postulante: Luis.
Web,REQUISITOS PARA TRASLADO A INICIAL 5 AÑOS. POSTULANTE: ELENA.
WhatsApp,Saber si hay cupos en 1ero secundaria para Elena. Gracias.
WhatsApp,Hola hay espacios para inicial 4 años? Mi niño se llama Sebastian.
WhatsApp,Hola hay espacios para inicial 5 años? Mi niño se llama Elena.
WhatsApp,Hola hay disponibilidad de ingreso para primer grado? Mi niño se llama Sofia.
Web,<p><b>documentación para traslado a 1ero primaria. Postulante: Sebastian.</b></p>
WhatsApp,Saber si hay disponibilidad de ingreso en primer grado para Sofia. Gracias.
WhatsApp,<p><b>Saber si hay espacios en inicial 4 años para Valentina. Gracias.</b></p>
WhatsApp,Saber si hay vacantes en 1ero primaria para Ana. Gracias.
WhatsApp,Hola hay disponibilidad de ingreso para primer año? Mi niño se llama Gabriel.
WhatsApp,Saber si hay vacantes en primer grado para Ana. Gracias.
Web,documentos para traslado a secundaria. Postulante: Ana.
Email,"Estimados, quisiera saber los pagos de 5to secundaria para mi hijo Mateo."
WhatsApp,Hola hay lugares para inicial 5 años? Mi niño se llama Camila.
Email,Solicito información de precios y detalles para inicial 4 años. Atte: Pedro.
WhatsApp,<p><b>Hola hay vacantes para primer año? Mi niño se llama Lucia.</b></p>
Web,<p><b>documentos para traslado a inicial 4 años. Postulante: Elena.</b></p>
Web,partidas para traslado a inicial 5 años. Postulante: Luis.
Web,<p><b>papeles para traslado a primer grado. Postulante: Maria.</b></p>
Email,Solicito información de costos y detalles para inicial 3 años. Atte: Pedro.
WhatsApp,Saber si hay cupos en secundaria para Ana. Gracias.
WhatsApp,Saber si hay vacantes en secundaria para Thiago. Gracias.
Web,papeles para traslado a primer año. Postulante: Sofia.
Web,<p><b>ficha de matrícula para traslado a 5to secundaria. Postulante: Valentina.</b></p>
WhatsApp,<p><b>Saber si hay disponibilidad de ingreso en 6to primaria para Ana. Gracias.</b></p>
Email,Solicito información de pagos y detalles para 5to secundaria. Atte: Lucia.
Web,reunión de admision para primer grado. Mi menor es Valentina.
Web,documentación para traslado a 6to primaria. Postulante: Ana.
Web,CHARLAS DE ADMISION PARA 1ERO SECUNDARIA. MI MENOR ES VALENTINA.
WhatsApp,Hola hay lugares para secundaria? Mi niño se llama Ana.
WhatsApp,Hola hay cupos para 5to secundaria? Mi niño se llama Maria.
Email,<p><b>Solicito información de precios y detalles para primer año. Atte: Gabriel.</b></p>
WhatsApp,Hola hay lugares para inicial 3 años? Mi niño se llama Juan.
Email,Solicito información de cuotas y detalles para 5to secundaria. Atte: Sofia.
WhatsApp,<p><b>Saber si hay espacios en inicial 4 años para Juan. Gracias.</b></p>
Web,entrevistas de admision para 1ero primaria. Mi menor es Sofia.
WhatsApp,Hola hay lugares para secundaria? Mi niño se llama Elena.
Web,<p><b>ficha de matrícula para traslado a 5to secundaria. Postulante: Sebastian.</b></p>
WhatsApp,SABER SI HAY ESPACIOS EN PRIMER AÑO PARA SEBASTIAN. GRACIAS.
WhatsApp,Saber si hay cupos en inicial 5 años para Lucia. Gracias.
Email,<p><b>Solicito información de cuotas y detalles para secundaria. Atte: Ana.</b></p>
Web,charlas de admision para primer grado. Mi menor es Sebastian.
WhatsApp,Saber si hay vacantes en inicial 3 años para Valentina. Gracias.
Web,<p><b>ficha de matrícula para traslado a 5to secundaria. Postulante: Luis.</b></p>
Email,Solicito información de mensualidad y detalles para primer año. Atte: Thiago.
Email,"Estimados, quisiera saber los costos de primer grado para mi hijo Lucia."
Web,cronograma de admision para inicial 4 años. Mi menor es Thiago.
WhatsApp,SABER SI HAY DISPONIBILIDAD DE INGRESO EN 5TO SECUNDARIA PARA SEBASTIAN. GRACIAS.
Web,documentación para traslado a inicial 5 años. Postulante: Elena.
Web,documentos para traslado a secundaria. Postulante: Valentina.
Web,<p><b>citas de admision para inicial 5 años. Mi menor es Thiago.</b></p>
Web,reunión de admision para inicial 4 años. Mi menor es Lucia.
WhatsApp,Hola hay lugares para inicial 3 años? Mi niño se llama Nicolas.
WhatsApp,Hola hay espacios para 6to primaria? Mi niño se llama Thiago.
Email,"Estimados, quisiera saber los mensualidad de primer año para mi hijo Pedro."
Email,<p><b>Solicito información de mensualidad y detalles para secundaria. Atte: Lucia.</b></p>
Web,requisitos para traslado a 6to primaria. Postulante: Ana.
Web,citas de admision para 5to secundaria. Mi menor es Thiago.
WhatsApp,Hola hay vacantes para 6to primaria? Mi niño se llama Luis.
Email,"Estimados, quisiera saber los precios de inicial 5 años para mi hijo Ana."
Email,Solicito información de precios y detalles para 5to secundaria. Atte: Maria.
WhatsApp,Saber si hay lugares en primer año para Maria. Gracias.
Web,ficha de matrícula para traslado a 1ero secundaria. Postulante: Thiago.
Web,reunión de admision para primer grado. Mi menor es Valentina.
Web,entrevistas de admision para secundaria. Mi menor es Ana.
Web,documentos para traslado a inicial 3 años. Postulante: Sofia.
Email,"Estimados, quisiera saber los pagos de inicial 5 años para mi hijo Sebastian."
Email,Solicito información de mensualidad y detalles para 1ero primaria. Atte: Valentina.
Email,Solicito información de costos y detalles para 1ero secundaria. Atte: Elena.
Web,CRONOGRAMA DE ADMISION PARA 6TO PRIMARIA. MI MENOR ES ELENA.
Email,SOLICITO INFORMACIÓN DE COSTOS Y DETALLES PARA 1ERO PRIMARIA. ATTE: ELENA.
Email,"Estimados, quisiera saber los pensiones de 5to secundaria para mi hijo Mateo."
WhatsApp,Saber si hay cupos en 1ero primaria para Luis. Gracias.
Web,cronograma de admision para inicial 3 años. Mi menor es Ana.
Email,Solicito información de costos y detalles para primer año. Atte: Juan.
WhatsApp,Hola hay espacios para 1ero primaria? Mi niño se llama Lucia.
WhatsApp,Hola hay espacios para inicial 3 años? Mi niño se llama Luis.
WhatsApp,<p><b>Saber si hay disponibilidad de ingreso en primer año para Valentina. Gracias.</b></p>
Web,papeles para traslado a 1ero primaria. Postulante: Elena.
Web,citas de admision para inicial 3 años. Mi menor es Gabriel.
WhatsApp,Hola hay disponibilidad de ingreso para 1ero primaria? Mi niño se llama Maria.
Web,papeles para traslado a 1ero primaria. Postulante: Juan.
WhatsApp,<p><b>Saber si hay cupos en inicial 4 años para Pedro. Gracias.</b></p>
Email,"Estimados, quisiera saber los cuotas de 6to primaria para mi hijo Mateo."
WhatsApp,Saber si hay lugares en inicial 3 años para Gabriel. Gracias.
Web,citas de admision para inicial 3 años. Mi menor es Mateo.
Email,"Estimados, quisiera saber los precios de primer año para mi hijo Maria."
WhatsApp,Saber si hay lugares en 6to primaria para Elena. Gracias.
Email,"<p><b>Estimados, quisiera saber los pagos de 6to primaria para mi hijo Nicolas.</b></p>"
WhatsApp,Saber si hay disponibilidad de ingreso en 1ero primaria para Juan. Gracias.
WhatsApp,Hola hay cupos para inicial 5 años? Mi niño se llama Elena.
WhatsApp,Hola hay espacios para inicial 5 años? Mi niño se llama Valentina.
Web,CRONOGRAMA DE ADMISION PARA 5TO SECUNDARIA. MI MENOR ES PEDRO.
Email,<p><b>Solicito información de cuotas y detalles para 5to secundaria. Atte: Juan.</b></p>
WhatsApp,Hola hay cupos para 1ero secundaria? Mi niño se llama Nicolas.
WhatsApp,<p><b>Saber si hay vacantes en secundaria para Nicolas. Gracias.</b></p>
Web,<p><b>entrevistas de admision para 6to primaria. Mi menor es Thiago.</b></p>
WhatsApp,Saber si hay vacantes en primer año para Juan. Gracias.
Web,documentos para traslado a inicial 5 años. Postulante: Ana.
WhatsApp,Saber si hay cupos en inicial 4 años para Mateo. Gracias.
WhatsApp,<p><b>Saber si hay lugares en primer grado para Gabriel. Gracias.</b></p>
Web,<p><b>entrevistas de admision para inicial 5 años. Mi menor es Juan.</b></p>
WhatsApp,Saber si hay cupos en 1ero secundaria para Camila. Gracias.
WhatsApp,Saber si hay lugares en 5to secundaria para Gabriel. Gracias.
Web,ENTREVISTAS DE ADMISION PARA INICIAL 4 AÑOS. MI MENOR ES MATEO.
WhatsApp,Saber si hay disponibilidad de ingreso en inicial 4 años para Valentina. Gracias.
Web,REQUISITOS PARA TRASLADO A SECUNDARIA. POSTULANTE: SEBASTIAN.
Web,<p><b>charlas de admision para inicial 3 años. Mi menor es Maria.</b></p>
Web,<p><b>entrevistas de admision para 6to primaria. Mi menor es Lucia.</b></p>
Email,SOLICITO INFORMACIÓN DE MENSUALIDAD Y DETALLES PARA 1ERO SECUNDARIA. ATTE: MARIA.
WhatsApp,SABER SI HAY DISPONIBILIDAD DE INGRESO EN 6TO PRIMARIA PARA GABRIEL. GRACIAS.
Email,Solicito información de cuotas y detalles para secundaria. Atte: Elena.
Email,<p><b>Solicito información de pensiones y detalles para primer grado. Atte: Gabriel.</b></p>
Email,"Estimados, quisiera saber los costos de primer grado para mi hijo Valentina."
Web,<p><b>ficha de matrícula para traslado a secundaria. Postulante: Mateo.</b></p>
Web,partidas para traslado a 6to primaria. Postulante: Elena.
Web,ficha de matrícula para traslado a secundaria. Postulante: Camila.
WhatsApp,SABER SI HAY DISPONIBILIDAD DE INGRESO EN 5TO SECUNDARIA PARA LUCIA. GRACIAS.
Web,<p><b>cronograma de admision para inicial 3 años. Mi menor es Thiago.</b></p>
Web,CHARLAS DE ADMISION PARA INICIAL 3 AÑOS. MI MENOR ES VALENTINA.
Web,CRONOGRAMA DE ADMISION PARA 1ERO SECUNDARIA. MI MENOR ES MARIA.
Web,cronograma de admision para primer año. Mi menor es Ana.
Email,"<p><b>Estimados, quisiera saber los mensualidad de secundaria para mi hijo Gabriel.</b></p>"
Email,"Estimados, quisiera saber los pagos de 1ero primaria para mi hijo Thiago."
Email,<p><b>Solicito información de costos y detalles para inicial 4 años. Atte: Mateo.</b></p>
Web,charlas de admision para 1ero secundaria. Mi menor es Pedro.
WhatsApp,Hola hay disponibilidad de ingreso para inicial 5 años? Mi niño se llama Ana.
Web,citas de admision para secundaria. Mi menor es Mateo.
Web,charlas de admision para primer grado. Mi menor es Mateo.
Email,<p><b>Solicito información de pensiones y detalles para primer año. Atte: Camila.</b></p>
Web,papeles para traslado a primer año. Postulante: Juan.
Web,partidas para traslado a 6to primaria. Postulante: Pedro.
Web,citas de admision para inicial 5 años. Mi menor es Luis.
Email,<p><b>Solicito información de mensualidad y detalles para inicial 3 años. Atte: Sebastian.</b></p>
WhatsApp,<p><b>Saber si hay lugares en inicial 5 años para Pedro. Gracias.</b></p>
WhatsApp,Hola hay lugares para 6to primaria? Mi niño se llama Mateo.
Web,CRONOGRAMA DE ADMISION PARA 1ERO SECUNDARIA. MI MENOR ES LUIS.
Email,"Estimados, quisiera saber los cuotas de inicial 4 años para mi hijo Camila."
WhatsApp,SABER SI HAY CUPOS EN INICIAL 3 AÑOS PARA VALENTINA. GRACIAS.
Email,<p><b>Solicito información de pagos y detalles para primer año. Atte: Pedro.</b></p>
Email,"<p><b>Estimados, quisiera saber los mensualidad de inicial 5 años para mi hijo Mateo.</b></p>"
WhatsApp,<p><b>Hola hay disponibilidad de ingreso para primer año? Mi niño se llama Nicolas.</b></p>
Web,documentación para traslado a primer grado. Postulante: Elena.
WhatsApp,<p><b>Saber si hay vacantes en secundaria para Thiago. Gracias.</b></p>
Web,<p><b>documentos para traslado a 5to secundaria. Postulante: Valentina.</b></p>
Web,CHARLAS DE ADMISION PARA INICIAL 3 AÑOS. MI MENOR ES CAMILA.
WhatsApp,Hola hay lugares para 5to secundaria? Mi niño se llama Pedro.
Email,<p><b>Solicito información de pensiones y detalles para inicial 5 años. Atte: Elena.</b></p>
Email,Solicito información de precios y detalles para primer grado. Atte: Camila.
Web,cronograma de admision para primer grado. Mi menor es Camila.
Web,citas de admision para 1ero primaria. Mi menor es Juan.
Email,<p><b>Solicito información de costos y detalles para inicial 3 años. Atte: Nicolas.</b></p>
Web,<p><b>reunión de admision para inicial 4 años. Mi menor es Maria.</b></p>
Email,"ESTIMADOS, QUISIERA SABER LOS COSTOS DE 1ERO SECUNDARIA PARA MI HIJO ANA."
WhatsApp,Saber si hay espacios en inicial 3 años para Mateo. Gracias.
WhatsApp,Saber si hay espacios en inicial 5 años para Gabriel. Gracias.
Web,documentación para traslado a inicial 4 años. Postulante: Pedro.
Web,cronograma de admision para 6to primaria. Mi menor es Luis.
Web,papeles para traslado a inicial 4 años. Postulante: Gabriel.
Email,Solicito información de mensualidad y detalles para secundaria. Atte: Mateo.
WhatsApp,Hola hay lugares para inicial 4 años? Mi niño se llama Juan.
Email,Solicito información de pagos y detalles para 6to primaria. Atte: Gabriel.
Web,ficha de matrícula para traslado a primer año. Postulante: Sofia.
WhatsApp,Saber si hay espacios en 1ero primaria para Maria. Gracias.
Web,CRONOGRAMA DE ADMISION PARA 1ERO SECUNDARIA. MI MENOR ES CAMILA.
Web,entrevistas de admision para 5to secundaria. Mi menor es Mateo.
Email,"Estimados, quisiera saber los cuotas de primer grado para mi hijo Thiago."
Web,requisitos para traslado a 1ero primaria. Postulante: Ana.
Web,citas de admision para 1ero secundaria. Mi menor es Nicolas.
WhatsApp,Hola hay lugares para 1ero secundaria? Mi niño se llama Ana.
WhatsApp,Hola hay lugares para primer grado? Mi niño se llama Juan.
Web,documentación para traslado a secundaria. Postulante: Thiago.
Email,"<p><b>Estimados, quisiera saber los cuotas de primer grado para mi hijo Lucia.</b></p>"
Email,<p><b>Solicito información de pensiones y detalles para inicial 3 años. Atte: Elena.</b></p>
WhatsApp,Hola hay lugares para inicial 5 años? Mi niño se llama Nicolas.
Web,ficha de matrícula para traslado a primer grado. Postulante: Nicolas.
Web,citas de admision para inicial 4 años. Mi menor es Lucia.
WhatsApp,Saber si hay lugares en inicial 5 años para Gabriel. Gracias.
Email,Solicito información de precios y detalles para 1ero primaria. Atte: Maria.
Email,"ESTIMADOS, QUISIERA SABER LOS COSTOS DE PRIMER AÑO PARA MI HIJO JUAN."
Email,Solicito información de pensiones y detalles para 1ero secundaria. Atte: Gabriel.
Web,documentos para traslado a inicial 4 años. Postulante: Juan.
WhatsApp,SABER SI HAY ESPACIOS EN INICIAL 3 AÑOS PARA SOFIA. GRACIAS.
WhatsApp,Saber si hay vacantes en 6to primaria para Gabriel. Gracias.
Email,Solicito información de pagos y detalles para 6to primaria. Atte: Valentina.
WhatsApp,<p><b>Saber si hay espacios en primer grado para Ana. Gracias.</b></p>
Web,entrevistas de admision para 5to secundaria. Mi menor es Juan.
WhatsApp,Hola hay espacios para inicial 4 años? Mi niño se llama Lucia.
Email,"Estimados, quisiera saber los pagos de inicial 4 años para mi hijo Ana."
Email,"ESTIMADOS, QUISIERA SABER LOS PAGOS DE INICIAL 4 AÑOS PARA MI HIJO JUAN."
Email,"Estimados, quisiera saber los costos de primer grado para mi hijo Lucia."
WhatsApp,Hola hay espacios para 5to secundaria? Mi niño se llama Valentina.
Email,"ESTIMADOS, QUISIERA SABER LOS PENSIONES DE INICIAL 5 AÑOS PARA MI HIJO CAMILA."
WhatsApp,Hola hay cupos para inicial 3 años? Mi niño se llama Ana.
Email,Solicito información de precios y detalles para 5to secundaria. Atte: Valentina.
WhatsApp,Saber si hay espacios en 6to primaria para Ana. Gracias.
Email,Solicito información de pensiones y detalles para 5to secundaria. Atte: Elena.
Web,entrevistas de admision para primer año. Mi menor es Juan.
WhatsApp,Hola hay espacios para 1ero secundaria? Mi niño se llama Elena.
WhatsApp,<p><b>Hola hay vacantes para primer grado? Mi niño se llama Lucia.</b></p>
Email,"ESTIMADOS, QUISIERA SABER LOS PRECIOS DE INICIAL 3 AÑOS PARA MI HIJO NICOLAS."
Email,"<p><b>Estimados, quisiera saber los pagos de inicial 3 años para mi hijo Sebastian.</b></p>"
WhatsApp,Saber si hay lugares en 1ero secundaria para Juan. Gracias.
WhatsApp,Hola hay disponibilidad de ingreso para secundaria? Mi niño se llama Elena.
Web,DOCUMENTOS PARA TRASLADO A INICIAL 5 AÑOS. POSTULANTE: LUCIA.
Email,"Estimados, quisiera saber los pensiones de 6to primaria para mi hijo Maria."
Email,Solicito información de cuotas y detalles para 5to secundaria. Atte: Elena.
Email,"Estimados, quisiera saber los pagos de inicial 4 años para mi hijo Luis."
Email,Solicito información de mensualidad y detalles para 6to primaria. Atte: Valentina.
WhatsApp,Hola hay lugares para 5to secundaria? Mi niño se llama Juan.
Email,Solicito información de precios y detalles para secundaria. Atte: Nicolas.
Email,<p><b>Solicito información de pensiones y detalles para 1ero secundaria. Atte: Ana.</b></p>
WhatsApp,Saber si hay espacios en primer año para Maria. Gracias.
Email,Solicito información de mensualidad y detalles para primer año. Atte: Gabriel.
Email,Solicito información de mensualidad y detalles para inicial 4 años. Atte: Lucia.
Web,CITAS DE ADMISION PARA PRIMER GRADO. MI MENOR ES VALENTINA.
Web,cronograma de admision para secundaria. Mi menor es Thiago.
WhatsApp,HOLA HAY DISPONIBILIDAD DE INGRESO PARA PRIMER GRADO? MI NIÑO SE LLAMA SEBASTIAN.
Web,CHARLAS DE ADMISION PARA 5TO SECUNDARIA. MI MENOR ES ELENA.
Web,cronograma de admision para secundaria. Mi menor es Camila.
Web,<p><b>ficha de matrícula para traslado a inicial 4 años. Postulante: Luis.</b></p>
Email,"Estimados, quisiera saber los pensiones de primer año para mi hijo Mateo."
Email,"Estimados, quisiera saber los precios de 6to primaria para mi hijo Maria."
Email,Solicito información de pensiones y detalles para inicial 3 años. Atte: Camila.
Email,"Estimados, quisiera saber los pagos de 1ero primaria para mi hijo Sofia."
WhatsApp,Hola hay lugares para primer año? Mi niño se llama Sebastian.
Email,"Estimados, quisiera saber los pagos de inicial 5 años para mi hijo Pedro."
Email,"Estimados, quisiera saber los pensiones de 1ero primaria para mi hijo Pedro."
Web,<p><b>entrevistas de admision para primer año. Mi menor es Maria.</b></p>
WhatsApp,Saber si hay disponibilidad de ingreso en 1ero secundaria para Pedro. Gracias.
Email,Solicito información de pagos y detalles para 1ero primaria. Atte: Nicolas.
Email,"ESTIMADOS, QUISIERA SABER LOS MENSUALIDAD DE 5TO SECUNDARIA PARA MI HIJO LUIS."
Email,"<p><b>Estimados, quisiera saber los precios de 6to primaria para mi hijo Ana.</b></p>"
Email,"Estimados, quisiera saber los costos de 5to secundaria para mi hijo Gabriel."
Web,ficha de matrícula para traslado a 1ero secundaria. Postulante: Pedro.
WhatsApp,Saber si hay espacios en 5to secundaria para Camila. Gracias.
WhatsApp,<p><b>Saber si hay lugares en primer año para Sofia. Gracias.</b></p>
WhatsApp,Hola hay disponibilidad de ingreso para inicial 3 años? Mi niño se llama Thiago.
Email,Solicito información de precios y detalles para 1ero secundaria. Atte: Juan.
WhatsApp,Hola hay espacios para secundaria? Mi niño se llama Elena.
WhatsApp,Hola hay vacantes para secundaria? Mi niño se llama Nicolas.
WhatsApp,Hola hay disponibilidad de ingreso para 5to secundaria? Mi niño se llama Luis.
Email,Solicito información de cuotas y detalles para inicial 5 años. Atte: Maria.
Web,ficha de matrícula para traslado a 5to secundaria. Postulante: Elena.
Web,CHARLAS DE ADMISION PARA PRIMER AÑO. MI MENOR ES GABRIEL.
Email,Solicito información de pensiones y detalles para 1ero secundaria. Atte: Pedro.
Web,CRONOGRAMA DE ADMISION PARA 6TO PRIMARIA. MI MENOR ES LUCIA.
Web,reunión de admision para 5to secundaria. Mi menor es Luis.
WhatsApp,Saber si hay lugares en inicial 5 años para Thiago. Gracias.
WhatsApp,<p><b>Saber si hay lugares en primer año para Juan. Gracias.</b></p>
Web,<p><b>papeles para traslado a 1ero secundaria. Postulante: Ana.</b></p>
Email,<p><b>Solicito información de mensualidad y detalles para primer grado. Atte: Elena.</b></p>
Web,entrevistas de admision para inicial 3 años. Mi menor es Lucia.
WhatsApp,Saber si hay cupos en primer año para Mateo. Gracias.
WhatsApp,<p><b>Hola hay vacantes para primer grado? Mi niño se llama Mateo.</b></p>
Email,"ESTIMADOS, QUISIERA SABER LOS CUOTAS DE INICIAL 3 AÑOS PARA MI HIJO ANA."
Web,ENTREVISTAS DE ADMISION PARA SECUNDARIA. MI MENOR ES THIAGO.
Web,charlas de admision para 6to primaria. Mi menor es Luis.
WhatsApp,<p><b>Saber si hay cupos en 5to secundaria para Luis. Gracias.</b></p>
WhatsApp,SABER SI HAY CUPOS EN 6TO PRIMARIA PARA NICOLAS. GRACIAS.
Web,<p><b>reunión de admision para 6to primaria. Mi menor es Sofia.</b></p>
Web,citas de admision para inicial 4 años. Mi menor es Mateo.
Web,<p><b>citas de admision para 6to primaria. Mi menor es Pedro.</b></p>
WhatsApp,Saber si hay cupos en 1ero secundaria para Sebastian. Gracias.
WhatsApp,Hola hay vacantes para primer grado? Mi niño se llama Sebastian.
Web,documentos para traslado a 5to secundaria. Postulante: Lucia.
Email,Solicito información de pagos y detalles para 1ero secundaria. Atte: Elena.
WhatsApp,Saber si hay cupos en inicial 4 años para Juan. Gracias.
Email,Solicito información de pensiones y detalles para 1ero secundaria. Atte: Sofia.
Email,Solicito información de precios y detalles para secundaria. Atte: Thiago.
Email,"<p><b>Estimados, quisiera saber los cuotas de 6to primaria para mi hijo Pedro.</b></p>"
Web,<p><b>cronograma de admision para secundaria. Mi menor es Mateo.</b></p>
WhatsApp,Hola hay espacios para 1ero secundaria? Mi niño se llama Juan.
WhatsApp,Hola hay vacantes para inicial 3 años? Mi niño se llama Gabriel.
Email,Solicito información de precios y detalles para 1ero secundaria. Atte: Sebastian.
WhatsApp,SABER SI HAY DISPONIBILIDAD DE INGRESO EN INICIAL 4 AÑOS PARA NICOLAS. GRACIAS.
Web,DOCUMENTOS PARA TRASLADO A 6TO PRIMARIA. POSTULANTE: PEDRO.
Web,documentos para traslado a inicial 5 años. Postulante: Camila.
Web,documentos para traslado a inicial 4 años. Postulante: Sofia.
WhatsApp,<p><b>Hola hay lugares para inicial 4 años? Mi niño se llama Nicolas.</b></p>
Web,<p><b>papeles para traslado a 5to secundaria. Postulante: Ana.</b></p>
Web,ficha de matrícula para traslado a 1ero primaria. Postulante: Elena.
Email,Solicito información de pensiones y detalles para primer año. Atte: Elena.
WhatsApp,Hola hay espacios para 6to primaria? Mi niño se llama Sebastian.
WhatsApp,Saber si hay vacantes en 1ero primaria para Gabriel. Gracias.
Web,<p><b>charlas de admision para inicial 5 años. Mi menor es Gabriel.</b></p>
Web,entrevistas de admision para 1ero secundaria. Mi menor es Nicolas.
WhatsApp,HOLA HAY LUGARES PARA INICIAL 4 AÑOS? MI NIÑO SE LLAMA THIAGO.
Web,documentación para traslado a inicial 3 años. Postulante: Thiago.
Web,documentación para traslado a inicial 5 años. Postulante: Luis.
WhatsApp,<p><b>Saber si hay espacios en 1ero primaria para Camila. Gracias.</b></p>
WhatsApp,Hola hay disponibilidad de ingreso para 1ero secundaria? Mi niño se llama Sebastian.
Web,documentos para traslado a inicial 5 años. Postulante: Juan.
WhatsApp,Saber si hay espacios en 5to secundaria para Maria. Gracias.
Web,papeles para traslado a 1ero primaria. Postulante: Elena.
Email,Solicito información de pensiones y detalles para 5to secundaria. Atte: Maria.
Web,FICHA DE MATRÍCULA PARA TRASLADO A INICIAL 3 AÑOS. POSTULANTE: MATEO.
WhatsApp,Hola hay lugares para 1ero secundaria? Mi niño se llama Sebastian.
Web,ficha de matrícula para traslado a 6to primaria. Postulante: Luis.
Email,SOLICITO INFORMACIÓN DE CUOTAS Y DETALLES PARA 6TO PRIMARIA. ATTE: JUAN.
WhatsApp,Hola hay disponibilidad de ingreso para 1ero primaria? Mi niño se llama Nicolas.
Email,"ESTIMADOS, QUISIERA SABER LOS MENSUALIDAD DE 6TO PRIMARIA PARA MI HIJO ANA."
Web,charlas de admision para 6to primaria. Mi menor es Pedro.
Web,charlas de admision para inicial 4 años. Mi menor es Pedro.
Web,PARTIDAS PARA TRASLADO A PRIMER GRADO. POSTULANTE: MARIA.
Email,Solicito información de cuotas y detalles para primer grado. Atte: Thiago.
Email,SOLICITO INFORMACIÓN DE MENSUALIDAD Y DETALLES PARA INICIAL 5 AÑOS. ATTE: SOFIA.
WhatsApp,Saber si hay disponibilidad de ingreso en secundaria para Luis. Gracias.
Web,citas de admision para inicial 4 años. Mi menor es Juan.
Email,Solicito información de pensiones y detalles para 6to primaria. Atte: Maria.
WhatsApp,Hola hay disponibilidad de ingreso para secundaria? Mi niño se llama Maria.
WhatsApp,<p><b>Hola hay lugares para 5to secundaria? Mi niño se llama Lucia.</b></p>
WhatsApp,SABER SI HAY VACANTES EN INICIAL 5 AÑOS PARA LUCIA. GRACIAS.
WhatsApp,HOLA HAY ESPACIOS PARA PRIMER GRADO? MI NIÑO SE LLAMA VALENTINA.
Web,<p><b>reunión de admision para inicial 4 años. Mi menor es Luis.</b></p>
Web,PAPELES PARA TRASLADO A 1ERO PRIMARIA. POSTULANTE: MATEO.
Web,PAPELES PARA TRASLADO A 1ERO PRIMARIA. POSTULANTE: NICOLAS.
Email,<p><b>Solicito información de pagos y detalles para primer año. Atte: Camila.</b></p>
Email,Solicito información de costos y detalles para inicial 3 años. Atte: Maria.
Email,"Estimados, quisiera saber los cuotas de inicial 3 años para mi hijo Elena."
Web,reunión de admision para 1ero primaria. Mi menor es Luis.
Email,SOLICITO INFORMACIÓN DE PRECIOS Y DETALLES PARA PRIMER AÑO. ATTE: ANA.
WhatsApp,SABER SI HAY CUPOS EN INICIAL 3 AÑOS PARA VALENTINA. GRACIAS.
Email,Solicito información de pensiones y detalles para primer grado. Atte: Sebastian.
Email,"Estimados, quisiera saber los precios de 6to primaria para mi hijo Thiago."
Web,charlas de admision para 1ero primaria. Mi menor es Nicolas.
Email,Solicito información de pagos y detalles para inicial 3 años. Atte: Pedro.
Web,<p><b>citas de admision para primer año. Mi menor es Elena.</b></p>
Web,PAPELES PARA TRASLADO A SECUNDARIA. POSTULANTE: GABRIEL.
Email,"Estimados, quisiera saber los costos de inicial 3 años para mi hijo Sofia."
Web,requisitos para traslado a inicial 4 años. Postulante: Lucia.
WhatsApp,Hola hay cupos para inicial 4 años? Mi niño se llama Valentina.
Email,"<p><b>Estimados, quisiera saber los cuotas de 1ero primaria para mi hijo Mateo.</b></p>"
Web,CHARLAS DE ADMISION PARA 6TO PRIMARIA. MI MENOR ES LUCIA.
Web,documentación para traslado a inicial 4 años. Postulante: Valentina.
WhatsApp,Saber si hay disponibilidad de ingreso en 1ero secundaria para Sofia. Gracias.
Web,reunión de admision para 1ero primaria. Mi menor es Thiago.
Email,<p><b>Solicito información de cuotas y detalles para inicial 5 años. Atte: Elena.</b></p>
WhatsApp,Saber si hay lugares en inicial 3 años para Ana. Gracias.
Web,ficha de matrícula para traslado a inicial 3 años. Postulante: Mateo.
WhatsApp,<p><b>Saber si hay cupos en inicial 4 años para Mateo. Gracias.</b></p>
Web,charlas de admision para inicial 4 años. Mi menor es Camila.
WhatsApp,Hola hay espacios para primer año? Mi niño se llama Luis.
WhatsApp,HOLA HAY CUPOS PARA 6TO PRIMARIA? MI NIÑO SE LLAMA CAMILA.
Email,Solicito información de pagos y detalles para inicial 4 años. Atte: Luis.
WhatsApp,Saber si hay cupos en 6to primaria para Nicolas. Gracias.
Web,<p><b>reunión de admision para primer grado. Mi menor es Thiago.</b></p>
WhatsApp,HOLA HAY VACANTES PARA 5TO SECUNDARIA? MI NIÑO SE LLAMA NICOLAS.
Email,<p><b>Solicito información de cuotas y detalles para 1ero secundaria. Atte: Elena.</b></p>
Email,"Estimados, quisiera saber los pensiones de inicial 4 años para mi hijo Mateo."
Email,"Estimados, quisiera saber los cuotas de secundaria para mi hijo Pedro."
Web,<p><b>ficha de matrícula para traslado a 5to secundaria. Postulante: Sofia.</b></p>
Email,"Estimados, quisiera saber los pagos de primer año para mi hijo Luis."
WhatsApp,Hola hay vacantes para 5to secundaria? Mi niño se llama Gabriel.
Email,Solicito información de precios y detalles para 6to primaria. Atte: Gabriel.
Email,"Estimados, quisiera saber los precios de primer año para mi hijo Thiago."
Email,SOLICITO INFORMACIÓN DE COSTOS Y DETALLES PARA INICIAL 3 AÑOS. ATTE: PEDRO.
Web,partidas para traslado a secundaria. Postulante: Pedro.
Email,"Estimados, quisiera saber los cuotas de inicial 3 años para mi hijo Sofia."
WhatsApp,Hola hay espacios para 5to secundaria? Mi niño se llama Sebastian.
Web,cronograma de admision para primer grado. Mi menor es Elena.
Email,"Estimados, quisiera saber los pagos de 5to secundaria para mi hijo Elena."
Email,Solicito información de precios y detalles para secundaria. Atte: Lucia.
WhatsApp,Hola hay cupos para 5to secundaria? Mi niño se llama Camila.
WhatsApp,Hola hay espacios para 1ero secundaria? Mi niño se llama Sebastian.
Web,PARTIDAS PARA TRASLADO A PRIMER GRADO. POSTULANTE: THIAGO.
Email,SOLICITO INFORMACIÓN DE PAGOS Y DETALLES PARA 1ERO PRIMARIA. ATTE: ELENA.
WhatsApp,Hola hay lugares para 6to primaria? Mi niño se llama Ana.
Web,reunión de admision para 1ero primaria. Mi menor es Juan.
Web,<p><b>citas de admision para inicial 3 años. Mi menor es Juan.</b></p>
WhatsApp,Hola hay cupos para primer año? Mi niño se llama Camila.
Web,documentación para traslado a inicial 3 años. Postulante: Lucia.
WhatsApp,<p><b>Hola hay vacantes para secundaria? Mi niño se llama Maria.</b></p>
Web,papeles para traslado a 6to primaria. Postulante: Pedro.
Email,"Estimados, quisiera saber los pensiones de 5to secundaria para mi hijo Thiago."
Email,"Estimados, quisiera saber los pagos de inicial 3 años para mi hijo Juan."
WhatsApp,Saber si hay cupos en inicial 4 años para Lucia. Gracias.
Web,PARTIDAS PARA TRASLADO A 5TO SECUNDARIA. POSTULANTE: ANA.
Email,"ESTIMADOS, QUISIERA SABER LOS PRECIOS DE INICIAL 4 AÑOS PARA MI HIJO SOFIA."
Email,"Estimados, quisiera saber los pensiones de secundaria para mi hijo Nicolas."
Email,Solicito información de pagos y detalles para primer año. Atte: Maria.
WhatsApp,Saber si hay disponibilidad de ingreso en 1ero primaria para Thiago. Gracias.
Email,"ESTIMADOS, QUISIERA SABER LOS PRECIOS DE 1ERO PRIMARIA PARA MI HIJO LUCIA."
Email,<p><b>Solicito información de precios y detalles para 1ero primaria. Atte: Camila.</b></p>
Web,CITAS DE ADMISION PARA INICIAL 5 AÑOS. MI MENOR ES PEDRO.
Email,<p><b>Solicito información de costos y detalles para inicial 5 años. Atte: Luis.</b></p>
Web,<p><b>documentos para traslado a 6to primaria. Postulante: Gabriel.</b></p>
Web,papeles para traslado a 6to primaria. Postulante: Luis.
WhatsApp,HOLA HAY LUGARES PARA PRIMER GRADO? MI NIÑO SE LLAMA SEBASTIAN.
WhatsApp,Hola hay disponibilidad de ingreso para inicial 5 años? Mi niño se llama Gabriel.
Web,documentos para traslado a primer grado. Postulante: Nicolas.
WhatsApp,Hola hay disponibilidad de ingreso para 1ero secundaria? Mi niño se llama Gabriel.
WhatsApp,Saber si hay vacantes en primer grado para Camila. Gracias.
WhatsApp,Saber si hay disponibilidad de ingreso en inicial 4 años para Nicolas. Gracias.
WhatsApp,<p><b>Saber si hay espacios en primer año para Pedro. Gracias.</b></p>
Web,citas de admision para inicial 5 años. Mi menor es Mateo.
Web,entrevistas de admision para 6to primaria. Mi menor es Pedro.
WhatsApp,Hola hay vacantes para 1ero primaria? Mi niño se llama Sebastian.
WhatsApp,Saber si hay vacantes en 1ero primaria para Sebastian. Gracias.
Email,"Estimados, quisiera saber los cuotas de 1ero secundaria para mi hijo Maria."
Web,cronograma de admision para inicial 5 años. Mi menor es Elena.
WhatsApp,Saber si hay disponibilidad de ingreso en inicial 3 años para Sofia. Gracias.
Web,ficha de matrícula para traslado a inicial 4 años. Postulante: Luis.
WhatsApp,<p><b>Saber si hay espacios en primer año para Lucia. Gracias.</b></p>
Email,Solicito información de costos y detalles para primer año. Atte: Luis.
WhatsApp,Hola hay vacantes para 6to primaria? Mi niño se llama Sebastian.
WhatsApp,SABER SI HAY CUPOS EN INICIAL 4 AÑOS PARA ANA. GRACIAS.
WhatsApp,Saber si hay vacantes en 6to primaria para Nicolas. Gracias.
Web,entrevistas de admision para inicial 5 años. Mi menor es Valentina.
Web,papeles para traslado a 1ero primaria. Postulante: Sebastian.
Email,"<p><b>Estimados, quisiera saber los costos de primer grado para mi hijo Lucia.</b></p>"
Web,ficha de matrícula para traslado a 5to secundaria. Postulante: Ana.
Web,charlas de admision para inicial 4 años. Mi menor es Thiago.
Web,entrevistas de admision para 1ero primaria. Mi menor es Mateo.
Email,SOLICITO INFORMACIÓN DE PENSIONES Y DETALLES PARA 1ERO PRIMARIA. ATTE: MATEO.
Web,papeles para traslado a inicial 4 años. Postulante: Nicolas.
Email,"<p><b>Estimados, quisiera saber los cuotas de 1ero secundaria para mi hijo Valentina.</b></p>"
WhatsApp,<p><b>Saber si hay lugares en primer año para Sofia. Gracias.</b></p>
WhatsApp,Hola hay disponibilidad de ingreso para 6to primaria? Mi niño se llama Juan.
Web,reunión de admision para inicial 5 años. Mi menor es Mateo.
WhatsApp,Saber si hay lugares en 5to secundaria para Camila. Gracias.
Web,FICHA DE MATRÍCULA PARA TRASLADO A PRIMER GRADO. POSTULANTE: GABRIEL.
Web,<p><b>citas de admision para 1ero secundaria. Mi menor es Sofia.</b></p>
Email,Solicito información de costos y detalles para 5to secundaria. Atte: Pedro.
WhatsApp,<p><b>Hola hay vacantes para 1ero secundaria? Mi niño se llama Sebastian.</b></p>
Web,cronograma de admision para secundaria. Mi menor es Luis.
Web,partidas para traslado a inicial 3 años. Postulante: Ana.
WhatsApp,Hola hay espacios para primer año? Mi niño se llama Valentina.
Email,SOLICITO INFORMACIÓN DE COSTOS Y DETALLES PARA 6TO PRIMARIA. ATTE: PEDRO.
Email,"ESTIMADOS, QUISIERA SABER LOS CUOTAS DE 6TO PRIMARIA PARA MI HIJO LUCIA."
WhatsApp,Saber si hay cupos en inicial 5 años para Sofia. Gracias.
Email,"<p><b>Estimados, quisiera saber los pagos de 6to primaria para mi hijo Sofia.</b></p>"
Web,DOCUMENTOS PARA TRASLADO A INICIAL 5 AÑOS. POSTULANTE: MATEO.
WhatsApp,<p><b>Hola hay vacantes para primer grado? Mi niño se llama Thiago.</b></p>
WhatsApp,Saber si hay lugares en secundaria para Thiago. Gracias.
Web,charlas de admision para 6to primaria. Mi menor es Lucia.
Email,Solicito información de pensiones y detalles para primer año. Atte: Pedro.
Email,"Estimados, quisiera saber los precios de 1ero primaria para mi hijo Sofia."
Email,Solicito información de pagos y detalles para 6to primaria. Atte: Lucia.
Web,cronograma de admision para secundaria. Mi menor es Elena.
WhatsApp,HOLA HAY LUGARES PARA 6TO PRIMARIA? MI NIÑO SE LLAMA THIAGO.
Email,Solicito información de pensiones y detalles para 1ero secundaria. Atte: Valentina.
WhatsApp,Hola hay espacios para primer grado? Mi niño se llama Thiago.
Web,<p><b>requisitos para traslado a inicial 3 años. Postulante: Sofia.</b></p>
Web,citas de admision para 6to primaria. Mi menor es Juan.
WhatsApp,Hola hay lugares para inicial 4 años? Mi niño se llama Sofia.
Email,"Estimados, quisiera saber los cuotas de 5to secundaria para mi hijo Ana."
Email,Solicito información de pagos y detalles para inicial 3 años. Atte: Ana.
WhatsApp,Hola hay disponibilidad de ingreso para 1ero secundaria? Mi niño se llama Luis.
Web,PAPELES PARA TRASLADO A PRIMER GRADO. POSTULANTE: VALENTINA.
WhatsApp,Saber si hay cupos en primer grado para Lucia. Gracias.
Email,Solicito información de cuotas y detalles para 6to primaria. Atte: Pedro.
WhatsApp,Saber si hay disponibilidad de ingreso en inicial 3 años para Sofia. Gracias.
WhatsApp,Saber si hay lugares en 1ero primaria para Ana. Gracias.
WhatsApp,Saber si hay espacios en inicial 3 años para Mateo. Gracias.
Web,citas de admision para 6to primaria. Mi menor es Nicolas.
WhatsApp,Hola hay espacios para primer año? Mi niño se llama Gabriel.
WhatsApp,Hola hay disponibilidad de ingreso para 6to primaria? Mi niño se llama Nicolas.
WhatsApp,Saber si hay lugares en 1ero primaria para Gabriel. Gracias.
Web,<p><b>partidas para traslado a 6to primaria. Postulante: Valentina.</b></p>
WhatsApp,Hola hay disponibilidad de ingreso para secundaria? Mi niño se llama Pedro.
Email,"Estimados, quisiera saber los cuotas de 6to primaria para mi hijo Juan."
Email,Solicito información de cuotas y detalles para primer grado. Atte: Sofia.
Web,documentación para traslado a inicial 4 años. Postulante: Camila.
Email,Solicito información de pagos y detalles para inicial 3 años. Atte: Pedro.
WhatsApp,Saber si hay espacios en 1ero secundaria para Mateo. Gracias.
Email,Solicito información de costos y detalles para inicial 5 años. Atte: Nicolas.
WhatsApp,Saber si hay espacios en inicial 3 años para Luis. Gracias.
WhatsApp,<p><b>Hola hay lugares para 1ero primaria? Mi niño se llama Luis.</b></p>
Web,reunión de admision para primer grado. Mi menor es Juan.
Web,cronograma de admision para inicial 4 años. Mi menor es Elena.
Email,"Estimados, quisiera saber los pensiones de 5to secundaria para mi hijo Camila."
Web,charlas de admision para primer grado. Mi menor es Thiago.
Email,"Estimados, quisiera saber los pensiones de inicial 3 años para mi hijo Sebastian."
Web,charlas de admision para 5to secundaria. Mi menor es Camila.
Email,<p><b>Solicito información de precios y detalles para inicial 4 años. Atte: Camila.</b></p>
Email,Solicito información de costos y detalles para 1ero secundaria. Atte: Mateo.
Web,DOCUMENTACIÓN PARA TRASLADO A 1ERO SECUNDARIA. POSTULANTE: ANA.
Email,<p><b>Solicito información de precios y detalles para inicial 3 años. Atte: Juan.</b></p>
Web,cronograma de admision para inicial 4 años. Mi menor es Juan.
Web,FICHA DE MATRÍCULA PARA TRASLADO A 5TO SECUNDARIA. POSTULANTE: VALENTINA.
Web,partidas para traslado a inicial 4 años. Postulante: Sofia.
Web,charlas de admision para 5to secundaria. Mi menor es Gabriel.
Email,SOLICITO INFORMACIÓN DE MENSUALIDAD Y DETALLES PARA 6TO PRIMARIA. ATTE: MATEO.
WhatsApp,SABER SI HAY ESPACIOS EN 1ERO PRIMARIA PARA GABRIEL. GRACIAS.
WhatsApp,SABER SI HAY LUGARES EN PRIMER AÑO PARA NICOLAS. GRACIAS.
Email,"Estimados, quisiera saber los pensiones de primer año para mi hijo Ana."
Email,"Estimados, quisiera saber los mensualidad de inicial 5 años para mi hijo Maria."
Web,<p><b>ficha de matrícula para traslado a secundaria. Postulante: Nicolas.</b></p>
Email,"Estimados, quisiera saber los pagos de inicial 5 años para mi hijo Valentina."
Email,"Estimados, quisiera saber los mensualidad de secundaria para mi hijo Valentina."
Web,cronograma de admision para 1ero primaria. Mi menor es Valentina.
Email,Solicito información de costos y detalles para inicial 4 años. Atte: Mateo.
Email,"Estimados, quisiera saber los costos de primer año para mi hijo Valentina."
Email,"Estimados, quisiera saber los mensualidad de secundaria para mi hijo Camila."
Email,"Estimados, quisiera saber los cuotas de 6to primaria para mi hijo Pedro."
Email,"Estimados, quisiera saber los costos de inicial 5 años para mi hijo Sebastian."
WhatsApp,Saber si hay cupos en primer año para Mateo. Gracias.
Email,Solicito información de mensualidad y detalles para primer año. Atte: Valentina.
Web,<p><b>reunión de admision para inicial 4 años. Mi menor es Lucia.</b></p>
WhatsApp,<p><b>Saber si hay disponibilidad de ingreso en inicial 5 años para Sebastian. Gracias.</b></p>
WhatsApp,Saber si hay disponibilidad de ingreso en 1ero primaria para Lucia. Gracias.
Email,"<p><b>Estimados, quisiera saber los cuotas de primer grado para mi hijo Ana.</b></p>"
WhatsApp,Saber si hay vacantes en 6to primaria para Pedro. Gracias.
Email,Solicito información de pensiones y detalles para inicial 3 años. Atte: Nicolas.
WhatsApp,Saber si hay disponibilidad de ingreso en secundaria para Thiago. Gracias.
Email,"ESTIMADOS, QUISIERA SABER LOS PAGOS DE INICIAL 5 AÑOS PARA MI HIJO PEDRO."
Email,"Estimados, quisiera saber los cuotas de 6to primaria para mi hijo Gabriel."
WhatsApp,<p><b>Hola hay lugares para 5to secundaria? Mi niño se llama Luis.</b></p>
Web,citas de admision para primer año. Mi menor es Maria.
WhatsApp,HOLA HAY DISPONIBILIDAD DE INGRESO PARA PRIMER AÑO? MI NIÑO SE LLAMA LUIS.
Email,"<p><b>Estimados, quisiera saber los cuotas de secundaria para mi hijo Valentina.</b></p>"
Email,"Estimados, quisiera saber los mensualidad de secundaria para mi hijo Nicolas."
Email,Solicito información de cuotas y detalles para primer año. Atte: Mateo.
WhatsApp,<p><b>Saber si hay vacantes en inicial 4 años para Sebastian. Gracias.</b></p>
Email,"<p><b>Estimados, quisiera saber los precios de primer año para mi hijo Mateo.</b></p>"
Web,partidas para traslado a primer grado. Postulante: Sofia.
WhatsApp,Hola hay vacantes para primer grado? Mi niño se llama Pedro.
WhatsApp,Saber si hay espacios en primer grado para Mateo. Gracias.
WhatsApp,Hola hay vacantes para inicial 4 años? Mi niño se llama Pedro.
Email,Solicito información de pagos y detalles para 5to secundaria. Atte: Sofia.
WhatsApp,<p><b>Hola hay espacios para 1ero secundaria? Mi niño se llama Maria.</b></p>
WhatsApp,HOLA HAY CUPOS PARA PRIMER AÑO? MI NIÑO SE LLAMA THIAGO.
WhatsApp,Hola hay lugares para primer año? Mi niño se llama Maria.
Email,Solicito información de precios y detalles para 6to primaria. Atte: Gabriel.
WhatsApp,Saber si hay espacios en inicial 4 años para Gabriel. Gracias.
Email,Solicito información de mensualidad y detalles para primer año. Atte: Lucia.
Web,ficha de matrícula para traslado a 6to primaria. Postulante: Valentina.
WhatsApp,Hola hay cupos para inicial 5 años? Mi niño se llama Sofia.
Web,papeles para traslado a inicial 4 años. Postulante: Sofia.
WhatsApp,Saber si hay lugares en inicial 4 años para Valentina. Gracias.
Web,REUNIÓN DE ADMISION PARA PRIMER GRADO. MI MENOR ES LUCIA.
Web,papeles para traslado a 6to primaria. Postulante: Nicolas.
Web,REUNIÓN DE ADMISION PARA INICIAL 4 AÑOS. MI MENOR ES LUIS.
WhatsApp,<p><b>Hola hay espacios para inicial 3 años? Mi niño se llama Nicolas.</b></p>
WhatsApp,Hola hay espacios para inicial 4 años? Mi niño se llama Mateo.
Web,cronograma de admision para inicial 5 años. Mi menor es Pedro.
WhatsApp,Hola hay espacios para 6to primaria? Mi niño se llama Gabriel.
Web,<p><b>cronograma de admision para primer grado. Mi menor es Gabriel.</b></p>
Email,"Estimados, quisiera saber los mensualidad de 1ero primaria para mi hijo Ana."
Web,<p><b>documentación para traslado a 5to secundaria. Postulante: Juan.</b></p>
WhatsApp,SABER SI HAY LUGARES EN INICIAL 3 AÑOS PARA ELENA. GRACIAS.
Web,cronograma de admision para 1ero secundaria. Mi menor es Luis.
WhatsApp,<p><b>Saber si hay cupos en primer año para Luis. Gracias.</b></p>
Web,requisitos para traslado a 1ero secundaria. Postulante: Pedro.
Web,partidas para traslado a primer año. Postulante: Sofia.
Email,SOLICITO INFORMACIÓN DE CUOTAS Y DETALLES PARA PRIMER AÑO. ATTE: LUIS.
Web,<p><b>charlas de admision para inicial 3 años. Mi menor es Gabriel.</b></p>
Web,entrevistas de admision para 1ero secundaria. Mi menor es Valentina.
Email,"Estimados, quisiera saber los pagos de 6to primaria para mi hijo Thiago."
WhatsApp,Hola hay lugares para 5to secundaria? Mi niño se llama Ana.
Web,reunión de admision para primer año. Mi menor es Valentina.
WhatsApp,SABER SI HAY VACANTES EN PRIMER AÑO PARA SEBASTIAN. GRACIAS.
Web,ficha de matrícula para traslado a 1ero secundaria. Postulante: Thiago.
WhatsApp,Saber si hay disponibilidad de ingreso en 1ero primaria para Maria. Gracias.
WhatsApp,Saber si hay lugares en primer año para Luis. Gracias.
Web,PAPELES PARA TRASLADO A 5TO SECUNDARIA. POSTULANTE: THIAGO.
Web,cronograma de admision para primer grado. Mi menor es Sofia.
Email,"Estimados, quisiera saber los costos de 1ero secundaria para mi hijo Pedro."
Email,"Estimados, quisiera saber los pagos de primer grado para mi hijo Mateo."
Email,"<p><b>Estimados, quisiera saber los pagos de 1ero primaria para mi hijo Mateo.</b></p>"
Email,Solicito información de mensualidad y detalles para 6to primaria. Atte: Gabriel.
Email,SOLICITO INFORMACIÓN DE PENSIONES Y DETALLES PARA PRIMER GRADO. ATTE: ANA.
WhatsApp,Saber si hay espacios en primer grado para Elena. Gracias.
Web,papeles para traslado a secundaria. Postulante: Elena.
Email,Solicito información de precios y detalles para secundaria. Atte: Luis.
Email,"ESTIMADOS, QUISIERA SABER LOS CUOTAS DE 6TO PRIMARIA PARA MI HIJO VALENTINA."
WhatsApp,Saber si hay cupos en inicial 5 años para Sebastian. Gracias.
WhatsApp,<p><b>Saber si hay cupos en primer año para Gabriel. Gracias.</b></p>
Email,Solicito información de mensualidad y detalles para primer grado. Atte: Pedro.
Email,"<p><b>Estimados, quisiera saber los pagos de inicial 5 años para mi hijo Elena.</b></p>"
Web,ENTREVISTAS DE ADMISION PARA PRIMER GRADO. MI MENOR ES JUAN.
Web,DOCUMENTOS PARA TRASLADO A PRIMER AÑO. POSTULANTE: SOFIA.
Email,Solicito información de cuotas y detalles para primer año. Atte: Elena.
Email,"Estimados, quisiera saber los precios de inicial 5 años para mi hijo Thiago."
Web,DOCUMENTACIÓN PARA TRASLADO A INICIAL 4 AÑOS. POSTULANTE: LUIS.
Web,<p><b>documentos para traslado a secundaria. Postulante: Mateo.</b></p>
Web,CHARLAS DE ADMISION PARA INICIAL 4 AÑOS. MI MENOR ES LUCIA.
Email,Solicito información de precios y detalles para inicial 3 años. Atte: Juan.
WhatsApp,Saber si hay espacios en 6to primaria para Sebastian. Gracias.
Web,REQUISITOS PARA TRASLADO A 1ERO SECUNDARIA. POSTULANTE: MARIA.
Email,"Estimados, quisiera saber los mensualidad de 1ero secundaria para mi hijo Sofia."
WhatsApp,Hola hay espacios para 1ero primaria? Mi niño se llama Maria.
WhatsApp,Hola hay disponibilidad de ingreso para primer grado? Mi niño se llama Camila.
Email,"Estimados, quisiera saber los mensualidad de 6to primaria para mi hijo Sebastian."
Email,Solicito información de pensiones y detalles para 5to secundaria. Atte: Gabriel.
Web,papeles para traslado a 1ero primaria. Postulante: Sebastian.
Email,"Estimados, quisiera saber los precios de 1ero primaria para mi hijo Ana."
WhatsApp,<p><b>Saber si hay vacantes en secundaria para Valentina. Gracias.</b></p>
WhatsApp,<p><b>Saber si hay vacantes en primer año para Ana. Gracias.</b></p>
Web,PARTIDAS PARA TRASLADO A PRIMER GRADO. POSTULANTE: LUCIA.
Email,Solicito información de pensiones y detalles para inicial 5 años. Atte: Nicolas.
WhatsApp,Saber si hay cupos en secundaria para Gabriel. Gracias.
Email,Solicito información de costos y detalles para 1ero primaria. Atte: Gabriel.
Web,entrevistas de admision para inicial 4 años. Mi menor es Juan.
Email,<p><b>Solicito información de pagos y detalles para 5to secundaria. Atte: Valentina.</b></p>
WhatsApp,Saber si hay espacios en inicial 5 años para Juan. Gracias.
WhatsApp,Saber si hay lugares en 1ero secundaria para Gabriel. Gracias.
Web,REQUISITOS PARA TRASLADO A INICIAL 5 AÑOS. POSTULANTE: SEBASTIAN.
WhatsApp,<p><b>Saber si hay lugares en 1ero primaria para Gabriel. Gracias.</b></p>
WhatsApp,SABER SI HAY LUGARES EN SECUNDARIA PARA THIAGO. GRACIAS.
Email,Solicito información de cuotas y detalles para secundaria. Atte: Mateo.
Web,documentación para traslado a inicial 4 años. Postulante: Mateo.
Web,entrevistas de admision para inicial 3 años. Mi menor es Elena.
Email,Solicito información de pensiones y detalles para inicial 3 años. Atte: Lucia.
Email,"Estimados, quisiera saber los precios de inicial 4 años para mi hijo Maria."
WhatsApp,<p><b>Saber si hay vacantes en 1ero primaria para Nicolas. Gracias.</b></p>
WhatsApp,Hola hay lugares para secundaria? Mi niño se llama Lucia.
WhatsApp,Saber si hay lugares en primer grado para Gabriel. Gracias.
Web,cronograma de admision para 6to primaria. Mi menor es Nicolas.
Email,"ESTIMADOS, QUISIERA SABER LOS PRECIOS DE INICIAL 3 AÑOS PARA MI HIJO GABRIEL."
Email,SOLICITO INFORMACIÓN DE MENSUALIDAD Y DETALLES PARA 1ERO SECUNDARIA. ATTE: MATEO.
Email,SOLICITO INFORMACIÓN DE MENSUALIDAD Y DETALLES PARA 1ERO SECUNDARIA. ATTE: LUIS.
WhatsApp,Hola hay cupos para 1ero secundaria? Mi niño se llama Ana.
WhatsApp,Hola hay espacios para inicial 4 años? Mi niño se llama Sofia.
Web,charlas de admision para 5to secundaria. Mi menor es Gabriel.
Email,Solicito información de cuotas y detalles para 5to secundaria. Atte: Sebastian.
WhatsApp,SABER SI HAY ESPACIOS EN 5TO SECUNDARIA PARA NICOLAS. GRACIAS.
WhatsApp,HOLA HAY VACANTES PARA PRIMER AÑO? MI NIÑO SE LLAMA PEDRO.
Email,"ESTIMADOS, QUISIERA SABER LOS PRECIOS DE 1ERO SECUNDARIA PARA MI HIJO MARIA."
WhatsApp,Saber si hay espacios en primer grado para Camila. Gracias.
Email,Solicito información de costos y detalles para 1ero primaria. Atte: Maria.
Web,documentación para traslado a 1ero primaria. Postulante: Sofia.
Web,<p><b>ficha de matrícula para traslado a 5to secundaria. Postulante: Sofia.</b></p>
Web,citas de admision para inicial 4 años. Mi menor es Sebastian.
Email,"ESTIMADOS, QUISIERA SABER LOS COSTOS DE 1ERO PRIMARIA PARA MI HIJO THIAGO."
Web,<p><b>cronograma de admision para 1ero secundaria. Mi menor es Mateo.</b></p>
Web,documentación para traslado a inicial 4 años. Postulante: Maria.
WhatsApp,Saber si hay espacios en 1ero secundaria para Sofia. Gracias.
WhatsApp,Saber si hay vacantes en 1ero primaria para Sebastian. Gracias.
WhatsApp,Saber si hay vacantes en 1ero primaria para Sofia. Gracias.
WhatsApp,Saber si hay lugares en 5to secundaria para Ana. Gracias.
WhatsApp,Saber si hay disponibilidad de ingreso en primer año para Camila. Gracias.
WhatsApp,Hola hay vacantes para inicial 5 años? Mi niño se llama Ana.
Web,ficha de matrícula para traslado a 5to secundaria. Postulante: Gabriel.
Email,"Estimados, quisiera saber los costos de 1ero secundaria para mi hijo Juan."
WhatsApp,Saber si hay espacios en inicial 5 años para Pedro. Gracias.
WhatsApp,SABER SI HAY CUPOS EN 1ERO PRIMARIA PARA GABRIEL. GRACIAS.
Email,"Estimados, quisiera saber los cuotas de secundaria para mi hijo Maria."
Web,DOCUMENTACIÓN PARA TRASLADO A 1ERO PRIMARIA. POSTULANTE: LUCIA.
Email,"Estimados, quisiera saber los precios de primer grado para mi hijo Pedro."
WhatsApp,Hola hay lugares para inicial 5 años? Mi niño se llama Camila.
WhatsApp,Hola hay cupos para 6to primaria? Mi niño se llama Camila.
Web,documentos para traslado a inicial 5 años. Postulante: Valentina.
WhatsApp,Hola hay lugares para primer grado? Mi niño se llama Elena.
Email,"<p><b>Estimados, quisiera saber los mensualidad de 1ero secundaria para mi hijo Juan.</b></p>"
Web,partidas para traslado a 6to primaria. Postulante: Valentina.
Web,reunión de admision para inicial 4 años. Mi menor es Maria.
Email,Solicito información de cuotas y detalles para primer año. Atte: Thiago.
Email,Solicito información de precios y detalles para 5to secundaria. Atte: Maria.
WhatsApp,Hola hay cupos para inicial 3 años? Mi niño se llama Pedro.
Web,<p><b>ficha de matrícula para traslado a 1ero secundaria. Postulante: Maria.</b></p>
Email,Solicito información de cuotas y detalles para primer año. Atte: Nicolas.
WhatsApp,Saber si hay vacantes en primer año para Mateo. Gracias.
WhatsApp,<p><b>Saber si hay vacantes en inicial 3 años para Lucia. Gracias.</b></p>
Email,"<p><b>Estimados, quisiera saber los pensiones de inicial 4 años para mi hijo Luis.</b></p>"
WhatsApp,Saber si hay disponibilidad de ingreso en 1ero secundaria para Maria. Gracias.
WhatsApp,Saber si hay lugares en 1ero primaria para Thiago. Gracias.
WhatsApp,Saber si hay vacantes en 6to primaria para Ana. Gracias.
WhatsApp,<p><b>Hola hay espacios para inicial 5 años? Mi niño se llama Maria.</b></p>
Web,papeles para traslado a primer grado. Postulante: Thiago.
WhatsApp,<p><b>Saber si hay disponibilidad de ingreso en primer año para Sofia. Gracias.</b></p>
WhatsApp,<p><b>Saber si hay espacios en primer grado para Maria. Gracias.</b></p>
Web,DOCUMENTACIÓN PARA TRASLADO A PRIMER GRADO. POSTULANTE: LUCIA.
WhatsApp,<p><b>Hola hay vacantes para secundaria? Mi niño se llama Nicolas.</b></p>
Web,citas de admision para primer año. Mi menor es Pedro.
WhatsApp,Hola hay vacantes para 1ero secundaria? Mi niño se llama Elena.
Web,<p><b>cronograma de admision para 1ero secundaria. Mi menor es Ana.</b></p>
WhatsApp,Hola hay vacantes para 1ero secundaria? Mi niño se llama Sebastian.
Email,Solicito información de costos y detalles para 1ero secundaria. Atte: Sofia.
WhatsApp,<p><b>Saber si hay lugares en primer grado para Camila. Gracias.</b></p>
Web,PAPELES PARA TRASLADO A SECUNDARIA. POSTULANTE: GABRIEL.
Email,"Estimados, quisiera saber los precios de 1ero primaria para mi hijo Mateo."
Web,DOCUMENTOS PARA TRASLADO A INICIAL 4 AÑOS. POSTULANTE: ELENA.
Email,"<p><b>Estimados, quisiera saber los costos de inicial 5 años para mi hijo Lucia.</b></p>"
Web,<p><b>reunión de admision para inicial 3 años. Mi menor es Nicolas.</b></p>
Web,papeles para traslado a secundaria. Postulante: Valentina.
Email,"ESTIMADOS, QUISIERA SABER LOS CUOTAS DE PRIMER AÑO PARA MI HIJO NICOLAS."
WhatsApp,Hola hay lugares para secundaria? Mi niño se llama Nicolas.
WhatsApp,Saber si hay vacantes en primer grado para Valentina. Gracias.
Email,"Estimados, quisiera saber los mensualidad de inicial 4 años para mi hijo Pedro."
WhatsApp,Hola hay lugares para inicial 3 años? Mi niño se llama Thiago.
Email,Solicito información de costos y detalles para 5to secundaria. Atte: Gabriel.
WhatsApp,Hola hay cupos para 1ero secundaria? Mi niño se llama Thiago.
Email,Solicito información de cuotas y detalles para 1ero secundaria. Atte: Juan.
Web,ENTREVISTAS DE ADMISION PARA SECUNDARIA. MI MENOR ES JUAN.
Web,documentación para traslado a 1ero secundaria. Postulante: Sebastian.
WhatsApp,SABER SI HAY LUGARES EN 5TO SECUNDARIA PARA MARIA. GRACIAS.
Email,Solicito información de precios y detalles para primer año. Atte: Ana.
WhatsApp,Hola hay espacios para inicial 4 años? Mi niño se llama Juan.
WhatsApp,Saber si hay cupos en primer grado para Sebastian. Gracias.
WhatsApp,SABER SI HAY VACANTES EN 5TO SECUNDARIA PARA ANA. GRACIAS.
Email,Solicito información de cuotas y detalles para 6to primaria. Atte: Camila.
Email,<p><b>Solicito información de pagos y detalles para secundaria. Atte: Thiago.</b></p>
Web,CITAS DE ADMISION PARA SECUNDARIA. MI MENOR ES LUIS.
Web,REQUISITOS PARA TRASLADO A INICIAL 4 AÑOS. POSTULANTE: LUIS.
Email,"Estimados, quisiera saber los cuotas de primer grado para mi hijo Lucia."
WhatsApp,Saber si hay espacios en inicial 4 años para Valentina. Gracias.
Web,papeles para traslado a inicial 3 años. Postulante: Thiago.
Email,"<p><b>Estimados, quisiera saber los cuotas de 1ero secundaria para mi hijo Mateo.</b></p>"
Web,REQUISITOS PARA TRASLADO A PRIMER GRADO. POSTULANTE: ANA.
Web,<p><b>papeles para traslado a inicial 3 años. Postulante: Camila.</b></p>
WhatsApp,Saber si hay disponibilidad de ingreso en inicial 5 años para Sebastian. Gracias.
Email,"Estimados, quisiera saber los pensiones de primer año para mi hijo Thiago."
Web,REQUISITOS PARA TRASLADO A 6TO PRIMARIA. POSTULANTE: NICOLAS.
WhatsApp,HOLA HAY LUGARES PARA 1ERO SECUNDARIA? MI NIÑO SE LLAMA THIAGO.
WhatsApp,Saber si hay cupos en 1ero primaria para Sofia. Gracias.
WhatsApp,Saber si hay cupos en primer grado para Juan. Gracias.
WhatsApp,Saber si hay disponibilidad de ingreso en 1ero primaria para Pedro. Gracias.
Email,"ESTIMADOS, QUISIERA SABER LOS PAGOS DE INICIAL 5 AÑOS PARA MI HIJO SEBASTIAN."
WhatsApp,Hola hay lugares para primer año? Mi niño se llama Gabriel.
Email,Solicito información de pensiones y detalles para inicial 5 años. Atte: Juan.
Web,<p><b>citas de admision para 5to secundaria. Mi menor es Sebastian.</b></p>
Web,charlas de admision para 1ero primaria. Mi menor es Elena.
Email,Solicito información de pagos y detalles para primer grado. Atte: Maria.
WhatsApp,<p><b>Hola hay cupos para primer grado? Mi niño se llama Maria.</b></p>
WhatsApp,Saber si hay disponibilidad de ingreso en primer grado para Gabriel. Gracias.
WhatsApp,Saber si hay disponibilidad de ingreso en 6to primaria para Mateo. Gracias.
Web,partidas para traslado a primer grado. Postulante: Pedro.
WhatsApp,Saber si hay espacios en inicial 5 años para Gabriel. Gracias.
Web,ENTREVISTAS DE ADMISION PARA SECUNDARIA. MI MENOR ES JUAN.
WhatsApp,Saber si hay lugares en inicial 3 años para Elena. Gracias.
WhatsApp,Saber si hay vacantes en inicial 4 años para Elena. Gracias.
WhatsApp,<p><b>Hola hay disponibilidad de ingreso para 6to primaria? Mi niño se llama Gabriel.</b></p>
WhatsApp,<p><b>Hola hay vacantes para inicial 4 años? Mi niño se llama Thiago.</b></p>
WhatsApp,Hola hay cupos para inicial 4 años? Mi niño se llama Camila.
Web,papeles para traslado a 6to primaria. Postulante: Mateo.
Web,CHARLAS DE ADMISION PARA INICIAL 5 AÑOS. MI MENOR ES THIAGO.
Email,"<p><b>Estimados, quisiera saber los cuotas de 1ero secundaria para mi hijo Maria.</b></p>"
Email,"Estimados, quisiera saber los precios de 1ero secundaria para mi hijo Maria."
WhatsApp,<p><b>Hola hay espacios para inicial 3 años? Mi niño se llama Gabriel.</b></p>
WhatsApp,Hola hay lugares para primer año? Mi niño se llama Lucia.
Web,REQUISITOS PARA TRASLADO A 5TO SECUNDARIA. POSTULANTE: ANA.
WhatsApp,Saber si hay disponibilidad de ingreso en 1ero primaria para Mateo. Gracias.
Web,documentación para traslado a 5to secundaria. Postulante: Sofia.
WhatsApp,Saber si hay cupos en secundaria para Juan. Gracias.
Email,Solicito información de cuotas y detalles para primer año. Atte: Gabriel.
WhatsApp,<p><b>Hola hay cupos para inicial 5 años? Mi niño se llama Thiago.</b></p>
Web,DOCUMENTOS PARA TRASLADO A SECUNDARIA. POSTULANTE: PEDRO.
Web,reunión de admision para secundaria. Mi menor es Valentina.
Email,"Estimados, quisiera saber los pensiones de primer año para mi hijo Mateo."
WhatsApp,<p><b>Hola hay lugares para 1ero secundaria? Mi niño se llama Ana.</b></p>
Web,<p><b>charlas de admision para inicial 4 años. Mi menor es Valentina.</b></p>
WhatsApp,<p><b>Hola hay vacantes para primer grado? Mi niño se llama Gabriel.</b></p>
WhatsApp,<p><b>Hola hay lugares para 6to primaria? Mi niño se llama Elena.</b></p>
Email,"<p><b>Estimados, quisiera saber los costos de inicial 3 años para mi hijo Camila.</b></p>"
WhatsApp,<p><b>Hola hay cupos para secundaria? Mi niño se llama Juan.</b></p>
WhatsApp,Saber si hay disponibilidad de ingreso en primer grado para Nicolas. Gracias.
Email,"<p><b>Estimados, quisiera saber los costos de inicial 4 años para mi hijo Ana.</b></p>"
WhatsApp,Hola hay lugares para 6to primaria? Mi niño se llama Lucia.
Email,"Estimados, quisiera saber los pagos de 1ero primaria para mi hijo Juan."
Web,documentos para traslado a inicial 4 años. Postulante: Nicolas.
Web,cronograma de admision para 1ero primaria. Mi menor es Lucia.
Email,"Estimados, quisiera saber los precios de primer año para mi hijo Sebastian."
WhatsApp,HOLA HAY VACANTES PARA INICIAL 4 AÑOS? MI NIÑO SE LLAMA SOFIA.
WhatsApp,Saber si hay cupos en primer grado para Maria. Gracias.
Web,entrevistas de admision para inicial 5 años. Mi menor es Luis.
WhatsApp,Saber si hay cupos en inicial 3 años para Sofia. Gracias.
WhatsApp,Saber si hay lugares en secundaria para Camila. Gracias.
Email,Solicito información de mensualidad y detalles para 1ero secundaria. Atte: Camila.
WhatsApp,SABER SI HAY CUPOS EN SECUNDARIA PARA SOFIA. GRACIAS.
Email,Solicito información de pensiones y detalles para primer año. Atte: Ana.
Email,Solicito información de pensiones y detalles para 1ero secundaria. Atte: Pedro.
Web,documentos para traslado a primer año. Postulante: Thiago.
Web,<p><b>requisitos para traslado a inicial 5 años. Postulante: Juan.</b></p>
Web,cronograma de admision para 1ero secundaria. Mi menor es Sebastian.
Web,requisitos para traslado a primer grado. Postulante: Sofia.
Email,"Estimados, quisiera saber los pagos de inicial 3 años para mi hijo Luis."
WhatsApp,Saber si hay cupos en inicial 5 años para Valentina. Gracias.
WhatsApp,<p><b>Hola hay espacios para 5to secundaria? Mi niño se llama Maria.</b></p>
WhatsApp,Saber si hay vacantes en 1ero primaria para Elena. Gracias.
Web,citas de admision para primer grado. Mi menor es Camila.
WhatsApp,Saber si hay cupos en 5to secundaria para Ana. Gracias.
WhatsApp,Saber si hay espacios en primer año para Maria. Gracias.
Web,partidas para traslado a primer grado. Postulante: Maria.
WhatsApp,Hola hay disponibilidad de ingreso para primer año? Mi niño se llama Sebastian.
Web,partidas para traslado a secundaria. Postulante: Mateo.
Web,<p><b>requisitos para traslado a inicial 5 años. Postulante: Mateo.</b></p>
Email,SOLICITO INFORMACIÓN DE PRECIOS Y DETALLES PARA 6TO PRIMARIA. ATTE: VALENTINA.
Email,Solicito información de pensiones y detalles para primer grado. Atte: Camila.
Email,"Estimados, quisiera saber los pagos de primer grado para mi hijo Sebastian."
Email,Solicito información de pagos y detalles para inicial 4 años. Atte: Nicolas.
Web,<p><b>ficha de matrícula para traslado a inicial 5 años. Postulante: Lucia.</b></p>
Web,reunión de admision para primer grado. Mi menor es Thiago.
Email,"ESTIMADOS, QUISIERA SABER LOS PENSIONES DE INICIAL 4 AÑOS PARA MI HIJO ELENA."
Web,cronograma de admision para primer año. Mi menor es Lucia.
Email,<p><b>Solicito información de pagos y detalles para 6to primaria. Atte: Ana.</b></p>
WhatsApp,Hola hay disponibilidad de ingreso para inicial 4 años? Mi niño se llama Pedro.
Web,cronograma de admision para secundaria. Mi menor es Thiago.
WhatsApp,<p><b>Saber si hay vacantes en secundaria para Elena. Gracias.</b></p>
WhatsApp,Saber si hay vacantes en inicial 4 años para Elena. Gracias.
WhatsApp,SABER SI HAY VACANTES EN 5TO SECUNDARIA PARA LUCIA. GRACIAS.
Web,<p><b>cronograma de admision para 5to secundaria. Mi menor es Maria.</b></p>
Web,FICHA DE MATRÍCULA PARA TRASLADO A PRIMER GRADO. POSTULANTE: MATEO.
Web,entrevistas de admision para primer año. Mi menor es Pedro.
WhatsApp,HOLA HAY ESPACIOS PARA 5TO SECUNDARIA? MI NIÑO SE LLAMA THIAGO.
WhatsApp,<p><b>Hola hay espacios para inicial 4 años? Mi niño se llama Elena.</b></p>
Email,"<p><b>Estimados, quisiera saber los mensualidad de primer año para mi hijo Lucia.</b></p>"
Email,Solicito información de pagos y detalles para 5to secundaria. Atte: Juan.
WhatsApp,<p><b>Hola hay espacios para secundaria? Mi niño se llama Valentina.</b></p>
Web,<p><b>ficha de matrícula para traslado a primer año. Postulante: Gabriel.</b></p>
Web,requisitos para traslado a 6to primaria. Postulante: Thiago.
Web,CHARLAS DE ADMISION PARA INICIAL 3 AÑOS. MI MENOR ES LUIS.
Web,citas de admision para 6to primaria. Mi menor es Camila.
Email,<p><b>Solicito información de costos y detalles para 5to secundaria. Atte: Sofia.</b></p>
Web,requisitos para traslado a inicial 5 años. Postulante: Ana.
Email,Solicito información de pensiones y detalles para 5to secundaria. Atte: Ana.
Email,Solicito información de pagos y detalles para inicial 4 años. Atte: Camila.
Web,papeles para traslado a primer año. Postulante: Valentina.
Web,documentos para traslado a primer grado. Postulante: Camila.
Email,SOLICITO INFORMACIÓN DE PENSIONES Y DETALLES PARA PRIMER GRADO. ATTE: MATEO.
WhatsApp,Saber si hay espacios en 6to primaria para Valentina. Gracias.
Email,Solicito información de costos y detalles para inicial 5 años. Atte: Elena.
Email,"Estimados, quisiera saber los pensiones de 6to primaria para mi hijo Sofia."
Email,SOLICITO INFORMACIÓN DE PRECIOS Y DETALLES PARA 5TO SECUNDARIA. ATTE: NICOLAS.
Email,"<p><b>Estimados, quisiera saber los mensualidad de inicial 5 años para mi hijo Luis.</b></p>"
Web,CHARLAS DE ADMISION PARA 1ERO PRIMARIA. MI MENOR ES JUAN.
WhatsApp,Hola hay disponibilidad de ingreso para inicial 3 años? Mi niño se llama Maria.
Web,ficha de matrícula para traslado a inicial 3 años. Postulante: Valentina.
Email,Solicito información de pagos y detalles para inicial 5 años. Atte: Gabriel.
Web,CRONOGRAMA DE ADMISION PARA 6TO PRIMARIA. MI MENOR ES PEDRO.
WhatsApp,HOLA HAY ESPACIOS PARA 1ERO SECUNDARIA? MI NIÑO SE LLAMA SEBASTIAN.
WhatsApp,SABER SI HAY CUPOS EN 1ERO PRIMARIA PARA ANA. GRACIAS.
Web,partidas para traslado a 6to primaria. Postulante: Camila.
Web,reunión de admision para inicial 5 años. Mi menor es Camila.
WhatsApp,Hola hay cupos para primer año? Mi niño se llama Sebastian.
WhatsApp,SABER SI HAY ESPACIOS EN 1ERO PRIMARIA PARA NICOLAS. GRACIAS.
WhatsApp,Hola hay cupos para primer grado? Mi niño se llama Maria.
WhatsApp,Hola hay lugares para 1ero primaria? Mi niño se llama Sofia.
WhatsApp,<p><b>Hola hay vacantes para secundaria? Mi niño se llama Camila.</b></p>
Email,Solicito información de costos y detalles para primer grado. Atte: Camila.
Email,<p><b>Solicito información de mensualidad y detalles para 6to primaria. Atte: Mateo.</b></p>
WhatsApp,SABER SI HAY LUGARES EN INICIAL 3 AÑOS PARA SEBASTIAN. GRACIAS.
Web,documentación para traslado a inicial 5 años. Postulante: Lucia.
Web,<p><b>requisitos para traslado a 1ero secundaria. Postulante: Ana.</b></p>
Web,<p><b>requisitos para traslado a 5to secundaria. Postulante: Elena.</b></p>
WhatsApp,Hola hay espacios para 6to primaria? Mi niño se llama Sofia.
Email,<p><b>Solicito información de costos y detalles para primer año. Atte: Nicolas.</b></p>
Email,Solicito información de precios y detalles para inicial 3 años. Atte: Pedro.
Web,ENTREVISTAS DE ADMISION PARA SECUNDARIA. MI MENOR ES MARIA.
WhatsApp,Hola hay lugares para 1ero secundaria? Mi niño se llama Thiago.
Web,CITAS DE ADMISION PARA PRIMER AÑO. MI MENOR ES NICOLAS.
Email,Solicito información de precios y detalles para 6to primaria. Atte: Maria.
WhatsApp,Saber si hay cupos en primer año para Pedro. Gracias.
WhatsApp,Saber si hay disponibilidad de ingreso en 5to secundaria para Lucia. Gracias.
Email,"Estimados, quisiera saber los costos de inicial 3 años para mi hijo Mateo."
WhatsApp,Saber si hay espacios en inicial 4 años para Sofia. Gracias.
Web,<p><b>documentación para traslado a inicial 3 años. Postulante: Camila.</b></p>
WhatsApp,Hola hay lugares para inicial 4 años? Mi niño se llama Lucia.
WhatsApp,<p><b>Saber si hay vacantes en inicial 4 años para Lucia. Gracias.</b></p>
Web,<p><b>citas de admision para 5to secundaria. Mi menor es Camila.</b></p>
Email,"Estimados, quisiera saber los precios de inicial 5 años para mi hijo Sofia."
WhatsApp,Saber si hay disponibilidad de ingreso en primer grado para Pedro. Gracias.
Email,Solicito información de cuotas y detalles para inicial 4 años. Atte: Luis.
WhatsApp,<p><b>Saber si hay lugares en primer año para Gabriel. Gracias.</b></p>
Email,Solicito información de mensualidad y detalles para inicial 3 años. Atte: Thiago.
Email,"Estimados, quisiera saber los pensiones de inicial 4 años para mi hijo Camila."
WhatsApp,HOLA HAY LUGARES PARA 5TO SECUNDARIA? MI NIÑO SE LLAMA NICOLAS.
Web,<p><b>partidas para traslado a inicial 5 años. Postulante: Nicolas.</b></p>
Email,<p><b>Solicito información de precios y detalles para 1ero primaria. Atte: Elena.</b></p>
WhatsApp,Hola hay disponibilidad de ingreso para 5to secundaria? Mi niño se llama Mateo.
WhatsApp,Hola hay vacantes para 5to secundaria? Mi niño se llama Gabriel.
WhatsApp,<p><b>Hola hay vacantes para 1ero secundaria? Mi niño se llama Camila.</b></p>
Web,<p><b>charlas de admision para inicial 5 años. Mi menor es Elena.</b></p>
Email,"Estimados, quisiera saber los cuotas de primer año para mi hijo Pedro."
Web,partidas para traslado a primer año. Postulante: Nicolas.
Email,"Estimados, quisiera saber los cuotas de inicial 4 años para mi hijo Valentina."
WhatsApp,HOLA HAY CUPOS PARA PRIMER AÑO? MI NIÑO SE LLAMA VALENTINA.
Web,partidas para traslado a 6to primaria. Postulante: Ana.
Email,Solicito información de costos y detalles para secundaria. Atte: Sofia.
Email,<p><b>Solicito información de precios y detalles para primer grado. Atte: Valentina.</b></p>
Web,REQUISITOS PARA TRASLADO A 1ERO SECUNDARIA. POSTULANTE: LUCIA.
WhatsApp,<p><b>Saber si hay disponibilidad de ingreso en inicial 5 años para Valentina. Gracias.</b></p>
Email,"ESTIMADOS, QUISIERA SABER LOS MENSUALIDAD DE 1ERO PRIMARIA PARA MI HIJO LUCIA."
Web,<p><b>papeles para traslado a primer año. Postulante: Lucia.</b></p>
Email,"ESTIMADOS, QUISIERA SABER LOS PRECIOS DE 5TO SECUNDARIA PARA MI HIJO LUIS."
Email,"Estimados, quisiera saber los costos de inicial 3 años para mi hijo Juan."
Web,ficha de matrícula para traslado a inicial 5 años. Postulante: Thiago.
WhatsApp,HOLA HAY DISPONIBILIDAD DE INGRESO PARA 5TO SECUNDARIA? MI NIÑO SE LLAMA ELENA.
Web,charlas de admision para secundaria. Mi menor es Camila.
Web,<p><b>citas de admision para secundaria. Mi menor es Sofia.</b></p>
Web,entrevistas de admision para 1ero secundaria. Mi menor es Sofia.
Email,"Estimados, quisiera saber los costos de inicial 5 años para mi hijo Valentina."
WhatsApp,Saber si hay disponibilidad de ingreso en inicial 4 años para Lucia. Gracias.
Web,partidas para traslado a primer año. Postulante: Sebastian.
Email,Solicito información de precios y detalles para 5to secundaria. Atte: Valentina.
Web,entrevistas de admision para inicial 3 años. Mi menor es Elena.
Email,"Estimados, quisiera saber los mensualidad de inicial 3 años para mi hijo Gabriel."
Web,entrevistas de admision para 1ero primaria. Mi menor es Gabriel.
WhatsApp,<p><b>Hola hay lugares para 5to secundaria? Mi niño se llama Elena.</b></p>
WhatsApp,Saber si hay cupos en inicial 3 años para Camila. Gracias.
Email,Solicito información de pensiones y detalles para 6to primaria. Atte: Nicolas.
Web,entrevistas de admision para inicial 5 años. Mi menor es Maria.
WhatsApp,Hola hay cupos para 1ero secundaria? Mi niño se llama Ana.
Web,<p><b>charlas de admision para 6to primaria. Mi menor es Elena.</b></p>
Email,SOLICITO INFORMACIÓN DE CUOTAS Y DETALLES PARA INICIAL 3 AÑOS. ATTE: GABRIEL.
WhatsApp,Hola hay espacios para inicial 5 años? Mi niño se llama Sebastian.
Email,<p><b>Solicito información de costos y detalles para 5to secundaria. Atte: Camila.</b></p>
WhatsApp,Hola hay espacios para 1ero primaria? Mi niño se llama Camila.
Web,citas de admision para inicial 4 años. Mi menor es Sebastian.
Web,cronograma de admision para 1ero primaria. Mi menor es Lucia.
WhatsApp,Hola hay lugares para inicial 5 años? Mi niño se llama Mateo.
Web,citas de admision para 1ero secundaria. Mi menor es Sofia.
Email,Solicito información de costos y detalles para 5to secundaria. Atte: Lucia.
Email,"ESTIMADOS, QUISIERA SABER LOS PRECIOS DE INICIAL 3 AÑOS PARA MI HIJO MATEO."
WhatsApp,<p><b>Saber si hay disponibilidad de ingreso en inicial 4 años para Nicolas. Gracias.</b></p>
Web,ENTREVISTAS DE ADMISION PARA 1ERO SECUNDARIA. MI MENOR ES SOFIA.
Email,Solicito información de pagos y detalles para 6to primaria. Atte: Sofia.
WhatsApp,<p><b>Saber si hay disponibilidad de ingreso en primer año para Camila. Gracias.</b></p>
Email,SOLICITO INFORMACIÓN DE CUOTAS Y DETALLES PARA INICIAL 5 AÑOS. ATTE: LUIS.
WhatsApp,SABER SI HAY VACANTES EN PRIMER AÑO PARA ANA. GRACIAS.
Email,Solicito información de cuotas y detalles para inicial 5 años. Atte: Ana.
Email,Solicito información de pagos y detalles para inicial 5 años. Atte: Camila.
Web,papeles para traslado a secundaria. Postulante: Valentina.
Web,<p><b>reunión de admision para primer grado. Mi menor es Maria.</b></p>
Email,"Estimados, quisiera saber los pensiones de 1ero secundaria para mi hijo Valentina."
WhatsApp,Saber si hay cupos en inicial 3 años para Mateo. Gracias.
WhatsApp,<p><b>Hola hay lugares para 5to secundaria? Mi niño se llama Camila.</b></p>
Email,<p><b>Solicito información de mensualidad y detalles para 5to secundaria. Atte: Mateo.</b></p>
WhatsApp,Saber si hay disponibilidad de ingreso en inicial 5 años para Juan. Gracias.
Email,Solicito información de precios y detalles para 6to primaria. Atte: Pedro.
Email,"Estimados, quisiera saber los mensualidad de inicial 3 años para mi hijo Ana."
Email,Solicito información de pensiones y detalles para 5to secundaria. Atte: Mateo.
WhatsApp,SABER SI HAY ESPACIOS EN INICIAL 4 AÑOS PARA ELENA. GRACIAS.
Email,Solicito información de pagos y detalles para inicial 5 años. Atte: Gabriel.
Web,citas de admision para primer grado. Mi menor es Sofia.
Email,"Estimados, quisiera saber los pensiones de 1ero secundaria para mi hijo Luis."
Web,documentos para traslado a 1ero secundaria. Postulante: Maria.
Email,<p><b>Solicito información de pagos y detalles para 5to secundaria. Atte: Lucia.</b></p>
WhatsApp,<p><b>Hola hay lugares para inicial 4 años? Mi niño se llama Ana.</b></p>
WhatsApp,Saber si hay vacantes en 1ero secundaria para Lucia. Gracias.
Email,"ESTIMADOS, QUISIERA SABER LOS MENSUALIDAD DE SECUNDARIA PARA MI HIJO CAMILA."
WhatsApp,Hola hay lugares para 1ero primaria? Mi niño se llama Sebastian.
Web,charlas de admision para primer año. Mi menor es Luis.
Web,documentación para traslado a inicial 3 años. Postulante: Ana.
WhatsApp,Hola hay vacantes para 1ero primaria? Mi niño se llama Nicolas.
WhatsApp,Hola hay cupos para primer grado? Mi niño se llama Mateo.
Web,entrevistas de admision para 1ero secundaria. Mi menor es Camila.
Web,documentación para traslado a inicial 5 años. Postulante: Lucia.
Email,Solicito información de pagos y detalles para 1ero secundaria. Atte: Valentina.
WhatsApp,Saber si hay espacios en inicial 4 años para Luis. Gracias.
Web,requisitos para traslado a inicial 4 años. Postulante: Valentina.
Web,reunión de admision para 5to secundaria. Mi menor es Juan.
WhatsApp,Saber si hay disponibilidad de ingreso en inicial 4 años para Pedro. Gracias.
WhatsApp,Hola hay disponibilidad de ingreso para inicial 3 años? Mi niño se llama Juan.
WhatsApp,<p><b>Saber si hay vacantes en inicial 3 años para Gabriel. Gracias.</b></p>
WhatsApp,SABER SI HAY VACANTES EN INICIAL 3 AÑOS PARA SEBASTIAN. GRACIAS.
Email,Solicito información de pensiones y detalles para 5to secundaria. Atte: Valentina.
Email,"ESTIMADOS, QUISIERA SABER LOS PAGOS DE INICIAL 5 AÑOS PARA MI HIJO NICOLAS."
Web,<p><b>reunión de admision para secundaria. Mi menor es Elena.</b></p>
WhatsApp,<p><b>Saber si hay cupos en primer grado para Maria. Gracias.</b></p>
WhatsApp,Hola hay disponibilidad de ingreso para primer año? Mi niño se llama Maria.
WhatsApp,Hola hay disponibilidad de ingreso para 1ero primaria? Mi niño se llama Lucia.
Email,SOLICITO INFORMACIÓN DE CUOTAS Y DETALLES PARA PRIMER AÑO. ATTE: MARIA.
Email,"Estimados, quisiera saber los cuotas de inicial 4 años para mi hijo Maria."
Email,Solicito información de mensualidad y detalles para 6to primaria. Atte: Elena.
Web,reunión de admision para inicial 5 años. Mi menor es Elena.
Email,Solicito información de pagos y detalles para primer grado. Atte: Thiago.
Email,"ESTIMADOS, QUISIERA SABER LOS PRECIOS DE 1ERO SECUNDARIA PARA MI HIJO SOFIA."
Email,"<p><b>Estimados, quisiera saber los precios de inicial 5 años para mi hijo Maria.</b></p>"
WhatsApp,SABER SI HAY VACANTES EN SECUNDARIA PARA MARIA. GRACIAS.
WhatsApp,Saber si hay espacios en 1ero secundaria para Luis. Gracias.
Email,"Estimados, quisiera saber los costos de inicial 5 años para mi hijo Juan."
Email,"Estimados, quisiera saber los pagos de inicial 3 años para mi hijo Valentina."
Web,entrevistas de admision para inicial 4 años. Mi menor es Thiago.
WhatsApp,Saber si hay espacios en 1ero primaria para Pedro. Gracias.
Email,"ESTIMADOS, QUISIERA SABER LOS CUOTAS DE INICIAL 3 AÑOS PARA MI HIJO PEDRO."
Email,"Estimados, quisiera saber los mensualidad de 1ero secundaria para mi hijo Elena."
WhatsApp,HOLA HAY ESPACIOS PARA INICIAL 3 AÑOS? MI NIÑO SE LLAMA ELENA.
WhatsApp,Saber si hay vacantes en primer año para Maria. Gracias.
Email,Solicito información de pagos y detalles para inicial 5 años. Atte: Lucia.
Email,Solicito información de pensiones y detalles para 1ero primaria. Atte: Pedro.
WhatsApp,Hola hay disponibilidad de ingreso para 1ero primaria? Mi niño se llama Gabriel.
Web,cronograma de admision para 5to secundaria. Mi menor es Lucia.
Web,ficha de matrícula para traslado a 6to primaria. Postulante: Sofia.
Web,<p><b>documentación para traslado a 6to primaria. Postulante: Sofia.</b></p>
WhatsApp,Hola hay cupos para 6to primaria? Mi niño se llama Sofia.
Web,CITAS DE ADMISION PARA 1ERO PRIMARIA. MI MENOR ES MATEO.
Email,<p><b>Solicito información de cuotas y detalles para secundaria. Atte: Ana.</b></p>
Email,"<p><b>Estimados, quisiera saber los cuotas de 1ero primaria para mi hijo Camila.</b></p>"
WhatsApp,Hola hay vacantes para 6to primaria? Mi niño se llama Luis.
WhatsApp,Saber si hay lugares en 5to secundaria para Lucia. Gracias.
Web,PARTIDAS PARA TRASLADO A 6TO PRIMARIA. POSTULANTE: NICOLAS.
WhatsApp,Hola hay vacantes para secundaria? Mi niño se llama Thiago.
Email,"<p><b>Estimados, quisiera saber los mensualidad de inicial 5 años para mi hijo Camila.</b></p>"
Email,"Estimados, quisiera saber los precios de secundaria para mi hijo Lucia."
WhatsApp,<p><b>Hola hay cupos para primer grado? Mi niño se llama Elena.</b></p>
Email,SOLICITO INFORMACIÓN DE PRECIOS Y DETALLES PARA INICIAL 5 AÑOS. ATTE: JUAN.
Email,"ESTIMADOS, QUISIERA SABER LOS PENSIONES DE INICIAL 5 AÑOS PARA MI HIJO ELENA."
WhatsApp,Saber si hay espacios en primer grado para Elena. Gracias.
WhatsApp,Hola hay vacantes para 6to primaria? Mi niño se llama Sebastian.
WhatsApp,SABER SI HAY DISPONIBILIDAD DE INGRESO EN INICIAL 5 AÑOS PARA NICOLAS. GRACIAS.
WhatsApp,Saber si hay lugares en secundaria para Thiago. Gracias.
WhatsApp,Saber si hay espacios en primer grado para Pedro. Gracias.
Web,CITAS DE ADMISION PARA INICIAL 4 AÑOS. MI MENOR ES GABRIEL.
Web,FICHA DE MATRÍCULA PARA TRASLADO A 6TO PRIMARIA. POSTULANTE: SEBASTIAN.
WhatsApp,Hola hay espacios para secundaria? Mi niño se llama Mateo.
WhatsApp,Saber si hay cupos en inicial 3 años para Maria. Gracias.
Web,<p><b>charlas de admision para primer grado. Mi menor es Lucia.</b></p>
WhatsApp,SABER SI HAY ESPACIOS EN 1ERO SECUNDARIA PARA VALENTINA. GRACIAS.
WhatsApp,Hola hay espacios para inicial 4 años? Mi niño se llama Maria.
Web,<p><b>entrevistas de admision para primer grado. Mi menor es Gabriel.</b></p>
Web,cronograma de admision para secundaria. Mi menor es Valentina.
WhatsApp,SABER SI HAY LUGARES EN PRIMER AÑO PARA THIAGO. GRACIAS.
Web,cronograma de admision para 1ero secundaria. Mi menor es Camila.
Email,Solicito información de costos y detalles para 1ero primaria. Atte: Elena.
Web,charlas de admision para 6to primaria. Mi menor es Sofia.
Email,"Estimados, quisiera saber los costos de 1ero primaria para mi hijo Gabriel."
Email,"<p><b>Estimados, quisiera saber los cuotas de inicial 5 años para mi hijo Sofia.</b></p>"
WhatsApp,Saber si hay espacios en 5to secundaria para Juan. Gracias.
Email,"Estimados, quisiera saber los pensiones de 1ero primaria para mi hijo Sofia."
WhatsApp,Hola hay lugares para inicial 5 años? Mi niño se llama Sofia.
Email,"Estimados, quisiera saber los precios de 1ero primaria para mi hijo Pedro."
Web,partidas para traslado a secundaria. Postulante: Elena.
WhatsApp,<p><b>Hola hay cupos para inicial 4 años? Mi niño se llama Lucia.</b></p>
Web,<p><b>documentación para traslado a inicial 4 años. Postulante: Elena.</b></p>
Web,requisitos para traslado a inicial 5 años. Postulante: Lucia.
Web,papeles para traslado a 1ero secundaria. Postulante: Juan.
WhatsApp,Hola hay vacantes para inicial 4 años? Mi niño se llama Juan.
WhatsApp,Hola hay vacantes para 6to primaria? Mi niño se llama Lucia.
Email,Solicito información de precios y detalles para 6to primaria. Atte: Maria.
Email,"Estimados, quisiera saber los mensualidad de 5to secundaria para mi hijo Gabriel."
WhatsApp,SABER SI HAY ESPACIOS EN PRIMER GRADO PARA VALENTINA. GRACIAS.
Email,<p><b>Solicito información de precios y detalles para inicial 3 años. Atte: Camila.</b></p>
Web,<p><b>citas de admision para secundaria. Mi menor es Gabriel.</b></p>
Web,papeles para traslado a 1ero primaria. Postulante: Luis.
Web,<p><b>cronograma de admision para 1ero secundaria. Mi menor es Juan.</b></p>
WhatsApp,Hola hay cupos para primer año? Mi niño se llama Camila.
WhatsApp,Hola hay disponibilidad de ingreso para primer año? Mi niño se llama Elena.
Web,citas de admision para inicial 4 años. Mi menor es Juan.
Web,citas de admision para 5to secundaria. Mi menor es Sofia.
Email,"Estimados, quisiera saber los costos de primer año para mi hijo Sebastian."
WhatsApp,<p><b>Saber si hay vacantes en 1ero secundaria para Sebastian. Gracias.</b></p>
Web,charlas de admision para secundaria. Mi menor es Ana.
Email,"Estimados, quisiera saber los cuotas de primer grado para mi hijo Camila."
Email,"ESTIMADOS, QUISIERA SABER LOS CUOTAS DE 6TO PRIMARIA PARA MI HIJO ANA."
Email,Solicito información de cuotas y detalles para primer grado. Atte: Sofia.
Web,charlas de admision para inicial 3 años. Mi menor es Lucia.
Email,"<p><b>Estimados, quisiera saber los costos de inicial 4 años para mi hijo Nicolas.</b></p>"
Email,<p><b>Solicito información de mensualidad y detalles para primer año. Atte: Ana.</b></p>
WhatsApp,<p><b>Hola hay disponibilidad de ingreso para inicial 4 años? Mi niño se llama Maria.</b></p>
WhatsApp,Saber si hay cupos en 1ero secundaria para Mateo. Gracias.
Email,SOLICITO INFORMACIÓN DE MENSUALIDAD Y DETALLES PARA PRIMER AÑO. ATTE: MARIA.
Web,citas de admision para 5to secundaria. Mi menor es Juan.
Web,documentación para traslado a 5to secundaria. Postulante: Camila.
Email,<p><b>Solicito información de pagos y detalles para inicial 5 años. Atte: Luis.</b></p>
WhatsApp,<p><b>Saber si hay vacantes en primer año para Elena. Gracias.</b></p>
Web,charlas de admision para 1ero primaria. Mi menor es Mateo.
Web,cronograma de admision para primer grado. Mi menor es Nicolas.
Email,"Estimados, quisiera saber los pagos de primer grado para mi hijo Sebastian."
Web,<p><b>documentación para traslado a 1ero primaria. Postulante: Gabriel.</b></p>
WhatsApp,<p><b>Hola hay lugares para inicial 4 años? Mi niño se llama Lucia.</b></p>
Web,entrevistas de admision para 1ero secundaria. Mi menor es Mateo.
Email,<p><b>Solicito información de mensualidad y detalles para inicial 3 años. Atte: Pedro.</b></p>
WhatsApp,Hola hay vacantes para 5to secundaria? Mi niño se llama Luis.
Web,documentación para traslado a 5to secundaria. Postulante: Elena.
WhatsApp,Hola hay vacantes para inicial 3 años? Mi niño se llama Thiago.
Email,<p><b>Solicito información de precios y detalles para primer año. Atte: Thiago.</b></p>
Email,"ESTIMADOS, QUISIERA SABER LOS PRECIOS DE 6TO PRIMARIA PARA MI HIJO PEDRO."
Email,Solicito información de cuotas y detalles para 5to secundaria. Atte: Maria.
Email,"<p><b>Estimados, quisiera saber los precios de primer año para mi hijo Luis.</b></p>"
Email,"Estimados, quisiera saber los costos de inicial 5 años para mi hijo Luis."
Email,Solicito información de pagos y detalles para primer grado. Atte: Elena.
Email,Solicito información de precios y detalles para secundaria. Atte: Valentina.
Email,"Estimados, quisiera saber los costos de inicial 5 años para mi hijo Valentina."
Web,charlas de admision para 1ero primaria. Mi menor es Elena.
WhatsApp,Saber si hay lugares en inicial 3 años para Pedro. Gracias.
Web,<p><b>documentación para traslado a inicial 5 años. Postulante: Nicolas.</b></p>
WhatsApp,Hola hay cupos para 1ero secundaria? Mi niño se llama Valentina.
Web,cronograma de admision para secundaria. Mi menor es Pedro.
Email,"Estimados, quisiera saber los precios de secundaria para mi hijo Elena."
Email,<p><b>Solicito información de pagos y detalles para 1ero primaria. Atte: Sofia.</b></p>
Email,"Estimados, quisiera saber los mensualidad de 1ero primaria para mi hijo Gabriel."
Email,Solicito información de costos y detalles para 6to primaria. Atte: Pedro.
Email,"Estimados, quisiera saber los cuotas de inicial 4 años para mi hijo Pedro."
Email,"ESTIMADOS, QUISIERA SABER LOS PRECIOS DE 5TO SECUNDARIA PARA MI HIJO MATEO."
Web,reunión de admision para inicial 3 años. Mi menor es Thiago.
WhatsApp,SABER SI HAY LUGARES EN SECUNDARIA PARA VALENTINA. GRACIAS.
Web,reunión de admision para 5to secundaria. Mi menor es Pedro.
WhatsApp,SABER SI HAY ESPACIOS EN INICIAL 5 AÑOS PARA MARIA. GRACIAS.
Email,"<p><b>Estimados, quisiera saber los cuotas de 5to secundaria para mi hijo Juan.</b></p>"
Email,"Estimados, quisiera saber los mensualidad de 1ero primaria para mi hijo Juan."
WhatsApp,<p><b>Saber si hay espacios en inicial 3 años para Lucia. Gracias.</b></p>
Email,"Estimados, quisiera saber los precios de 5to secundaria para mi hijo Pedro."
WhatsApp,Hola hay lugares para primer año? Mi niño se llama Mateo.
Email,"Estimados, quisiera saber los precios de 1ero secundaria para mi hijo Sofia."
Web,FICHA DE MATRÍCULA PARA TRASLADO A INICIAL 3 AÑOS. POSTULANTE: JUAN.
Web,<p><b>documentos para traslado a 6to primaria. Postulante: Valentina.</b></p>
Web,ficha de matrícula para traslado a inicial 3 años. Postulante: Camila.
Web,<p><b>papeles para traslado a 6to primaria. Postulante: Mateo.</b></p>
Email,<p><b>Solicito información de pagos y detalles para secundaria. Atte: Gabriel.</b></p>
WhatsApp,Saber si hay vacantes en inicial 3 años para Mateo. Gracias.
Web,documentación para traslado a 1ero secundaria. Postulante: Juan.
Email,SOLICITO INFORMACIÓN DE MENSUALIDAD Y DETALLES PARA 1ERO SECUNDARIA. ATTE: PEDRO.
Web,ficha de matrícula para traslado a primer año. Postulante: Camila.
Web,ficha de matrícula para traslado a inicial 4 años. Postulante: Sofia.
Email,Solicito información de pagos y detalles para 6to primaria. Atte: Mateo.
Email,"<p><b>Estimados, quisiera saber los precios de 1ero secundaria para mi hijo Camila.</b></p>"
Email,Solicito información de pensiones y detalles para inicial 5 años. Atte: Juan.
WhatsApp,Saber si hay lugares en 5to secundaria para Ana. Gracias.
WhatsApp,Saber si hay espacios en 5to secundaria para Nicolas. Gracias.
WhatsApp,Hola hay disponibilidad de ingreso para 1ero secundaria? Mi niño se llama Camila.
Email,SOLICITO INFORMACIÓN DE CUOTAS Y DETALLES PARA 6TO PRIMARIA. ATTE: NICOLAS.
Email,"ESTIMADOS, QUISIERA SABER LOS MENSUALIDAD DE 6TO PRIMARIA PARA MI HIJO ANA."
Web,CHARLAS DE ADMISION PARA PRIMER AÑO. MI MENOR ES VALENTINA.
Web,documentación para traslado a 1ero secundaria. Postulante: Lucia.
Web,<p><b>reunión de admision para 1ero primaria. Mi menor es Sebastian.</b></p>
Web,<p><b>reunión de admision para secundaria. Mi menor es Juan.</b></p>
Email,"Estimados, quisiera saber los precios de 1ero secundaria para mi hijo Elena."
Email,"<p><b>Estimados, quisiera saber los mensualidad de inicial 4 años para mi hijo Camila.</b></p>"
Email,"Estimados, quisiera saber los mensualidad de 1ero secundaria para mi hijo Camila."
WhatsApp,Saber si hay disponibilidad de ingreso en primer año para Camila. Gracias.
WhatsApp,Hola hay vacantes para primer grado? Mi niño se llama Ana.
WhatsApp,Hola hay vacantes para 1ero secundaria? Mi niño se llama Mateo.
WhatsApp,Saber si hay vacantes en primer grado para Lucia. Gracias.
WhatsApp,Saber si hay espacios en 5to secundaria para Juan. Gracias.
Web,requisitos para traslado a 1ero primaria. Postulante: Luis.
Web,ENTREVISTAS DE ADMISION PARA 6TO PRIMARIA. MI MENOR ES VALENTINA.
Email,"<p><b>Estimados, quisiera saber los cuotas de 1ero secundaria para mi hijo Gabriel.</b></p>"
WhatsApp,SABER SI HAY VACANTES EN PRIMER AÑO PARA ELENA. GRACIAS.
Web,reunión de admision para 1ero secundaria. Mi menor es Sebastian.
Email,"Estimados, quisiera saber los cuotas de 1ero primaria para mi hijo Elena."
Web,ficha de matrícula para traslado a inicial 4 años. Postulante: Sebastian.
Email,"Estimados, quisiera saber los pensiones de 5to secundaria para mi hijo Luis."
Web,cronograma de admision para inicial 4 años. Mi menor es Gabriel.
Web,<p><b>ficha de matrícula para traslado a primer grado. Postulante: Thiago.</b></p>
Web,<p><b>requisitos para traslado a inicial 5 años. Postulante: Elena.</b></p>
Email,Solicito información de cuotas y detalles para 6to primaria. Atte: Lucia.
Email,"ESTIMADOS, QUISIERA SABER LOS CUOTAS DE INICIAL 5 AÑOS PARA MI HIJO SEBASTIAN."
Email,Solicito información de precios y detalles para inicial 3 años. Atte: Elena.
Web,<p><b>papeles para traslado a secundaria. Postulante: Maria.</b></p>
WhatsApp,SABER SI HAY CUPOS EN INICIAL 5 AÑOS PARA MATEO. GRACIAS.
WhatsApp,HOLA HAY CUPOS PARA 5TO SECUNDARIA? MI NIÑO SE LLAMA VALENTINA.
Web,DOCUMENTACIÓN PARA TRASLADO A INICIAL 5 AÑOS. POSTULANTE: ELENA.
Email,Solicito información de costos y detalles para inicial 4 años. Atte: Juan.
WhatsApp,Saber si hay cupos en inicial 5 años para Sofia. Gracias.
WhatsApp,Saber si hay disponibilidad de ingreso en secundaria para Elena. Gracias.
Email,Solicito información de cuotas y detalles para secundaria. Atte: Sebastian.
Web,papeles para traslado a 6to primaria. Postulante: Sofia.
WhatsApp,Hola hay vacantes para 1ero primaria? Mi niño se llama Ana.
WhatsApp,Saber si hay vacantes en 1ero primaria para Sofia. Gracias.
Email,"<p><b>Estimados, quisiera saber los cuotas de inicial 5 años para mi hijo Valentina.</b></p>"
Email,<p><b>Solicito información de pensiones y detalles para 6to primaria. Atte: Luis.</b></p>
Web,<p><b>requisitos para traslado a primer grado. Postulante: Maria.</b></p>
Web,charlas de admision para inicial 3 años. Mi menor es Luis.
Email,Solicito información de costos y detalles para inicial 4 años. Atte: Gabriel.
Email,"Estimados, quisiera saber los cuotas de 1ero primaria para mi hijo Luis."
Web,charlas de admision para secundaria. Mi menor es Gabriel.
WhatsApp,Hola hay espacios para 6to primaria? Mi niño se llama Nicolas.
Web,ENTREVISTAS DE ADMISION PARA PRIMER AÑO. MI MENOR ES PEDRO.
Web,<p><b>documentación para traslado a inicial 4 años. Postulante: Lucia.</b></p>
WhatsApp,Saber si hay lugares en inicial 3 años para Sofia. Gracias.
Email,"Estimados, quisiera saber los pagos de 6to primaria para mi hijo Ana."
WhatsApp,SABER SI HAY ESPACIOS EN INICIAL 5 AÑOS PARA LUIS. GRACIAS.
Email,"Estimados, quisiera saber los precios de 1ero primaria para mi hijo Mateo."
WhatsApp,Hola hay cupos para inicial 5 años? Mi niño se llama Ana.
Email,"Estimados, quisiera saber los cuotas de 5to secundaria para mi hijo Ana."
Web,charlas de admision para 1ero primaria. Mi menor es Ana.
Email,"Estimados, quisiera saber los pensiones de primer año para mi hijo Valentina."
Web,ficha de matrícula para traslado a 1ero primaria. Postulante: Gabriel.
Web,<p><b>reunión de admision para primer año. Mi menor es Luis.</b></p>
Web,charlas de admision para 1ero secundaria. Mi menor es Pedro.
WhatsApp,HOLA HAY DISPONIBILIDAD DE INGRESO PARA 1ERO SECUNDARIA? MI NIÑO SE LLAMA PEDRO.
WhatsApp,SABER SI HAY ESPACIOS EN 5TO SECUNDARIA PARA CAMILA. GRACIAS.
Email,"Estimados, quisiera saber los mensualidad de inicial 4 años para mi hijo Camila."
Web,CITAS DE ADMISION PARA 1ERO PRIMARIA. MI MENOR ES LUCIA.
WhatsApp,Hola hay disponibilidad de ingreso para 1ero primaria? Mi niño se llama Juan.
WhatsApp,Hola hay vacantes para secundaria? Mi niño se llama Mateo.
WhatsApp,<p><b>Hola hay cupos para primer año? Mi niño se llama Pedro.</b></p>
Email,Solicito información de pensiones y detalles para 1ero primaria. Atte: Nicolas.
Email,"<p><b>Estimados, quisiera saber los pensiones de secundaria para mi hijo Maria.</b></p>"
Web,documentos para traslado a inicial 4 años. Postulante: Sofia.
WhatsApp,<p><b>Hola hay vacantes para primer año? Mi niño se llama Lucia.</b></p>
Email,"Estimados, quisiera saber los costos de primer año para mi hijo Lucia."
Web,PARTIDAS PARA TRASLADO A 1ERO SECUNDARIA. POSTULANTE: SOFIA.
Web,FICHA DE MATRÍCULA PARA TRASLADO A 5TO SECUNDARIA. POSTULANTE: MATEO.
Web,<p><b>papeles para traslado a inicial 3 años. Postulante: Valentina.</b></p>
WhatsApp,Saber si hay vacantes en primer año para Elena. Gracias.
Email,<p><b>Solicito información de cuotas y detalles para 6to primaria. Atte: Lucia.</b></p>
Email,Solicito información de pagos y detalles para 6to primaria. Atte: Nicolas.
Email,"Estimados, quisiera saber los costos de inicial 3 años para mi hijo Gabriel."
WhatsApp,Hola hay lugares para 6to primaria? Mi niño se llama Pedro.
Email,SOLICITO INFORMACIÓN DE PRECIOS Y DETALLES PARA SECUNDARIA. ATTE: MARIA.
WhatsApp,<p><b>Saber si hay disponibilidad de ingreso en 6to primaria para Nicolas. Gracias.</b></p>
WhatsApp,Hola hay disponibilidad de ingreso para 1ero primaria? Mi niño se llama Valentina.
Email,<p><b>Solicito información de mensualidad y detalles para 1ero primaria. Atte: Mateo.</b></p>
WhatsApp,SABER SI HAY CUPOS EN SECUNDARIA PARA LUIS. GRACIAS.
Email,"Estimados, quisiera saber los cuotas de primer año para mi hijo Valentina."
Web,documentación para traslado a secundaria. Postulante: Elena.
Web,documentación para traslado a inicial 5 años. Postulante: Nicolas.
Email,Solicito información de pagos y detalles para 5to secundaria. Atte: Sofia.
Email,Solicito información de pagos y detalles para 1ero primaria. Atte: Maria.
Email,Solicito información de cuotas y detalles para inicial 5 años. Atte: Nicolas.
Web,charlas de admision para inicial 3 años. Mi menor es Camila.
Email,"<p><b>Estimados, quisiera saber los cuotas de 1ero primaria para mi hijo Sofia.</b></p>"
Email,Solicito información de pagos y detalles para 1ero primaria. Atte: Camila.
Email,SOLICITO INFORMACIÓN DE PAGOS Y DETALLES PARA 1ERO PRIMARIA. ATTE: THIAGO.
WhatsApp,Hola hay vacantes para 1ero primaria? Mi niño se llama Thiago.
Web,documentos para traslado a inicial 3 años. Postulante: Thiago.
Email,"Estimados, quisiera saber los mensualidad de 5to secundaria para mi hijo Thiago."
WhatsApp,HOLA HAY DISPONIBILIDAD DE INGRESO PARA PRIMER AÑO? MI NIÑO SE LLAMA ANA.
Email,"ESTIMADOS, QUISIERA SABER LOS PENSIONES DE INICIAL 3 AÑOS PARA MI HIJO JUAN."
Email,<p><b>Solicito información de precios y detalles para primer año. Atte: Gabriel.</b></p>
Web,cronograma de admision para secundaria. Mi menor es Pedro.
Email,Solicito información de costos y detalles para 6to primaria. Atte: Gabriel.
WhatsApp,<p><b>Saber si hay cupos en 5to secundaria para Maria. Gracias.</b></p>
Web,citas de admision para inicial 3 años. Mi menor es Nicolas.
WhatsApp,Saber si hay disponibilidad de ingreso en 1ero primaria para Juan. Gracias.
Email,Solicito información de pagos y detalles para primer año. Atte: Maria.
Web,cronograma de admision para secundaria. Mi menor es Lucia.
Email,"Estimados, quisiera saber los cuotas de primer grado para mi hijo Sofia."
Email,<p><b>Solicito información de costos y detalles para inicial 4 años. Atte: Sebastian.</b></p>
WhatsApp,Saber si hay espacios en 1ero secundaria para Gabriel. Gracias.
WhatsApp,Saber si hay disponibilidad de ingreso en inicial 4 años para Gabriel. Gracias.
Email,SOLICITO INFORMACIÓN DE PAGOS Y DETALLES PARA INICIAL 5 AÑOS. ATTE: ANA.
WhatsApp,SABER SI HAY DISPONIBILIDAD DE INGRESO EN INICIAL 3 AÑOS PARA SOFIA. GRACIAS.
WhatsApp,Saber si hay vacantes en primer año para Camila. Gracias.
WhatsApp,HOLA HAY ESPACIOS PARA PRIMER GRADO? MI NIÑO SE LLAMA SEBASTIAN.
WhatsApp,<p><b>Hola hay cupos para 5to secundaria? Mi niño se llama Nicolas.</b></p>
Email,Solicito información de pagos y detalles para 5to secundaria. Atte: Luis.
Web,reunión de admision para inicial 3 años. Mi menor es Mateo.
Email,Solicito información de pensiones y detalles para 1ero primaria. Atte: Luis.
Email,Solicito información de costos y detalles para inicial 4 años. Atte: Camila.
Email,"Estimados, quisiera saber los pensiones de 5to secundaria para mi hijo Juan."
Email,"Estimados, quisiera saber los costos de 6to primaria para mi hijo Juan."
Web,documentos para traslado a primer grado. Postulante: Luis.
Email,Solicito información de mensualidad y detalles para primer año. Atte: Sofia.
Web,partidas para traslado a secundaria. Postulante: Pedro.
Email,SOLICITO INFORMACIÓN DE MENSUALIDAD Y DETALLES PARA 5TO SECUNDARIA. ATTE: SEBASTIAN.
Web,documentos para traslado a 6to primaria. Postulante: Camila.
Web,cronograma de admision para 5to secundaria. Mi menor es Thiago.
WhatsApp,<p><b>Saber si hay disponibilidad de ingreso en inicial 5 años para Camila. Gracias.</b></p>
WhatsApp,Hola hay disponibilidad de ingreso para 1ero secundaria? Mi niño se llama Mateo.
Email,Solicito información de cuotas y detalles para inicial 3 años. Atte: Lucia.
Email,Solicito información de precios y detalles para secundaria. Atte: Ana.
WhatsApp,Saber si hay espacios en primer año para Maria. Gracias.
WhatsApp,Saber si hay cupos en secundaria para Thiago. Gracias.
WhatsApp,HOLA HAY CUPOS PARA INICIAL 4 AÑOS? MI NIÑO SE LLAMA CAMILA.
Web,FICHA DE MATRÍCULA PARA TRASLADO A PRIMER GRADO. POSTULANTE: LUCIA.
WhatsApp,<p><b>Saber si hay cupos en secundaria para Elena. Gracias.</b></p>
Email,"<p><b>Estimados, quisiera saber los costos de primer año para mi hijo Camila.</b></p>"
WhatsApp,<p><b>Hola hay espacios para inicial 4 años? Mi niño se llama Gabriel.</b></p>
Web,entrevistas de admision para 1ero primaria. Mi menor es Luis.
Email,<p><b>Solicito información de cuotas y detalles para 1ero primaria. Atte: Nicolas.</b></p>
Web,citas de admision para 1ero primaria. Mi menor es Lucia.
Email,"Estimados, quisiera saber los pagos de secundaria para mi hijo Maria."
Email,Solicito información de pensiones y detalles para primer grado. Atte: Elena.
WhatsApp,<p><b>Saber si hay espacios en inicial 3 años para Pedro. Gracias.</b></p>
Web,<p><b>reunión de admision para primer grado. Mi menor es Ana.</b></p>
Email,Solicito información de pagos y detalles para primer año. Atte: Pedro.
Web,DOCUMENTACIÓN PARA TRASLADO A 1ERO PRIMARIA. POSTULANTE: MATEO.
Web,papeles para traslado a secundaria. Postulante: Thiago.
Email,"<p><b>Estimados, quisiera saber los pensiones de inicial 4 años para mi hijo Luis.</b></p>"
Email,Solicito información de cuotas y detalles para secundaria. Atte: Camila.
Web,REQUISITOS PARA TRASLADO A INICIAL 4 AÑOS. POSTULANTE: CAMILA.
Web,cronograma de admision para 6to primaria. Mi menor es Thiago.
Email,Solicito información de pensiones y detalles para inicial 5 años. Atte: Camila.
Email,Solicito información de pagos y detalles para secundaria. Atte: Gabriel.
Web,documentos para traslado a primer año. Postulante: Sofia.
Web,ficha de matrícula para traslado a inicial 3 años. Postulante: Elena.
Email,"ESTIMADOS, QUISIERA SABER LOS PRECIOS DE INICIAL 4 AÑOS PARA MI HIJO LUCIA."
Email,Solicito información de pensiones y detalles para 1ero secundaria. Atte: Sofia.
Web,documentos para traslado a secundaria. Postulante: Ana.
WhatsApp,<p><b>Saber si hay cupos en secundaria para Nicolas. Gracias.</b></p>
Email,SOLICITO INFORMACIÓN DE COSTOS Y DETALLES PARA 1ERO PRIMARIA. ATTE: SEBASTIAN.
Web,reunión de admision para primer año. Mi menor es Mateo.
Email,"<p><b>Estimados, quisiera saber los cuotas de primer año para mi hijo Maria.</b></p>"
Email,"Estimados, quisiera saber los cuotas de inicial 4 años para mi hijo Gabriel."
Email,<p><b>Solicito información de pagos y detalles para secundaria. Atte: Elena.</b></p>
WhatsApp,Hola hay disponibilidad de ingreso para primer año? Mi niño se llama Valentina.
Email,Solicito información de mensualidad y detalles para inicial 5 años. Atte: Thiago.
Email,"ESTIMADOS, QUISIERA SABER LOS PRECIOS DE PRIMER AÑO PARA MI HIJO GABRIEL."
WhatsApp,<p><b>Hola hay cupos para inicial 3 años? Mi niño se llama Thiago.</b></p>
WhatsApp,Saber si hay disponibilidad de ingreso en inicial 3 años para Luis. Gracias.
Web,<p><b>partidas para traslado a 5to secundaria. Postulante: Sofia.</b></p>
Web,<p><b>documentos para traslado a 5to secundaria. Postulante: Luis.</b></p>
WhatsApp,Hola hay disponibilidad de ingreso para primer año? Mi niño se llama Luis.
WhatsApp,<p><b>Hola hay disponibilidad de ingreso para 1ero primaria? Mi niño se llama Maria.</b></p>
Web,cronograma de admision para primer año. Mi menor es Pedro.
WhatsApp,Saber si hay vacantes en primer año para Pedro. Gracias.
Email,Solicito información de cuotas y detalles para inicial 4 años. Atte: Maria.
WhatsApp,Saber si hay vacantes en 1ero secundaria para Luis. Gracias.
WhatsApp,<p><b>Saber si hay espacios en inicial 5 años para Pedro. Gracias.</b></p>
Web,documentación para traslado a inicial 3 años. Postulante: Elena.
Email,Solicito información de precios y detalles para inicial 3 años. Atte: Pedro.
Web,entrevistas de admision para primer grado. Mi menor es Sebastian.
WhatsApp,<p><b>Saber si hay vacantes en inicial 4 años para Elena. Gracias.</b></p>
WhatsApp,Hola hay lugares para inicial 5 años? Mi niño se llama Lucia.
WhatsApp,Hola hay vacantes para primer año? Mi niño se llama Juan.
Web,<p><b>papeles para traslado a secundaria. Postulante: Mateo.</b></p>
WhatsApp,Saber si hay cupos en secundaria para Nicolas. Gracias.
WhatsApp,Hola hay disponibilidad de ingreso para inicial 4 años? Mi niño se llama Ana.
WhatsApp,<p><b>Saber si hay cupos en secundaria para Camila. Gracias.</b></p>
Email,Solicito información de cuotas y detalles para 1ero secundaria. Atte: Mateo.
Web,reunión de admision para secundaria. Mi menor es Pedro.
Email,"<p><b>Estimados, quisiera saber los pagos de inicial 3 años para mi hijo Luis.</b></p>"
Web,PARTIDAS PARA TRASLADO A PRIMER GRADO. POSTULANTE: SEBASTIAN.
Email,SOLICITO INFORMACIÓN DE COSTOS Y DETALLES PARA INICIAL 4 AÑOS. ATTE: NICOLAS.
Email,Solicito información de precios y detalles para primer grado. Atte: Ana.
Web,documentos para traslado a primer año. Postulante: Ana.
WhatsApp,Saber si hay lugares en inicial 5 años para Gabriel. Gracias.
Email,"Estimados, quisiera saber los pagos de inicial 4 años para mi hijo Maria."
WhatsApp,Hola hay cupos para inicial 3 años? Mi niño se llama Valentina.
WhatsApp,Hola hay disponibilidad de ingreso para inicial 4 años? Mi niño se llama Nicolas.
WhatsApp,Hola hay vacantes para inicial 5 años? Mi niño se llama Ana.
Web,requisitos para traslado a inicial 4 años. Postulante: Sebastian.
Email,Solicito información de mensualidad y detalles para 6to primaria. Atte: Juan.
Email,Solicito información de cuotas y detalles para secundaria. Atte: Valentina.
Web,FICHA DE MATRÍCULA PARA TRASLADO A 5TO SECUNDARIA. POSTULANTE: THIAGO.
Web,papeles para traslado a primer año. Postulante: Maria.
WhatsApp,Hola hay cupos para 1ero secundaria? Mi niño se llama Camila.
Web,citas de admision para primer grado. Mi menor es Nicolas.
Email,<p><b>Solicito información de costos y detalles para secundaria. Atte: Nicolas.</b></p>
Web,partidas para traslado a 1ero primaria. Postulante: Ana.
Email,"Estimados, quisiera saber los pagos de 1ero primaria para mi hijo Gabriel."
Email,"Estimados, quisiera saber los costos de primer año para mi hijo Luis."
Web,REUNIÓN DE ADMISION PARA INICIAL 3 AÑOS. MI MENOR ES GABRIEL.
Email,Solicito información de costos y detalles para primer grado. Atte: Maria.
Web,PAPELES PARA TRASLADO A 1ERO PRIMARIA. POSTULANTE: SOFIA.
Email,Solicito información de pagos y detalles para inicial 4 años. Atte: Sebastian.
Web,reunión de admision para secundaria. Mi menor es Sofia.
Email,Solicito información de pagos y detalles para primer año. Atte: Nicolas.
WhatsApp,Hola hay espacios para primer grado? Mi niño se llama Ana.
Email,<p><b>Solicito información de precios y detalles para inicial 4 años. Atte: Elena.</b></p>
Web,documentación para traslado a 1ero primaria. Postulante: Juan.
WhatsApp,Saber si hay espacios en primer año para Elena. Gracias.
Web,reunión de admision para 1ero primaria. Mi menor es Camila.
WhatsApp,Hola hay espacios para 1ero secundaria? Mi niño se llama Pedro.
WhatsApp,Hola hay espacios para 1ero primaria? Mi niño se llama Luis.
WhatsApp,Hola hay lugares para 1ero primaria? Mi niño se llama Ana.
Email,<p><b>Solicito información de mensualidad y detalles para 1ero primaria. Atte: Ana.</b></p>
WhatsApp,SABER SI HAY VACANTES EN INICIAL 4 AÑOS PARA JUAN. GRACIAS.
Email,"Estimados, quisiera saber los cuotas de inicial 4 años para mi hijo Valentina."
Web,partidas para traslado a primer año. Postulante: Sebastian.
WhatsApp,Saber si hay disponibilidad de ingreso en primer año para Mateo. Gracias.
Web,<p><b>citas de admision para inicial 3 años. Mi menor es Juan.</b></p>
Email,SOLICITO INFORMACIÓN DE PRECIOS Y DETALLES PARA 5TO SECUNDARIA. ATTE: GABRIEL.
WhatsApp,Hola hay cupos para primer año? Mi niño se llama Elena.
WhatsApp,<p><b>Saber si hay disponibilidad de ingreso en inicial 3 años para Camila. Gracias.</b></p>
WhatsApp,SABER SI HAY LUGARES EN 1ERO PRIMARIA PARA CAMILA. GRACIAS.
Email,Solicito información de precios y detalles para inicial 3 años. Atte: Juan.
Web,PAPELES PARA TRASLADO A PRIMER GRADO. POSTULANTE: SOFIA.
WhatsApp,<p><b>Hola hay lugares para 1ero primaria? Mi niño se llama Camila.</b></p>
Web,DOCUMENTACIÓN PARA TRASLADO A 1ERO PRIMARIA. POSTULANTE: NICOLAS.
WhatsApp,Hola hay cupos para inicial 3 años? Mi niño se llama Maria.
Email,"ESTIMADOS, QUISIERA SABER LOS MENSUALIDAD DE 1ERO PRIMARIA PARA MI HIJO MATEO."
Web,REQUISITOS PARA TRASLADO A 1ERO SECUNDARIA. POSTULANTE: JUAN.
Email,SOLICITO INFORMACIÓN DE PENSIONES Y DETALLES PARA INICIAL 4 AÑOS. ATTE: LUCIA.
Web,cronograma de admision para primer grado. Mi menor es Lucia.
WhatsApp,<p><b>Saber si hay espacios en 6to primaria para Ana. Gracias.</b></p>
Email,"<p><b>Estimados, quisiera saber los pensiones de 5to secundaria para mi hijo Luis.</b></p>"
WhatsApp,Saber si hay vacantes en inicial 3 años para Thiago. Gracias.
Web,<p><b>charlas de admision para 5to secundaria. Mi menor es Valentina.</b></p>
WhatsApp,<p><b>Saber si hay cupos en 1ero secundaria para Gabriel. Gracias.</b></p>
WhatsApp,<p><b>Hola hay espacios para 1ero secundaria? Mi niño se llama Luis.</b></p>
Web,ficha de matrícula para traslado a secundaria. Postulante: Gabriel.
Email,Solicito información de costos y detalles para inicial 3 años. Atte: Mateo.
WhatsApp,HOLA HAY DISPONIBILIDAD DE INGRESO PARA INICIAL 5 AÑOS? MI NIÑO SE LLAMA MATEO.
Email,"Estimados, quisiera saber los costos de 1ero secundaria para mi hijo Maria."
Web,documentos para traslado a 5to secundaria. Postulante: Valentina.
Email,Solicito información de mensualidad y detalles para secundaria. Atte: Mateo.
Web,citas de admision para inicial 5 años. Mi menor es Luis.
Email,Solicito información de costos y detalles para 6to primaria. Atte: Ana.
Email,Solicito información de cuotas y detalles para 1ero secundaria. Atte: Gabriel.
Email,Solicito información de pagos y detalles para inicial 3 años. Atte: Pedro.
Web,documentación para traslado a 1ero primaria. Postulante: Lucia.
Email,"Estimados, quisiera saber los pagos de 1ero primaria para mi hijo Luis."
Web,citas de admision para secundaria. Mi menor es Maria.
Web,ficha de matrícula para traslado a secundaria. Postulante: Elena.
Web,CRONOGRAMA DE ADMISION PARA PRIMER GRADO. MI MENOR ES SEBASTIAN.
WhatsApp,Hola hay lugares para 5to secundaria? Mi niño se llama Luis.
Web,documentos para traslado a inicial 4 años. Postulante: Gabriel.
Web,documentos para traslado a 5to secundaria. Postulante: Pedro.
Email,"<p><b>Estimados, quisiera saber los costos de primer grado para mi hijo Thiago.</b></p>"
Email,"Estimados, quisiera saber los pensiones de inicial 4 años para mi hijo Camila."
WhatsApp,<p><b>Hola hay espacios para inicial 5 años? Mi niño se llama Thiago.</b></p>
Web,CRONOGRAMA DE ADMISION PARA PRIMER AÑO. MI MENOR ES MARIA.
WhatsApp,Saber si hay lugares en primer año para Nicolas. Gracias.
WhatsApp,Hola hay lugares para secundaria? Mi niño se llama Elena.
Web,requisitos para traslado a secundaria. Postulante: Elena.
WhatsApp,Hola hay lugares para primer año? Mi niño se llama Luis.
WhatsApp,Saber si hay espacios en primer grado para Gabriel. Gracias.
Web,<p><b>cronograma de admision para inicial 3 años. Mi menor es Elena.</b></p>
WhatsApp,Saber si hay disponibilidad de ingreso en 5to secundaria para Pedro. Gracias.
WhatsApp,Hola hay espacios para secundaria? Mi niño se llama Nicolas.
Email,"Estimados, quisiera saber los precios de 1ero primaria para mi hijo Mateo."
Web,partidas para traslado a 6to primaria. Postulante: Gabriel.
Email,"Estimados, quisiera saber los pagos de inicial 3 años para mi hijo Juan."
Email,"Estimados, quisiera saber los mensualidad de 1ero secundaria para mi hijo Lucia."
Web,<p><b>charlas de admision para primer grado. Mi menor es Juan.</b></p>
Web,partidas para traslado a 1ero secundaria. Postulante: Gabriel.
Web,entrevistas de admision para 1ero secundaria. Mi menor es Sofia.
WhatsApp,Saber si hay vacantes en primer año para Luis. Gracias.
Web,charlas de admision para primer grado. Mi menor es Maria.
Email,"<p><b>Estimados, quisiera saber los costos de 5to secundaria para mi hijo Gabriel.</b></p>"
WhatsApp,Hola hay vacantes para inicial 4 años? Mi niño se llama Luis.
WhatsApp,Saber si hay espacios en 6to primaria para Camila. Gracias.
WhatsApp,Saber si hay lugares en 1ero primaria para Ana. Gracias.
Web,charlas de admision para primer grado. Mi menor es Elena.
Web,citas de admision para inicial 5 años. Mi menor es Thiago.
WhatsApp,<p><b>Saber si hay espacios en primer año para Nicolas. Gracias.</b></p>
WhatsApp,<p><b>Hola hay vacantes para primer año? Mi niño se llama Gabriel.</b></p>
Email,"Estimados, quisiera saber los mensualidad de inicial 3 años para mi hijo Sebastian."
Web,<p><b>documentos para traslado a 1ero primaria. Postulante: Pedro.</b></p>
Web,documentación para traslado a 6to primaria. Postulante: Sofia.
Web,<p><b>papeles para traslado a inicial 4 años. Postulante: Pedro.</b></p>
WhatsApp,SABER SI HAY ESPACIOS EN PRIMER AÑO PARA ELENA. GRACIAS.
Web,CHARLAS DE ADMISION PARA SECUNDARIA. MI MENOR ES ELENA.
Web,cronograma de admision para primer grado. Mi menor es Pedro.
Web,reunión de admision para 1ero secundaria. Mi menor es Maria.
Web,citas de admision para inicial 3 años. Mi menor es Pedro.
WhatsApp,Saber si hay vacantes en inicial 5 años para Elena. Gracias.
Email,Solicito información de cuotas y detalles para primer año. Atte: Mateo.
Web,DOCUMENTACIÓN PARA TRASLADO A PRIMER AÑO. POSTULANTE: NICOLAS.
Email,Solicito información de pensiones y detalles para primer año. Atte: Lucia.
Web,documentos para traslado a 5to secundaria. Postulante: Pedro.
Web,PARTIDAS PARA TRASLADO A INICIAL 3 AÑOS. POSTULANTE: ELENA.
WhatsApp,Saber si hay vacantes en 6to primaria para Camila. Gracias.
Email,"Estimados, quisiera saber los pagos de 1ero primaria para mi hijo Lucia."
Web,documentos para traslado a primer año. Postulante: Pedro.
Web,cronograma de admision para 1ero secundaria. Mi menor es Sebastian.
WhatsApp,SABER SI HAY CUPOS EN 6TO PRIMARIA PARA CAMILA. GRACIAS.
WhatsApp,<p><b>Saber si hay cupos en inicial 5 años para Elena. Gracias.</b></p>
Email,<p><b>Solicito información de costos y detalles para 1ero secundaria. Atte: Camila.</b></p>
WhatsApp,Hola hay lugares para primer año? Mi niño se llama Lucia.
Email,"Estimados, quisiera saber los cuotas de secundaria para mi hijo Gabriel."
WhatsApp,HOLA HAY LUGARES PARA 5TO SECUNDARIA? MI NIÑO SE LLAMA PEDRO.
Email,Solicito información de cuotas y detalles para inicial 3 años. Atte: Ana.
WhatsApp,Hola hay vacantes para inicial 4 años? Mi niño se llama Maria.
WhatsApp,Saber si hay vacantes en 1ero secundaria para Maria. Gracias.
Email,<p><b>Solicito información de pagos y detalles para primer grado. Atte: Valentina.</b></p>
WhatsApp,<p><b>Hola hay cupos para 1ero secundaria? Mi niño se llama Gabriel.</b></p>
WhatsApp,Saber si hay disponibilidad de ingreso en 1ero secundaria para Sebastian. Gracias.
Web,ficha de matrícula para traslado a 6to primaria. Postulante: Lucia.
WhatsApp,Hola hay vacantes para 1ero primaria? Mi niño se llama Valentina.
Web,reunión de admision para 6to primaria. Mi menor es Sofia.
Web,ficha de matrícula para traslado a primer grado. Postulante: Elena.
Email,<p><b>Solicito información de costos y detalles para inicial 3 años. Atte: Camila.</b></p>
WhatsApp,SABER SI HAY DISPONIBILIDAD DE INGRESO EN INICIAL 5 AÑOS PARA NICOLAS. GRACIAS.
WhatsApp,Saber si hay disponibilidad de ingreso en 1ero primaria para Mateo. Gracias.
Email,"Estimados, quisiera saber los mensualidad de primer año para mi hijo Elena."
WhatsApp,SABER SI HAY ESPACIOS EN INICIAL 5 AÑOS PARA CAMILA. GRACIAS.
Web,papeles para traslado a primer año. Postulante: Valentina.
Web,entrevistas de admision para inicial 3 años. Mi menor es Nicolas.
WhatsApp,Hola hay disponibilidad de ingreso para 5to secundaria? Mi niño se llama Camila.
Email,"ESTIMADOS, QUISIERA SABER LOS PENSIONES DE 1ERO PRIMARIA PARA MI HIJO PEDRO."
WhatsApp,Hola hay disponibilidad de ingreso para inicial 5 años? Mi niño se llama Sofia.
Email,"ESTIMADOS, QUISIERA SABER LOS MENSUALIDAD DE INICIAL 3 AÑOS PARA MI HIJO SOFIA."
Web,<p><b>ficha de matrícula para traslado a 6to primaria. Postulante: Mateo.</b></p>
WhatsApp,<p><b>Saber si hay lugares en 5to secundaria para Camila. Gracias.</b></p>
WhatsApp,HOLA HAY DISPONIBILIDAD DE INGRESO PARA INICIAL 5 AÑOS? MI NIÑO SE LLAMA VALENTINA.
WhatsApp,Hola hay lugares para inicial 4 años? Mi niño se llama Elena.
Web,CHARLAS DE ADMISION PARA PRIMER AÑO. MI MENOR ES VALENTINA.
Web,<p><b>ficha de matrícula para traslado a 6to primaria. Postulante: Ana.</b></p>
Web,documentos para traslado a 1ero primaria. Postulante: Luis.
Email,<p><b>Solicito información de pensiones y detalles para inicial 3 años. Atte: Luis.</b></p>
Web,<p><b>partidas para traslado a 6to primaria. Postulante: Sofia.</b></p>
Web,REUNIÓN DE ADMISION PARA INICIAL 3 AÑOS. MI MENOR ES LUCIA.
WhatsApp,Saber si hay cupos en inicial 3 años para Luis. Gracias.
Email,"Estimados, quisiera saber los cuotas de 6to primaria para mi hijo Lucia."
WhatsApp,Saber si hay vacantes en secundaria para Thiago. Gracias.
Web,reunión de admision para 6to primaria. Mi menor es Juan.
Web,entrevistas de admision para primer grado. Mi menor es Gabriel.
Email,Solicito información de pensiones y detalles para 1ero primaria. Atte: Thiago.
Web,documentación para traslado a 1ero secundaria. Postulante: Camila.
Email,Solicito información de pagos y detalles para inicial 4 años. Atte: Valentina.
Email,SOLICITO INFORMACIÓN DE CUOTAS Y DETALLES PARA SECUNDARIA. ATTE: SEBASTIAN.
WhatsApp,Hola hay vacantes para 6to primaria? Mi niño se llama Ana.
WhatsApp,SABER SI HAY LUGARES EN 6TO PRIMARIA PARA CAMILA. GRACIAS.
WhatsApp,Hola hay cupos para 1ero primaria? Mi niño se llama Elena.
Email,"Estimados, quisiera saber los mensualidad de primer grado para mi hijo Mateo."
Email,"Estimados, quisiera saber los pagos de inicial 5 años para mi hijo Juan."
Email,"Estimados, quisiera saber los pensiones de 6to primaria para mi hijo Luis."
WhatsApp,Saber si hay vacantes en 6to primaria para Mateo. Gracias.
WhatsApp,Hola hay espacios para 6to primaria? Mi niño se llama Valentina.
Web,entrevistas de admision para inicial 5 años. Mi menor es Ana.
Email,"Estimados, quisiera saber los precios de 1ero primaria para mi hijo Camila."
WhatsApp,Saber si hay cupos en inicial 5 años para Pedro. Gracias.
WhatsApp,SABER SI HAY VACANTES EN INICIAL 3 AÑOS PARA MATEO. GRACIAS.
WhatsApp,Hola hay cupos para 6to primaria? Mi niño se llama Pedro.
Email,"Estimados, quisiera saber los costos de inicial 3 años para mi hijo Valentina."
WhatsApp,Hola hay vacantes para 1ero primaria? Mi niño se llama Juan.
Web,requisitos para traslado a 1ero primaria. Postulante: Luis.
Email,"Estimados, quisiera saber los mensualidad de 5to secundaria para mi hijo Sofia."
Email,Solicito información de cuotas y detalles para inicial 5 años. Atte: Valentina.
Web,requisitos para traslado a 1ero secundaria. Postulante: Juan.
Web,charlas de admision para primer año. Mi menor es Ana.
Web,entrevistas de admision para inicial 4 años. Mi menor es Nicolas.
WhatsApp,SABER SI HAY DISPONIBILIDAD DE INGRESO EN 5TO SECUNDARIA PARA VALENTINA. GRACIAS.
Web,papeles para traslado a inicial 4 años. Postulante: Valentina.
Web,reunión de admision para 1ero primaria. Mi menor es Maria.
Web,papeles para traslado a 1ero secundaria. Postulante: Valentina.
Email,"Estimados, quisiera saber los precios de 6to primaria para mi hijo Gabriel."
Email,"<p><b>Estimados, quisiera saber los pagos de inicial 5 años para mi hijo Elena.</b></p>"
Email,"Estimados, quisiera saber los costos de inicial 4 años para mi hijo Lucia."
Email,Solicito información de costos y detalles para 1ero primaria. Atte: Valentina.
Web,documentación para traslado a inicial 4 años. Postulante: Thiago.
Email,SOLICITO INFORMACIÓN DE COSTOS Y DETALLES PARA PRIMER GRADO. ATTE: MATEO.
WhatsApp,Hola hay vacantes para primer grado? Mi niño se llama Sebastian.
Email,"<p><b>Estimados, quisiera saber los mensualidad de inicial 4 años para mi hijo Gabriel.</b></p>"
Web,citas de admision para 6to primaria. Mi menor es Sofia.
WhatsApp,Hola hay disponibilidad de ingreso para inicial 3 años? Mi niño se llama Thiago.
WhatsApp,<p><b>Hola hay lugares para inicial 4 años? Mi niño se llama Pedro.</b></p>
WhatsApp,Saber si hay vacantes en inicial 3 años para Pedro. Gracias.
Web,cronograma de admision para inicial 5 años. Mi menor es Mateo.
Email,"<p><b>Estimados, quisiera saber los mensualidad de inicial 3 años para mi hijo Maria.</b></p>"
WhatsApp,Hola hay disponibilidad de ingreso para 1ero secundaria? Mi niño se llama Luis.
Web,cronograma de admision para primer grado. Mi menor es Gabriel.
WhatsApp,Saber si hay cupos en 6to primaria para Camila. Gracias.
WhatsApp,Saber si hay lugares en 5to secundaria para Ana. Gracias.
WhatsApp,SABER SI HAY LUGARES EN 1ERO SECUNDARIA PARA SOFIA. GRACIAS.
Web,cronograma de admision para 1ero secundaria. Mi menor es Pedro.
WhatsApp,Saber si hay disponibilidad de ingreso en 6to primaria para Mateo. Gracias.
WhatsApp,Saber si hay espacios en primer grado para Maria. Gracias.
WhatsApp,Hola hay cupos para 1ero secundaria? Mi niño se llama Sebastian.
Email,"ESTIMADOS, QUISIERA SABER LOS COSTOS DE 6TO PRIMARIA PARA MI HIJO ANA."
Email,"Estimados, quisiera saber los costos de 5to secundaria para mi hijo Lucia."
WhatsApp,<p><b>Saber si hay cupos en secundaria para Ana. Gracias.</b></p>
WhatsApp,Saber si hay espacios en 6to primaria para Sebastian. Gracias.
Web,charlas de admision para primer año. Mi menor es Ana.
Email,"<p><b>Estimados, quisiera saber los precios de inicial 5 años para mi hijo Lucia.</b></p>"
Email,"Estimados, quisiera saber los pensiones de 5to secundaria para mi hijo Maria."
Web,ficha de matrícula para traslado a primer año. Postulante: Mateo.
Web,papeles para traslado a secundaria. Postulante: Ana.
Web,charlas de admision para primer grado. Mi menor es Lucia.
Email,"Estimados, quisiera saber los costos de 5to secundaria para mi hijo Valentina."
Web,requisitos para traslado a secundaria. Postulante: Elena.
Web,charlas de admision para 1ero primaria. Mi menor es Mateo.
Email,"Estimados, quisiera saber los cuotas de 1ero primaria para mi hijo Lucia."
WhatsApp,<p><b>Hola hay lugares para 5to secundaria? Mi niño se llama Lucia.</b></p>
Web,charlas de admision para inicial 4 años. Mi menor es Sofia.
Email,Solicito información de pensiones y detalles para primer grado. Atte: Juan.
Web,documentos para traslado a 1ero primaria. Postulante: Sofia.
Email,Solicito información de pagos y detalles para 1ero secundaria. Atte: Gabriel.
Email,"Estimados, quisiera saber los costos de inicial 4 años para mi hijo Gabriel."
WhatsApp,<p><b>Hola hay espacios para 5to secundaria? Mi niño se llama Lucia.</b></p>
Web,<p><b>charlas de admision para inicial 4 años. Mi menor es Sebastian.</b></p>
Web,REQUISITOS PARA TRASLADO A 1ERO PRIMARIA. POSTULANTE: PEDRO.
Email,"ESTIMADOS, QUISIERA SABER LOS COSTOS DE SECUNDARIA PARA MI HIJO LUCIA."
WhatsApp,Saber si hay cupos en inicial 4 años para Sebastian. Gracias.
Web,citas de admision para 1ero primaria. Mi menor es Gabriel.
Web,CITAS DE ADMISION PARA 1ERO SECUNDARIA. MI MENOR ES NICOLAS.
Web,PAPELES PARA TRASLADO A PRIMER GRADO. POSTULANTE: LUIS.
Email,"Estimados, quisiera saber los precios de 6to primaria para mi hijo Elena."
WhatsApp,Hola hay lugares para primer año? Mi niño se llama Ana.
Email,"Estimados, quisiera saber los pagos de primer grado para mi hijo Elena."
Email,"<p><b>Estimados, quisiera saber los cuotas de 1ero primaria para mi hijo Camila.</b></p>"
Web,<p><b>papeles para traslado a 1ero secundaria. Postulante: Luis.</b></p>
Email,"<p><b>Estimados, quisiera saber los mensualidad de 6to primaria para mi hijo Nicolas.</b></p>"
Web,ficha de matrícula para traslado a 5to secundaria. Postulante: Juan.
Email,"ESTIMADOS, QUISIERA SABER LOS CUOTAS DE SECUNDARIA PARA MI HIJO THIAGO."
Email,"Estimados, quisiera saber los costos de inicial 3 años para mi hijo Pedro."
Web,ficha de matrícula para traslado a 1ero secundaria. Postulante: Elena.
Web,<p><b>reunión de admision para inicial 3 años. Mi menor es Sebastian.</b></p>
WhatsApp,Hola hay vacantes para secundaria? Mi niño se llama Ana.
Email,"Estimados, quisiera saber los costos de inicial 3 años para mi hijo Mateo."
Email,"Estimados, quisiera saber los pagos de 6to primaria para mi hijo Camila."
Web,ficha de matrícula para traslado a 1ero secundaria. Postulante: Luis.
Email,"<p><b>Estimados, quisiera saber los precios de 6to primaria para mi hijo Elena.</b></p>"
Web,entrevistas de admision para 1ero primaria. Mi menor es Ana.
WhatsApp,SABER SI HAY CUPOS EN INICIAL 3 AÑOS PARA SEBASTIAN. GRACIAS.
WhatsApp,<p><b>Hola hay cupos para 1ero primaria? Mi niño se llama Pedro.</b></p>
Web,papeles para traslado a primer año. Postulante: Maria.
Email,"<p><b>Estimados, quisiera saber los pensiones de 5to secundaria para mi hijo Mateo.</b></p>"
Web,partidas para traslado a inicial 4 años. Postulante: Mateo.
WhatsApp,Hola hay vacantes para 1ero primaria? Mi niño se llama Sebastian.
WhatsApp,Hola hay cupos para 6to primaria? Mi niño se llama Thiago.
Email,Solicito información de precios y detalles para 5to secundaria. Atte: Ana.
Web,citas de admision para 1ero secundaria. Mi menor es Luis.
Email,"Estimados, quisiera saber los precios de secundaria para mi hijo Lucia."
Web,DOCUMENTOS PARA TRASLADO A 6TO PRIMARIA. POSTULANTE: LUCIA.
WhatsApp,SABER SI HAY VACANTES EN PRIMER GRADO PARA MARIA. GRACIAS.
Web,citas de admision para 5to secundaria. Mi menor es Mateo.
Web,entrevistas de admision para 6to primaria. Mi menor es Luis.
WhatsApp,Hola hay cupos para inicial 5 años? Mi niño se llama Nicolas.
Email,"Estimados, quisiera saber los pagos de 5to secundaria para mi hijo Mateo."
Web,ficha de matrícula para traslado a inicial 3 años. Postulante: Camila.
Web,DOCUMENTACIÓN PARA TRASLADO A 1ERO PRIMARIA. POSTULANTE: PEDRO.
WhatsApp,<p><b>Saber si hay cupos en inicial 3 años para Nicolas. Gracias.</b></p>
Web,documentación para traslado a primer año. Postulante: Elena.
Email,"Estimados, quisiera saber los pensiones de primer año para mi hijo Ana."
Web,charlas de admision para 6to primaria. Mi menor es Maria.
WhatsApp,SABER SI HAY LUGARES EN INICIAL 5 AÑOS PARA SOFIA. GRACIAS.
Email,"<p><b>Estimados, quisiera saber los pensiones de 1ero secundaria para mi hijo Sofia.</b></p>"
Web,citas de admision para 5to secundaria. Mi menor es Maria.
Email,"Estimados, quisiera saber los pagos de secundaria para mi hijo Mateo."
Email,<p><b>Solicito información de costos y detalles para inicial 3 años. Atte: Elena.</b></p>
WhatsApp,Saber si hay cupos en 1ero primaria para Juan. Gracias.
Web,<p><b>partidas para traslado a secundaria. Postulante: Juan.</b></p>
Web,citas de admision para primer año. Mi menor es Sebastian.
Email,SOLICITO INFORMACIÓN DE CUOTAS Y DETALLES PARA INICIAL 5 AÑOS. ATTE: NICOLAS.
Web,citas de admision para inicial 5 años. Mi menor es Elena.
Email,Solicito información de pensiones y detalles para secundaria. Atte: Elena.
Web,requisitos para traslado a primer año. Postulante: Nicolas.
Email,Solicito información de pensiones y detalles para inicial 4 años. Atte: Mateo.
WhatsApp,Saber si hay disponibilidad de ingreso en primer año para Camila. Gracias.
Email,Solicito información de pensiones y detalles para 6to primaria. Atte: Juan.
WhatsApp,Saber si hay disponibilidad de ingreso en 5to secundaria para Thiago. Gracias.
Email,Solicito información de precios y detalles para primer año. Atte: Camila.
Email,Solicito información de mensualidad y detalles para 1ero primaria. Atte: Ana.
WhatsApp,<p><b>Hola hay espacios para 6to primaria? Mi niño se llama Lucia.</b></p>
Email,Solicito información de mensualidad y detalles para inicial 3 años. Atte: Maria.
WhatsApp,Saber si hay vacantes en inicial 5 años para Pedro. Gracias.
Web,papeles para traslado a primer grado. Postulante: Sebastian.
Email,Solicito información de pensiones y detalles para 1ero secundaria. Atte: Thiago.
Web,CHARLAS DE ADMISION PARA INICIAL 5 AÑOS. MI MENOR ES ANA.
Email,"ESTIMADOS, QUISIERA SABER LOS PAGOS DE SECUNDARIA PARA MI HIJO ELENA."
Email,"<p><b>Estimados, quisiera saber los cuotas de 1ero secundaria para mi hijo Ana.</b></p>"
Email,Solicito información de pensiones y detalles para inicial 5 años. Atte: Maria.
Email,"<p><b>Estimados, quisiera saber los costos de 6to primaria para mi hijo Valentina.</b></p>"
Email,"Estimados, quisiera saber los pensiones de 5to secundaria para mi hijo Maria."
WhatsApp,HOLA HAY LUGARES PARA INICIAL 4 AÑOS? MI NIÑO SE LLAMA PEDRO.
Web,CITAS DE ADMISION PARA 6TO PRIMARIA. MI MENOR ES MATEO.
Web,<p><b>reunión de admision para inicial 4 años. Mi menor es Sebastian.</b></p>
Email,Solicito información de mensualidad y detalles para secundaria. Atte: Ana.
Email,"ESTIMADOS, QUISIERA SABER LOS PENSIONES DE INICIAL 5 AÑOS PARA MI HIJO JUAN."
Email,"Estimados, quisiera saber los pensiones de primer grado para mi hijo Thiago."
WhatsApp,Saber si hay vacantes en inicial 5 años para Sebastian. Gracias.
Web,<p><b>documentación para traslado a primer grado. Postulante: Gabriel.</b></p>
WhatsApp,Hola hay cupos para inicial 3 años? Mi niño se llama Sofia.
Email,"Estimados, quisiera saber los costos de inicial 4 años para mi hijo Nicolas."
Email,SOLICITO INFORMACIÓN DE MENSUALIDAD Y DETALLES PARA PRIMER GRADO. ATTE: JUAN.
Email,"Estimados, quisiera saber los mensualidad de 6to primaria para mi hijo Gabriel."
Email,"<p><b>Estimados, quisiera saber los pensiones de 1ero primaria para mi hijo Lucia.</b></p>"
WhatsApp,Saber si hay espacios en 5to secundaria para Elena. Gracias.
WhatsApp,Hola hay vacantes para 5to secundaria? Mi niño se llama Luis.
Email,"Estimados, quisiera saber los costos de primer año para mi hijo Ana."
Web,ficha de matrícula para traslado a primer grado. Postulante: Valentina.
Web,ficha de matrícula para traslado a 1ero secundaria. Postulante: Gabriel.
WhatsApp,Hola hay lugares para 1ero primaria? Mi niño se llama Camila.
Email,"ESTIMADOS, QUISIERA SABER LOS MENSUALIDAD DE 6TO PRIMARIA PARA MI HIJO GABRIEL."
Email,"Estimados, quisiera saber los pagos de primer grado para mi hijo Maria."
Web,PAPELES PARA TRASLADO A INICIAL 4 AÑOS. POSTULANTE: SEBASTIAN.
Email,"Estimados, quisiera saber los cuotas de inicial 3 años para mi hijo Sebastian."
Web,<p><b>documentación para traslado a inicial 5 años. Postulante: Sofia.</b></p>
Email,"ESTIMADOS, QUISIERA SABER LOS PRECIOS DE PRIMER GRADO PARA MI HIJO JUAN."
Web,charlas de admision para inicial 5 años. Mi menor es Pedro.
Email,"ESTIMADOS, QUISIERA SABER LOS PRECIOS DE INICIAL 4 AÑOS PARA MI HIJO LUCIA."
Email,"Estimados, quisiera saber los mensualidad de 6to primaria para mi hijo Elena."
Email,"Estimados, quisiera saber los pensiones de 5to secundaria para mi hijo Camila."
WhatsApp,<p><b>Saber si hay disponibilidad de ingreso en 6to primaria para Valentina. Gracias.</b></p>
Web,requisitos para traslado a inicial 4 años. Postulante: Sebastian.
Web,cronograma de admision para primer grado. Mi menor es Juan.
Web,<p><b>partidas para traslado a 1ero secundaria. Postulante: Thiago.</b></p>
Web,documentos para traslado a secundaria. Postulante: Sofia.
Web,requisitos para traslado a 6to primaria. Postulante: Gabriel.
Web,<p><b>reunión de admision para 6to primaria. Mi menor es Thiago.</b></p>
Email,"Estimados, quisiera saber los precios de 1ero primaria para mi hijo Lucia."
Email,SOLICITO INFORMACIÓN DE CUOTAS Y DETALLES PARA INICIAL 3 AÑOS. ATTE: LUIS.
Email,"Estimados, quisiera saber los pagos de primer año para mi hijo Pedro."
WhatsApp,Hola hay espacios para primer año? Mi niño se llama Juan.
Web,reunión de admision para 6to primaria. Mi menor es Nicolas.
Email,"ESTIMADOS, QUISIERA SABER LOS CUOTAS DE INICIAL 3 AÑOS PARA MI HIJO ELENA."
WhatsApp,Hola hay espacios para primer año? Mi niño se llama Mateo.
Web,partidas para traslado a inicial 3 años. Postulante: Ana.
Web,citas de admision para primer grado. Mi menor es Gabriel.
WhatsApp,Hola hay espacios para 5to secundaria? Mi niño se llama Lucia.
Email,"<p><b>Estimados, quisiera saber los costos de inicial 4 años para mi hijo Sofia.</b></p>"
Email,"Estimados, quisiera saber los precios de primer año para mi hijo Thiago."
Web,citas de admision para inicial 4 años. Mi menor es Gabriel.
Web,<p><b>entrevistas de admision para inicial 4 años. Mi menor es Nicolas.</b></p>
Email,<p><b>Solicito información de pagos y detalles para secundaria. Atte: Sofia.</b></p>
Web,reunión de admision para 6to primaria. Mi menor es Nicolas.
Email,Solicito información de precios y detalles para 6to primaria. Atte: Camila.
Email,SOLICITO INFORMACIÓN DE PAGOS Y DETALLES PARA SECUNDARIA. ATTE: LUCIA.
Web,citas de admision para secundaria. Mi menor es Thiago.
Email,SOLICITO INFORMACIÓN DE CUOTAS Y DETALLES PARA INICIAL 5 AÑOS. ATTE: JUAN.
Email,"Estimados, quisiera saber los mensualidad de 6to primaria para mi hijo Mateo."
WhatsApp,Hola hay vacantes para inicial 4 años? Mi niño se llama Sofia.
Email,"Estimados, quisiera saber los pagos de inicial 4 años para mi hijo Elena."
WhatsApp,Saber si hay espacios en 5to secundaria para Mateo. Gracias.
Web,FICHA DE MATRÍCULA PARA TRASLADO A PRIMER GRADO. POSTULANTE: PEDRO.
WhatsApp,Hola hay vacantes para 1ero primaria? Mi niño se llama Ana.
Email,"Estimados, quisiera saber los pensiones de 1ero secundaria para mi hijo Juan."
Web,charlas de admision para inicial 4 años. Mi menor es Ana.
Email,"<p><b>Estimados, quisiera saber los cuotas de 5to secundaria para mi hijo Valentina.</b></p>"
Email,Solicito información de cuotas y detalles para inicial 3 años. Atte: Juan.
Email,SOLICITO INFORMACIÓN DE CUOTAS Y DETALLES PARA SECUNDARIA. ATTE: VALENTINA.
Web,<p><b>requisitos para traslado a 1ero primaria. Postulante: Ana.</b></p>
Email,SOLICITO INFORMACIÓN DE PAGOS Y DETALLES PARA 1ERO SECUNDARIA. ATTE: CAMILA.
Web,REUNIÓN DE ADMISION PARA SECUNDARIA. MI MENOR ES THIAGO.
Email,"Estimados, quisiera saber los pagos de secundaria para mi hijo Elena."
WhatsApp,Saber si hay cupos en secundaria para Mateo. Gracias.
Web,reunión de admision para 1ero primaria. Mi menor es Pedro.
Email,"Estimados, quisiera saber los costos de 6to primaria para mi hijo Elena."
Email,Solicito información de cuotas y detalles para inicial 5 años. Atte: Pedro.
Email,"Estimados, quisiera saber los pagos de primer grado para mi hijo Sofia."
Email,Solicito información de cuotas y detalles para 6to primaria. Atte: Ana.
WhatsApp,<p><b>Saber si hay cupos en inicial 4 años para Luis. Gracias.</b></p>
Email,"ESTIMADOS, QUISIERA SABER LOS PENSIONES DE 1ERO SECUNDARIA PARA MI HIJO JUAN."
Web,partidas para traslado a 6to primaria. Postulante: Thiago.
Email,Solicito información de precios y detalles para inicial 5 años. Atte: Mateo.
WhatsApp,Hola hay disponibilidad de ingreso para inicial 4 años? Mi niño se llama Valentina.
WhatsApp,SABER SI HAY DISPONIBILIDAD DE INGRESO EN 6TO PRIMARIA PARA THIAGO. GRACIAS.
Web,cronograma de admision para inicial 5 años. Mi menor es Mateo.
Email,"Estimados, quisiera saber los precios de inicial 5 años para mi hijo Nicolas."
Web,REUNIÓN DE ADMISION PARA 6TO PRIMARIA. MI MENOR ES PEDRO.
WhatsApp,Saber si hay lugares en 6to primaria para Maria. Gracias.
Web,<p><b>papeles para traslado a inicial 3 años. Postulante: Pedro.</b></p>
Email,"Estimados, quisiera saber los pagos de 1ero secundaria para mi hijo Luis."
Email,Solicito información de pagos y detalles para 1ero secundaria. Atte: Elena.
Web,documentos para traslado a inicial 3 años. Postulante: Maria.
Web,reunión de admision para 5to secundaria. Mi menor es Elena.
Web,entrevistas de admision para 1ero primaria. Mi menor es Elena.
WhatsApp,Hola hay lugares para primer año? Mi niño se llama Lucia.
Email,"Estimados, quisiera saber los mensualidad de 1ero secundaria para mi hijo Elena."
Web,partidas para traslado a inicial 5 años. Postulante: Sebastian.
Email,Solicito información de costos y detalles para inicial 5 años. Atte: Thiago.
WhatsApp,Saber si hay lugares en primer año para Camila. Gracias.
Web,documentos para traslado a 1ero primaria. Postulante: Camila.
Web,DOCUMENTACIÓN PARA TRASLADO A INICIAL 4 AÑOS. POSTULANTE: LUIS.
WhatsApp,<p><b>Saber si hay cupos en 6to primaria para Maria. Gracias.</b></p>
Web,<p><b>documentos para traslado a 5to secundaria. Postulante: Juan.</b></p>
Email,"ESTIMADOS, QUISIERA SABER LOS PENSIONES DE INICIAL 3 AÑOS PARA MI HIJO VALENTINA."
Web,papeles para traslado a 6to primaria. Postulante: Luis.
WhatsApp,Saber si hay lugares en 1ero primaria para Juan. Gracias.
Email,"Estimados, quisiera saber los precios de inicial 5 años para mi hijo Maria."
Email,"Estimados, quisiera saber los pensiones de 1ero primaria para mi hijo Pedro."
Web,charlas de admision para secundaria. Mi menor es Gabriel.
Email,"Estimados, quisiera saber los costos de secundaria para mi hijo Thiago."
WhatsApp,Hola hay espacios para inicial 3 años? Mi niño se llama Sofia.
WhatsApp,<p><b>Hola hay espacios para primer año? Mi niño se llama Lucia.</b></p>
WhatsApp,Saber si hay vacantes en 1ero secundaria para Elena. Gracias.
Email,"Estimados, quisiera saber los mensualidad de inicial 4 años para mi hijo Luis."
Web,entrevistas de admision para inicial 5 años. Mi menor es Lucia.
Email,"Estimados, quisiera saber los costos de 6to primaria para mi hijo Sofia."
Email,"Estimados, quisiera saber los pensiones de primer grado para mi hijo Sebastian."
WhatsApp,Saber si hay cupos en secundaria para Camila. Gracias.
Email,"ESTIMADOS, QUISIERA SABER LOS PRECIOS DE 1ERO SECUNDARIA PARA MI HIJO SOFIA."
Web,papeles para traslado a primer año. Postulante: Luis.
Email,"Estimados, quisiera saber los pensiones de inicial 5 años para mi hijo Maria."
Web,documentos para traslado a primer grado. Postulante: Luis.
WhatsApp,Saber si hay cupos en primer grado para Lucia. Gracias.
Web,<p><b>papeles para traslado a 1ero secundaria. Postulante: Sofia.</b></p>
Email,"<p><b>Estimados, quisiera saber los precios de 1ero primaria para mi hijo Sofia.</b></p>"
WhatsApp,<p><b>Saber si hay vacantes en secundaria para Gabriel. Gracias.</b></p>
Web,<p><b>papeles para traslado a primer año. Postulante: Elena.</b></p>
WhatsApp,<p><b>Saber si hay disponibilidad de ingreso en inicial 4 años para Valentina. Gracias.</b></p>
Email,"Estimados, quisiera saber los mensualidad de 1ero primaria para mi hijo Sofia."
WhatsApp,Hola hay espacios para inicial 3 años? Mi niño se llama Camila.
WhatsApp,<p><b>Hola hay espacios para inicial 4 años? Mi niño se llama Camila.</b></p>
Email,"Estimados, quisiera saber los costos de primer año para mi hijo Sofia."
WhatsApp,<p><b>Hola hay vacantes para primer grado? Mi niño se llama Valentina.</b></p>
Web,CRONOGRAMA DE ADMISION PARA SECUNDARIA. MI MENOR ES NICOLAS.
Web,<p><b>ficha de matrícula para traslado a 1ero primaria. Postulante: Pedro.</b></p>
Web,ficha de matrícula para traslado a 5to secundaria. Postulante: Camila.
WhatsApp,Saber si hay disponibilidad de ingreso en secundaria para Maria. Gracias.
Web,partidas para traslado a primer año. Postulante: Ana.
Web,charlas de admision para 1ero secundaria. Mi menor es Juan.
Email,"ESTIMADOS, QUISIERA SABER LOS MENSUALIDAD DE PRIMER AÑO PARA MI HIJO LUIS."
Email,"Estimados, quisiera saber los costos de inicial 5 años para mi hijo Maria."
Email,<p><b>Solicito información de precios y detalles para inicial 3 años. Atte: Pedro.</b></p>
Email,"Estimados, quisiera saber los pagos de 1ero secundaria para mi hijo Sebastian."
Web,requisitos para traslado a primer grado. Postulante: Camila.
Web,CHARLAS DE ADMISION PARA SECUNDARIA. MI MENOR ES GABRIEL.
Email,Solicito información de precios y detalles para primer año. Atte: Lucia.
Email,Solicito información de precios y detalles para inicial 4 años. Atte: Luis.
WhatsApp,Saber si hay disponibilidad de ingreso en 1ero primaria para Luis. Gracias.
Email,"Estimados, quisiera saber los precios de 6to primaria para mi hijo Mateo."
Email,Solicito información de pagos y detalles para primer grado. Atte: Sofia.
Email,"<p><b>Estimados, quisiera saber los mensualidad de 1ero primaria para mi hijo Mateo.</b></p>"
WhatsApp,Hola hay lugares para primer grado? Mi niño se llama Sebastian.
WhatsApp,<p><b>Hola hay espacios para 1ero primaria? Mi niño se llama Luis.</b></p>
Email,SOLICITO INFORMACIÓN DE PAGOS Y DETALLES PARA 1ERO SECUNDARIA. ATTE: LUIS.
Web,documentación para traslado a secundaria. Postulante: Valentina.
Web,requisitos para traslado a 1ero primaria. Postulante: Juan.
Email,"Estimados, quisiera saber los precios de inicial 4 años para mi hijo Ana."
Web,reunión de admision para 6to primaria. Mi menor es Lucia.
WhatsApp,Saber si hay vacantes en 1ero primaria para Thiago. Gracias.
Web,reunión de admision para primer grado. Mi menor es Ana.
Web,<p><b>cronograma de admision para 1ero secundaria. Mi menor es Elena.</b></p>
Email,Solicito información de precios y detalles para primer grado. Atte: Ana.
Email,<p><b>Solicito información de costos y detalles para inicial 5 años. Atte: Ana.</b></p>
Email,"Estimados, quisiera saber los pagos de inicial 3 años para mi hijo Elena."
Web,papeles para traslado a inicial 4 años. Postulante: Camila.
Email,<p><b>Solicito información de pagos y detalles para inicial 3 años. Atte: Lucia.</b></p>
WhatsApp,SABER SI HAY DISPONIBILIDAD DE INGRESO EN SECUNDARIA PARA LUIS. GRACIAS.
WhatsApp,<p><b>Hola hay disponibilidad de ingreso para secundaria? Mi niño se llama Sofia.</b></p>
Email,Solicito información de mensualidad y detalles para primer grado. Atte: Sofia.
Email,Solicito información de precios y detalles para inicial 5 años. Atte: Mateo.
Email,"Estimados, quisiera saber los precios de 1ero primaria para mi hijo Mateo."
Email,"Estimados, quisiera saber los mensualidad de 6to primaria para mi hijo Maria."
Web,papeles para traslado a inicial 4 años. Postulante: Sofia.
Email,<p><b>Solicito información de pensiones y detalles para 5to secundaria. Atte: Sofia.</b></p>
WhatsApp,Hola hay vacantes para 5to secundaria? Mi niño se llama Sofia.
Email,SOLICITO INFORMACIÓN DE CUOTAS Y DETALLES PARA INICIAL 4 AÑOS. ATTE: MATEO.
Email,"ESTIMADOS, QUISIERA SABER LOS COSTOS DE PRIMER GRADO PARA MI HIJO THIAGO."
Web,reunión de admision para inicial 4 años. Mi menor es Gabriel.
Email,Solicito información de costos y detalles para secundaria. Atte: Nicolas.
Web,<p><b>entrevistas de admision para inicial 3 años. Mi menor es Gabriel.</b></p>
Email,Solicito información de pagos y detalles para primer grado. Atte: Sebastian.
Web,requisitos para traslado a primer año. Postulante: Juan.
Web,requisitos para traslado a 1ero secundaria. Postulante: Gabriel.
Web,<p><b>entrevistas de admision para inicial 5 años. Mi menor es Gabriel.</b></p>
Email,SOLICITO INFORMACIÓN DE MENSUALIDAD Y DETALLES PARA SECUNDARIA. ATTE: MARIA.
WhatsApp,Hola hay disponibilidad de ingreso para inicial 4 años? Mi niño se llama Ana.
Email,"ESTIMADOS, QUISIERA SABER LOS PENSIONES DE INICIAL 5 AÑOS PARA MI HIJO ELENA."
WhatsApp,HOLA HAY LUGARES PARA PRIMER AÑO? MI NIÑO SE LLAMA LUCIA.
WhatsApp,<p><b>Saber si hay disponibilidad de ingreso en primer año para Ana. Gracias.</b></p>
WhatsApp,Hola hay vacantes para 1ero secundaria? Mi niño se llama Pedro.
Web,documentación para traslado a 6to primaria. Postulante: Nicolas.
Email,"<p><b>Estimados, quisiera saber los pensiones de inicial 4 años para mi hijo Camila.</b></p>"
Email,"Estimados, quisiera saber los precios de primer grado para mi hijo Luis."
Email,Solicito información de precios y detalles para inicial 4 años. Atte: Valentina.
Email,"Estimados, quisiera saber los pagos de 1ero primaria para mi hijo Valentina."
WhatsApp,Hola hay espacios para inicial 3 años? Mi niño se llama Maria.
Web,requisitos para traslado a inicial 5 años. Postulante: Maria.
Email,"Estimados, quisiera saber los pagos de 6to primaria para mi hijo Maria."
WhatsApp,Saber si hay lugares en secundaria para Valentina. Gracias.
WhatsApp,<p><b>Hola hay lugares para 5to secundaria? Mi niño se llama Elena.</b></p>
Web,citas de admision para inicial 4 años. Mi menor es Camila.
Web,<p><b>entrevistas de admision para 5to secundaria. Mi menor es Gabriel.</b></p>
Email,"ESTIMADOS, QUISIERA SABER LOS PRECIOS DE INICIAL 5 AÑOS PARA MI HIJO MATEO."
Email,"Estimados, quisiera saber los cuotas de primer grado para mi hijo Gabriel."
Web,citas de admision para secundaria. Mi menor es Gabriel.
Web,documentos para traslado a inicial 3 años. Postulante: Elena.
Web,<p><b>charlas de admision para 1ero primaria. Mi menor es Gabriel.</b></p>
WhatsApp,Hola hay cupos para inicial 5 años? Mi niño se llama Gabriel.
WhatsApp,Hola hay disponibilidad de ingreso para 1ero primaria? Mi niño se llama Sebastian.
WhatsApp,Hola hay vacantes para inicial 3 años? Mi niño se llama Thiago.
WhatsApp,Saber si hay lugares en primer año para Juan. Gracias.
Email,Solicito información de costos y detalles para 5to secundaria. Atte: Lucia.
Email,"Estimados, quisiera saber los precios de inicial 5 años para mi hijo Ana."
Web,REUNIÓN DE ADMISION PARA 1ERO SECUNDARIA. MI MENOR ES SOFIA.
WhatsApp,<p><b>Hola hay disponibilidad de ingreso para 1ero primaria? Mi niño se llama Luis.</b></p>
Web,<p><b>cronograma de admision para inicial 4 años. Mi menor es Valentina.</b></p>
Web,cronograma de admision para 6to primaria. Mi menor es Mateo.
WhatsApp,Hola hay lugares para inicial 5 años? Mi niño se llama Elena.
Web,documentación para traslado a inicial 5 años. Postulante: Elena.
Email,"Estimados, quisiera saber los pagos de inicial 5 años para mi hijo Sofia."
Email,Solicito información de pensiones y detalles para secundaria. Atte: Pedro.
WhatsApp,<p><b>Saber si hay disponibilidad de ingreso en 1ero primaria para Sebastian. Gracias.</b></p>
Web,documentación para traslado a primer año. Postulante: Mateo.
WhatsApp,Saber si hay disponibilidad de ingreso en primer grado para Ana. Gracias.
Web,entrevistas de admision para 6to primaria. Mi menor es Elena.
Web,documentos para traslado a 5to secundaria. Postulante: Camila.
WhatsApp,SABER SI HAY ESPACIOS EN PRIMER AÑO PARA SEBASTIAN. GRACIAS.
WhatsApp,Hola hay lugares para 5to secundaria? Mi niño se llama Sofia.
Email,<p><b>Solicito información de precios y detalles para primer año. Atte: Ana.</b></p>
WhatsApp,Saber si hay vacantes en inicial 5 años para Juan. Gracias.
Email,"Estimados, quisiera saber los precios de 6to primaria para mi hijo Ana."
Web,CITAS DE ADMISION PARA PRIMER GRADO. MI MENOR ES GABRIEL.
WhatsApp,Saber si hay vacantes en secundaria para Pedro. Gracias.
Web,DOCUMENTOS PARA TRASLADO A 6TO PRIMARIA. POSTULANTE: ELENA.
Web,CRONOGRAMA DE ADMISION PARA PRIMER AÑO. MI MENOR ES LUCIA.
Web,cronograma de admision para 1ero primaria. Mi menor es Maria.
WhatsApp,Hola hay disponibilidad de ingreso para inicial 3 años? Mi niño se llama Mateo.
WhatsApp,SABER SI HAY ESPACIOS EN PRIMER GRADO PARA ELENA. GRACIAS.
WhatsApp,Saber si hay lugares en 6to primaria para Juan. Gracias.
Web,papeles para traslado a 1ero primaria. Postulante: Maria.
WhatsApp,Saber si hay cupos en 5to secundaria para Thiago. Gracias.
Email,Solicito información de mensualidad y detalles para 1ero primaria. Atte: Lucia.
Web,<p><b>partidas para traslado a 1ero primaria. Postulante: Elena.</b></p>
WhatsApp,Hola hay espacios para 1ero secundaria? Mi niño se llama Ana.
Email,Solicito información de pagos y detalles para 5to secundaria. Atte: Thiago.
Email,"<p><b>Estimados, quisiera saber los mensualidad de inicial 3 años para mi hijo Mateo.</b></p>"
Email,"Estimados, quisiera saber los cuotas de inicial 4 años para mi hijo Luis."
WhatsApp,<p><b>Hola hay espacios para 5to secundaria? Mi niño se llama Valentina.</b></p>
WhatsApp,Hola hay lugares para 6to primaria? Mi niño se llama Juan.
WhatsApp,Saber si hay lugares en primer año para Pedro. Gracias.
Email,"Estimados, quisiera saber los precios de 5to secundaria para mi hijo Elena."
Web,ficha de matrícula para traslado a 1ero primaria. Postulante: Thiago.
WhatsApp,<p><b>Saber si hay disponibilidad de ingreso en inicial 3 años para Ana. Gracias.</b></p>
WhatsApp,<p><b>Saber si hay vacantes en primer grado para Lucia. Gracias.</b></p>
Email,"<p><b>Estimados, quisiera saber los mensualidad de primer grado para mi hijo Camila.</b></p>"
WhatsApp,Saber si hay espacios en 1ero primaria para Sebastian. Gracias.
WhatsApp,SABER SI HAY ESPACIOS EN INICIAL 3 AÑOS PARA PEDRO. GRACIAS.
Email,"Estimados, quisiera saber los mensualidad de primer grado para mi hijo Sebastian."
WhatsApp,Saber si hay vacantes en inicial 3 años para Juan. Gracias.
WhatsApp,<p><b>Hola hay vacantes para primer año? Mi niño se llama Thiago.</b></p>
Email,"<p><b>Estimados, quisiera saber los mensualidad de 1ero primaria para mi hijo Ana.</b></p>"
WhatsApp,Saber si hay vacantes en inicial 3 años para Sofia. Gracias.
Email,"<p><b>Estimados, quisiera saber los pagos de primer grado para mi hijo Lucia.</b></p>"
Email,Solicito información de pagos y detalles para 1ero secundaria. Atte: Juan.
Email,Solicito información de cuotas y detalles para inicial 3 años. Atte: Lucia.
WhatsApp,<p><b>Hola hay cupos para primer año? Mi niño se llama Elena.</b></p>
WhatsApp,Hola hay lugares para secundaria? Mi niño se llama Gabriel.
WhatsApp,Saber si hay cupos en inicial 5 años para Valentina. Gracias.
Web,citas de admision para primer año. Mi menor es Elena.
WhatsApp,<p><b>Saber si hay disponibilidad de ingreso en secundaria para Sebastian. Gracias.</b></p>
WhatsApp,Hola hay disponibilidad de ingreso para primer grado? Mi niño se llama Pedro.
Email,"Estimados, quisiera saber los mensualidad de 1ero primaria para mi hijo Lucia."
Email,Solicito información de precios y detalles para inicial 5 años. Atte: Luis.
Web,documentación para traslado a primer año. Postulante: Camila.
Web,cronograma de admision para 6to primaria. Mi menor es Mateo.
WhatsApp,SABER SI HAY LUGARES EN 5TO SECUNDARIA PARA SOFIA. GRACIAS.
Email,"<p><b>Estimados, quisiera saber los pensiones de primer año para mi hijo Sebastian.</b></p>"
WhatsApp,Hola hay espacios para 1ero primaria? Mi niño se llama Ana.
Email,Solicito información de pensiones y detalles para primer año. Atte: Gabriel.
Email,"Estimados, quisiera saber los pagos de primer grado para mi hijo Ana."
Email,Solicito información de cuotas y detalles para inicial 4 años. Atte: Elena.
Web,PAPELES PARA TRASLADO A INICIAL 5 AÑOS. POSTULANTE: MARIA.
Email,Solicito información de pagos y detalles para primer año. Atte: Juan.
Email,"ESTIMADOS, QUISIERA SABER LOS PENSIONES DE INICIAL 3 AÑOS PARA MI HIJO SEBASTIAN."
Email,"Estimados, quisiera saber los mensualidad de 6to primaria para mi hijo Sofia."
WhatsApp,SABER SI HAY ESPACIOS EN 6TO PRIMARIA PARA NICOLAS. GRACIAS.
Email,SOLICITO INFORMACIÓN DE PAGOS Y DETALLES PARA PRIMER AÑO. ATTE: GABRIEL.
Email,"ESTIMADOS, QUISIERA SABER LOS COSTOS DE 1ERO PRIMARIA PARA MI HIJO CAMILA."
Email,<p><b>Solicito información de pensiones y detalles para secundaria. Atte: Maria.</b></p>
WhatsApp,Hola hay cupos para 1ero secundaria? Mi niño se llama Nicolas.
Web,documentación para traslado a 6to primaria. Postulante: Ana.
WhatsApp,Hola hay vacantes para primer grado? Mi niño se llama Sofia.
Web,ficha de matrícula para traslado a inicial 3 años. Postulante: Lucia.
WhatsApp,Saber si hay espacios en 5to secundaria para Juan. Gracias.
Web,reunión de admision para 1ero secundaria. Mi menor es Luis.
Web,requisitos para traslado a inicial 4 años. Postulante: Mateo.
WhatsApp,Hola hay cupos para 1ero secundaria? Mi niño se llama Sebastian.
WhatsApp,Saber si hay cupos en secundaria para Mateo. Gracias.
WhatsApp,<p><b>Hola hay vacantes para inicial 3 años? Mi niño se llama Maria.</b></p>
WhatsApp,Saber si hay cupos en secundaria para Elena. Gracias.
Web,charlas de admision para inicial 4 años. Mi menor es Ana.
Email,<p><b>Solicito información de pagos y detalles para 6to primaria. Atte: Ana.</b></p>
Web,<p><b>requisitos para traslado a 1ero secundaria. Postulante: Pedro.</b></p>
Web,<p><b>cronograma de admision para primer año. Mi menor es Pedro.</b></p>
WhatsApp,Hola hay disponibilidad de ingreso para primer año? Mi niño se llama Ana.
WhatsApp,<p><b>Saber si hay cupos en secundaria para Mateo. Gracias.</b></p>
Email,"<p><b>Estimados, quisiera saber los cuotas de primer año para mi hijo Valentina.</b></p>"
WhatsApp,Saber si hay lugares en 1ero secundaria para Lucia. Gracias.
Email,"Estimados, quisiera saber los mensualidad de primer grado para mi hijo Lucia."
Email,"Estimados, quisiera saber los cuotas de inicial 4 años para mi hijo Sebastian."
Email,"ESTIMADOS, QUISIERA SABER LOS CUOTAS DE 1ERO SECUNDARIA PARA MI HIJO GABRIEL."
Email,Solicito información de mensualidad y detalles para inicial 3 años. Atte: Sebastian.
Email,Solicito información de cuotas y detalles para 1ero primaria. Atte: Nicolas.
WhatsApp,Saber si hay disponibilidad de ingreso en inicial 4 años para Mateo. Gracias.
Web,citas de admision para secundaria. Mi menor es Juan.
WhatsApp,<p><b>Saber si hay vacantes en 5to secundaria para Ana. Gracias.</b></p>
Web,reunión de admision para secundaria. Mi menor es Luis.
Email,"Estimados, quisiera saber los mensualidad de primer grado para mi hijo Nicolas."
WhatsApp,HOLA HAY VACANTES PARA INICIAL 3 AÑOS? MI NIÑO SE LLAMA JUAN.
Email,<p><b>Solicito información de cuotas y detalles para inicial 5 años. Atte: Luis.</b></p>
Web,papeles para traslado a 1ero primaria. Postulante: Valentina.
Email,Solicito información de mensualidad y detalles para 1ero secundaria. Atte: Sebastian.
Web,REUNIÓN DE ADMISION PARA PRIMER AÑO. MI MENOR ES SOFIA.
Web,papeles para traslado a 6to primaria. Postulante: Lucia.
Email,"ESTIMADOS, QUISIERA SABER LOS COSTOS DE INICIAL 5 AÑOS PARA MI HIJO JUAN."
Email,"Estimados, quisiera saber los cuotas de inicial 5 años para mi hijo Lucia."
WhatsApp,Saber si hay vacantes en secundaria para Thiago. Gracias.
Web,CITAS DE ADMISION PARA PRIMER GRADO. MI MENOR ES PEDRO.
WhatsApp,<p><b>Hola hay disponibilidad de ingreso para 6to primaria? Mi niño se llama Valentina.</b></p>
Web,CHARLAS DE ADMISION PARA 1ERO PRIMARIA. MI MENOR ES VALENTINA.
WhatsApp,<p><b>Saber si hay espacios en 1ero secundaria para Gabriel. Gracias.</b></p>
WhatsApp,<p><b>Saber si hay lugares en 5to secundaria para Luis. Gracias.</b></p>
Web,FICHA DE MATRÍCULA PARA TRASLADO A 1ERO SECUNDARIA. POSTULANTE: VALENTINA.
Email,"Estimados, quisiera saber los costos de 5to secundaria para mi hijo Pedro."
WhatsApp,SABER SI HAY LUGARES EN 6TO PRIMARIA PARA MATEO. GRACIAS.
Email,"Estimados, quisiera saber los pagos de 6to primaria para mi hijo Gabriel."
Web,ENTREVISTAS DE ADMISION PARA 5TO SECUNDARIA. MI MENOR ES THIAGO.
WhatsApp,Hola hay cupos para inicial 4 años? Mi niño se llama Elena.
WhatsApp,Hola hay lugares para 5to secundaria? Mi niño se llama Lucia.
WhatsApp,Saber si hay disponibilidad de ingreso en inicial 3 años para Mateo. Gracias.
WhatsApp,Saber si hay cupos en 1ero primaria para Luis. Gracias.
Web,requisitos para traslado a secundaria. Postulante: Maria.
Web,ficha de matrícula para traslado a primer grado. Postulante: Ana.
WhatsApp,Saber si hay espacios en inicial 3 años para Nicolas. Gracias.
WhatsApp,<p><b>Hola hay cupos para 1ero secundaria? Mi niño se llama Juan.</b></p>
Web,charlas de admision para 5to secundaria. Mi menor es Luis.
Web,papeles para traslado a 1ero primaria. Postulante: Mateo.
WhatsApp,SABER SI HAY DISPONIBILIDAD DE INGRESO EN 6TO PRIMARIA PARA LUIS. GRACIAS.
Web,ficha de matrícula para traslado a 1ero primaria. Postulante: Ana.
Email,Solicito información de precios y detalles para primer año. Atte: Thiago.
WhatsApp,HOLA HAY ESPACIOS PARA PRIMER GRADO? MI NIÑO SE LLAMA MARIA.
Email,Solicito información de cuotas y detalles para 5to secundaria. Atte: Thiago.
WhatsApp,Hola hay disponibilidad de ingreso para 5to secundaria? Mi niño se llama Maria.
Email,"Estimados, quisiera saber los pagos de inicial 4 años para mi hijo Elena."
WhatsApp,Saber si hay lugares en secundaria para Ana. Gracias.
WhatsApp,<p><b>Saber si hay espacios en inicial 5 años para Elena. Gracias.</b></p>
Web,cronograma de admision para 6to primaria. Mi menor es Camila.
WhatsApp,Hola hay disponibilidad de ingreso para 1ero secundaria? Mi niño se llama Nicolas.
WhatsApp,Saber si hay lugares en secundaria para Nicolas. Gracias.
Web,documentación para traslado a 5to secundaria. Postulante: Maria.
WhatsApp,Saber si hay vacantes en primer grado para Ana. Gracias.
Web,papeles para traslado a 1ero primaria. Postulante: Pedro.
Email,"<p><b>Estimados, quisiera saber los mensualidad de 5to secundaria para mi hijo Maria.</b></p>"
Web,cronograma de admision para primer grado. Mi menor es Elena.
WhatsApp,Saber si hay vacantes en 1ero primaria para Elena. Gracias.
Web,REUNIÓN DE ADMISION PARA 5TO SECUNDARIA. MI MENOR ES THIAGO.
Email,"<p><b>Estimados, quisiera saber los pensiones de primer grado para mi hijo Pedro.</b></p>"
WhatsApp,Saber si hay vacantes en 5to secundaria para Mateo. Gracias.
WhatsApp,Saber si hay disponibilidad de ingreso en 6to primaria para Sebastian. Gracias.
Email,Solicito información de precios y detalles para secundaria. Atte: Camila.
Email,"Estimados, quisiera saber los costos de primer año para mi hijo Elena."
Email,Solicito información de costos y detalles para primer año. Atte: Juan.
Web,REUNIÓN DE ADMISION PARA 6TO PRIMARIA. MI MENOR ES CAMILA.
Email,"Estimados, quisiera saber los pagos de inicial 5 años para mi hijo Juan."
Web,documentación para traslado a inicial 3 años. Postulante: Mateo.
Email,"Estimados, quisiera saber los pagos de 5to secundaria para mi hijo Gabriel."
WhatsApp,<p><b>Hola hay espacios para inicial 5 años? Mi niño se llama Lucia.</b></p>
Email,"<p><b>Estimados, quisiera saber los pagos de inicial 4 años para mi hijo Elena.</b></p>"
WhatsApp,HOLA HAY CUPOS PARA 1ERO PRIMARIA? MI NIÑO SE LLAMA MATEO.
Email,"Estimados, quisiera saber los mensualidad de 5to secundaria para mi hijo Nicolas."
Web,REQUISITOS PARA TRASLADO A 1ERO PRIMARIA. POSTULANTE: LUIS.
Email,<p><b>Solicito información de pagos y detalles para inicial 5 años. Atte: Sebastian.</b></p>
Email,<p><b>Solicito información de pensiones y detalles para 5to secundaria. Atte: Sebastian.</b></p>
WhatsApp,Hola hay espacios para primer año? Mi niño se llama Pedro.
Web,citas de admision para inicial 4 años. Mi menor es Sebastian.
Web,ficha de matrícula para traslado a inicial 5 años. Postulante: Juan.
WhatsApp,Saber si hay lugares en inicial 4 años para Lucia. Gracias.
Email,Solicito información de pensiones y detalles para secundaria. Atte: Lucia.
Web,papeles para traslado a 1ero secundaria. Postulante: Nicolas.
Email,Solicito información de precios y detalles para 1ero secundaria. Atte: Juan.
Web,reunión de admision para inicial 3 años. Mi menor es Pedro.
Web,partidas para traslado a primer grado. Postulante: Juan.
Email,Solicito información de pensiones y detalles para primer año. Atte: Ana.
Email,Solicito información de pagos y detalles para 1ero secundaria. Atte: Sofia.
Web,citas de admision para 1ero primaria. Mi menor es Sofia.
WhatsApp,<p><b>Saber si hay espacios en 6to primaria para Camila. Gracias.</b></p>
Web,cronograma de admision para 6to primaria. Mi menor es Pedro.
Email,"Estimados, quisiera saber los mensualidad de inicial 3 años para mi hijo Camila."
Email,SOLICITO INFORMACIÓN DE PAGOS Y DETALLES PARA INICIAL 5 AÑOS. ATTE: MARIA.
WhatsApp,Hola hay cupos para 5to secundaria? Mi niño se llama Camila.
Email,"Estimados, quisiera saber los pagos de 5to secundaria para mi hijo Maria."
Email,Solicito información de costos y detalles para 6to primaria. Atte: Thiago.
Web,requisitos para traslado a 6to primaria. Postulante: Sebastian.
Web,ENTREVISTAS DE ADMISION PARA 6TO PRIMARIA. MI MENOR ES MATEO.
Email,<p><b>Solicito información de cuotas y detalles para 6to primaria. Atte: Luis.</b></p>
Email,<p><b>Solicito información de costos y detalles para 5to secundaria. Atte: Mateo.</b></p>
Web,cronograma de admision para inicial 5 años. Mi menor es Thiago.
WhatsApp,HOLA HAY LUGARES PARA INICIAL 4 AÑOS? MI NIÑO SE LLAMA LUCIA.
Web,citas de admision para secundaria. Mi menor es Luis.
WhatsApp,Saber si hay lugares en 1ero primaria para Nicolas. Gracias.
Web,entrevistas de admision para primer grado. Mi menor es Pedro.
Email,"Estimados, quisiera saber los mensualidad de primer grado para mi hijo Juan."
Web,partidas para traslado a secundaria. Postulante: Valentina.
Email,"<p><b>Estimados, quisiera saber los precios de secundaria para mi hijo Nicolas.</b></p>"
Email,"Estimados, quisiera saber los pensiones de secundaria para mi hijo Lucia."
Email,"Estimados, quisiera saber los mensualidad de inicial 5 años para mi hijo Thiago."
Email,Solicito información de pagos y detalles para primer año. Atte: Nicolas.
Email,Solicito información de pagos y detalles para inicial 5 años. Atte: Nicolas.
Web,entrevistas de admision para 5to secundaria. Mi menor es Pedro.
Web,ficha de matrícula para traslado a 1ero secundaria. Postulante: Sebastian.
Web,ficha de matrícula para traslado a inicial 4 años. Postulante: Sebastian.
WhatsApp,<p><b>Saber si hay lugares en 1ero primaria para Thiago. Gracias.</b></p>
Email,"Estimados, quisiera saber los precios de 5to secundaria para mi hijo Juan."
WhatsApp,HOLA HAY LUGARES PARA PRIMER AÑO? MI NIÑO SE LLAMA VALENTINA.
Web,PAPELES PARA TRASLADO A INICIAL 3 AÑOS. POSTULANTE: ELENA.
Web,CITAS DE ADMISION PARA INICIAL 5 AÑOS. MI MENOR ES ANA.
WhatsApp,Saber si hay disponibilidad de ingreso en inicial 4 años para Lucia. Gracias.
WhatsApp,Saber si hay cupos en inicial 3 años para Mateo. Gracias.
WhatsApp,HOLA HAY LUGARES PARA INICIAL 3 AÑOS? MI NIÑO SE LLAMA SEBASTIAN.
Email,"ESTIMADOS, QUISIERA SABER LOS PENSIONES DE PRIMER GRADO PARA MI HIJO SOFIA."
WhatsApp,HOLA HAY CUPOS PARA 5TO SECUNDARIA? MI NIÑO SE LLAMA ELENA.
WhatsApp,Hola hay lugares para inicial 3 años? Mi niño se llama Pedro.
Email,SOLICITO INFORMACIÓN DE PAGOS Y DETALLES PARA PRIMER GRADO. ATTE: NICOLAS.
Email,"ESTIMADOS, QUISIERA SABER LOS COSTOS DE SECUNDARIA PARA MI HIJO NICOLAS."
Web,requisitos para traslado a primer año. Postulante: Lucia.
WhatsApp,SABER SI HAY DISPONIBILIDAD DE INGRESO EN 1ERO SECUNDARIA PARA THIAGO. GRACIAS.
WhatsApp,<p><b>Saber si hay vacantes en 1ero primaria para Elena. Gracias.</b></p>
Email,"Estimados, quisiera saber los precios de 1ero primaria para mi hijo Nicolas."
WhatsApp,HOLA HAY ESPACIOS PARA INICIAL 4 AÑOS? MI NIÑO SE LLAMA CAMILA.
WhatsApp,Saber si hay lugares en 1ero primaria para Gabriel. Gracias.
Web,charlas de admision para inicial 4 años. Mi menor es Luis.
Email,"Estimados, quisiera saber los mensualidad de inicial 3 años para mi hijo Mateo."
WhatsApp,Saber si hay espacios en primer grado para Maria. Gracias.
Email,Solicito información de cuotas y detalles para inicial 5 años. Atte: Elena.
Email,"Estimados, quisiera saber los costos de primer año para mi hijo Mateo."
WhatsApp,Hola hay espacios para inicial 4 años? Mi niño se llama Camila.
WhatsApp,<p><b>Hola hay disponibilidad de ingreso para inicial 5 años? Mi niño se llama Sofia.</b></p>
WhatsApp,Saber si hay espacios en 1ero primaria para Sebastian. Gracias.
Email,"<p><b>Estimados, quisiera saber los costos de 6to primaria para mi hijo Pedro.</b></p>"
Email,"<p><b>Estimados, quisiera saber los mensualidad de 1ero secundaria para mi hijo Camila.</b></p>"
Email,Solicito información de mensualidad y detalles para 1ero primaria. Atte: Luis.
Email,"Estimados, quisiera saber los mensualidad de secundaria para mi hijo Gabriel."
WhatsApp,Saber si hay espacios en 1ero primaria para Maria. Gracias.
WhatsApp,Saber si hay vacantes en secundaria para Sofia. Gracias.
Web,CHARLAS DE ADMISION PARA SECUNDARIA. MI MENOR ES CAMILA.
Web,entrevistas de admision para primer grado. Mi menor es Pedro.
WhatsApp,Saber si hay lugares en primer grado para Camila. Gracias.
WhatsApp,Saber si hay disponibilidad de ingreso en inicial 5 años para Maria. Gracias.
Email,<p><b>Solicito información de cuotas y detalles para inicial 3 años. Atte: Pedro.</b></p>
WhatsApp,Saber si hay cupos en 1ero secundaria para Ana. Gracias.
WhatsApp,Saber si hay vacantes en 1ero secundaria para Luis. Gracias.
Web,entrevistas de admision para inicial 4 años. Mi menor es Lucia.
WhatsApp,Hola hay vacantes para secundaria? Mi niño se llama Maria.
WhatsApp,Hola hay vacantes para primer año? Mi niño se llama Sebastian.
Email,"Estimados, quisiera saber los cuotas de secundaria para mi hijo Nicolas."
Email,SOLICITO INFORMACIÓN DE PENSIONES Y DETALLES PARA INICIAL 5 AÑOS. ATTE: MARIA.
Web,charlas de admision para inicial 3 años. Mi menor es Maria.
Email,"Estimados, quisiera saber los precios de 6to primaria para mi hijo Valentina."
WhatsApp,Saber si hay lugares en 5to secundaria para Valentina. Gracias.
WhatsApp,SABER SI HAY VACANTES EN 5TO SECUNDARIA PARA NICOLAS. GRACIAS.
Web,<p><b>ficha de matrícula para traslado a inicial 3 años. Postulante: Gabriel.</b></p>
Email,<p><b>Solicito información de pagos y detalles para inicial 3 años. Atte: Ana.</b></p>
Web,<p><b>reunión de admision para secundaria. Mi menor es Elena.</b></p>
WhatsApp,Hola hay cupos para secundaria? Mi niño se llama Mateo.
Web,charlas de admision para secundaria. Mi menor es Nicolas.
Web,<p><b>charlas de admision para 1ero primaria. Mi menor es Thiago.</b></p>
Web,reunión de admision para primer grado. Mi menor es Gabriel.
Web,charlas de admision para 1ero secundaria. Mi menor es Lucia.
Email,"<p><b>Estimados, quisiera saber los costos de primer año para mi hijo Gabriel.</b></p>"
WhatsApp,Saber si hay vacantes en inicial 5 años para Luis. Gracias.
Email,"Estimados, quisiera saber los pensiones de 6to primaria para mi hijo Ana."
Email,"Estimados, quisiera saber los mensualidad de primer año para mi hijo Mateo."
WhatsApp,<p><b>Hola hay vacantes para inicial 4 años? Mi niño se llama Pedro.</b></p>
Web,ficha de matrícula para traslado a inicial 3 años. Postulante: Lucia.
Email,"<p><b>Estimados, quisiera saber los cuotas de inicial 4 años para mi hijo Luis.</b></p>"
Email,"Estimados, quisiera saber los cuotas de inicial 5 años para mi hijo Ana."
Web,papeles para traslado a 6to primaria. Postulante: Sebastian.
Web,entrevistas de admision para primer año. Mi menor es Gabriel.
Email,"<p><b>Estimados, quisiera saber los pagos de primer grado para mi hijo Camila.</b></p>"
Web,documentación para traslado a 5to secundaria. Postulante: Thiago.
WhatsApp,Hola hay cupos para 1ero secundaria? Mi niño se llama Luis.
Web,citas de admision para primer grado. Mi menor es Nicolas.
Email,<p><b>Solicito información de cuotas y detalles para inicial 5 años. Atte: Thiago.</b></p>
Email,"ESTIMADOS, QUISIERA SABER LOS PRECIOS DE INICIAL 5 AÑOS PARA MI HIJO LUCIA."
Email,"Estimados, quisiera saber los costos de 5to secundaria para mi hijo Nicolas."
Email,Solicito información de cuotas y detalles para primer grado. Atte: Camila.
WhatsApp,Hola hay lugares para 1ero secundaria? Mi niño se llama Nicolas.
Web,citas de admision para 1ero primaria. Mi menor es Lucia.
Email,"ESTIMADOS, QUISIERA SABER LOS PRECIOS DE SECUNDARIA PARA MI HIJO JUAN."
Web,citas de admision para primer año. Mi menor es Camila.
Web,requisitos para traslado a inicial 5 años. Postulante: Maria.
Email,"Estimados, quisiera saber los precios de 5to secundaria para mi hijo Gabriel."
WhatsApp,Saber si hay disponibilidad de ingreso en inicial 4 años para Thiago. Gracias.
Web,<p><b>reunión de admision para primer grado. Mi menor es Juan.</b></p>
Web,PARTIDAS PARA TRASLADO A INICIAL 5 AÑOS. POSTULANTE: LUCIA.
Web,PAPELES PARA TRASLADO A PRIMER GRADO. POSTULANTE: NICOLAS.
WhatsApp,Saber si hay vacantes en secundaria para Sebastian. Gracias.
Email,"Estimados, quisiera saber los costos de 1ero secundaria para mi hijo Camila."
Web,DOCUMENTOS PARA TRASLADO A SECUNDARIA. POSTULANTE: MARIA.
WhatsApp,Saber si hay disponibilidad de ingreso en 5to secundaria para Valentina. Gracias.
Email,"Estimados, quisiera saber los pagos de primer año para mi hijo Juan."
Web,<p><b>ficha de matrícula para traslado a inicial 3 años. Postulante: Mateo.</b></p>
WhatsApp,Saber si hay vacantes en primer grado para Mateo. Gracias.
Email,"ESTIMADOS, QUISIERA SABER LOS PENSIONES DE 1ERO SECUNDARIA PARA MI HIJO JUAN."
Email,"Estimados, quisiera saber los costos de inicial 3 años para mi hijo Mateo."
WhatsApp,<p><b>Hola hay disponibilidad de ingreso para inicial 3 años? Mi niño se llama Sebastian.</b></p>
Web,REUNIÓN DE ADMISION PARA 5TO SECUNDARIA. MI MENOR ES VALENTINA.
WhatsApp,Hola hay lugares para secundaria? Mi niño se llama Maria.
WhatsApp,<p><b>Saber si hay lugares en 5to secundaria para Gabriel. Gracias.</b></p>
Web,requisitos para traslado a 1ero secundaria. Postulante: Sebastian.
Web,cronograma de admision para primer grado. Mi menor es Valentina.
Web,entrevistas de admision para primer grado. Mi menor es Thiago.
Web,papeles para traslado a primer año. Postulante: Mateo.
Web,citas de admision para primer año. Mi menor es Luis.
Web,<p><b>papeles para traslado a 5to secundaria. Postulante: Maria.</b></p>
Web,CRONOGRAMA DE ADMISION PARA 6TO PRIMARIA. MI MENOR ES LUIS.
Email,"Estimados, quisiera saber los pagos de primer grado para mi hijo Mateo."
Email,SOLICITO INFORMACIÓN DE PRECIOS Y DETALLES PARA 1ERO SECUNDARIA. ATTE: SOFIA.
Email,"Estimados, quisiera saber los mensualidad de 1ero secundaria para mi hijo Sofia."
Email,<p><b>Solicito información de pagos y detalles para inicial 5 años. Atte: Elena.</b></p>
Email,SOLICITO INFORMACIÓN DE CUOTAS Y DETALLES PARA 1ERO PRIMARIA. ATTE: THIAGO.
Web,charlas de admision para 1ero primaria. Mi menor es Valentina.
Email,"Estimados, quisiera saber los mensualidad de secundaria para mi hijo Luis."
Email,<p><b>Solicito información de pagos y detalles para inicial 5 años. Atte: Camila.</b></p>
Web,ficha de matrícula para traslado a 6to primaria. Postulante: Pedro.
Email,Solicito información de pagos y detalles para 1ero primaria. Atte: Juan.
Web,citas de admision para primer año. Mi menor es Camila.
Email,<p><b>Solicito información de cuotas y detalles para inicial 3 años. Atte: Thiago.</b></p>
Email,"Estimados, quisiera saber los cuotas de inicial 4 años para mi hijo Pedro."
WhatsApp,Hola hay cupos para inicial 4 años? Mi niño se llama Thiago.
Web,entrevistas de admision para inicial 4 años. Mi menor es Nicolas.
WhatsApp,SABER SI HAY DISPONIBILIDAD DE INGRESO EN 6TO PRIMARIA PARA MARIA. GRACIAS.
Email,Solicito información de pensiones y detalles para 6to primaria. Atte: Thiago.
WhatsApp,<p><b>Saber si hay lugares en inicial 3 años para Ana. Gracias.</b></p>
Web,documentación para traslado a inicial 5 años. Postulante: Lucia.
Email,Solicito información de mensualidad y detalles para 1ero secundaria. Atte: Elena.
WhatsApp,<p><b>Hola hay cupos para 6to primaria? Mi niño se llama Ana.</b></p>
Web,entrevistas de admision para 1ero primaria. Mi menor es Mateo.
WhatsApp,Saber si hay vacantes en inicial 3 años para Juan. Gracias.
WhatsApp,Hola hay lugares para inicial 5 años? Mi niño se llama Ana.
Email,SOLICITO INFORMACIÓN DE PENSIONES Y DETALLES PARA SECUNDARIA. ATTE: CAMILA.
Email,Solicito información de costos y detalles para inicial 3 años. Atte: Valentina.
Web,documentación para traslado a inicial 5 años. Postulante: Gabriel.
Email,"Estimados, quisiera saber los pensiones de 1ero primaria para mi hijo Pedro."
Email,"<p><b>Estimados, quisiera saber los pagos de primer grado para mi hijo Nicolas.</b></p>"
Web,documentos para traslado a primer año. Postulante: Lucia.
Email,Solicito información de pagos y detalles para inicial 3 años. Atte: Luis.
WhatsApp,<p><b>Hola hay espacios para 6to primaria? Mi niño se llama Camila.</b></p>
WhatsApp,Hola hay espacios para inicial 4 años? Mi niño se llama Ana.
Email,"Estimados, quisiera saber los mensualidad de primer grado para mi hijo Juan."
Web,documentación para traslado a inicial 4 años. Postulante: Thiago.
Web,<p><b>requisitos para traslado a 5to secundaria. Postulante: Sebastian.</b></p>
Email,Solicito información de pagos y detalles para secundaria. Atte: Maria.
Web,documentación para traslado a 1ero primaria. Postulante: Elena.
Web,charlas de admision para 1ero primaria. Mi menor es Ana.
Email,"Estimados, quisiera saber los pagos de inicial 4 años para mi hijo Gabriel."
Email,"ESTIMADOS, QUISIERA SABER LOS COSTOS DE 5TO SECUNDARIA PARA MI HIJO MATEO."
Email,"Estimados, quisiera saber los pensiones de inicial 3 años para mi hijo Lucia."
WhatsApp,Hola hay cupos para 1ero secundaria? Mi niño se llama Sofia.
Web,DOCUMENTOS PARA TRASLADO A 1ERO SECUNDARIA. POSTULANTE: CAMILA.
Email,Solicito información de pensiones y detalles para inicial 3 años. Atte: Sebastian.
Web,documentos para traslado a 6to primaria. Postulante: Pedro.
Web,REUNIÓN DE ADMISION PARA INICIAL 3 AÑOS. MI MENOR ES LUIS.
Web,<p><b>papeles para traslado a inicial 5 años. Postulante: Juan.</b></p>
Web,<p><b>requisitos para traslado a secundaria. Postulante: Elena.</b></p>
Email,Solicito información de pensiones y detalles para primer año. Atte: Gabriel.
WhatsApp,SABER SI HAY CUPOS EN 6TO PRIMARIA PARA LUIS. GRACIAS.
Web,papeles para traslado a 1ero primaria. Postulante: Juan.
Web,FICHA DE MATRÍCULA PARA TRASLADO A 1ERO PRIMARIA. POSTULANTE: THIAGO.
WhatsApp,Saber si hay vacantes en 6to primaria para Camila. Gracias.
WhatsApp,SABER SI HAY ESPACIOS EN 6TO PRIMARIA PARA GABRIEL. GRACIAS.
Web,partidas para traslado a inicial 3 años. Postulante: Luis.
Web,<p><b>documentos para traslado a primer grado. Postulante: Elena.</b></p>
Web,REQUISITOS PARA TRASLADO A PRIMER GRADO. POSTULANTE: JUAN.
Web,requisitos para traslado a primer año. Postulante: Lucia.
WhatsApp,<p><b>Hola hay lugares para inicial 5 años? Mi niño se llama Gabriel.</b></p>
WhatsApp,HOLA HAY LUGARES PARA INICIAL 3 AÑOS? MI NIÑO SE LLAMA GABRIEL.
WhatsApp,<p><b>Saber si hay lugares en secundaria para Valentina. Gracias.</b></p>
Web,citas de admision para 1ero secundaria. Mi menor es Mateo.
WhatsApp,Saber si hay lugares en secundaria para Nicolas. Gracias.
Email,"Estimados, quisiera saber los precios de 1ero secundaria para mi hijo Mateo."
Web,PARTIDAS PARA TRASLADO A PRIMER GRADO. POSTULANTE: NICOLAS.
Web,entrevistas de admision para primer grado. Mi menor es Juan.
Email,"Estimados, quisiera saber los cuotas de 5to secundaria para mi hijo Sebastian."
Email,"Estimados, quisiera saber los cuotas de primer año para mi hijo Nicolas."
WhatsApp,Saber si hay cupos en primer año para Luis. Gracias.
Web,charlas de admision para primer grado. Mi menor es Ana.
WhatsApp,Saber si hay espacios en 5to secundaria para Sofia. Gracias.
Web,ficha de matrícula para traslado a inicial 5 años. Postulante: Juan.
Web,reunión de admision para 6to primaria. Mi menor es Sebastian.
WhatsApp,SABER SI HAY LUGARES EN INICIAL 3 AÑOS PARA SOFIA. GRACIAS.
Web,<p><b>papeles para traslado a primer grado. Postulante: Mateo.</b></p>
WhatsApp,Hola hay vacantes para 1ero primaria? Mi niño se llama Luis.
Email,"Estimados, quisiera saber los pensiones de inicial 5 años para mi hijo Camila."
Email,Solicito información de pensiones y detalles para inicial 4 años. Atte: Pedro.
Email,"Estimados, quisiera saber los cuotas de 5to secundaria para mi hijo Juan."
Web,reunión de admision para inicial 3 años. Mi menor es Luis.
WhatsApp,<p><b>Saber si hay vacantes en 6to primaria para Sebastian. Gracias.</b></p>
WhatsApp,SABER SI HAY CUPOS EN 1ERO SECUNDARIA PARA VALENTINA. GRACIAS.
Email,Solicito información de pensiones y detalles para 1ero primaria. Atte: Juan.
Email,"Estimados, quisiera saber los pensiones de inicial 3 años para mi hijo Lucia."
Email,"<p><b>Estimados, quisiera saber los cuotas de 1ero secundaria para mi hijo Lucia.</b></p>"
WhatsApp,Saber si hay espacios en inicial 3 años para Lucia. Gracias.
Web,requisitos para traslado a 1ero secundaria. Postulante: Luis.
Email,"Estimados, quisiera saber los costos de primer grado para mi hijo Gabriel."
Web,cronograma de admision para 6to primaria. Mi menor es Sofia.
WhatsApp,<p><b>Saber si hay cupos en primer grado para Sofia. Gracias.</b></p>
Email,SOLICITO INFORMACIÓN DE MENSUALIDAD Y DETALLES PARA INICIAL 4 AÑOS. ATTE: ELENA.
Web,entrevistas de admision para 5to secundaria. Mi menor es Thiago.
WhatsApp,<p><b>Saber si hay vacantes en primer año para Juan. Gracias.</b></p>
Email,Solicito información de pensiones y detalles para primer año. Atte: Gabriel.
Web,papeles para traslado a inicial 3 años. Postulante: Ana.
Email,"Estimados, quisiera saber los cuotas de inicial 3 años para mi hijo Sofia."
Email,Solicito información de pagos y detalles para 1ero primaria. Atte: Sofia.
Email,"Estimados, quisiera saber los mensualidad de primer año para mi hijo Mateo."
Web,documentación para traslado a 1ero secundaria. Postulante: Elena.
Web,<p><b>documentación para traslado a 1ero primaria. Postulante: Juan.</b></p>
WhatsApp,Hola hay lugares para 5to secundaria? Mi niño se llama Elena.
WhatsApp,Hola hay vacantes para primer grado? Mi niño se llama Pedro.
Email,"ESTIMADOS, QUISIERA SABER LOS MENSUALIDAD DE 1ERO PRIMARIA PARA MI HIJO MATEO."
Web,<p><b>charlas de admision para primer grado. Mi menor es Maria.</b></p>
Email,Solicito información de pensiones y detalles para 1ero primaria. Atte: Valentina.
Email,Solicito información de pagos y detalles para inicial 5 años. Atte: Camila.
Email,SOLICITO INFORMACIÓN DE COSTOS Y DETALLES PARA 1ERO PRIMARIA. ATTE: GABRIEL.
Email,Solicito información de pagos y detalles para 6to primaria. Atte: Luis.
Web,citas de admision para 1ero primaria. Mi menor es Lucia.
Email,"Estimados, quisiera saber los pagos de 1ero secundaria para mi hijo Juan."
Web,requisitos para traslado a inicial 4 años. Postulante: Ana.
Email,"Estimados, quisiera saber los precios de 6to primaria para mi hijo Camila."
Email,"Estimados, quisiera saber los precios de inicial 3 años para mi hijo Gabriel."
Email,<p><b>Solicito información de cuotas y detalles para 1ero secundaria. Atte: Nicolas.</b></p>
Email,SOLICITO INFORMACIÓN DE PRECIOS Y DETALLES PARA INICIAL 4 AÑOS. ATTE: SOFIA.
WhatsApp,Hola hay vacantes para inicial 4 años? Mi niño se llama Camila.
Email,Solicito información de mensualidad y detalles para 5to secundaria. Atte: Gabriel.
Email,Solicito información de costos y detalles para secundaria. Atte: Camila.
Email,"Estimados, quisiera saber los costos de primer año para mi hijo Gabriel."
Email,SOLICITO INFORMACIÓN DE MENSUALIDAD Y DETALLES PARA 5TO SECUNDARIA. ATTE: CAMILA.
Email,"<p><b>Estimados, quisiera saber los mensualidad de 6to primaria para mi hijo Valentina.</b></p>"
Web,<p><b>ficha de matrícula para traslado a inicial 5 años. Postulante: Camila.</b></p>
WhatsApp,Hola hay cupos para inicial 3 años? Mi niño se llama Thiago.
Email,<p><b>Solicito información de cuotas y detalles para inicial 3 años. Atte: Gabriel.</b></p>
Web,papeles para traslado a inicial 5 años. Postulante: Camila.
WhatsApp,Hola hay disponibilidad de ingreso para primer grado? Mi niño se llama Nicolas.
Email,SOLICITO INFORMACIÓN DE PAGOS Y DETALLES PARA INICIAL 3 AÑOS. ATTE: VALENTINA.
Email,<p><b>Solicito información de precios y detalles para primer grado. Atte: Pedro.</b></p>
WhatsApp,Hola hay lugares para inicial 3 años? Mi niño se llama Sebastian.
Web,ficha de matrícula para traslado a inicial 5 años. Postulante: Mateo.
Web,documentos para traslado a secundaria. Postulante: Thiago.
Web,REUNIÓN DE ADMISION PARA 5TO SECUNDARIA. MI MENOR ES LUCIA.
WhatsApp,HOLA HAY ESPACIOS PARA INICIAL 4 AÑOS? MI NIÑO SE LLAMA THIAGO.
Email,SOLICITO INFORMACIÓN DE PAGOS Y DETALLES PARA SECUNDARIA. ATTE: NICOLAS.
Email,Solicito información de pagos y detalles para inicial 5 años. Atte: Ana.
WhatsApp,Saber si hay disponibilidad de ingreso en 1ero secundaria para Ana. Gracias.
Web,ficha de matrícula para traslado a 1ero secundaria. Postulante: Mateo.
Web,requisitos para traslado a 1ero primaria. Postulante: Camila.
Email,"Estimados, quisiera saber los precios de 1ero primaria para mi hijo Thiago."
Email,<p><b>Solicito información de mensualidad y detalles para primer grado. Atte: Nicolas.</b></p>
Web,documentos para traslado a inicial 5 años. Postulante: Gabriel.
Web,<p><b>requisitos para traslado a 5to secundaria. Postulante: Mateo.</b></p>
Web,documentos para traslado a primer año. Postulante: Sofia.
WhatsApp,Saber si hay disponibilidad de ingreso en inicial 4 años para Nicolas. Gracias.
WhatsApp,Saber si hay lugares en 6to primaria para Elena. Gracias.
Email,"<p><b>Estimados, quisiera saber los precios de 5to secundaria para mi hijo Valentina.</b></p>"
Email,"Estimados, quisiera saber los cuotas de inicial 4 años para mi hijo Juan."
Web,entrevistas de admision para 6to primaria. Mi menor es Valentina.
Web,citas de admision para inicial 3 años. Mi menor es Nicolas.
WhatsApp,Saber si hay disponibilidad de ingreso en primer año para Sofia. Gracias.
WhatsApp,Hola hay vacantes para 5to secundaria? Mi niño se llama Camila.
Web,DOCUMENTACIÓN PARA TRASLADO A INICIAL 4 AÑOS. POSTULANTE: VALENTINA.
Email,Solicito información de cuotas y detalles para 5to secundaria. Atte: Sofia.
WhatsApp,HOLA HAY ESPACIOS PARA SECUNDARIA? MI NIÑO SE LLAMA CAMILA.
WhatsApp,Saber si hay lugares en inicial 4 años para Elena. Gracias.
Web,papeles para traslado a 1ero primaria. Postulante: Luis.
WhatsApp,Hola hay disponibilidad de ingreso para secundaria? Mi niño se llama Elena.
Email,Solicito información de precios y detalles para 1ero secundaria. Atte: Sebastian.
Email,"Estimados, quisiera saber los pensiones de primer año para mi hijo Juan."
Web,citas de admision para inicial 4 años. Mi menor es Elena.
Email,Solicito información de pagos y detalles para 5to secundaria. Atte: Gabriel.
WhatsApp,<p><b>Saber si hay espacios en 6to primaria para Sebastian. Gracias.</b></p>
Web,<p><b>documentación para traslado a primer grado. Postulante: Camila.</b></p>
WhatsApp,Saber si hay vacantes en primer año para Camila. Gracias.
Web,<p><b>documentos para traslado a 5to secundaria. Postulante: Lucia.</b></p>
WhatsApp,Hola hay vacantes para 1ero secundaria? Mi niño se llama Juan.
Web,<p><b>cronograma de admision para inicial 3 años. Mi menor es Valentina.</b></p>
Email,SOLICITO INFORMACIÓN DE MENSUALIDAD Y DETALLES PARA SECUNDARIA. ATTE: VALENTINA.
WhatsApp,<p><b>Hola hay lugares para 5to secundaria? Mi niño se llama Luis.</b></p>
Web,papeles para traslado a primer año. Postulante: Valentina.
WhatsApp,Hola hay disponibilidad de ingreso para primer grado? Mi niño se llama Thiago.
Web,papeles para traslado a 1ero secundaria. Postulante: Maria.
Email,"Estimados, quisiera saber los pensiones de inicial 4 años para mi hijo Valentina."
Web,DOCUMENTACIÓN PARA TRASLADO A INICIAL 3 AÑOS. POSTULANTE: THIAGO.
WhatsApp,Saber si hay vacantes en inicial 4 años para Camila. Gracias.
Email,"ESTIMADOS, QUISIERA SABER LOS MENSUALIDAD DE 1ERO SECUNDARIA PARA MI HIJO SEBASTIAN."
Web,cronograma de admision para 5to secundaria. Mi menor es Sofia.
WhatsApp,Saber si hay espacios en 6to primaria para Sebastian. Gracias.
WhatsApp,Saber si hay espacios en primer grado para Ana. Gracias.
WhatsApp,SABER SI HAY DISPONIBILIDAD DE INGRESO EN PRIMER AÑO PARA ELENA. GRACIAS.
Web,<p><b>documentación para traslado a inicial 4 años. Postulante: Luis.</b></p>
WhatsApp,<p><b>Saber si hay disponibilidad de ingreso en inicial 3 años para Elena. Gracias.</b></p>
Email,"<p><b>Estimados, quisiera saber los pensiones de inicial 5 años para mi hijo Nicolas.</b></p>"
Web,citas de admision para inicial 5 años. Mi menor es Pedro.
Email,Solicito información de costos y detalles para 5to secundaria. Atte: Maria.
Web,cronograma de admision para inicial 3 años. Mi menor es Gabriel.
WhatsApp,<p><b>Hola hay lugares para primer grado? Mi niño se llama Sebastian.</b></p>
Web,reunión de admision para primer grado. Mi menor es Thiago.
Email,<p><b>Solicito información de cuotas y detalles para secundaria. Atte: Ana.</b></p>
WhatsApp,Hola hay vacantes para secundaria? Mi niño se llama Maria.
WhatsApp,Saber si hay cupos en inicial 4 años para Juan. Gracias.
Email,"<p><b>Estimados, quisiera saber los mensualidad de 1ero primaria para mi hijo Ana.</b></p>"
Web,<p><b>partidas para traslado a primer año. Postulante: Lucia.</b></p>
WhatsApp,Saber si hay vacantes en primer año para Mateo. Gracias.
Email,"Estimados, quisiera saber los costos de primer grado para mi hijo Juan."
Email,"Estimados, quisiera saber los mensualidad de secundaria para mi hijo Nicolas."
Email,<p><b>Solicito información de precios y detalles para inicial 3 años. Atte: Pedro.</b></p>
WhatsApp,Saber si hay lugares en primer grado para Ana. Gracias.
Web,papeles para traslado a 5to secundaria. Postulante: Elena.
WhatsApp,<p><b>Saber si hay cupos en 1ero primaria para Pedro. Gracias.</b></p>
Email,"ESTIMADOS, QUISIERA SABER LOS MENSUALIDAD DE PRIMER AÑO PARA MI HIJO MARIA."
WhatsApp,<p><b>Saber si hay cupos en 6to primaria para Elena. Gracias.</b></p>
Email,Solicito información de pagos y detalles para 1ero secundaria. Atte: Elena.
Email,<p><b>Solicito información de costos y detalles para 1ero secundaria. Atte: Sofia.</b></p>
Email,Solicito información de pensiones y detalles para primer año. Atte: Elena.
Email,Solicito información de costos y detalles para 1ero secundaria. Atte: Sebastian.
Web,documentos para traslado a 1ero secundaria. Postulante: Sebastian.
Email,SOLICITO INFORMACIÓN DE PRECIOS Y DETALLES PARA 6TO PRIMARIA. ATTE: NICOLAS.
Web,documentación para traslado a 1ero secundaria. Postulante: Camila.
Email,"Estimados, quisiera saber los costos de 1ero secundaria para mi hijo Maria."
WhatsApp,<p><b>Hola hay lugares para primer grado? Mi niño se llama Luis.</b></p>
WhatsApp,Hola hay disponibilidad de ingreso para secundaria? Mi niño se llama Luis.
Email,Solicito información de mensualidad y detalles para inicial 4 años. Atte: Maria.
Email,"Estimados, quisiera saber los mensualidad de secundaria para mi hijo Valentina."
WhatsApp,<p><b>Hola hay disponibilidad de ingreso para 1ero secundaria? Mi niño se llama Elena.</b></p>
Email,Solicito información de costos y detalles para primer grado. Atte: Thiago.
WhatsApp,Saber si hay vacantes en 1ero primaria para Sofia. Gracias.
WhatsApp,<p><b>Saber si hay lugares en 5to secundaria para Sofia. Gracias.</b></p>
Email,Solicito información de precios y detalles para inicial 5 años. Atte: Valentina.
Web,documentación para traslado a 5to secundaria. Postulante: Sofia.
Web,<p><b>documentación para traslado a 6to primaria. Postulante: Ana.</b></p>
Web,citas de admision para secundaria. Mi menor es Thiago.
Web,citas de admision para 6to primaria. Mi menor es Nicolas.
Email,"Estimados, quisiera saber los pagos de 1ero primaria para mi hijo Gabriel."
Web,reunión de admision para inicial 3 años. Mi menor es Sofia.
Web,cronograma de admision para 5to secundaria. Mi menor es Ana.
Email,Solicito información de mensualidad y detalles para 1ero secundaria. Atte: Valentina.
Email,"Estimados, quisiera saber los pagos de inicial 5 años para mi hijo Nicolas."
Web,ficha de matrícula para traslado a 5to secundaria. Postulante: Elena.
WhatsApp,Hola hay cupos para primer grado? Mi niño se llama Ana.
Email,"<p><b>Estimados, quisiera saber los pagos de primer grado para mi hijo Camila.</b></p>"
WhatsApp,Saber si hay espacios en 1ero primaria para Maria. Gracias.
Email,Solicito información de pagos y detalles para primer año. Atte: Camila.
Web,<p><b>requisitos para traslado a secundaria. Postulante: Valentina.</b></p>
Web,<p><b>documentación para traslado a inicial 3 años. Postulante: Luis.</b></p>
Web,reunión de admision para inicial 5 años. Mi menor es Ana.
Web,<p><b>entrevistas de admision para inicial 5 años. Mi menor es Sofia.</b></p>
Web,PARTIDAS PARA TRASLADO A 5TO SECUNDARIA. POSTULANTE: MARIA.
WhatsApp,Saber si hay espacios en 5to secundaria para Lucia. Gracias.
Email,"Estimados, quisiera saber los mensualidad de inicial 3 años para mi hijo Luis."
Email,SOLICITO INFORMACIÓN DE CUOTAS Y DETALLES PARA INICIAL 3 AÑOS. ATTE: THIAGO.
Web,DOCUMENTOS PARA TRASLADO A INICIAL 4 AÑOS. POSTULANTE: ELENA.
Email,Solicito información de pagos y detalles para primer grado. Atte: Pedro.
Web,papeles para traslado a inicial 4 años. Postulante: Valentina.
WhatsApp,Saber si hay vacantes en primer año para Mateo. Gracias.
Web,<p><b>citas de admision para inicial 4 años. Mi menor es Valentina.</b></p>
Web,<p><b>papeles para traslado a 5to secundaria. Postulante: Gabriel.</b></p>
Web,cronograma de admision para 5to secundaria. Mi menor es Gabriel.
WhatsApp,HOLA HAY DISPONIBILIDAD DE INGRESO PARA 5TO SECUNDARIA? MI NIÑO SE LLAMA GABRIEL.
WhatsApp,Hola hay cupos para 6to primaria? Mi niño se llama Camila.
Email,"Estimados, quisiera saber los mensualidad de 6to primaria para mi hijo Sebastian."
WhatsApp,<p><b>Hola hay vacantes para primer grado? Mi niño se llama Sebastian.</b></p>
Email,"Estimados, quisiera saber los precios de secundaria para mi hijo Ana."
Web,CRONOGRAMA DE ADMISION PARA 5TO SECUNDARIA. MI MENOR ES CAMILA.
Email,<p><b>Solicito información de precios y detalles para 5to secundaria. Atte: Ana.</b></p>
Email,Solicito información de cuotas y detalles para inicial 4 años. Atte: Lucia.
Email,Solicito información de mensualidad y detalles para inicial 5 años. Atte: Camila.
Web,reunión de admision para 5to secundaria. Mi menor es Mateo.
WhatsApp,Hola hay disponibilidad de ingreso para inicial 3 años? Mi niño se llama Juan.
Email,Solicito información de cuotas y detalles para primer grado. Atte: Elena.
Web,<p><b>papeles para traslado a 1ero secundaria. Postulante: Sebastian.</b></p>
Email,<p><b>Solicito información de pensiones y detalles para inicial 3 años. Atte: Mateo.</b></p>
Web,charlas de admision para 1ero secundaria. Mi menor es Sebastian.
Web,<p><b>documentación para traslado a 6to primaria. Postulante: Sebastian.</b></p>
WhatsApp,Hola hay vacantes para secundaria? Mi niño se llama Sebastian.
Email,"Estimados, quisiera saber los costos de inicial 3 años para mi hijo Sofia."
WhatsApp,Hola hay lugares para inicial 3 años? Mi niño se llama Nicolas.
Email,<p><b>Solicito información de cuotas y detalles para inicial 5 años. Atte: Elena.</b></p>
WhatsApp,HOLA HAY LUGARES PARA INICIAL 4 AÑOS? MI NIÑO SE LLAMA JUAN.
Email,"ESTIMADOS, QUISIERA SABER LOS COSTOS DE 1ERO SECUNDARIA PARA MI HIJO VALENTINA."
Web,documentación para traslado a primer grado. Postulante: Juan.
Web,ficha de matrícula para traslado a 5to secundaria. Postulante: Sebastian.
Web,citas de admision para 1ero primaria. Mi menor es Mateo.
Web,<p><b>partidas para traslado a 1ero primaria. Postulante: Luis.</b></p>
WhatsApp,Hola hay disponibilidad de ingreso para 1ero primaria? Mi niño se llama Mateo.
WhatsApp,HOLA HAY CUPOS PARA PRIMER GRADO? MI NIÑO SE LLAMA SOFIA.
Email,"Estimados, quisiera saber los cuotas de 5to secundaria para mi hijo Ana."
WhatsApp,Saber si hay cupos en inicial 3 años para Maria. Gracias.
WhatsApp,Hola hay espacios para primer año? Mi niño se llama Thiago.
Web,entrevistas de admision para inicial 5 años. Mi menor es Sebastian.
Web,charlas de admision para inicial 4 años. Mi menor es Camila.
Web,CRONOGRAMA DE ADMISION PARA SECUNDARIA. MI MENOR ES CAMILA.
WhatsApp,HOLA HAY ESPACIOS PARA 1ERO PRIMARIA? MI NIÑO SE LLAMA ANA.
Web,CITAS DE ADMISION PARA 1ERO SECUNDARIA. MI MENOR ES MATEO.
WhatsApp,<p><b>Saber si hay disponibilidad de ingreso en 1ero secundaria para Sebastian. Gracias.</b></p>
WhatsApp,Hola hay espacios para primer año? Mi niño se llama Juan.
Web,documentos para traslado a 1ero primaria. Postulante: Maria.
Email,Solicito información de pagos y detalles para inicial 4 años. Atte: Valentina.
WhatsApp,Hola hay cupos para secundaria? Mi niño se llama Mateo.
Web,papeles para traslado a inicial 5 años. Postulante: Elena.
WhatsApp,Hola hay vacantes para inicial 3 años? Mi niño se llama Valentina.
Email,"ESTIMADOS, QUISIERA SABER LOS PENSIONES DE INICIAL 5 AÑOS PARA MI HIJO MARIA."
Email,"Estimados, quisiera saber los pagos de primer grado para mi hijo Luis."
WhatsApp,Hola hay vacantes para inicial 5 años? Mi niño se llama Elena.
WhatsApp,Hola hay lugares para 1ero secundaria? Mi niño se llama Pedro.
Email,Solicito información de precios y detalles para 1ero secundaria. Atte: Gabriel.
Web,documentación para traslado a 6to primaria. Postulante: Camila.
WhatsApp,<p><b>Hola hay cupos para inicial 3 años? Mi niño se llama Gabriel.</b></p>
Email,"Estimados, quisiera saber los pagos de inicial 5 años para mi hijo Nicolas."
WhatsApp,Saber si hay lugares en 1ero primaria para Camila. Gracias.
Email,Solicito información de cuotas y detalles para primer grado. Atte: Pedro.
WhatsApp,<p><b>Saber si hay disponibilidad de ingreso en inicial 3 años para Mateo. Gracias.</b></p>
Web,REQUISITOS PARA TRASLADO A PRIMER AÑO. POSTULANTE: ANA.
WhatsApp,SABER SI HAY ESPACIOS EN PRIMER GRADO PARA MATEO. GRACIAS.
WhatsApp,Saber si hay espacios en 5to secundaria para Luis. Gracias.
WhatsApp,<p><b>Saber si hay vacantes en primer grado para Camila. Gracias.</b></p>
Email,"Estimados, quisiera saber los pagos de primer grado para mi hijo Thiago."
Email,SOLICITO INFORMACIÓN DE MENSUALIDAD Y DETALLES PARA 6TO PRIMARIA. ATTE: PEDRO.
Email,"Estimados, quisiera saber los precios de 1ero secundaria para mi hijo Pedro."
WhatsApp,<p><b>Saber si hay vacantes en 6to primaria para Maria. Gracias.</b></p>
WhatsApp,<p><b>Hola hay lugares para primer año? Mi niño se llama Maria.</b></p>
Email,Solicito información de mensualidad y detalles para 6to primaria. Atte: Maria.
WhatsApp,<p><b>Hola hay disponibilidad de ingreso para 1ero secundaria? Mi niño se llama Mateo.</b></p>
Web,citas de admision para inicial 5 años. Mi menor es Sofia.
Web,entrevistas de admision para primer grado. Mi menor es Camila.
Web,DOCUMENTOS PARA TRASLADO A PRIMER AÑO. POSTULANTE: SEBASTIAN.
Web,citas de admision para 1ero primaria. Mi menor es Camila.
Web,<p><b>documentación para traslado a primer grado. Postulante: Mateo.</b></p>
Web,documentos para traslado a 1ero primaria. Postulante: Valentina.
Web,<p><b>papeles para traslado a 5to secundaria. Postulante: Elena.</b></p>
Web,entrevistas de admision para inicial 5 años. Mi menor es Sebastian.
WhatsApp,Hola hay lugares para 1ero secundaria? Mi niño se llama Gabriel.
WhatsApp,HOLA HAY VACANTES PARA 6TO PRIMARIA? MI NIÑO SE LLAMA SEBASTIAN.
WhatsApp,Saber si hay vacantes en inicial 5 años para Luis. Gracias.
Web,reunión de admision para inicial 4 años. Mi menor es Juan.
Web,papeles para traslado a secundaria. Postulante: Maria.
WhatsApp,Saber si hay lugares en primer año para Valentina. Gracias.
Email,Solicito información de cuotas y detalles para 1ero secundaria. Atte: Mateo.
Email,Solicito información de cuotas y detalles para 5to secundaria. Atte: Sofia.
WhatsApp,Saber si hay vacantes en inicial 5 años para Camila. Gracias.
Email,Solicito información de costos y detalles para primer año. Atte: Nicolas.
Email,Solicito información de cuotas y detalles para inicial 5 años. Atte: Valentina.
WhatsApp,Saber si hay espacios en 1ero secundaria para Lucia. Gracias.
Web,entrevistas de admision para 5to secundaria. Mi menor es Nicolas.
WhatsApp,Hola hay espacios para 6to primaria? Mi niño se llama Pedro.
Email,SOLICITO INFORMACIÓN DE PRECIOS Y DETALLES PARA INICIAL 5 AÑOS. ATTE: NICOLAS.
WhatsApp,Saber si hay cupos en 1ero primaria para Gabriel. Gracias.
Email,Solicito información de precios y detalles para inicial 5 años. Atte: Sofia.
WhatsApp,<p><b>Hola hay lugares para inicial 5 años? Mi niño se llama Pedro.</b></p>
Web,papeles para traslado a 6to primaria. Postulante: Gabriel.
Email,"Estimados, quisiera saber los precios de 1ero primaria para mi hijo Maria."
Email,Solicito información de costos y detalles para 6to primaria. Atte: Maria.
Email,<p><b>Solicito información de pensiones y detalles para inicial 3 años. Atte: Lucia.</b></p>
Web,<p><b>citas de admision para 6to primaria. Mi menor es Elena.</b></p>
Web,partidas para traslado a primer año. Postulante: Pedro.
Email,Solicito información de precios y detalles para secundaria. Atte: Ana.
WhatsApp,<p><b>Saber si hay espacios en primer año para Camila. Gracias.</b></p>
Email,Solicito información de pagos y detalles para primer grado. Atte: Thiago.
WhatsApp,<p><b>Hola hay disponibilidad de ingreso para 1ero secundaria? Mi niño se llama Elena.</b></p>
Email,Solicito información de costos y detalles para 5to secundaria. Atte: Gabriel.
Web,documentación para traslado a inicial 3 años. Postulante: Pedro.
Email,Solicito información de precios y detalles para primer grado. Atte: Lucia.
Web,FICHA DE MATRÍCULA PARA TRASLADO A 6TO PRIMARIA. POSTULANTE: VALENTINA.
Web,charlas de admision para 5to secundaria. Mi menor es Juan.
Email,<p><b>Solicito información de mensualidad y detalles para 5to secundaria. Atte: Nicolas.</b></p>
WhatsApp,Hola hay cupos para inicial 3 años? Mi niño se llama Lucia.
Web,papeles para traslado a inicial 5 años. Postulante: Lucia.
Web,documentación para traslado a primer grado. Postulante: Thiago.
Web,<p><b>reunión de admision para inicial 5 años. Mi menor es Pedro.</b></p>
WhatsApp,<p><b>Hola hay lugares para 5to secundaria? Mi niño se llama Luis.</b></p>
WhatsApp,<p><b>Hola hay disponibilidad de ingreso para 1ero secundaria? Mi niño se llama Camila.</b></p>
Email,SOLICITO INFORMACIÓN DE PAGOS Y DETALLES PARA SECUNDARIA. ATTE: GABRIEL.
WhatsApp,Hola hay lugares para primer año? Mi niño se llama Nicolas.
Email,"Estimados, quisiera saber los pagos de inicial 4 años para mi hijo Luis."
Web,requisitos para traslado a inicial 3 años. Postulante: Thiago.
WhatsApp,SABER SI HAY DISPONIBILIDAD DE INGRESO EN 1ERO PRIMARIA PARA CAMILA. GRACIAS.
WhatsApp,Hola hay espacios para 1ero primaria? Mi niño se llama Gabriel.
Web,ENTREVISTAS DE ADMISION PARA INICIAL 4 AÑOS. MI MENOR ES JUAN.
WhatsApp,SABER SI HAY ESPACIOS EN 5TO SECUNDARIA PARA CAMILA. GRACIAS.
WhatsApp,<p><b>Saber si hay espacios en inicial 5 años para Juan. Gracias.</b></p>
Email,"Estimados, quisiera saber los pagos de primer año para mi hijo Lucia."
WhatsApp,Hola hay lugares para secundaria? Mi niño se llama Valentina.
Web,ficha de matrícula para traslado a inicial 5 años. Postulante: Pedro.
WhatsApp,<p><b>Saber si hay vacantes en inicial 3 años para Thiago. Gracias.</b></p>
Email,"Estimados, quisiera saber los precios de 5to secundaria para mi hijo Camila."
Email,"Estimados, quisiera saber los costos de inicial 5 años para mi hijo Nicolas."
Web,<p><b>requisitos para traslado a inicial 3 años. Postulante: Camila.</b></p>
WhatsApp,Saber si hay lugares en secundaria para Gabriel. Gracias.
Web,REUNIÓN DE ADMISION PARA 1ERO SECUNDARIA. MI MENOR ES LUCIA.
Web,cronograma de admision para inicial 3 años. Mi menor es Elena.
Web,<p><b>requisitos para traslado a primer grado. Postulante: Mateo.</b></p>
Email,"<p><b>Estimados, quisiera saber los mensualidad de 1ero primaria para mi hijo Sofia.</b></p>"
WhatsApp,<p><b>Hola hay cupos para 1ero primaria? Mi niño se llama Thiago.</b></p>
Web,charlas de admision para inicial 5 años. Mi menor es Luis.
Email,"<p><b>Estimados, quisiera saber los mensualidad de 5to secundaria para mi hijo Sofia.</b></p>"
WhatsApp,Saber si hay espacios en inicial 3 años para Luis. Gracias.
Email,"Estimados, quisiera saber los precios de inicial 3 años para mi hijo Nicolas."
Web,charlas de admision para 1ero secundaria. Mi menor es Gabriel.
Email,"Estimados, quisiera saber los pagos de inicial 4 años para mi hijo Luis."
Web,papeles para traslado a primer grado. Postulante: Gabriel.
Web,documentación para traslado a 1ero primaria. Postulante: Sebastian.
Email,"Estimados, quisiera saber los pensiones de inicial 4 años para mi hijo Ana."
Web,documentación para traslado a inicial 5 años. Postulante: Thiago.
Web,partidas para traslado a primer año. Postulante: Luis.
Email,Solicito información de pensiones y detalles para 1ero secundaria. Atte: Ana.
WhatsApp,Saber si hay disponibilidad de ingreso en inicial 5 años para Elena. Gracias.
Email,SOLICITO INFORMACIÓN DE PAGOS Y DETALLES PARA 1ERO SECUNDARIA. ATTE: NICOLAS.
WhatsApp,Hola hay cupos para 6to primaria? Mi niño se llama Nicolas.
Web,citas de admision para inicial 4 años. Mi menor es Thiago.
WhatsApp,Saber si hay cupos en 6to primaria para Ana. Gracias.
WhatsApp,Saber si hay lugares en 6to primaria para Camila. Gracias.
WhatsApp,<p><b>Saber si hay disponibilidad de ingreso en 5to secundaria para Ana. Gracias.</b></p>
WhatsApp,<p><b>Saber si hay espacios en 6to primaria para Gabriel. Gracias.</b></p>
WhatsApp,Hola hay disponibilidad de ingreso para inicial 3 años? Mi niño se llama Nicolas.
Web,REUNIÓN DE ADMISION PARA INICIAL 4 AÑOS. MI MENOR ES LUIS.
WhatsApp,Hola hay cupos para inicial 3 años? Mi niño se llama Ana.
Web,reunión de admision para primer grado. Mi menor es Luis.
WhatsApp,Hola hay disponibilidad de ingreso para 6to primaria? Mi niño se llama Sofia.
WhatsApp,HOLA HAY CUPOS PARA INICIAL 4 AÑOS? MI NIÑO SE LLAMA MARIA.
Web,documentos para traslado a 1ero secundaria. Postulante: Gabriel.
WhatsApp,<p><b>Saber si hay vacantes en secundaria para Maria. Gracias.</b></p>
WhatsApp,Hola hay cupos para primer grado? Mi niño se llama Luis.
WhatsApp,Saber si hay cupos en inicial 5 años para Mateo. Gracias.
WhatsApp,<p><b>Saber si hay vacantes en 5to secundaria para Sofia. Gracias.</b></p>
Web,CITAS DE ADMISION PARA 1ERO PRIMARIA. MI MENOR ES CAMILA.
Web,citas de admision para inicial 5 años. Mi menor es Elena.
Web,documentos para traslado a 6to primaria. Postulante: Elena.
Web,ENTREVISTAS DE ADMISION PARA INICIAL 5 AÑOS. MI MENOR ES ANA.
Email,"Estimados, quisiera saber los mensualidad de inicial 3 años para mi hijo Ana."
WhatsApp,Hola hay cupos para inicial 5 años? Mi niño se llama Luis.
WhatsApp,Saber si hay vacantes en 1ero primaria para Elena. Gracias.
Email,"Estimados, quisiera saber los cuotas de 5to secundaria para mi hijo Lucia."
Email,"Estimados, quisiera saber los costos de 6to primaria para mi hijo Gabriel."
Email,"Estimados, quisiera saber los costos de primer grado para mi hijo Pedro."
Web,requisitos para traslado a secundaria. Postulante: Luis.
WhatsApp,Saber si hay disponibilidad de ingreso en secundaria para Lucia. Gracias.
Web,ficha de matrícula para traslado a 1ero primaria. Postulante: Elena.
WhatsApp,SABER SI HAY DISPONIBILIDAD DE INGRESO EN 6TO PRIMARIA PARA LUCIA. GRACIAS.
Email,<p><b>Solicito información de pensiones y detalles para 6to primaria. Atte: Nicolas.</b></p>
Email,"Estimados, quisiera saber los costos de 6to primaria para mi hijo Ana."
Email,Solicito información de cuotas y detalles para 1ero secundaria. Atte: Ana.
Email,"Estimados, quisiera saber los precios de primer grado para mi hijo Pedro."
Email,Solicito información de precios y detalles para primer grado. Atte: Luis.
WhatsApp,Saber si hay vacantes en 6to primaria para Mateo. Gracias.
WhatsApp,HOLA HAY ESPACIOS PARA 1ERO SECUNDARIA? MI NIÑO SE LLAMA VALENTINA.
WhatsApp,SABER SI HAY VACANTES EN 6TO PRIMARIA PARA CAMILA. GRACIAS.
WhatsApp,SABER SI HAY CUPOS EN SECUNDARIA PARA CAMILA. GRACIAS.
Web,citas de admision para inicial 3 años. Mi menor es Gabriel.
WhatsApp,<p><b>Saber si hay lugares en primer año para Elena. Gracias.</b></p>
WhatsApp,<p><b>Saber si hay vacantes en inicial 5 años para Luis. Gracias.</b></p>
WhatsApp,Hola hay vacantes para inicial 4 años? Mi niño se llama Luis.
Web,cronograma de admision para inicial 3 años. Mi menor es Maria.
Email,"<p><b>Estimados, quisiera saber los costos de inicial 3 años para mi hijo Juan.</b></p>"
Email,Solicito información de pensiones y detalles para primer grado. Atte: Mateo.
Web,citas de admision para 5to secundaria. Mi menor es Maria.
WhatsApp,<p><b>Hola hay vacantes para inicial 3 años? Mi niño se llama Sofia.</b></p>
Email,SOLICITO INFORMACIÓN DE COSTOS Y DETALLES PARA 6TO PRIMARIA. ATTE: NICOLAS.
Email,"Estimados, quisiera saber los cuotas de 6to primaria para mi hijo Luis."
WhatsApp,<p><b>Hola hay cupos para 1ero primaria? Mi niño se llama Luis.</b></p>
WhatsApp,Saber si hay espacios en 6to primaria para Valentina. Gracias.
Web,PARTIDAS PARA TRASLADO A 1ERO SECUNDARIA. POSTULANTE: VALENTINA.
Web,reunión de admision para primer grado. Mi menor es Thiago.
Email,"<p><b>Estimados, quisiera saber los precios de inicial 3 años para mi hijo Pedro.</b></p>"
Web,entrevistas de admision para secundaria. Mi menor es Luis.
Web,papeles para traslado a 1ero primaria. Postulante: Camila.
Email,<p><b>Solicito información de pagos y detalles para 6to primaria. Atte: Juan.</b></p>
Web,reunión de admision para inicial 4 años. Mi menor es Lucia.
Web,ficha de matrícula para traslado a primer año. Postulante: Pedro.
Web,partidas para traslado a 6to primaria. Postulante: Camila.
WhatsApp,<p><b>Saber si hay lugares en inicial 5 años para Sofia. Gracias.</b></p>
Web,<p><b>charlas de admision para primer grado. Mi menor es Camila.</b></p>
Email,"Estimados, quisiera saber los pensiones de inicial 3 años para mi hijo Sofia."
WhatsApp,Hola hay lugares para 1ero secundaria? Mi niño se llama Sofia.
Web,entrevistas de admision para 6to primaria. Mi menor es Gabriel.
WhatsApp,Saber si hay cupos en 1ero secundaria para Sebastian. Gracias.
Email,<p><b>Solicito información de cuotas y detalles para 1ero primaria. Atte: Pedro.</b></p>
WhatsApp,Saber si hay espacios en secundaria para Mateo. Gracias.
Web,<p><b>charlas de admision para inicial 5 años. Mi menor es Nicolas.</b></p>
Web,DOCUMENTACIÓN PARA TRASLADO A 1ERO PRIMARIA. POSTULANTE: SEBASTIAN.
WhatsApp,<p><b>Hola hay lugares para inicial 4 años? Mi niño se llama Maria.</b></p>
WhatsApp,SABER SI HAY ESPACIOS EN 5TO SECUNDARIA PARA MATEO. GRACIAS.
Web,<p><b>documentación para traslado a secundaria. Postulante: Valentina.</b></p>
Email,"<p><b>Estimados, quisiera saber los precios de inicial 3 años para mi hijo Camila.</b></p>"
Email,Solicito información de costos y detalles para 6to primaria. Atte: Camila.
Web,<p><b>ficha de matrícula para traslado a primer grado. Postulante: Ana.</b></p>
Web,FICHA DE MATRÍCULA PARA TRASLADO A SECUNDARIA. POSTULANTE: VALENTINA.
Email,Solicito información de precios y detalles para secundaria. Atte: Lucia.
Email,"Estimados, quisiera saber los cuotas de primer año para mi hijo Pedro."
Web,documentos para traslado a primer grado. Postulante: Luis.
WhatsApp,Hola hay disponibilidad de ingreso para inicial 5 años? Mi niño se llama Luis.
WhatsApp,Saber si hay espacios en primer año para Mateo. Gracias.
WhatsApp,Saber si hay cupos en inicial 5 años para Lucia. Gracias.
Email,Solicito información de costos y detalles para primer grado. Atte: Gabriel.
Email,"Estimados, quisiera saber los pagos de 1ero secundaria para mi hijo Mateo."
Email,"Estimados, quisiera saber los cuotas de secundaria para mi hijo Sebastian."
WhatsApp,Hola hay espacios para 6to primaria? Mi niño se llama Juan.
Email,"<p><b>Estimados, quisiera saber los mensualidad de primer año para mi hijo Pedro.</b></p>"
Email,"ESTIMADOS, QUISIERA SABER LOS COSTOS DE 1ERO SECUNDARIA PARA MI HIJO LUIS."
Email,"<p><b>Estimados, quisiera saber los cuotas de 1ero secundaria para mi hijo Mateo.</b></p>"
WhatsApp,Saber si hay lugares en primer año para Pedro. Gracias.
WhatsApp,<p><b>Saber si hay lugares en 6to primaria para Nicolas. Gracias.</b></p>
Email,"ESTIMADOS, QUISIERA SABER LOS MENSUALIDAD DE INICIAL 4 AÑOS PARA MI HIJO LUCIA."
Web,<p><b>documentos para traslado a primer grado. Postulante: Sofia.</b></p>
Email,"ESTIMADOS, QUISIERA SABER LOS PAGOS DE PRIMER AÑO PARA MI HIJO LUCIA."
Email,"Estimados, quisiera saber los pensiones de 5to secundaria para mi hijo Pedro."
Email,SOLICITO INFORMACIÓN DE CUOTAS Y DETALLES PARA 1ERO SECUNDARIA. ATTE: GABRIEL.
Web,<p><b>requisitos para traslado a 5to secundaria. Postulante: Sebastian.</b></p>
Web,<p><b>ficha de matrícula para traslado a inicial 4 años. Postulante: Juan.</b></p>
WhatsApp,Hola hay disponibilidad de ingreso para 5to secundaria? Mi niño se llama Nicolas.
Email,"<p><b>Estimados, quisiera saber los pensiones de 1ero secundaria para mi hijo Camila.</b></p>"
WhatsApp,Saber si hay vacantes en primer año para Ana. Gracias.
Email,Solicito información de mensualidad y detalles para 6to primaria. Atte: Mateo.
Email,Solicito información de pensiones y detalles para 6to primaria. Atte: Luis.
WhatsApp,SABER SI HAY CUPOS EN 1ERO SECUNDARIA PARA PEDRO. GRACIAS.
WhatsApp,<p><b>Hola hay lugares para 1ero secundaria? Mi niño se llama Pedro.</b></p>
Email,"Estimados, quisiera saber los costos de secundaria para mi hijo Lucia."
Email,Solicito información de cuotas y detalles para inicial 5 años. Atte: Luis.
Web,CHARLAS DE ADMISION PARA INICIAL 4 AÑOS. MI MENOR ES CAMILA.
Web,documentación para traslado a 5to secundaria. Postulante: Luis.
Web,cronograma de admision para 1ero primaria. Mi menor es Nicolas.
Email,<p><b>Solicito información de pagos y detalles para 5to secundaria. Atte: Sofia.</b></p>
WhatsApp,SABER SI HAY LUGARES EN 1ERO SECUNDARIA PARA VALENTINA. GRACIAS.
WhatsApp,Saber si hay lugares en 5to secundaria para Ana. Gracias.
Email,<p><b>Solicito información de costos y detalles para primer año. Atte: Maria.</b></p>
Web,<p><b>reunión de admision para 5to secundaria. Mi menor es Gabriel.</b></p>
Web,<p><b>papeles para traslado a inicial 5 años. Postulante: Camila.</b></p>
Email,SOLICITO INFORMACIÓN DE COSTOS Y DETALLES PARA INICIAL 4 AÑOS. ATTE: GABRIEL.
Email,"ESTIMADOS, QUISIERA SABER LOS PRECIOS DE PRIMER GRADO PARA MI HIJO JUAN."
Web,ENTREVISTAS DE ADMISION PARA 1ERO PRIMARIA. MI MENOR ES PEDRO.
Email,"Estimados, quisiera saber los pagos de inicial 3 años para mi hijo Lucia."
WhatsApp,Hola hay lugares para 1ero secundaria? Mi niño se llama Mateo.
Web,reunión de admision para 5to secundaria. Mi menor es Thiago.
Email,"Estimados, quisiera saber los precios de primer año para mi hijo Gabriel."
WhatsApp,Saber si hay vacantes en inicial 4 años para Luis. Gracias.
Email,"Estimados, quisiera saber los cuotas de inicial 3 años para mi hijo Lucia."
WhatsApp,Saber si hay disponibilidad de ingreso en 1ero primaria para Valentina. Gracias.
Web,citas de admision para inicial 5 años. Mi menor es Maria.
Email,Solicito información de cuotas y detalles para 1ero secundaria. Atte: Maria.
WhatsApp,<p><b>Saber si hay vacantes en 5to secundaria para Sebastian. Gracias.</b></p>
Email,Solicito información de pensiones y detalles para primer grado. Atte: Ana.
WhatsApp,Hola hay lugares para 1ero primaria? Mi niño se llama Camila.
Web,<p><b>documentación para traslado a inicial 5 años. Postulante: Sofia.</b></p>
Email,Solicito información de pensiones y detalles para 5to secundaria. Atte: Elena.
Web,documentos para traslado a primer año. Postulante: Mateo.
Email,"<p><b>Estimados, quisiera saber los pagos de inicial 4 años para mi hijo Gabriel.</b></p>"
WhatsApp,Saber si hay vacantes en 5to secundaria para Ana. Gracias.
WhatsApp,Saber si hay espacios en 1ero primaria para Juan. Gracias.
Web,CHARLAS DE ADMISION PARA 5TO SECUNDARIA. MI MENOR ES CAMILA.
Web,<p><b>documentos para traslado a secundaria. Postulante: Sebastian.</b></p>
WhatsApp,<p><b>Saber si hay disponibilidad de ingreso en inicial 5 años para Pedro. Gracias.</b></p>
Web,DOCUMENTOS PARA TRASLADO A PRIMER GRADO. POSTULANTE: GABRIEL.
WhatsApp,<p><b>Saber si hay cupos en 1ero primaria para Elena. Gracias.</b></p>
Web,<p><b>charlas de admision para 6to primaria. Mi menor es Ana.</b></p>
Email,"Estimados, quisiera saber los pagos de primer grado para mi hijo Pedro."
WhatsApp,Hola hay cupos para primer año? Mi niño se llama Juan.
WhatsApp,Hola hay lugares para primer año? Mi niño se llama Elena.
WhatsApp,Saber si hay disponibilidad de ingreso en 5to secundaria para Gabriel. Gracias.
WhatsApp,Hola hay disponibilidad de ingreso para primer año? Mi niño se llama Luis.
Web,partidas para traslado a 5to secundaria. Postulante: Mateo.
Web,<p><b>reunión de admision para primer año. Mi menor es Sofia.</b></p>
Web,citas de admision para 1ero secundaria. Mi menor es Camila.
WhatsApp,Hola hay disponibilidad de ingreso para secundaria? Mi niño se llama Elena.
Email,"ESTIMADOS, QUISIERA SABER LOS MENSUALIDAD DE 1ERO SECUNDARIA PARA MI HIJO JUAN."
WhatsApp,Hola hay espacios para 1ero primaria? Mi niño se llama Maria.
Email,"<p><b>Estimados, quisiera saber los pensiones de primer año para mi hijo Sofia.</b></p>"
WhatsApp,Saber si hay disponibilidad de ingreso en inicial 3 años para Gabriel. Gracias.
WhatsApp,Saber si hay cupos en 5to secundaria para Mateo. Gracias.
WhatsApp,Hola hay vacantes para 6to primaria? Mi niño se llama Thiago.
WhatsApp,<p><b>Saber si hay lugares en primer grado para Thiago. Gracias.</b></p>
Email,Solicito información de costos y detalles para primer grado. Atte: Elena.
Email,"Estimados, quisiera saber los mensualidad de primer grado para mi hijo Nicolas."
Email,"Estimados, quisiera saber los cuotas de 1ero primaria para mi hijo Juan."
WhatsApp,Hola hay cupos para primer grado? Mi niño se llama Thiago.
WhatsApp,<p><b>Saber si hay espacios en inicial 3 años para Ana. Gracias.</b></p>
Email,"Estimados, quisiera saber los pagos de 6to primaria para mi hijo Juan."
Web,cronograma de admision para inicial 3 años. Mi menor es Lucia.
WhatsApp,HOLA HAY VACANTES PARA 1ERO SECUNDARIA? MI NIÑO SE LLAMA MARIA.
Email,"<p><b>Estimados, quisiera saber los pensiones de 5to secundaria para mi hijo Maria.</b></p>"
Email,"Estimados, quisiera saber los pagos de 5to secundaria para mi hijo Lucia."
Email,<p><b>Solicito información de pagos y detalles para secundaria. Atte: Juan.</b></p>
Email,SOLICITO INFORMACIÓN DE PAGOS Y DETALLES PARA SECUNDARIA. ATTE: ANA.
Email,"Estimados, quisiera saber los pensiones de 5to secundaria para mi hijo Lucia."
Email,SOLICITO INFORMACIÓN DE PAGOS Y DETALLES PARA PRIMER GRADO. ATTE: PEDRO.
WhatsApp,<p><b>Saber si hay lugares en secundaria para Luis. Gracias.</b></p>
Email,"Estimados, quisiera saber los pensiones de inicial 5 años para mi hijo Gabriel."
WhatsApp,SABER SI HAY ESPACIOS EN INICIAL 3 AÑOS PARA SOFIA. GRACIAS.
Email,Solicito información de mensualidad y detalles para inicial 3 años. Atte: Ana.
Email,"Estimados, quisiera saber los cuotas de 1ero primaria para mi hijo Elena."
Web,reunión de admision para 1ero primaria. Mi menor es Elena.
Email,"Estimados, quisiera saber los cuotas de primer grado para mi hijo Gabriel."
Web,documentación para traslado a primer grado. Postulante: Lucia.
Email,Solicito información de pensiones y detalles para secundaria. Atte: Pedro.
Web,papeles para traslado a primer año. Postulante: Pedro.
Web,ficha de matrícula para traslado a inicial 3 años. Postulante: Pedro.
Email,"ESTIMADOS, QUISIERA SABER LOS PENSIONES DE 6TO PRIMARIA PARA MI HIJO THIAGO."
Email,Solicito información de costos y detalles para inicial 3 años. Atte: Gabriel.
WhatsApp,Saber si hay cupos en inicial 4 años para Sofia. Gracias.
Web,cronograma de admision para inicial 4 años. Mi menor es Sofia.
WhatsApp,<p><b>Saber si hay disponibilidad de ingreso en 6to primaria para Elena. Gracias.</b></p>
Web,documentación para traslado a inicial 5 años. Postulante: Sofia.
WhatsApp,<p><b>Saber si hay vacantes en inicial 3 años para Sofia. Gracias.</b></p>
Web,<p><b>charlas de admision para 1ero secundaria. Mi menor es Valentina.</b></p>
WhatsApp,Hola hay espacios para 1ero primaria? Mi niño se llama Juan.
Web,PAPELES PARA TRASLADO A SECUNDARIA. POSTULANTE: VALENTINA.
WhatsApp,Saber si hay vacantes en secundaria para Ana. Gracias.
Web,requisitos para traslado a inicial 5 años. Postulante: Camila.
WhatsApp,HOLA HAY CUPOS PARA PRIMER GRADO? MI NIÑO SE LLAMA JUAN.
WhatsApp,Saber si hay cupos en 1ero secundaria para Luis. Gracias.
WhatsApp,SABER SI HAY VACANTES EN INICIAL 3 AÑOS PARA VALENTINA. GRACIAS.
Web,entrevistas de admision para 6to primaria. Mi menor es Maria.
Web,DOCUMENTOS PARA TRASLADO A INICIAL 3 AÑOS. POSTULANTE: MATEO.
Email,Solicito información de costos y detalles para inicial 5 años. Atte: Thiago.
WhatsApp,Hola hay disponibilidad de ingreso para inicial 4 años? Mi niño se llama Elena.
WhatsApp,Saber si hay cupos en primer año para Camila. Gracias.
WhatsApp,<p><b>Hola hay cupos para 6to primaria? Mi niño se llama Thiago.</b></p>
WhatsApp,Saber si hay lugares en inicial 5 años para Elena. Gracias.
Email,"<p><b>Estimados, quisiera saber los precios de inicial 5 años para mi hijo Sofia.</b></p>"
Email,"Estimados, quisiera saber los precios de inicial 3 años para mi hijo Nicolas."
Email,<p><b>Solicito información de precios y detalles para 1ero primaria. Atte: Lucia.</b></p>
Email,"Estimados, quisiera saber los mensualidad de 5to secundaria para mi hijo Elena."
Web,REUNIÓN DE ADMISION PARA INICIAL 4 AÑOS. MI MENOR ES THIAGO.
Email,"Estimados, quisiera saber los precios de 5to secundaria para mi hijo Sebastian."
Web,requisitos para traslado a 5to secundaria. Postulante: Thiago.
WhatsApp,<p><b>Hola hay lugares para inicial 4 años? Mi niño se llama Sebastian.</b></p>
Web,<p><b>ficha de matrícula para traslado a secundaria. Postulante: Sebastian.</b></p>
WhatsApp,Hola hay cupos para 5to secundaria? Mi niño se llama Sebastian.
Email,Solicito información de pensiones y detalles para 5to secundaria. Atte: Mateo.
Web,<p><b>documentación para traslado a primer grado. Postulante: Camila.</b></p>
Web,entrevistas de admision para primer grado. Mi menor es Sofia.
Web,<p><b>requisitos para traslado a inicial 5 años. Postulante: Nicolas.</b></p>
Email,<p><b>Solicito información de pagos y detalles para 6to primaria. Atte: Maria.</b></p>
Email,"ESTIMADOS, QUISIERA SABER LOS COSTOS DE 5TO SECUNDARIA PARA MI HIJO ELENA."
WhatsApp,Saber si hay disponibilidad de ingreso en 5to secundaria para Juan. Gracias.
Web,PARTIDAS PARA TRASLADO A SECUNDARIA. POSTULANTE: THIAGO.
Web,citas de admision para inicial 3 años. Mi menor es Juan.
WhatsApp,<p><b>Saber si hay vacantes en primer grado para Nicolas. Gracias.</b></p>
Web,cronograma de admision para 1ero primaria. Mi menor es Maria.
Email,"<p><b>Estimados, quisiera saber los pensiones de inicial 3 años para mi hijo Elena.</b></p>"
WhatsApp,HOLA HAY CUPOS PARA 1ERO PRIMARIA? MI NIÑO SE LLAMA LUCIA.
WhatsApp,Saber si hay espacios en inicial 3 años para Valentina. Gracias.
Web,citas de admision para inicial 4 años. Mi menor es Pedro.
WhatsApp,Hola hay espacios para primer grado? Mi niño se llama Valentina.
WhatsApp,Hola hay espacios para 5to secundaria? Mi niño se llama Nicolas.
WhatsApp,Hola hay lugares para 1ero primaria? Mi niño se llama Pedro.
Email,"Estimados, quisiera saber los costos de inicial 4 años para mi hijo Camila."
Web,CRONOGRAMA DE ADMISION PARA INICIAL 5 AÑOS. MI MENOR ES LUIS.
Email,"Estimados, quisiera saber los precios de 1ero primaria para mi hijo Valentina."
Web,partidas para traslado a 6to primaria. Postulante: Luis.
WhatsApp,Saber si hay lugares en inicial 3 años para Sebastian. Gracias.
Web,CHARLAS DE ADMISION PARA SECUNDARIA. MI MENOR ES LUCIA.
Web,reunión de admision para primer año. Mi menor es Valentina.
Email,Solicito información de pagos y detalles para 1ero secundaria. Atte: Thiago.
Web,partidas para traslado a 1ero primaria. Postulante: Ana.
Email,"Estimados, quisiera saber los pagos de 6to primaria para mi hijo Camila."
WhatsApp,Saber si hay disponibilidad de ingreso en primer año para Sofia. Gracias.
Web,requisitos para traslado a inicial 5 años. Postulante: Thiago.
Email,Solicito información de mensualidad y detalles para primer año. Atte: Camila.
Email,"<p><b>Estimados, quisiera saber los pensiones de 1ero secundaria para mi hijo Juan.</b></p>"
Web,documentos para traslado a inicial 4 años. Postulante: Maria.
Email,"<p><b>Estimados, quisiera saber los cuotas de 1ero primaria para mi hijo Pedro.</b></p>"
Web,charlas de admision para inicial 3 años. Mi menor es Sebastian.
Web,entrevistas de admision para 1ero secundaria. Mi menor es Valentina.
WhatsApp,Saber si hay cupos en inicial 5 años para Ana. Gracias.
Web,charlas de admision para primer año. Mi menor es Camila.
Web,cronograma de admision para 5to secundaria. Mi menor es Lucia.
WhatsApp,Hola hay cupos para inicial 4 años? Mi niño se llama Sebastian.
WhatsApp,Saber si hay cupos en inicial 5 años para Maria. Gracias.
Web,citas de admision para 6to primaria. Mi menor es Pedro.
WhatsApp,Saber si hay vacantes en inicial 3 años para Juan. Gracias.
Email,"ESTIMADOS, QUISIERA SABER LOS CUOTAS DE 1ERO SECUNDARIA PARA MI HIJO NICOLAS."
Web,requisitos para traslado a inicial 3 años. Postulante: Sofia.
WhatsApp,Saber si hay espacios en 1ero primaria para Luis. Gracias.
Email,Solicito información de pensiones y detalles para inicial 3 años. Atte: Sebastian.
Email,Solicito información de mensualidad y detalles para 1ero secundaria. Atte: Gabriel.
WhatsApp,Hola hay disponibilidad de ingreso para 5to secundaria? Mi niño se llama Thiago.
Web,FICHA DE MATRÍCULA PARA TRASLADO A INICIAL 5 AÑOS. POSTULANTE: THIAGO.
WhatsApp,SABER SI HAY VACANTES EN INICIAL 3 AÑOS PARA JUAN. GRACIAS.
Email,<p><b>Solicito información de cuotas y detalles para 5to secundaria. Atte: Thiago.</b></p>
Web,citas de admision para inicial 4 años. Mi menor es Juan.
WhatsApp,Hola hay cupos para inicial 3 años? Mi niño se llama Juan.
Email,"Estimados, quisiera saber los cuotas de primer grado para mi hijo Nicolas."
WhatsApp,Saber si hay vacantes en primer grado para Valentina. Gracias.
Email,"<p><b>Estimados, quisiera saber los precios de 1ero primaria para mi hijo Elena.</b></p>"
WhatsApp,Hola hay cupos para secundaria? Mi niño se llama Luis.
WhatsApp,<p><b>Hola hay espacios para 1ero secundaria? Mi niño se llama Camila.</b></p>
Email,Solicito información de precios y detalles para 1ero secundaria. Atte: Pedro.
Email,"Estimados, quisiera saber los cuotas de inicial 4 años para mi hijo Pedro."
WhatsApp,<p><b>Hola hay cupos para 1ero secundaria? Mi niño se llama Pedro.</b></p>
Web,CITAS DE ADMISION PARA INICIAL 5 AÑOS. MI MENOR ES ELENA.
WhatsApp,Hola hay disponibilidad de ingreso para primer grado? Mi niño se llama Ana.
Web,<p><b>charlas de admision para primer año. Mi menor es Juan.</b></p>
Email,Solicito información de pensiones y detalles para primer grado. Atte: Nicolas.
Email,"Estimados, quisiera saber los cuotas de inicial 5 años para mi hijo Pedro."
Web,entrevistas de admision para 5to secundaria. Mi menor es Mateo.
Email,Solicito información de pagos y detalles para inicial 5 años. Atte: Valentina.
Email,"Estimados, quisiera saber los pagos de 6to primaria para mi hijo Mateo."
Email,"Estimados, quisiera saber los mensualidad de 1ero secundaria para mi hijo Pedro."
Email,SOLICITO INFORMACIÓN DE PAGOS Y DETALLES PARA INICIAL 3 AÑOS. ATTE: LUIS.
WhatsApp,Saber si hay lugares en 6to primaria para Juan. Gracias.
WhatsApp,<p><b>Hola hay disponibilidad de ingreso para 5to secundaria? Mi niño se llama Ana.</b></p>
Web,entrevistas de admision para primer grado. Mi menor es Luis.
WhatsApp,SABER SI HAY CUPOS EN SECUNDARIA PARA LUIS. GRACIAS.
WhatsApp,Hola hay vacantes para 5to secundaria? Mi niño se llama Juan.
Email,"Estimados, quisiera saber los costos de inicial 4 años para mi hijo Juan."
Web,citas de admision para inicial 5 años. Mi menor es Mateo.
Web,ficha de matrícula para traslado a 1ero primaria. Postulante: Juan.
WhatsApp,Saber si hay espacios en inicial 5 años para Maria. Gracias.
Email,Solicito información de pagos y detalles para primer grado. Atte: Maria.
Email,<p><b>Solicito información de pensiones y detalles para primer grado. Atte: Elena.</b></p>
WhatsApp,Hola hay disponibilidad de ingreso para 5to secundaria? Mi niño se llama Valentina.
WhatsApp,Hola hay lugares para 1ero primaria? Mi niño se llama Thiago.
Email,"Estimados, quisiera saber los mensualidad de primer año para mi hijo Sofia."
WhatsApp,Saber si hay cupos en inicial 4 años para Ana. Gracias.
WhatsApp,Saber si hay lugares en 6to primaria para Ana. Gracias.
WhatsApp,Hola hay cupos para inicial 3 años? Mi niño se llama Juan.
Email,"Estimados, quisiera saber los pagos de primer grado para mi hijo Maria."
Email,"Estimados, quisiera saber los pensiones de 1ero secundaria para mi hijo Maria."
Email,"Estimados, quisiera saber los mensualidad de inicial 3 años para mi hijo Mateo."
Web,partidas para traslado a primer año. Postulante: Valentina.
WhatsApp,Hola hay vacantes para inicial 3 años? Mi niño se llama Ana.
WhatsApp,Hola hay espacios para primer grado? Mi niño se llama Camila.
Email,"ESTIMADOS, QUISIERA SABER LOS PAGOS DE 6TO PRIMARIA PARA MI HIJO THIAGO."
Email,"<p><b>Estimados, quisiera saber los pensiones de primer año para mi hijo Lucia.</b></p>"
Email,"ESTIMADOS, QUISIERA SABER LOS CUOTAS DE 1ERO SECUNDARIA PARA MI HIJO SOFIA."
Web,citas de admision para primer grado. Mi menor es Elena.
Web,entrevistas de admision para 1ero primaria. Mi menor es Gabriel.
WhatsApp,Saber si hay vacantes en 5to secundaria para Gabriel. Gracias.
Web,CHARLAS DE ADMISION PARA SECUNDARIA. MI MENOR ES MATEO.
Web,citas de admision para inicial 3 años. Mi menor es Pedro.
Web,<p><b>citas de admision para 1ero primaria. Mi menor es Sofia.</b></p>
WhatsApp,Saber si hay vacantes en 6to primaria para Mateo. Gracias.
WhatsApp,Hola hay vacantes para secundaria? Mi niño se llama Ana.
Web,<p><b>reunión de admision para primer año. Mi menor es Mateo.</b></p>
Email,Solicito información de precios y detalles para primer grado. Atte: Pedro.
Web,reunión de admision para inicial 4 años. Mi menor es Ana.
Web,ENTREVISTAS DE ADMISION PARA INICIAL 3 AÑOS. MI MENOR ES THIAGO.
WhatsApp,HOLA HAY LUGARES PARA PRIMER AÑO? MI NIÑO SE LLAMA THIAGO.
WhatsApp,<p><b>Saber si hay disponibilidad de ingreso en 5to secundaria para Gabriel. Gracias.</b></p>
Email,Solicito información de pensiones y detalles para inicial 5 años. Atte: Juan.
Email,"ESTIMADOS, QUISIERA SABER LOS COSTOS DE SECUNDARIA PARA MI HIJO GABRIEL."
Web,papeles para traslado a inicial 5 años. Postulante: Mateo.
Email,"Estimados, quisiera saber los precios de primer año para mi hijo Nicolas."
Email,"ESTIMADOS, QUISIERA SABER LOS COSTOS DE 1ERO SECUNDARIA PARA MI HIJO CAMILA."
Web,CRONOGRAMA DE ADMISION PARA INICIAL 5 AÑOS. MI MENOR ES VALENTINA.
Email,"<p><b>Estimados, quisiera saber los pensiones de 5to secundaria para mi hijo Valentina.</b></p>"
Web,ficha de matrícula para traslado a primer grado. Postulante: Pedro.
WhatsApp,Saber si hay cupos en inicial 5 años para Elena. Gracias.
WhatsApp,Hola hay cupos para 1ero primaria? Mi niño se llama Mateo.
Web,documentos para traslado a secundaria. Postulante: Nicolas.
WhatsApp,Hola hay lugares para inicial 4 años? Mi niño se llama Gabriel.
Email,"Estimados, quisiera saber los pensiones de inicial 3 años para mi hijo Pedro."
Web,REQUISITOS PARA TRASLADO A 5TO SECUNDARIA. POSTULANTE: SOFIA.
Web,cronograma de admision para 1ero primaria. Mi menor es Gabriel.
Email,"Estimados, quisiera saber los precios de 6to primaria para mi hijo Elena."
Email,<p><b>Solicito información de costos y detalles para secundaria. Atte: Maria.</b></p>
Web,CITAS DE ADMISION PARA INICIAL 4 AÑOS. MI MENOR ES CAMILA.
Web,citas de admision para inicial 4 años. Mi menor es Luis.
Web,charlas de admision para 6to primaria. Mi menor es Maria.
WhatsApp,Hola hay disponibilidad de ingreso para 6to primaria? Mi niño se llama Valentina.
WhatsApp,SABER SI HAY VACANTES EN PRIMER GRADO PARA JUAN. GRACIAS.
Email,"ESTIMADOS, QUISIERA SABER LOS MENSUALIDAD DE INICIAL 5 AÑOS PARA MI HIJO THIAGO."
Email,"Estimados, quisiera saber los mensualidad de 6to primaria para mi hijo Juan."
WhatsApp,Hola hay espacios para 1ero primaria? Mi niño se llama Elena.
WhatsApp,Saber si hay vacantes en primer año para Camila. Gracias.
Web,partidas para traslado a inicial 3 años. Postulante: Luis.
Web,papeles para traslado a 1ero primaria. Postulante: Nicolas.
Web,papeles para traslado a inicial 4 años. Postulante: Sofia.
Email,Solicito información de pagos y detalles para 1ero primaria. Atte: Lucia.
Email,Solicito información de precios y detalles para 6to primaria. Atte: Elena.
Email,Solicito información de mensualidad y detalles para primer año. Atte: Valentina.
Web,citas de admision para inicial 3 años. Mi menor es Juan.
Web,reunión de admision para 6to primaria. Mi menor es Juan.
Web,<p><b>partidas para traslado a inicial 5 años. Postulante: Pedro.</b></p>
Web,FICHA DE MATRÍCULA PARA TRASLADO A INICIAL 4 AÑOS. POSTULANTE: ELENA.
Email,Solicito información de pensiones y detalles para primer grado. Atte: Mateo.
WhatsApp,Saber si hay vacantes en primer grado para Sebastian. Gracias.
Web,papeles para traslado a 1ero primaria. Postulante: Valentina.
Web,DOCUMENTACIÓN PARA TRASLADO A INICIAL 3 AÑOS. POSTULANTE: SOFIA.
Email,"Estimados, quisiera saber los pagos de primer año para mi hijo Lucia."
Web,entrevistas de admision para 5to secundaria. Mi menor es Luis.
WhatsApp,HOLA HAY CUPOS PARA 5TO SECUNDARIA? MI NIÑO SE LLAMA PEDRO.
WhatsApp,Hola hay lugares para inicial 4 años? Mi niño se llama Elena.
Email,"Estimados, quisiera saber los cuotas de 1ero secundaria para mi hijo Valentina."
Email,Solicito información de cuotas y detalles para inicial 5 años. Atte: Camila.
Email,"<p><b>Estimados, quisiera saber los pagos de 5to secundaria para mi hijo Mateo.</b></p>"
Email,"Estimados, quisiera saber los pensiones de inicial 3 años para mi hijo Camila."
Email,"ESTIMADOS, QUISIERA SABER LOS MENSUALIDAD DE INICIAL 3 AÑOS PARA MI HIJO SEBASTIAN."
Web,requisitos para traslado a primer grado. Postulante: Sofia.
Email,Solicito información de pensiones y detalles para secundaria. Atte: Gabriel.
WhatsApp,Hola hay disponibilidad de ingreso para 5to secundaria? Mi niño se llama Juan.
Web,<p><b>charlas de admision para secundaria. Mi menor es Thiago.</b></p>
Web,papeles para traslado a inicial 4 años. Postulante: Nicolas.
Email,"Estimados, quisiera saber los mensualidad de 5to secundaria para mi hijo Valentina."
Email,Solicito información de mensualidad y detalles para 5to secundaria. Atte: Sofia.
Email,"Estimados, quisiera saber los cuotas de 5to secundaria para mi hijo Pedro."
Web,requisitos para traslado a inicial 5 años. Postulante: Juan.
WhatsApp,<p><b>Saber si hay espacios en primer año para Lucia. Gracias.</b></p>
Email,Solicito información de costos y detalles para 1ero secundaria. Atte: Mateo.
Email,Solicito información de pagos y detalles para 5to secundaria. Atte: Camila.
Email,"ESTIMADOS, QUISIERA SABER LOS PAGOS DE PRIMER AÑO PARA MI HIJO MATEO."
WhatsApp,Hola hay disponibilidad de ingreso para 5to secundaria? Mi niño se llama Pedro.
WhatsApp,Saber si hay cupos en 6to primaria para Lucia. Gracias.
Email,Solicito información de cuotas y detalles para 1ero secundaria. Atte: Nicolas.
Email,"<p><b>Estimados, quisiera saber los mensualidad de 6to primaria para mi hijo Maria.</b></p>"
WhatsApp,Saber si hay lugares en primer grado para Lucia. Gracias.
Email,SOLICITO INFORMACIÓN DE PENSIONES Y DETALLES PARA 6TO PRIMARIA. ATTE: LUCIA.
WhatsApp,SABER SI HAY DISPONIBILIDAD DE INGRESO EN 1ERO SECUNDARIA PARA CAMILA. GRACIAS.
Web,entrevistas de admision para 6to primaria. Mi menor es Pedro.
Email,"Estimados, quisiera saber los pensiones de inicial 4 años para mi hijo Luis."
Web,DOCUMENTACIÓN PARA TRASLADO A INICIAL 3 AÑOS. POSTULANTE: GABRIEL.
WhatsApp,Hola hay lugares para 1ero primaria? Mi niño se llama Nicolas.
WhatsApp,HOLA HAY ESPACIOS PARA INICIAL 3 AÑOS? MI NIÑO SE LLAMA MATEO.
Web,ficha de matrícula para traslado a 1ero primaria. Postulante: Gabriel.
Web,<p><b>documentos para traslado a 5to secundaria. Postulante: Nicolas.</b></p>
WhatsApp,<p><b>Hola hay lugares para secundaria? Mi niño se llama Elena.</b></p>
Web,cronograma de admision para inicial 4 años. Mi menor es Pedro.
WhatsApp,Saber si hay cupos en 6to primaria para Lucia. Gracias.
Web,citas de admision para primer año. Mi menor es Mateo.
Email,"ESTIMADOS, QUISIERA SABER LOS COSTOS DE INICIAL 3 AÑOS PARA MI HIJO VALENTINA."
Email,Solicito información de precios y detalles para inicial 3 años. Atte: Camila.
Email,Solicito información de pensiones y detalles para 6to primaria. Atte: Thiago.
Web,ficha de matrícula para traslado a inicial 3 años. Postulante: Mateo.
Web,CHARLAS DE ADMISION PARA INICIAL 5 AÑOS. MI MENOR ES LUIS.
WhatsApp,Saber si hay espacios en inicial 3 años para Valentina. Gracias.
Web,partidas para traslado a 1ero primaria. Postulante: Lucia.
WhatsApp,Hola hay espacios para primer grado? Mi niño se llama Elena.
Web,entrevistas de admision para primer grado. Mi menor es Juan.
WhatsApp,<p><b>Saber si hay vacantes en 1ero secundaria para Lucia. Gracias.</b></p>
Email,"Estimados, quisiera saber los mensualidad de 1ero secundaria para mi hijo Valentina."
Web,cronograma de admision para 1ero primaria. Mi menor es Sebastian.
Email,<p><b>Solicito información de pagos y detalles para 1ero secundaria. Atte: Maria.</b></p>
Web,documentos para traslado a primer grado. Postulante: Mateo.
WhatsApp,HOLA HAY VACANTES PARA 6TO PRIMARIA? MI NIÑO SE LLAMA SEBASTIAN.
WhatsApp,Hola hay vacantes para inicial 3 años? Mi niño se llama Juan.
Email,Solicito información de costos y detalles para 5to secundaria. Atte: Lucia.
WhatsApp,Hola hay espacios para 5to secundaria? Mi niño se llama Camila.
Web,cronograma de admision para inicial 4 años. Mi menor es Juan.
Web,citas de admision para 1ero secundaria. Mi menor es Thiago.
Email,"<p><b>Estimados, quisiera saber los pagos de secundaria para mi hijo Camila.</b></p>"
Email,Solicito información de pensiones y detalles para secundaria. Atte: Mateo.
Email,"Estimados, quisiera saber los costos de 6to primaria para mi hijo Sebastian."
Web,cronograma de admision para secundaria. Mi menor es Juan.
Email,"Estimados, quisiera saber los pagos de inicial 5 años para mi hijo Juan."
WhatsApp,Saber si hay disponibilidad de ingreso en 1ero secundaria para Thiago. Gracias.
WhatsApp,<p><b>Saber si hay espacios en inicial 5 años para Pedro. Gracias.</b></p>
Web,<p><b>documentación para traslado a 1ero secundaria. Postulante: Maria.</b></p>
Web,FICHA DE MATRÍCULA PARA TRASLADO A 6TO PRIMARIA. POSTULANTE: NICOLAS.
Web,requisitos para traslado a inicial 3 años. Postulante: Lucia.
WhatsApp,Hola hay lugares para 5to secundaria? Mi niño se llama Luis.
Email,"ESTIMADOS, QUISIERA SABER LOS CUOTAS DE PRIMER AÑO PARA MI HIJO ANA."
WhatsApp,Saber si hay cupos en inicial 5 años para Maria. Gracias.
Email,"ESTIMADOS, QUISIERA SABER LOS MENSUALIDAD DE INICIAL 5 AÑOS PARA MI HIJO CAMILA."
WhatsApp,Hola hay lugares para inicial 4 años? Mi niño se llama Mateo.
WhatsApp,Hola hay lugares para primer año? Mi niño se llama Luis.
WhatsApp,Hola hay lugares para 1ero secundaria? Mi niño se llama Thiago.
WhatsApp,Saber si hay lugares en primer año para Sebastian. Gracias.
WhatsApp,Saber si hay vacantes en 6to primaria para Ana. Gracias.
Email,Solicito información de mensualidad y detalles para 6to primaria. Atte: Nicolas.
Web,charlas de admision para inicial 5 años. Mi menor es Thiago.
Email,"<p><b>Estimados, quisiera saber los pensiones de 1ero secundaria para mi hijo Sebastian.</b></p>"
WhatsApp,Hola hay cupos para 1ero secundaria? Mi niño se llama Camila.
Web,reunión de admision para secundaria. Mi menor es Sofia.
Email,"<p><b>Estimados, quisiera saber los costos de primer grado para mi hijo Maria.</b></p>"
Email,Solicito información de pensiones y detalles para 1ero primaria. Atte: Thiago.
Web,charlas de admision para 6to primaria. Mi menor es Sofia.
Email,"<p><b>Estimados, quisiera saber los pensiones de primer grado para mi hijo Thiago.</b></p>"
Web,REUNIÓN DE ADMISION PARA INICIAL 4 AÑOS. MI MENOR ES ANA.
WhatsApp,<p><b>Hola hay cupos para inicial 5 años? Mi niño se llama Valentina.</b></p>
WhatsApp,Hola hay cupos para inicial 5 años? Mi niño se llama Ana.
Email,SOLICITO INFORMACIÓN DE PENSIONES Y DETALLES PARA INICIAL 4 AÑOS. ATTE: ANA.
WhatsApp,HOLA HAY VACANTES PARA INICIAL 5 AÑOS? MI NIÑO SE LLAMA NICOLAS.
Web,<p><b>charlas de admision para 6to primaria. Mi menor es Maria.</b></p>
WhatsApp,Saber si hay lugares en inicial 4 años para Elena. Gracias.
WhatsApp,Hola hay vacantes para primer grado? Mi niño se llama Thiago.
WhatsApp,Saber si hay lugares en inicial 5 años para Lucia. Gracias.
Web,partidas para traslado a 1ero primaria. Postulante: Mateo.
Web,REUNIÓN DE ADMISION PARA SECUNDARIA. MI MENOR ES GABRIEL.
Email,"ESTIMADOS, QUISIERA SABER LOS CUOTAS DE 6TO PRIMARIA PARA MI HIJO LUCIA."
Web,partidas para traslado a 1ero primaria. Postulante: Lucia.
Web,entrevistas de admision para 6to primaria. Mi menor es Juan.
Email,Solicito información de mensualidad y detalles para primer año. Atte: Lucia.
Email,<p><b>Solicito información de pagos y detalles para primer grado. Atte: Sofia.</b></p>
WhatsApp,Saber si hay disponibilidad de ingreso en primer grado para Valentina. Gracias.
Email,"Estimados, quisiera saber los pagos de primer grado para mi hijo Mateo."
Web,CRONOGRAMA DE ADMISION PARA INICIAL 3 AÑOS. MI MENOR ES SEBASTIAN.
WhatsApp,Saber si hay cupos en 5to secundaria para Maria. Gracias.
Email,"Estimados, quisiera saber los mensualidad de inicial 4 años para mi hijo Camila."
Email,Solicito información de precios y detalles para primer año. Atte: Maria.
Email,"Estimados, quisiera saber los pagos de primer grado para mi hijo Luis."
WhatsApp,Saber si hay disponibilidad de ingreso en inicial 5 años para Camila. Gracias.
Web,<p><b>ficha de matrícula para traslado a 5to secundaria. Postulante: Juan.</b></p>
Web,papeles para traslado a 6to primaria. Postulante: Pedro.
WhatsApp,<p><b>Saber si hay vacantes en 1ero secundaria para Valentina. Gracias.</b></p>
Web,<p><b>papeles para traslado a inicial 5 años. Postulante: Elena.</b></p>
Email,Solicito información de precios y detalles para inicial 5 años. Atte: Lucia.
WhatsApp,Saber si hay espacios en inicial 3 años para Juan. Gracias.
WhatsApp,Hola hay cupos para 1ero secundaria? Mi niño se llama Sebastian.
WhatsApp,Saber si hay vacantes en inicial 5 años para Lucia. Gracias.
WhatsApp,<p><b>Saber si hay espacios en primer grado para Nicolas. Gracias.</b></p>
WhatsApp,Saber si hay lugares en inicial 5 años para Luis. Gracias.
Web,charlas de admision para 5to secundaria. Mi menor es Thiago.
Web,REUNIÓN DE ADMISION PARA PRIMER AÑO. MI MENOR ES CAMILA.
WhatsApp,Hola hay disponibilidad de ingreso para 1ero primaria? Mi niño se llama Camila.
WhatsApp,<p><b>Hola hay disponibilidad de ingreso para inicial 5 años? Mi niño se llama Juan.</b></p>
WhatsApp,Saber si hay espacios en 5to secundaria para Nicolas. Gracias.
Email,Solicito información de mensualidad y detalles para primer año. Atte: Thiago.
WhatsApp,Hola hay lugares para primer año? Mi niño se llama Sebastian.
Email,Solicito información de mensualidad y detalles para primer grado. Atte: Ana.
WhatsApp,Hola hay espacios para primer año? Mi niño se llama Camila.
WhatsApp,SABER SI HAY LUGARES EN INICIAL 5 AÑOS PARA LUCIA. GRACIAS.
Web,PARTIDAS PARA TRASLADO A PRIMER AÑO. POSTULANTE: ANA.
Web,requisitos para traslado a 5to secundaria. Postulante: Juan.
Email,"Estimados, quisiera saber los precios de secundaria para mi hijo Gabriel."
WhatsApp,Hola hay lugares para inicial 4 años? Mi niño se llama Gabriel.
WhatsApp,Saber si hay vacantes en 1ero primaria para Juan. Gracias.
WhatsApp,<p><b>Hola hay lugares para inicial 5 años? Mi niño se llama Sofia.</b></p>
WhatsApp,Hola hay vacantes para 6to primaria? Mi niño se llama Lucia.
Email,"<p><b>Estimados, quisiera saber los mensualidad de 6to primaria para mi hijo Pedro.</b></p>"
Email,SOLICITO INFORMACIÓN DE PRECIOS Y DETALLES PARA 1ERO SECUNDARIA. ATTE: LUCIA.
WhatsApp,Saber si hay disponibilidad de ingreso en primer año para Juan. Gracias.
Email,Solicito información de pagos y detalles para 1ero primaria. Atte: Thiago.
WhatsApp,Hola hay cupos para 5to secundaria? Mi niño se llama Lucia.
Email,"ESTIMADOS, QUISIERA SABER LOS PAGOS DE 5TO SECUNDARIA PARA MI HIJO PEDRO."
Email,"Estimados, quisiera saber los precios de inicial 5 años para mi hijo Pedro."
Email,"<p><b>Estimados, quisiera saber los pensiones de 1ero primaria para mi hijo Thiago.</b></p>"
WhatsApp,<p><b>Hola hay espacios para 6to primaria? Mi niño se llama Camila.</b></p>
Web,<p><b>papeles para traslado a primer grado. Postulante: Sofia.</b></p>
WhatsApp,Saber si hay espacios en inicial 4 años para Maria. Gracias.
WhatsApp,Saber si hay cupos en secundaria para Mateo. Gracias.
Web,DOCUMENTOS PARA TRASLADO A 1ERO PRIMARIA. POSTULANTE: MATEO.
WhatsApp,Hola hay vacantes para inicial 5 años? Mi niño se llama Pedro.
Email,"Estimados, quisiera saber los costos de secundaria para mi hijo Mateo."
Email,<p><b>Solicito información de pensiones y detalles para 6to primaria. Atte: Camila.</b></p>
Web,PAPELES PARA TRASLADO A 1ERO SECUNDARIA. POSTULANTE: LUCIA.
WhatsApp,Saber si hay lugares en 5to secundaria para Mateo. Gracias.
Email,"Estimados, quisiera saber los mensualidad de primer grado para mi hijo Sofia."
Web,DOCUMENTOS PARA TRASLADO A INICIAL 5 AÑOS. POSTULANTE: ANA.
Web,<p><b>charlas de admision para 1ero secundaria. Mi menor es Lucia.</b></p>
WhatsApp,Saber si hay vacantes en primer grado para Pedro. Gracias.
Email,Solicito información de mensualidad y detalles para primer grado. Atte: Sebastian.
Email,Solicito información de mensualidad y detalles para secundaria. Atte: Gabriel.
WhatsApp,<p><b>Hola hay disponibilidad de ingreso para primer año? Mi niño se llama Luis.</b></p>
WhatsApp,<p><b>Hola hay lugares para inicial 4 años? Mi niño se llama Gabriel.</b></p>
Email,"ESTIMADOS, QUISIERA SABER LOS PAGOS DE PRIMER AÑO PARA MI HIJO THIAGO."
Email,<p><b>Solicito información de mensualidad y detalles para inicial 4 años. Atte: Lucia.</b></p>
WhatsApp,Saber si hay vacantes en inicial 4 años para Sofia. Gracias.
WhatsApp,Saber si hay vacantes en primer grado para Pedro. Gracias.
Email,"Estimados, quisiera saber los pensiones de 5to secundaria para mi hijo Thiago."
Email,Solicito información de cuotas y detalles para inicial 4 años. Atte: Nicolas.
Web,<p><b>entrevistas de admision para secundaria. Mi menor es Camila.</b></p>
WhatsApp,<p><b>Hola hay disponibilidad de ingreso para inicial 3 años? Mi niño se llama Valentina.</b></p>
Web,citas de admision para 5to secundaria. Mi menor es Nicolas.
WhatsApp,Hola hay espacios para 6to primaria? Mi niño se llama Ana.
WhatsApp,Hola hay cupos para 6to primaria? Mi niño se llama Pedro.
Email,"<p><b>Estimados, quisiera saber los cuotas de inicial 5 años para mi hijo Sebastian.</b></p>"
Web,<p><b>cronograma de admision para 1ero primaria. Mi menor es Elena.</b></p>
WhatsApp,<p><b>Saber si hay lugares en inicial 5 años para Pedro. Gracias.</b></p>
Web,REUNIÓN DE ADMISION PARA 1ERO PRIMARIA. MI MENOR ES VALENTINA.
Email,"Estimados, quisiera saber los mensualidad de inicial 4 años para mi hijo Elena."
WhatsApp,<p><b>Hola hay cupos para 1ero primaria? Mi niño se llama Thiago.</b></p>
WhatsApp,HOLA HAY ESPACIOS PARA 6TO PRIMARIA? MI NIÑO SE LLAMA VALENTINA.
Email,<p><b>Solicito información de mensualidad y detalles para primer año. Atte: Luis.</b></p>
Email,<p><b>Solicito información de precios y detalles para primer año. Atte: Gabriel.</b></p>
Web,citas de admision para primer grado. Mi menor es Thiago.
Email,<p><b>Solicito información de cuotas y detalles para primer año. Atte: Gabriel.</b></p>
Web,charlas de admision para 6to primaria. Mi menor es Sebastian.
Email,"Estimados, quisiera saber los pagos de primer año para mi hijo Camila."
Web,<p><b>documentación para traslado a 1ero primaria. Postulante: Luis.</b></p>
Email,<p><b>Solicito información de pagos y detalles para inicial 4 años. Atte: Lucia.</b></p>
Email,Solicito información de cuotas y detalles para primer grado. Atte: Thiago.
Web,papeles para traslado a secundaria. Postulante: Sebastian.
WhatsApp,HOLA HAY LUGARES PARA PRIMER AÑO? MI NIÑO SE LLAMA ANA.
Email,"<p><b>Estimados, quisiera saber los costos de secundaria para mi hijo Mateo.</b></p>"
WhatsApp,SABER SI HAY ESPACIOS EN 5TO SECUNDARIA PARA SEBASTIAN. GRACIAS.
WhatsApp,Saber si hay vacantes en primer grado para Mateo. Gracias.
Email,"Estimados, quisiera saber los mensualidad de 1ero primaria para mi hijo Camila."
WhatsApp,HOLA HAY VACANTES PARA PRIMER AÑO? MI NIÑO SE LLAMA NICOLAS.
WhatsApp,Hola hay lugares para primer año? Mi niño se llama Ana.
Web,entrevistas de admision para primer año. Mi menor es Lucia.
Web,<p><b>cronograma de admision para 5to secundaria. Mi menor es Maria.</b></p>
WhatsApp,Hola hay disponibilidad de ingreso para 1ero secundaria? Mi niño se llama Ana.
WhatsApp,Saber si hay espacios en 1ero primaria para Camila. Gracias.
Web,<p><b>documentación para traslado a inicial 5 años. Postulante: Sebastian.</b></p>
Email,"<p><b>Estimados, quisiera saber los pensiones de inicial 4 años para mi hijo Camila.</b></p>"
Web,<p><b>ficha de matrícula para traslado a 1ero secundaria. Postulante: Nicolas.</b></p>
Web,papeles para traslado a primer grado. Postulante: Juan.
Email,"Estimados, quisiera saber los costos de 1ero secundaria para mi hijo Sebastian."
Web,reunión de admision para 5to secundaria. Mi menor es Elena.
Email,Solicito información de cuotas y detalles para primer año. Atte: Pedro.
Web,CHARLAS DE ADMISION PARA SECUNDARIA. MI MENOR ES LUIS.
Web,documentos para traslado a 5to secundaria. Postulante: Gabriel.
Web,citas de admision para primer año. Mi menor es Maria.
Email,Solicito información de cuotas y detalles para secundaria. Atte: Camila.
Web,reunión de admision para 1ero secundaria. Mi menor es Sebastian.
WhatsApp,<p><b>Saber si hay vacantes en secundaria para Pedro. Gracias.</b></p>
Web,charlas de admision para primer año. Mi menor es Juan.
Email,"<p><b>Estimados, quisiera saber los pagos de 1ero primaria para mi hijo Thiago.</b></p>"
Email,"Estimados, quisiera saber los cuotas de secundaria para mi hijo Camila."
Web,cronograma de admision para 1ero primaria. Mi menor es Sofia.
WhatsApp,<p><b>Hola hay lugares para 5to secundaria? Mi niño se llama Sofia.</b></p>
WhatsApp,Hola hay disponibilidad de ingreso para 1ero primaria? Mi niño se llama Gabriel.
WhatsApp,Hola hay espacios para inicial 3 años? Mi niño se llama Gabriel.
Email,Solicito información de costos y detalles para 5to secundaria. Atte: Ana.
WhatsApp,Hola hay cupos para inicial 4 años? Mi niño se llama Lucia.
Email,Solicito información de precios y detalles para inicial 3 años. Atte: Elena.
Web,papeles para traslado a primer año. Postulante: Gabriel.
Web,REUNIÓN DE ADMISION PARA INICIAL 5 AÑOS. MI MENOR ES MARIA.
WhatsApp,Hola hay cupos para inicial 4 años? Mi niño se llama Sofia.
WhatsApp,Hola hay cupos para primer año? Mi niño se llama Mateo.
Web,entrevistas de admision para 1ero primaria. Mi menor es Sofia.
Email,"Estimados, quisiera saber los pagos de inicial 3 años para mi hijo Thiago."
WhatsApp,Hola hay cupos para inicial 5 años? Mi niño se llama Elena.
WhatsApp,Hola hay espacios para primer grado? Mi niño se llama Mateo.
Email,"Estimados, quisiera saber los precios de inicial 5 años para mi hijo Gabriel."
WhatsApp,HOLA HAY ESPACIOS PARA PRIMER AÑO? MI NIÑO SE LLAMA SEBASTIAN.
WhatsApp,Saber si hay vacantes en primer grado para Sofia. Gracias.
WhatsApp,SABER SI HAY LUGARES EN 1ERO SECUNDARIA PARA NICOLAS. GRACIAS.
Email,"Estimados, quisiera saber los cuotas de inicial 4 años para mi hijo Thiago."
WhatsApp,Saber si hay espacios en secundaria para Nicolas. Gracias.
WhatsApp,Hola hay lugares para inicial 5 años? Mi niño se llama Camila.
WhatsApp,Hola hay vacantes para 6to primaria? Mi niño se llama Sofia.
Web,entrevistas de admision para inicial 5 años. Mi menor es Sofia.
Email,<p><b>Solicito información de cuotas y detalles para inicial 5 años. Atte: Lucia.</b></p>
Email,"Estimados, quisiera saber los pagos de inicial 3 años para mi hijo Ana."
WhatsApp,Saber si hay espacios en inicial 3 años para Mateo. Gracias.
Email,"<p><b>Estimados, quisiera saber los mensualidad de inicial 4 años para mi hijo Ana.</b></p>"
Web,<p><b>cronograma de admision para 5to secundaria. Mi menor es Thiago.</b></p>
Email,"Estimados, quisiera saber los costos de primer grado para mi hijo Sebastian."
Email,Solicito información de pagos y detalles para 6to primaria. Atte: Valentina.
Email,Solicito información de precios y detalles para 1ero primaria. Atte: Thiago.
Web,citas de admision para 5to secundaria. Mi menor es Thiago.
WhatsApp,<p><b>Saber si hay lugares en inicial 3 años para Elena. Gracias.</b></p>
WhatsApp,Saber si hay disponibilidad de ingreso en 1ero primaria para Luis. Gracias.
Email,"ESTIMADOS, QUISIERA SABER LOS PAGOS DE INICIAL 4 AÑOS PARA MI HIJO JUAN."
WhatsApp,Saber si hay cupos en inicial 4 años para Ana. Gracias.
Email,Solicito información de cuotas y detalles para inicial 4 años. Atte: Maria.
WhatsApp,Saber si hay disponibilidad de ingreso en 6to primaria para Elena. Gracias.
WhatsApp,Hola hay cupos para inicial 3 años? Mi niño se llama Luis.
Email,Solicito información de pagos y detalles para inicial 3 años. Atte: Camila.
WhatsApp,Hola hay disponibilidad de ingreso para 1ero secundaria? Mi niño se llama Sofia.
WhatsApp,Hola hay lugares para inicial 5 años? Mi niño se llama Mateo.
WhatsApp,HOLA HAY LUGARES PARA 1ERO PRIMARIA? MI NIÑO SE LLAMA JUAN.
Web,<p><b>charlas de admision para 6to primaria. Mi menor es Valentina.</b></p>
Email,SOLICITO INFORMACIÓN DE MENSUALIDAD Y DETALLES PARA INICIAL 5 AÑOS. ATTE: SEBASTIAN.
WhatsApp,Hola hay espacios para primer año? Mi niño se llama Nicolas.
Email,"ESTIMADOS, QUISIERA SABER LOS COSTOS DE 1ERO PRIMARIA PARA MI HIJO MATEO."
Web,<p><b>papeles para traslado a 1ero primaria. Postulante: Pedro.</b></p>
Email,"<p><b>Estimados, quisiera saber los cuotas de primer grado para mi hijo Ana.</b></p>"
WhatsApp,Hola hay vacantes para inicial 4 años? Mi niño se llama Luis.
WhatsApp,Hola hay vacantes para 6to primaria? Mi niño se llama Valentina.
Web,REUNIÓN DE ADMISION PARA 1ERO PRIMARIA. MI MENOR ES NICOLAS.
WhatsApp,<p><b>Saber si hay cupos en primer grado para Juan. Gracias.</b></p>
WhatsApp,Saber si hay lugares en secundaria para Sebastian. Gracias.
Email,<p><b>Solicito información de costos y detalles para 1ero secundaria. Atte: Sebastian.</b></p>
WhatsApp,Hola hay lugares para 1ero secundaria? Mi niño se llama Sebastian.
Email,"ESTIMADOS, QUISIERA SABER LOS MENSUALIDAD DE INICIAL 5 AÑOS PARA MI HIJO CAMILA."
Email,Solicito información de precios y detalles para inicial 4 años. Atte: Ana.
Email,"<p><b>Estimados, quisiera saber los cuotas de 6to primaria para mi hijo Pedro.</b></p>"
Web,requisitos para traslado a inicial 3 años. Postulante: Maria.
Email,"Estimados, quisiera saber los cuotas de 1ero primaria para mi hijo Sofia."
Web,<p><b>documentación para traslado a 5to secundaria. Postulante: Mateo.</b></p>
Email,"Estimados, quisiera saber los pagos de inicial 4 años para mi hijo Nicolas."
Web,citas de admision para primer año. Mi menor es Sebastian.
WhatsApp,Hola hay lugares para 1ero primaria? Mi niño se llama Sebastian.
Email,Solicito información de costos y detalles para primer año. Atte: Gabriel.
Web,ficha de matrícula para traslado a inicial 3 años. Postulante: Mateo.
Email,Solicito información de pagos y detalles para 6to primaria. Atte: Pedro.
Web,CRONOGRAMA DE ADMISION PARA 1ERO PRIMARIA. MI MENOR ES PEDRO.
WhatsApp,Saber si hay lugares en inicial 4 años para Mateo. Gracias.
Email,Solicito información de mensualidad y detalles para inicial 3 años. Atte: Lucia.
WhatsApp,SABER SI HAY LUGARES EN INICIAL 5 AÑOS PARA ANA. GRACIAS.
Email,Solicito información de pensiones y detalles para inicial 5 años. Atte: Mateo.
WhatsApp,<p><b>Saber si hay vacantes en 5to secundaria para Mateo. Gracias.</b></p>
Web,<p><b>partidas para traslado a inicial 4 años. Postulante: Camila.</b></p>
Email,Solicito información de mensualidad y detalles para primer año. Atte: Maria.
WhatsApp,Saber si hay lugares en primer año para Sofia. Gracias.
WhatsApp,Hola hay lugares para secundaria? Mi niño se llama Gabriel.
Email,"Estimados, quisiera saber los mensualidad de 1ero primaria para mi hijo Thiago."
WhatsApp,SABER SI HAY CUPOS EN 6TO PRIMARIA PARA NICOLAS. GRACIAS.
WhatsApp,Saber si hay cupos en inicial 3 años para Sofia. Gracias.
Email,SOLICITO INFORMACIÓN DE CUOTAS Y DETALLES PARA 1ERO PRIMARIA. ATTE: LUCIA.
Email,Solicito información de precios y detalles para inicial 3 años. Atte: Sebastian.
WhatsApp,Hola hay cupos para 6to primaria? Mi niño se llama Camila.
Web,DOCUMENTACIÓN PARA TRASLADO A PRIMER GRADO. POSTULANTE: PEDRO.
Email,"Estimados, quisiera saber los pagos de secundaria para mi hijo Sofia."
Web,papeles para traslado a 1ero primaria. Postulante: Thiago.
Email,"<p><b>Estimados, quisiera saber los cuotas de 1ero primaria para mi hijo Sofia.</b></p>"
Email,"<p><b>Estimados, quisiera saber los mensualidad de primer año para mi hijo Juan.</b></p>"
WhatsApp,<p><b>Hola hay cupos para inicial 4 años? Mi niño se llama Valentina.</b></p>
Web,papeles para traslado a inicial 3 años. Postulante: Ana.
Web,cronograma de admision para primer año. Mi menor es Luis.
Web,<p><b>charlas de admision para 5to secundaria. Mi menor es Elena.</b></p>
WhatsApp,<p><b>Saber si hay disponibilidad de ingreso en inicial 3 años para Maria. Gracias.</b></p>
Web,ficha de matrícula para traslado a inicial 4 años. Postulante: Elena.
WhatsApp,<p><b>Hola hay espacios para inicial 3 años? Mi niño se llama Juan.</b></p>
WhatsApp,HOLA HAY ESPACIOS PARA INICIAL 3 AÑOS? MI NIÑO SE LLAMA SOFIA.
Web,partidas para traslado a inicial 3 años. Postulante: Elena.
WhatsApp,SABER SI HAY DISPONIBILIDAD DE INGRESO EN 1ERO PRIMARIA PARA GABRIEL. GRACIAS.
WhatsApp,<p><b>Saber si hay espacios en 6to primaria para Nicolas. Gracias.</b></p>
Web,<p><b>documentación para traslado a primer año. Postulante: Mateo.</b></p>
Email,"ESTIMADOS, QUISIERA SABER LOS PAGOS DE 1ERO PRIMARIA PARA MI HIJO SOFIA."
WhatsApp,Saber si hay lugares en inicial 5 años para Sebastian. Gracias.
WhatsApp,Saber si hay vacantes en inicial 4 años para Pedro. Gracias.
Email,Solicito información de cuotas y detalles para inicial 4 años. Atte: Juan.
WhatsApp,Saber si hay disponibilidad de ingreso en secundaria para Valentina. Gracias.
Email,Solicito información de mensualidad y detalles para primer grado. Atte: Sebastian.
Web,<p><b>reunión de admision para secundaria. Mi menor es Sofia.</b></p>
Email,"<p><b>Estimados, quisiera saber los cuotas de 6to primaria para mi hijo Lucia.</b></p>"
Email,"ESTIMADOS, QUISIERA SABER LOS MENSUALIDAD DE 1ERO PRIMARIA PARA MI HIJO JUAN."
WhatsApp,Hola hay espacios para inicial 4 años? Mi niño se llama Thiago.
WhatsApp,<p><b>Hola hay cupos para primer año? Mi niño se llama Pedro.</b></p>
Web,DOCUMENTOS PARA TRASLADO A 1ERO PRIMARIA. POSTULANTE: PEDRO.
WhatsApp,Saber si hay lugares en primer grado para Thiago. Gracias.
WhatsApp,<p><b>Hola hay vacantes para inicial 4 años? Mi niño se llama Lucia.</b></p>
WhatsApp,Saber si hay vacantes en primer grado para Juan. Gracias.
Web,REUNIÓN DE ADMISION PARA 1ERO PRIMARIA. MI MENOR ES MATEO.
WhatsApp,Hola hay lugares para inicial 5 años? Mi niño se llama Juan.
Web,documentación para traslado a secundaria. Postulante: Elena.
Web,partidas para traslado a inicial 4 años. Postulante: Lucia.
Email,Solicito información de pensiones y detalles para secundaria. Atte: Camila.
WhatsApp,HOLA HAY LUGARES PARA 5TO SECUNDARIA? MI NIÑO SE LLAMA PEDRO.
Web,<p><b>requisitos para traslado a secundaria. Postulante: Sofia.</b></p>
WhatsApp,Hola hay disponibilidad de ingreso para primer grado? Mi niño se llama Lucia.
Email,<p><b>Solicito información de pagos y detalles para inicial 5 años. Atte: Luis.</b></p>
Web,ficha de matrícula para traslado a inicial 3 años. Postulante: Thiago.
Email,"ESTIMADOS, QUISIERA SABER LOS PENSIONES DE 1ERO PRIMARIA PARA MI HIJO NICOLAS."
Email,"<p><b>Estimados, quisiera saber los precios de primer grado para mi hijo Nicolas.</b></p>"
WhatsApp,Hola hay espacios para 6to primaria? Mi niño se llama Luis.
Email,"Estimados, quisiera saber los pagos de inicial 4 años para mi hijo Lucia."
Email,"ESTIMADOS, QUISIERA SABER LOS PAGOS DE PRIMER GRADO PARA MI HIJO LUIS."
WhatsApp,<p><b>Hola hay espacios para 5to secundaria? Mi niño se llama Ana.</b></p>
WhatsApp,<p><b>Hola hay cupos para inicial 3 años? Mi niño se llama Valentina.</b></p>
Web,REQUISITOS PARA TRASLADO A INICIAL 3 AÑOS. POSTULANTE: LUIS.
Email,Solicito información de cuotas y detalles para 6to primaria. Atte: Gabriel.
WhatsApp,Hola hay disponibilidad de ingreso para inicial 4 años? Mi niño se llama Sofia.
Web,DOCUMENTACIÓN PARA TRASLADO A INICIAL 4 AÑOS. POSTULANTE: LUCIA.
WhatsApp,Saber si hay vacantes en inicial 4 años para Ana. Gracias.
Email,"<p><b>Estimados, quisiera saber los pagos de 6to primaria para mi hijo Juan.</b></p>"
Web,partidas para traslado a inicial 4 años. Postulante: Juan.
Email,<p><b>Solicito información de cuotas y detalles para 6to primaria. Atte: Nicolas.</b></p>
Web,entrevistas de admision para primer grado. Mi menor es Ana.
Email,"Estimados, quisiera saber los mensualidad de inicial 3 años para mi hijo Mateo."
WhatsApp,<p><b>Saber si hay vacantes en inicial 5 años para Sebastian. Gracias.</b></p>
WhatsApp,SABER SI HAY CUPOS EN INICIAL 4 AÑOS PARA ANA. GRACIAS.
Email,"ESTIMADOS, QUISIERA SABER LOS CUOTAS DE PRIMER AÑO PARA MI HIJO LUCIA."
WhatsApp,<p><b>Saber si hay vacantes en inicial 3 años para Sofia. Gracias.</b></p>
WhatsApp,Saber si hay lugares en 1ero secundaria para Maria. Gracias.
Web,documentación para traslado a 1ero primaria. Postulante: Juan.
WhatsApp,<p><b>Hola hay espacios para 6to primaria? Mi niño se llama Thiago.</b></p>
Web,<p><b>entrevistas de admision para 5to secundaria. Mi menor es Sofia.</b></p>
Web,citas de admision para secundaria. Mi menor es Camila.
Web,<p><b>documentos para traslado a inicial 5 años. Postulante: Gabriel.</b></p>
Web,CHARLAS DE ADMISION PARA PRIMER AÑO. MI MENOR ES MATEO.
Web,reunión de admision para secundaria. Mi menor es Elena.
Web,citas de admision para 1ero secundaria. Mi menor es Lucia.
WhatsApp,Hola hay vacantes para 6to primaria? Mi niño se llama Maria.
Web,DOCUMENTOS PARA TRASLADO A SECUNDARIA. POSTULANTE: LUIS.
Web,REUNIÓN DE ADMISION PARA SECUNDARIA. MI MENOR ES NICOLAS.
Email,<p><b>Solicito información de pensiones y detalles para 1ero secundaria. Atte: Pedro.</b></p>
Email,Solicito información de pagos y detalles para inicial 4 años. Atte: Mateo.
Email,Solicito información de cuotas y detalles para 6to primaria. Atte: Camila.
WhatsApp,Saber si hay disponibilidad de ingreso en secundaria para Nicolas. Gracias.
Email,"<p><b>Estimados, quisiera saber los mensualidad de 1ero secundaria para mi hijo Sebastian.</b></p>"
WhatsApp,Saber si hay espacios en inicial 4 años para Ana. Gracias.
Web,ficha de matrícula para traslado a primer año. Postulante: Mateo.
Web,documentación para traslado a 6to primaria. Postulante: Sebastian.
WhatsApp,<p><b>Hola hay espacios para primer grado? Mi niño se llama Luis.</b></p>
Web,charlas de admision para primer grado. Mi menor es Maria.
WhatsApp,Hola hay cupos para inicial 5 años? Mi niño se llama Sofia.
Email,Solicito información de pagos y detalles para inicial 4 años. Atte: Pedro.
Web,documentación para traslado a 1ero primaria. Postulante: Lucia.
Email,"Estimados, quisiera saber los precios de 6to primaria para mi hijo Sofia."
WhatsApp,Saber si hay disponibilidad de ingreso en inicial 5 años para Thiago. Gracias.
WhatsApp,Saber si hay cupos en 1ero secundaria para Valentina. Gracias.
Web,PARTIDAS PARA TRASLADO A 5TO SECUNDARIA. POSTULANTE: NICOLAS.
WhatsApp,Saber si hay espacios en 1ero primaria para Mateo. Gracias.
WhatsApp,Saber si hay cupos en 6to primaria para Gabriel. Gracias.
Email,SOLICITO INFORMACIÓN DE COSTOS Y DETALLES PARA INICIAL 3 AÑOS. ATTE: MARIA.
Web,cronograma de admision para primer grado. Mi menor es Mateo.
Web,<p><b>requisitos para traslado a 5to secundaria. Postulante: Elena.</b></p>
Email,"ESTIMADOS, QUISIERA SABER LOS PRECIOS DE INICIAL 4 AÑOS PARA MI HIJO PEDRO."
WhatsApp,<p><b>Hola hay disponibilidad de ingreso para 5to secundaria? Mi niño se llama Sebastian.</b></p>
WhatsApp,Saber si hay espacios en secundaria para Camila. Gracias.
WhatsApp,Saber si hay lugares en inicial 3 años para Pedro. Gracias.
WhatsApp,<p><b>Saber si hay cupos en inicial 3 años para Elena. Gracias.</b></p>
WhatsApp,Hola hay espacios para 1ero secundaria? Mi niño se llama Pedro.
Web,cronograma de admision para 1ero primaria. Mi menor es Gabriel.
WhatsApp,<p><b>Saber si hay vacantes en inicial 5 años para Luis. Gracias.</b></p>
WhatsApp,<p><b>Saber si hay espacios en secundaria para Pedro. Gracias.</b></p>
WhatsApp,Saber si hay vacantes en 1ero primaria para Luis. Gracias.
WhatsApp,Hola hay disponibilidad de ingreso para inicial 3 años? Mi niño se llama Valentina.
Email,Solicito información de mensualidad y detalles para inicial 3 años. Atte: Valentina.
Email,"<p><b>Estimados, quisiera saber los costos de inicial 4 años para mi hijo Lucia.</b></p>"
Web,DOCUMENTACIÓN PARA TRASLADO A 6TO PRIMARIA. POSTULANTE: CAMILA.
WhatsApp,HOLA HAY ESPACIOS PARA INICIAL 4 AÑOS? MI NIÑO SE LLAMA MARIA.
WhatsApp,Saber si hay vacantes en inicial 5 años para Maria. Gracias.
WhatsApp,Hola hay lugares para 6to primaria? Mi niño se llama Pedro.
Web,partidas para traslado a inicial 3 años. Postulante: Nicolas.
Email,<p><b>Solicito información de pensiones y detalles para inicial 4 años. Atte: Lucia.</b></p>
WhatsApp,Saber si hay vacantes en inicial 3 años para Sebastian. Gracias.
Web,cronograma de admision para inicial 4 años. Mi menor es Sebastian.
WhatsApp,<p><b>Saber si hay espacios en inicial 4 años para Nicolas. Gracias.</b></p>
Web,DOCUMENTACIÓN PARA TRASLADO A SECUNDARIA. POSTULANTE: LUIS.
Email,Solicito información de cuotas y detalles para 1ero secundaria. Atte: Pedro.
WhatsApp,Saber si hay lugares en primer grado para Nicolas. Gracias.
WhatsApp,Saber si hay cupos en primer año para Nicolas. Gracias.
Web,documentos para traslado a 6to primaria. Postulante: Maria.
Email,"Estimados, quisiera saber los precios de 1ero primaria para mi hijo Nicolas."
Web,REQUISITOS PARA TRASLADO A INICIAL 3 AÑOS. POSTULANTE: MARIA.
WhatsApp,Saber si hay cupos en 1ero secundaria para Luis. Gracias.
WhatsApp,<p><b>Saber si hay disponibilidad de ingreso en 5to secundaria para Sebastian. Gracias.</b></p>
Web,citas de admision para inicial 5 años. Mi menor es Nicolas.
Web,documentación para traslado a 6to primaria. Postulante: Camila.
WhatsApp,Saber si hay vacantes en 6to primaria para Thiago. Gracias.
Email,"<p><b>Estimados, quisiera saber los mensualidad de 6to primaria para mi hijo Juan.</b></p>"
Email,SOLICITO INFORMACIÓN DE MENSUALIDAD Y DETALLES PARA PRIMER GRADO. ATTE: GABRIEL.
Email,"ESTIMADOS, QUISIERA SABER LOS PENSIONES DE PRIMER AÑO PARA MI HIJO VALENTINA."
WhatsApp,SABER SI HAY ESPACIOS EN INICIAL 5 AÑOS PARA MATEO. GRACIAS.
Email,"Estimados, quisiera saber los pagos de 1ero secundaria para mi hijo Valentina."
Web,<p><b>requisitos para traslado a 1ero primaria. Postulante: Sebastian.</b></p>
Email,Solicito información de cuotas y detalles para 5to secundaria. Atte: Nicolas.
Web,<p><b>citas de admision para inicial 3 años. Mi menor es Pedro.</b></p>
WhatsApp,Hola hay cupos para primer grado? Mi niño se llama Juan.
Email,Solicito información de pagos y detalles para primer año. Atte: Pedro.
WhatsApp,<p><b>Hola hay disponibilidad de ingreso para secundaria? Mi niño se llama Mateo.</b></p>
Email,"<p><b>Estimados, quisiera saber los cuotas de 6to primaria para mi hijo Luis.</b></p>"
Email,Solicito información de pagos y detalles para 1ero secundaria. Atte: Sebastian.
Web,<p><b>entrevistas de admision para 1ero primaria. Mi menor es Nicolas.</b></p>
Web,requisitos para traslado a inicial 5 años. Postulante: Gabriel.
Web,<p><b>documentos para traslado a inicial 5 años. Postulante: Maria.</b></p>
Web,citas de admision para 1ero primaria. Mi menor es Ana.
Web,DOCUMENTACIÓN PARA TRASLADO A SECUNDARIA. POSTULANTE: SOFIA.
Web,partidas para traslado a 5to secundaria. Postulante: Pedro.
Web,cronograma de admision para inicial 5 años. Mi menor es Gabriel.
WhatsApp,Saber si hay espacios en primer año para Luis. Gracias.
WhatsApp,Saber si hay disponibilidad de ingreso en inicial 3 años para Nicolas. Gracias.
Email,"ESTIMADOS, QUISIERA SABER LOS CUOTAS DE 1ERO PRIMARIA PARA MI HIJO MATEO."
Email,"ESTIMADOS, QUISIERA SABER LOS PENSIONES DE 1ERO PRIMARIA PARA MI HIJO CAMILA."
WhatsApp,Hola hay cupos para inicial 4 años? Mi niño se llama Valentina.
Email,"Estimados, quisiera saber los pagos de primer año para mi hijo Juan."
Email,Solicito información de precios y detalles para 1ero secundaria. Atte: Pedro.
Web,<p><b>cronograma de admision para inicial 3 años. Mi menor es Valentina.</b></p>
Web,charlas de admision para inicial 3 años. Mi menor es Nicolas.
Email,"ESTIMADOS, QUISIERA SABER LOS PAGOS DE 1ERO SECUNDARIA PARA MI HIJO PEDRO."
Email,Solicito información de precios y detalles para inicial 5 años. Atte: Pedro.
WhatsApp,Saber si hay disponibilidad de ingreso en 1ero secundaria para Juan. Gracias.
Web,documentos para traslado a inicial 5 años. Postulante: Nicolas.
WhatsApp,Hola hay disponibilidad de ingreso para inicial 4 años? Mi niño se llama Lucia.
Email,"<p><b>Estimados, quisiera saber los cuotas de 6to primaria para mi hijo Juan.</b></p>"
Web,documentos para traslado a 5to secundaria. Postulante: Camila.
WhatsApp,Hola hay vacantes para inicial 5 años? Mi niño se llama Mateo.
Email,"Estimados, quisiera saber los costos de 6to primaria para mi hijo Camila."
Web,ficha de matrícula para traslado a primer año. Postulante: Mateo.
Email,<p><b>Solicito información de cuotas y detalles para 1ero secundaria. Atte: Elena.</b></p>
WhatsApp,Saber si hay vacantes en inicial 3 años para Lucia. Gracias.
Web,documentación para traslado a primer grado. Postulante: Gabriel.
Email,"<p><b>Estimados, quisiera saber los cuotas de inicial 4 años para mi hijo Lucia.</b></p>"
Web,CITAS DE ADMISION PARA INICIAL 5 AÑOS. MI MENOR ES LUIS.
WhatsApp,Saber si hay vacantes en inicial 3 años para Elena. Gracias.
WhatsApp,Hola hay cupos para inicial 5 años? Mi niño se llama Sebastian.
Web,<p><b>cronograma de admision para 5to secundaria. Mi menor es Ana.</b></p>
Web,entrevistas de admision para 1ero secundaria. Mi menor es Sebastian.
WhatsApp,SABER SI HAY LUGARES EN INICIAL 4 AÑOS PARA LUIS. GRACIAS.
Web,papeles para traslado a primer año. Postulante: Camila.
Email,Solicito información de pagos y detalles para primer año. Atte: Sebastian.
WhatsApp,Saber si hay disponibilidad de ingreso en inicial 3 años para Sofia. Gracias.
WhatsApp,Hola hay cupos para 5to secundaria? Mi niño se llama Lucia.
WhatsApp,SABER SI HAY DISPONIBILIDAD DE INGRESO EN 5TO SECUNDARIA PARA LUCIA. GRACIAS.
Web,<p><b>ficha de matrícula para traslado a secundaria. Postulante: Sebastian.</b></p>
Web,documentos para traslado a inicial 5 años. Postulante: Camila.
WhatsApp,Hola hay disponibilidad de ingreso para inicial 3 años? Mi niño se llama Valentina.
Web,documentación para traslado a primer año. Postulante: Sebastian.
Email,<p><b>Solicito información de costos y detalles para inicial 5 años. Atte: Mateo.</b></p>
Web,documentos para traslado a 1ero secundaria. Postulante: Camila.
WhatsApp,Hola hay espacios para primer grado? Mi niño se llama Sofia.
Email,"Estimados, quisiera saber los costos de 1ero secundaria para mi hijo Maria."
WhatsApp,Saber si hay lugares en primer año para Pedro. Gracias.
WhatsApp,Saber si hay espacios en secundaria para Pedro. Gracias.
Email,"Estimados, quisiera saber los cuotas de 1ero primaria para mi hijo Juan."
WhatsApp,Saber si hay disponibilidad de ingreso en 5to secundaria para Sebastian. Gracias.
Email,"<p><b>Estimados, quisiera saber los mensualidad de 6to primaria para mi hijo Thiago.</b></p>"
Web,documentos para traslado a primer grado. Postulante: Ana.
Email,<p><b>Solicito información de costos y detalles para 1ero primaria. Atte: Ana.</b></p>
WhatsApp,Saber si hay disponibilidad de ingreso en 6to primaria para Juan. Gracias.
Email,Solicito información de pagos y detalles para secundaria. Atte: Pedro.
Email,SOLICITO INFORMACIÓN DE PAGOS Y DETALLES PARA INICIAL 5 AÑOS. ATTE: THIAGO.
WhatsApp,<p><b>Hola hay espacios para inicial 4 años? Mi niño se llama Pedro.</b></p>
Email,Solicito información de costos y detalles para 5to secundaria. Atte: Sofia.
WhatsApp,Hola hay vacantes para secundaria? Mi niño se llama Maria.
Email,Solicito información de pagos y detalles para inicial 4 años. Atte: Juan.
WhatsApp,Saber si hay lugares en 1ero secundaria para Gabriel. Gracias.
Web,<p><b>papeles para traslado a primer año. Postulante: Pedro.</b></p>
Web,ENTREVISTAS DE ADMISION PARA 1ERO PRIMARIA. MI MENOR ES GABRIEL.
WhatsApp,Saber si hay disponibilidad de ingreso en 1ero secundaria para Valentina. Gracias.
WhatsApp,HOLA HAY DISPONIBILIDAD DE INGRESO PARA PRIMER GRADO? MI NIÑO SE LLAMA PEDRO.
Web,<p><b>documentos para traslado a inicial 5 años. Postulante: Sebastian.</b></p>
WhatsApp,Hola hay vacantes para inicial 5 años? Mi niño se llama Pedro.
WhatsApp,HOLA HAY DISPONIBILIDAD DE INGRESO PARA 1ERO SECUNDARIA? MI NIÑO SE LLAMA LUIS.
Email,<p><b>Solicito información de cuotas y detalles para secundaria. Atte: Camila.</b></p>
Web,cronograma de admision para primer grado. Mi menor es Gabriel.
Email,"Estimados, quisiera saber los cuotas de inicial 3 años para mi hijo Nicolas."
WhatsApp,<p><b>Hola hay disponibilidad de ingreso para inicial 5 años? Mi niño se llama Gabriel.</b></p>
Web,<p><b>ficha de matrícula para traslado a inicial 3 años. Postulante: Pedro.</b></p>
Email,<p><b>Solicito información de costos y detalles para primer año. Atte: Luis.</b></p>
WhatsApp,<p><b>Hola hay vacantes para 6to primaria? Mi niño se llama Camila.</b></p>
Email,Solicito información de precios y detalles para primer año. Atte: Valentina.
Email,"Estimados, quisiera saber los mensualidad de 1ero secundaria para mi hijo Luis."
Web,charlas de admision para secundaria. Mi menor es Luis.
WhatsApp,Saber si hay lugares en inicial 4 años para Maria. Gracias.
Web,requisitos para traslado a secundaria. Postulante: Nicolas.
Email,"ESTIMADOS, QUISIERA SABER LOS CUOTAS DE SECUNDARIA PARA MI HIJO THIAGO."
WhatsApp,Saber si hay lugares en inicial 4 años para Camila. Gracias.
WhatsApp,HOLA HAY LUGARES PARA INICIAL 4 AÑOS? MI NIÑO SE LLAMA CAMILA.
Web,cronograma de admision para inicial 3 años. Mi menor es Luis.
Web,cronograma de admision para 5to secundaria. Mi menor es Sofia.
Web,documentación para traslado a inicial 5 años. Postulante: Sofia.
Web,documentos para traslado a inicial 4 años. Postulante: Valentina.
WhatsApp,HOLA HAY VACANTES PARA INICIAL 5 AÑOS? MI NIÑO SE LLAMA VALENTINA.
Email,<p><b>Solicito información de pensiones y detalles para inicial 5 años. Atte: Luis.</b></p>
Email,Solicito información de precios y detalles para 1ero primaria. Atte: Luis.
Web,reunión de admision para 5to secundaria. Mi menor es Pedro.
WhatsApp,<p><b>Hola hay disponibilidad de ingreso para secundaria? Mi niño se llama Lucia.</b></p>
Web,citas de admision para inicial 5 años. Mi menor es Gabriel.
Email,"<p><b>Estimados, quisiera saber los precios de 6to primaria para mi hijo Luis.</b></p>"
Web,cronograma de admision para 6to primaria. Mi menor es Thiago.
Email,"ESTIMADOS, QUISIERA SABER LOS PAGOS DE INICIAL 5 AÑOS PARA MI HIJO PEDRO."
Web,entrevistas de admision para 5to secundaria. Mi menor es Juan.
WhatsApp,Hola hay cupos para inicial 5 años? Mi niño se llama Valentina.
WhatsApp,<p><b>Hola hay vacantes para 5to secundaria? Mi niño se llama Elena.</b></p>
Web,PARTIDAS PARA TRASLADO A 1ERO SECUNDARIA. POSTULANTE: ELENA.
Email,"Estimados, quisiera saber los pensiones de 5to secundaria para mi hijo Elena."
WhatsApp,Hola hay disponibilidad de ingreso para 1ero primaria? Mi niño se llama Elena.
Email,<p><b>Solicito información de pensiones y detalles para inicial 4 años. Atte: Nicolas.</b></p>
Email,Solicito información de pensiones y detalles para 6to primaria. Atte: Sofia.
Web,ficha de matrícula para traslado a 6to primaria. Postulante: Pedro.
WhatsApp,Saber si hay cupos en 5to secundaria para Camila. Gracias.
Web,documentos para traslado a primer grado. Postulante: Sofia.
WhatsApp,Saber si hay disponibilidad de ingreso en primer año para Nicolas. Gracias.
WhatsApp,Hola hay disponibilidad de ingreso para inicial 5 años? Mi niño se llama Nicolas.
Web,citas de admision para inicial 4 años. Mi menor es Nicolas.
WhatsApp,Hola hay lugares para inicial 5 años? Mi niño se llama Juan.
Web,<p><b>ficha de matrícula para traslado a inicial 3 años. Postulante: Nicolas.</b></p>
Email,Solicito información de costos y detalles para primer grado. Atte: Sofia.
Email,"ESTIMADOS, QUISIERA SABER LOS PRECIOS DE 1ERO SECUNDARIA PARA MI HIJO VALENTINA."
WhatsApp,Saber si hay disponibilidad de ingreso en inicial 5 años para Juan. Gracias.
Web,entrevistas de admision para secundaria. Mi menor es Sofia.
WhatsApp,Hola hay disponibilidad de ingreso para primer año? Mi niño se llama Elena.
Web,ficha de matrícula para traslado a 1ero primaria. Postulante: Pedro.
Web,REUNIÓN DE ADMISION PARA INICIAL 4 AÑOS. MI MENOR ES JUAN.
Email,"Estimados, quisiera saber los precios de inicial 5 años para mi hijo Elena."
Web,entrevistas de admision para 1ero secundaria. Mi menor es Valentina.
Email,Solicito información de pagos y detalles para 1ero primaria. Atte: Elena.
WhatsApp,Saber si hay lugares en 1ero primaria para Luis. Gracias.
Email,"Estimados, quisiera saber los cuotas de 6to primaria para mi hijo Maria."
Email,Solicito información de cuotas y detalles para primer año. Atte: Thiago.
Email,"Estimados, quisiera saber los pensiones de 6to primaria para mi hijo Juan."
WhatsApp,Saber si hay lugares en inicial 3 años para Nicolas. Gracias.
Email,Solicito información de pagos y detalles para 6to primaria. Atte: Valentina.
Email,"<p><b>Estimados, quisiera saber los precios de 1ero primaria para mi hijo Luis.</b></p>"
Web,requisitos para traslado a 1ero secundaria. Postulante: Maria.
Email,"Estimados, quisiera saber los pensiones de primer grado para mi hijo Pedro."
Web,reunión de admision para 5to secundaria. Mi menor es Pedro.
Web,reunión de admision para 6to primaria. Mi menor es Ana.
Email,<p><b>Solicito información de pensiones y detalles para 5to secundaria. Atte: Thiago.</b></p>
Web,documentos para traslado a 1ero secundaria. Postulante: Ana.
Web,PARTIDAS PARA TRASLADO A SECUNDARIA. POSTULANTE: LUCIA.
Web,citas de admision para 1ero secundaria. Mi menor es Lucia.
Web,<p><b>documentación para traslado a 5to secundaria. Postulante: Maria.</b></p>
WhatsApp,Hola hay cupos para inicial 5 años? Mi niño se llama Sebastian.
Web,documentación para traslado a inicial 4 años. Postulante: Valentina.
Web,citas de admision para inicial 3 años. Mi menor es Thiago.
Web,reunión de admision para secundaria. Mi menor es Camila.
Web,documentos para traslado a 1ero primaria. Postulante: Maria.
WhatsApp,Saber si hay espacios en 1ero secundaria para Elena. Gracias.
WhatsApp,Hola hay lugares para primer año? Mi niño se llama Sofia.
Web,entrevistas de admision para inicial 5 años. Mi menor es Sofia.
WhatsApp,Saber si hay cupos en primer año para Sofia. Gracias.
Email,Solicito información de pagos y detalles para primer grado. Atte: Maria.
WhatsApp,<p><b>Saber si hay espacios en inicial 3 años para Thiago. Gracias.</b></p>
Email,Solicito información de pagos y detalles para primer año. Atte: Sofia.
Email,"ESTIMADOS, QUISIERA SABER LOS MENSUALIDAD DE 6TO PRIMARIA PARA MI HIJO CAMILA."
WhatsApp,Hola hay vacantes para primer grado? Mi niño se llama Nicolas.
Web,cronograma de admision para inicial 3 años. Mi menor es Juan.
Email,"Estimados, quisiera saber los cuotas de primer año para mi hijo Camila."
Email,Solicito información de costos y detalles para 1ero primaria. Atte: Gabriel.
Web,reunión de admision para inicial 3 años. Mi menor es Ana.
Email,"Estimados, quisiera saber los pensiones de inicial 5 años para mi hijo Valentina."
Web,CRONOGRAMA DE ADMISION PARA 5TO SECUNDARIA. MI MENOR ES SOFIA.
WhatsApp,Saber si hay espacios en 5to secundaria para Pedro. Gracias.
Email,Solicito información de mensualidad y detalles para 5to secundaria. Atte: Camila.
WhatsApp,HOLA HAY CUPOS PARA 1ERO PRIMARIA? MI NIÑO SE LLAMA ANA.
Email,Solicito información de pagos y detalles para inicial 4 años. Atte: Juan.
Web,documentación para traslado a 6to primaria. Postulante: Mateo.
WhatsApp,Hola hay vacantes para inicial 4 años? Mi niño se llama Sebastian.
Web,documentos para traslado a 1ero secundaria. Postulante: Luis.
Web,citas de admision para primer grado. Mi menor es Camila.
WhatsApp,<p><b>Hola hay cupos para 5to secundaria? Mi niño se llama Mateo.</b></p>
Web,citas de admision para primer año. Mi menor es Luis.
Email,Solicito información de precios y detalles para primer año. Atte: Sebastian.
Web,documentación para traslado a secundaria. Postulante: Nicolas.
WhatsApp,Saber si hay cupos en 5to secundaria para Maria. Gracias.
Web,reunión de admision para inicial 3 años. Mi menor es Maria.
Web,requisitos para traslado a 1ero secundaria. Postulante: Sebastian.
Email,"Estimados, quisiera saber los pensiones de 6to primaria para mi hijo Lucia."
Web,partidas para traslado a primer año. Postulante: Thiago.
WhatsApp,Hola hay vacantes para 5to secundaria? Mi niño se llama Lucia.
WhatsApp,Hola hay espacios para primer grado? Mi niño se llama Thiago.
Email,"Estimados, quisiera saber los cuotas de inicial 4 años para mi hijo Camila."
Email,Solicito información de pagos y detalles para 5to secundaria. Atte: Elena.
Web,citas de admision para inicial 4 años. Mi menor es Lucia.
Web,REUNIÓN DE ADMISION PARA PRIMER GRADO. MI MENOR ES JUAN.
Web,<p><b>papeles para traslado a secundaria. Postulante: Ana.</b></p>
Web,ENTREVISTAS DE ADMISION PARA INICIAL 4 AÑOS. MI MENOR ES CAMILA.
Email,Solicito información de cuotas y detalles para primer año. Atte: Ana.
Email,Solicito información de pagos y detalles para secundaria. Atte: Sofia.
Web,reunión de admision para primer año. Mi menor es Lucia.
Web,citas de admision para 6to primaria. Mi menor es Sebastian.
Web,charlas de admision para primer año. Mi menor es Maria.
Email,Solicito información de mensualidad y detalles para inicial 5 años. Atte: Maria.
WhatsApp,Hola hay vacantes para inicial 3 años? Mi niño se llama Camila.
Web,requisitos para traslado a 1ero secundaria. Postulante: Gabriel.
Web,<p><b>documentación para traslado a inicial 4 años. Postulante: Valentina.</b></p>
Web,<p><b>cronograma de admision para 1ero primaria. Mi menor es Thiago.</b></p>
WhatsApp,<p><b>Saber si hay vacantes en inicial 3 años para Camila. Gracias.</b></p>
Email,<p><b>Solicito información de pagos y detalles para inicial 3 años. Atte: Sofia.</b></p>
Email,<p><b>Solicito información de mensualidad y detalles para 1ero secundaria. Atte: Lucia.</b></p>
WhatsApp,Saber si hay vacantes en inicial 3 años para Nicolas. Gracias.
Web,partidas para traslado a primer año. Postulante: Camila.
Web,<p><b>papeles para traslado a primer año. Postulante: Nicolas.</b></p>
Web,charlas de admision para primer grado. Mi menor es Sebastian.
Email,<p><b>Solicito información de mensualidad y detalles para primer grado. Atte: Maria.</b></p>
Email,<p><b>Solicito información de pensiones y detalles para primer grado. Atte: Valentina.</b></p>
WhatsApp,Saber si hay cupos en secundaria para Juan. Gracias.
Email,"ESTIMADOS, QUISIERA SABER LOS CUOTAS DE 1ERO PRIMARIA PARA MI HIJO VALENTINA."
WhatsApp,Hola hay disponibilidad de ingreso para 6to primaria? Mi niño se llama Lucia.
Email,Solicito información de pensiones y detalles para inicial 3 años. Atte: Sebastian.
Email,SOLICITO INFORMACIÓN DE PENSIONES Y DETALLES PARA PRIMER GRADO. ATTE: LUIS.
Email,Solicito información de cuotas y detalles para inicial 3 años. Atte: Sebastian.
Email,<p><b>Solicito información de cuotas y detalles para 5to secundaria. Atte: Thiago.</b></p>
Email,Solicito información de precios y detalles para 5to secundaria. Atte: Maria.
WhatsApp,Hola hay vacantes para primer año? Mi niño se llama Thiago.
WhatsApp,Hola hay espacios para inicial 4 años? Mi niño se llama Pedro.
WhatsApp,Saber si hay disponibilidad de ingreso en 6to primaria para Luis. Gracias.
Email,Solicito información de pagos y detalles para primer grado. Atte: Thiago.
Email,Solicito información de pagos y detalles para primer año. Atte: Valentina.
WhatsApp,<p><b>Saber si hay cupos en inicial 4 años para Camila. Gracias.</b></p>
Web,<p><b>entrevistas de admision para inicial 3 años. Mi menor es Juan.</b></p>
WhatsApp,<p><b>Hola hay disponibilidad de ingreso para inicial 5 años? Mi niño se llama Gabriel.</b></p>
Web,<p><b>partidas para traslado a 6to primaria. Postulante: Juan.</b></p>
Web,<p><b>partidas para traslado a inicial 5 años. Postulante: Luis.</b></p>
WhatsApp,<p><b>Hola hay lugares para 1ero primaria? Mi niño se llama Nicolas.</b></p>
Email,Solicito información de pensiones y detalles para inicial 3 años. Atte: Juan.
Email,"Estimados, quisiera saber los pensiones de primer grado para mi hijo Sebastian."
WhatsApp,Saber si hay lugares en 1ero secundaria para Mateo. Gracias.
Web,partidas para traslado a inicial 5 años. Postulante: Sebastian.
WhatsApp,Hola hay lugares para inicial 4 años? Mi niño se llama Thiago.
Email,"<p><b>Estimados, quisiera saber los cuotas de primer grado para mi hijo Gabriel.</b></p>"
WhatsApp,HOLA HAY ESPACIOS PARA SECUNDARIA? MI NIÑO SE LLAMA JUAN.
Web,<p><b>cronograma de admision para 5to secundaria. Mi menor es Valentina.</b></p>
Web,<p><b>charlas de admision para secundaria. Mi menor es Mateo.</b></p>
Web,entrevistas de admision para primer año. Mi menor es Juan.
Email,<p><b>Solicito información de pagos y detalles para inicial 3 años. Atte: Nicolas.</b></p>
Web,FICHA DE MATRÍCULA PARA TRASLADO A PRIMER AÑO. POSTULANTE: LUCIA.
Email,"Estimados, quisiera saber los pensiones de 5to secundaria para mi hijo Juan."
WhatsApp,Saber si hay disponibilidad de ingreso en 1ero primaria para Juan. Gracias.
Email,Solicito información de pagos y detalles para 1ero secundaria. Atte: Lucia.
WhatsApp,<p><b>Hola hay lugares para inicial 4 años? Mi niño se llama Ana.</b></p>
Web,entrevistas de admision para primer año. Mi menor es Camila.
WhatsApp,Saber si hay disponibilidad de ingreso en 5to secundaria para Gabriel. Gracias.
Web,<p><b>citas de admision para secundaria. Mi menor es Sofia.</b></p>
Web,citas de admision para secundaria. Mi menor es Elena.
Web,reunión de admision para 6to primaria. Mi menor es Sofia.
Email,"ESTIMADOS, QUISIERA SABER LOS PENSIONES DE INICIAL 4 AÑOS PARA MI HIJO NICOLAS."
Web,PAPELES PARA TRASLADO A INICIAL 4 AÑOS. POSTULANTE: JUAN.
Email,"Estimados, quisiera saber los costos de 5to secundaria para mi hijo Valentina."
Email,"Estimados, quisiera saber los pagos de inicial 5 años para mi hijo Thiago."
WhatsApp,HOLA HAY CUPOS PARA INICIAL 5 AÑOS? MI NIÑO SE LLAMA PEDRO.
Web,cronograma de admision para inicial 4 años. Mi menor es Sebastian.
Web,<p><b>citas de admision para 5to secundaria. Mi menor es Mateo.</b></p>
Web,<p><b>cronograma de admision para 6to primaria. Mi menor es Luis.</b></p>
Email,"Estimados, quisiera saber los cuotas de 5to secundaria para mi hijo Thiago."
Email,"<p><b>Estimados, quisiera saber los precios de primer grado para mi hijo Camila.</b></p>"
Web,entrevistas de admision para primer año. Mi menor es Valentina.
Web,partidas para traslado a secundaria. Postulante: Camila.
Email,Solicito información de mensualidad y detalles para inicial 3 años. Atte: Gabriel.
Web,papeles para traslado a 1ero secundaria. Postulante: Maria.
WhatsApp,<p><b>Hola hay lugares para inicial 3 años? Mi niño se llama Lucia.</b></p>
Email,Solicito información de pagos y detalles para primer grado. Atte: Maria.
WhatsApp,Hola hay vacantes para 1ero primaria? Mi niño se llama Sofia.
Email,Solicito información de mensualidad y detalles para primer grado. Atte: Gabriel.
Email,"Estimados, quisiera saber los pensiones de secundaria para mi hijo Pedro."
WhatsApp,Saber si hay espacios en inicial 3 años para Thiago. Gracias.
WhatsApp,Saber si hay cupos en inicial 3 años para Camila. Gracias.
Email,"Estimados, quisiera saber los mensualidad de primer año para mi hijo Sebastian."
Email,"Estimados, quisiera saber los costos de 6to primaria para mi hijo Mateo."
Email,"Estimados, quisiera saber los mensualidad de 6to primaria para mi hijo Camila."
WhatsApp,<p><b>Saber si hay cupos en inicial 4 años para Lucia. Gracias.</b></p>
WhatsApp,SABER SI HAY ESPACIOS EN SECUNDARIA PARA LUIS. GRACIAS.
Email,SOLICITO INFORMACIÓN DE CUOTAS Y DETALLES PARA 1ERO PRIMARIA. ATTE: THIAGO.
WhatsApp,Saber si hay disponibilidad de ingreso en inicial 3 años para Pedro. Gracias.
Web,entrevistas de admision para 6to primaria. Mi menor es Gabriel.
Web,PAPELES PARA TRASLADO A INICIAL 4 AÑOS. POSTULANTE: LUIS.
Email,"Estimados, quisiera saber los costos de primer grado para mi hijo Thiago."
Email,SOLICITO INFORMACIÓN DE CUOTAS Y DETALLES PARA 5TO SECUNDARIA. ATTE: SEBASTIAN.
Web,<p><b>ficha de matrícula para traslado a primer año. Postulante: Ana.</b></p>
WhatsApp,<p><b>Saber si hay disponibilidad de ingreso en primer grado para Camila. Gracias.</b></p>
Web,cronograma de admision para 5to secundaria. Mi menor es Elena.
WhatsApp,Hola hay espacios para 1ero secundaria? Mi niño se llama Camila.
WhatsApp,HOLA HAY VACANTES PARA PRIMER GRADO? MI NIÑO SE LLAMA PEDRO.
Email,Solicito información de mensualidad y detalles para 1ero secundaria. Atte: Luis.
Email,"Estimados, quisiera saber los costos de 6to primaria para mi hijo Maria."
WhatsApp,Hola hay espacios para inicial 3 años? Mi niño se llama Ana.
Web,CRONOGRAMA DE ADMISION PARA INICIAL 4 AÑOS. MI MENOR ES ANA.
Email,Solicito información de cuotas y detalles para secundaria. Atte: Maria.
WhatsApp,HOLA HAY LUGARES PARA 6TO PRIMARIA? MI NIÑO SE LLAMA LUCIA.
Email,Solicito información de pagos y detalles para primer grado. Atte: Juan.
WhatsApp,<p><b>Hola hay disponibilidad de ingreso para 5to secundaria? Mi niño se llama Ana.</b></p>
Web,<p><b>entrevistas de admision para 1ero primaria. Mi menor es Camila.</b></p>
WhatsApp,Saber si hay cupos en primer año para Luis. Gracias.
Email,SOLICITO INFORMACIÓN DE PENSIONES Y DETALLES PARA INICIAL 5 AÑOS. ATTE: LUIS.
Web,charlas de admision para inicial 3 años. Mi menor es Pedro.
WhatsApp,Hola hay disponibilidad de ingreso para 6to primaria? Mi niño se llama Sofia.
WhatsApp,Saber si hay disponibilidad de ingreso en 5to secundaria para Valentina. Gracias.
Web,<p><b>ficha de matrícula para traslado a inicial 3 años. Postulante: Elena.</b></p>
WhatsApp,SABER SI HAY DISPONIBILIDAD DE INGRESO EN 5TO SECUNDARIA PARA LUIS. GRACIAS.
Email,SOLICITO INFORMACIÓN DE PRECIOS Y DETALLES PARA 1ERO PRIMARIA. ATTE: CAMILA.
WhatsApp,Hola hay lugares para primer año? Mi niño se llama Valentina.
WhatsApp,SABER SI HAY VACANTES EN 1ERO PRIMARIA PARA LUCIA. GRACIAS.
Email,"Estimados, quisiera saber los precios de inicial 3 años para mi hijo Mateo."
WhatsApp,Saber si hay lugares en primer grado para Maria. Gracias.
WhatsApp,Saber si hay vacantes en 1ero primaria para Juan. Gracias.
Email,"Estimados, quisiera saber los pensiones de secundaria para mi hijo Mateo."
WhatsApp,<p><b>Hola hay vacantes para inicial 5 años? Mi niño se llama Gabriel.</b></p>
Email,Solicito información de pagos y detalles para secundaria. Atte: Thiago.
Email,Solicito información de precios y detalles para 6to primaria. Atte: Sofia.
Email,Solicito información de pensiones y detalles para primer año. Atte: Elena.
WhatsApp,<p><b>Hola hay cupos para 6to primaria? Mi niño se llama Pedro.</b></p>
Web,REUNIÓN DE ADMISION PARA PRIMER AÑO. MI MENOR ES NICOLAS.
Email,Solicito información de mensualidad y detalles para inicial 5 años. Atte: Ana.
Email,Solicito información de pagos y detalles para 5to secundaria. Atte: Mateo.
Web,ENTREVISTAS DE ADMISION PARA 1ERO PRIMARIA. MI MENOR ES LUCIA.
Email,SOLICITO INFORMACIÓN DE COSTOS Y DETALLES PARA INICIAL 4 AÑOS. ATTE: MARIA.
Web,DOCUMENTACIÓN PARA TRASLADO A 1ERO PRIMARIA. POSTULANTE: SEBASTIAN.
Email,"Estimados, quisiera saber los costos de primer grado para mi hijo Maria."
WhatsApp,<p><b>Saber si hay disponibilidad de ingreso en inicial 3 años para Camila. Gracias.</b></p>
Web,documentación para traslado a secundaria. Postulante: Sofia.
Web,charlas de admision para primer año. Mi menor es Luis.
Web,CHARLAS DE ADMISION PARA 5TO SECUNDARIA. MI MENOR ES MATEO.
WhatsApp,HOLA HAY DISPONIBILIDAD DE INGRESO PARA 6TO PRIMARIA? MI NIÑO SE LLAMA JUAN.
Email,Solicito información de mensualidad y detalles para inicial 3 años. Atte: Elena.
Email,"<p><b>Estimados, quisiera saber los pagos de primer grado para mi hijo Maria.</b></p>"
Email,Solicito información de costos y detalles para 1ero primaria. Atte: Thiago.
Email,Solicito información de mensualidad y detalles para inicial 3 años. Atte: Gabriel.
Web,ENTREVISTAS DE ADMISION PARA 5TO SECUNDARIA. MI MENOR ES MARIA.
Web,<p><b>partidas para traslado a 1ero secundaria. Postulante: Valentina.</b></p>
WhatsApp,Saber si hay disponibilidad de ingreso en 1ero primaria para Pedro. Gracias.
WhatsApp,Saber si hay vacantes en 1ero primaria para Elena. Gracias.
Web,partidas para traslado a inicial 5 años. Postulante: Valentina.
WhatsApp,SABER SI HAY VACANTES EN PRIMER GRADO PARA LUCIA. GRACIAS.
Web,<p><b>reunión de admision para 1ero primaria. Mi menor es Nicolas.</b></p>
Web,ficha de matrícula para traslado a 1ero primaria. Postulante: Luis.
Web,entrevistas de admision para inicial 5 años. Mi menor es Luis.
Web,ficha de matrícula para traslado a inicial 5 años. Postulante: Nicolas.
Email,"Estimados, quisiera saber los cuotas de inicial 5 años para mi hijo Mateo."
Web,papeles para traslado a primer grado. Postulante: Sofia.
WhatsApp,Hola hay espacios para inicial 5 años? Mi niño se llama Mateo.
WhatsApp,Saber si hay vacantes en inicial 3 años para Juan. Gracias.
Email,Solicito información de costos y detalles para inicial 3 años. Atte: Pedro.
Web,charlas de admision para 1ero secundaria. Mi menor es Sofia.
Web,requisitos para traslado a 1ero secundaria. Postulante: Ana.
Web,partidas para traslado a primer año. Postulante: Pedro.
WhatsApp,Saber si hay disponibilidad de ingreso en 5to secundaria para Camila. Gracias.
Email,"Estimados, quisiera saber los pagos de secundaria para mi hijo Luis."
WhatsApp,Saber si hay cupos en 6to primaria para Mateo. Gracias.
Email,<p><b>Solicito información de pensiones y detalles para 1ero primaria. Atte: Sofia.</b></p>
WhatsApp,Hola hay vacantes para inicial 5 años? Mi niño se llama Camila.
Web,REQUISITOS PARA TRASLADO A SECUNDARIA. POSTULANTE: GABRIEL.
Web,cronograma de admision para inicial 3 años. Mi menor es Pedro.
Web,FICHA DE MATRÍCULA PARA TRASLADO A 1ERO SECUNDARIA. POSTULANTE: JUAN.
Email,"Estimados, quisiera saber los costos de 6to primaria para mi hijo Thiago."
Email,"Estimados, quisiera saber los costos de primer año para mi hijo Gabriel."
Web,<p><b>documentos para traslado a primer año. Postulante: Camila.</b></p>
WhatsApp,Saber si hay vacantes en 6to primaria para Luis. Gracias.
Email,Solicito información de pensiones y detalles para inicial 3 años. Atte: Nicolas.
Email,"Estimados, quisiera saber los pensiones de inicial 3 años para mi hijo Maria."
Email,Solicito información de costos y detalles para primer grado. Atte: Maria.
Web,documentos para traslado a 6to primaria. Postulante: Ana.
Web,documentos para traslado a 5to secundaria. Postulante: Ana.
WhatsApp,SABER SI HAY LUGARES EN PRIMER AÑO PARA MATEO. GRACIAS.
Web,charlas de admision para 1ero primaria. Mi menor es Juan.
Web,papeles para traslado a 1ero secundaria. Postulante: Nicolas.
WhatsApp,HOLA HAY VACANTES PARA 1ERO PRIMARIA? MI NIÑO SE LLAMA ANA.
WhatsApp,<p><b>Hola hay disponibilidad de ingreso para primer grado? Mi niño se llama Juan.</b></p>
Email,SOLICITO INFORMACIÓN DE MENSUALIDAD Y DETALLES PARA 6TO PRIMARIA. ATTE: LUIS.
Email,Solicito información de mensualidad y detalles para 6to primaria. Atte: Sebastian.
WhatsApp,Saber si hay disponibilidad de ingreso en inicial 3 años para Elena. Gracias.
Email,"Estimados, quisiera saber los pensiones de primer grado para mi hijo Maria."
Web,documentación para traslado a 1ero primaria. Postulante: Maria.
Web,charlas de admision para inicial 5 años. Mi menor es Sofia.
Web,reunión de admision para secundaria. Mi menor es Ana.
WhatsApp,Saber si hay disponibilidad de ingreso en 5to secundaria para Maria. Gracias.
Web,REUNIÓN DE ADMISION PARA PRIMER GRADO. MI MENOR ES PEDRO.
Email,"Estimados, quisiera saber los pagos de primer grado para mi hijo Sofia."
WhatsApp,Saber si hay disponibilidad de ingreso en primer año para Thiago. Gracias.
WhatsApp,Hola hay lugares para inicial 5 años? Mi niño se llama Pedro.
Web,<p><b>charlas de admision para 5to secundaria. Mi menor es Maria.</b></p>
WhatsApp,Saber si hay lugares en primer año para Pedro. Gracias.
Email,<p><b>Solicito información de pagos y detalles para secundaria. Atte: Juan.</b></p>
Web,documentación para traslado a 6to primaria. Postulante: Sebastian.
Email,Solicito información de pensiones y detalles para 6to primaria. Atte: Luis.
WhatsApp,Saber si hay disponibilidad de ingreso en 5to secundaria para Camila. Gracias.
WhatsApp,Saber si hay lugares en primer grado para Nicolas. Gracias.
Email,"ESTIMADOS, QUISIERA SABER LOS COSTOS DE INICIAL 3 AÑOS PARA MI HIJO ANA."
Web,<p><b>partidas para traslado a primer año. Postulante: Sebastian.</b></p>
Web,documentación para traslado a 5to secundaria. Postulante: Elena.
Web,citas de admision para inicial 5 años. Mi menor es Lucia.
WhatsApp,SABER SI HAY LUGARES EN 6TO PRIMARIA PARA ANA. GRACIAS.
Email,"Estimados, quisiera saber los mensualidad de inicial 5 años para mi hijo Lucia."
Web,PAPELES PARA TRASLADO A PRIMER GRADO. POSTULANTE: NICOLAS.
WhatsApp,HOLA HAY ESPACIOS PARA 1ERO SECUNDARIA? MI NIÑO SE LLAMA MARIA.
WhatsApp,<p><b>Saber si hay vacantes en inicial 3 años para Luis. Gracias.</b></p>
Web,charlas de admision para secundaria. Mi menor es Pedro.
Web,<p><b>reunión de admision para 1ero primaria. Mi menor es Pedro.</b></p>
Web,<p><b>documentos para traslado a inicial 5 años. Postulante: Elena.</b></p>
Web,requisitos para traslado a 5to secundaria. Postulante: Valentina.
Web,<p><b>entrevistas de admision para primer grado. Mi menor es Luis.</b></p>
WhatsApp,<p><b>Hola hay lugares para inicial 5 años? Mi niño se llama Maria.</b></p>
WhatsApp,Saber si hay vacantes en 5to secundaria para Maria. Gracias.
Web,ENTREVISTAS DE ADMISION PARA INICIAL 3 AÑOS. MI MENOR ES JUAN.
Web,ENTREVISTAS DE ADMISION PARA 6TO PRIMARIA. MI MENOR ES PEDRO.
Email,"Estimados, quisiera saber los costos de 5to secundaria para mi hijo Elena."
WhatsApp,HOLA HAY DISPONIBILIDAD DE INGRESO PARA 5TO SECUNDARIA? MI NIÑO SE LLAMA ELENA.
Email,"Estimados, quisiera saber los cuotas de primer grado para mi hijo Sebastian."
WhatsApp,<p><b>Hola hay espacios para inicial 4 años? Mi niño se llama Elena.</b></p>
WhatsApp,Saber si hay lugares en inicial 4 años para Lucia. Gracias.
Web,entrevistas de admision para primer grado. Mi menor es Camila.
Email,SOLICITO INFORMACIÓN DE PAGOS Y DETALLES PARA 5TO SECUNDARIA. ATTE: VALENTINA.
Web,CRONOGRAMA DE ADMISION PARA 1ERO PRIMARIA. MI MENOR ES LUCIA.
Web,documentos para traslado a secundaria. Postulante: Valentina.
WhatsApp,SABER SI HAY ESPACIOS EN INICIAL 5 AÑOS PARA MATEO. GRACIAS.
Email,Solicito información de costos y detalles para inicial 3 años. Atte: Juan.
WhatsApp,<p><b>Saber si hay vacantes en 1ero primaria para Luis. Gracias.</b></p>
Web,entrevistas de admision para inicial 5 años. Mi menor es Nicolas.
Email,<p><b>Solicito información de pagos y detalles para 5to secundaria. Atte: Thiago.</b></p>
Email,Solicito información de pagos y detalles para 1ero secundaria. Atte: Juan.
WhatsApp,Hola hay lugares para inicial 3 años? Mi niño se llama Camila.
Web,citas de admision para inicial 3 años. Mi menor es Valentina.
WhatsApp,Hola hay disponibilidad de ingreso para primer grado? Mi niño se llama Pedro.
WhatsApp,SABER SI HAY VACANTES EN 5TO SECUNDARIA PARA NICOLAS. GRACIAS.
Email,Solicito información de precios y detalles para secundaria. Atte: Nicolas.
WhatsApp,Saber si hay lugares en inicial 5 años para Juan. Gracias.
Web,entrevistas de admision para inicial 3 años. Mi menor es Thiago.
Email,SOLICITO INFORMACIÓN DE PAGOS Y DETALLES PARA 5TO SECUNDARIA. ATTE: VALENTINA.
Web,entrevistas de admision para inicial 4 años. Mi menor es Pedro.
WhatsApp,Hola hay disponibilidad de ingreso para primer grado? Mi niño se llama Valentina.
WhatsApp,Hola hay cupos para secundaria? Mi niño se llama Gabriel.
WhatsApp,Hola hay espacios para primer año? Mi niño se llama Maria.
Email,Solicito información de precios y detalles para inicial 5 años. Atte: Luis.
Web,documentos para traslado a inicial 5 años. Postulante: Ana.
WhatsApp,<p><b>Hola hay vacantes para inicial 5 años? Mi niño se llama Nicolas.</b></p>
Web,citas de admision para inicial 3 años. Mi menor es Luis.
WhatsApp,Hola hay vacantes para 1ero secundaria? Mi niño se llama Sofia.
Email,Solicito información de precios y detalles para primer año. Atte: Elena.
Web,<p><b>cronograma de admision para inicial 4 años. Mi menor es Valentina.</b></p>
Email,Solicito información de pagos y detalles para inicial 4 años. Atte: Nicolas.
Email,"ESTIMADOS, QUISIERA SABER LOS MENSUALIDAD DE 1ERO SECUNDARIA PARA MI HIJO THIAGO."
WhatsApp,<p><b>Saber si hay vacantes en 1ero primaria para Gabriel. Gracias.</b></p>
WhatsApp,Hola hay disponibilidad de ingreso para primer año? Mi niño se llama Ana.
Web,REUNIÓN DE ADMISION PARA INICIAL 3 AÑOS. MI MENOR ES PEDRO.
Web,CRONOGRAMA DE ADMISION PARA 5TO SECUNDARIA. MI MENOR ES MATEO.
Email,Solicito información de mensualidad y detalles para primer año. Atte: Gabriel.
WhatsApp,SABER SI HAY CUPOS EN INICIAL 3 AÑOS PARA CAMILA. GRACIAS.
Web,DOCUMENTOS PARA TRASLADO A PRIMER AÑO. POSTULANTE: PEDRO.
Web,papeles para traslado a primer año. Postulante: Lucia.
WhatsApp,Saber si hay cupos en secundaria para Nicolas. Gracias.
Web,papeles para traslado a inicial 3 años. Postulante: Gabriel.
WhatsApp,Hola hay espacios para 6to primaria? Mi niño se llama Ana.
Web,charlas de admision para 1ero primaria. Mi menor es Juan.
Email,"Estimados, quisiera saber los pagos de 1ero secundaria para mi hijo Sofia."
Email,Solicito información de pensiones y detalles para 6to primaria. Atte: Maria.
WhatsApp,HOLA HAY VACANTES PARA INICIAL 4 AÑOS? MI NIÑO SE LLAMA SEBASTIAN.
WhatsApp,<p><b>Saber si hay disponibilidad de ingreso en inicial 4 años para Valentina. Gracias.</b></p>
Email,Solicito información de cuotas y detalles para inicial 3 años. Atte: Elena.
WhatsApp,Hola hay espacios para inicial 4 años? Mi niño se llama Camila.
Web,charlas de admision para inicial 4 años. Mi menor es Mateo.
WhatsApp,Saber si hay vacantes en 1ero secundaria para Sebastian. Gracias.
Email,"Estimados, quisiera saber los precios de secundaria para mi hijo Sofia."
Web,charlas de admision para 6to primaria. Mi menor es Camila.
Email,Solicito información de mensualidad y detalles para 1ero secundaria. Atte: Valentina.
Email,<p><b>Solicito información de precios y detalles para inicial 4 años. Atte: Mateo.</b></p>
Web,ENTREVISTAS DE ADMISION PARA INICIAL 5 AÑOS. MI MENOR ES MARIA.
Web,reunión de admision para primer año. Mi menor es Gabriel.
WhatsApp,Hola hay vacantes para primer grado? Mi niño se llama Lucia.
Email,"Estimados, quisiera saber los mensualidad de primer año para mi hijo Ana."
WhatsApp,Hola hay lugares para 5to secundaria? Mi niño se llama Sofia.
WhatsApp,Saber si hay disponibilidad de ingreso en 6to primaria para Mateo. Gracias.
Web,entrevistas de admision para 5to secundaria. Mi menor es Maria.
WhatsApp,Hola hay lugares para inicial 4 años? Mi niño se llama Luis.
Web,partidas para traslado a primer grado. Postulante: Sofia.
Email,"Estimados, quisiera saber los mensualidad de primer grado para mi hijo Valentina."
WhatsApp,Hola hay espacios para inicial 3 años? Mi niño se llama Lucia.
Email,SOLICITO INFORMACIÓN DE PAGOS Y DETALLES PARA INICIAL 5 AÑOS. ATTE: SOFIA.
WhatsApp,Hola hay disponibilidad de ingreso para 1ero primaria? Mi niño se llama Ana.
Web,<p><b>papeles para traslado a 1ero primaria. Postulante: Sofia.</b></p>
WhatsApp,<p><b>Hola hay cupos para inicial 4 años? Mi niño se llama Lucia.</b></p>
Web,<p><b>requisitos para traslado a 6to primaria. Postulante: Nicolas.</b></p>
Email,"Estimados, quisiera saber los precios de inicial 4 años para mi hijo Juan."
Web,REUNIÓN DE ADMISION PARA 1ERO PRIMARIA. MI MENOR ES THIAGO.
Email,Solicito información de cuotas y detalles para 1ero primaria. Atte: Mateo.
Web,partidas para traslado a primer año. Postulante: Luis.
Web,reunión de admision para primer grado. Mi menor es Thiago.
Email,"Estimados, quisiera saber los cuotas de inicial 4 años para mi hijo Valentina."
Web,entrevistas de admision para 1ero secundaria. Mi menor es Elena.
Email,SOLICITO INFORMACIÓN DE CUOTAS Y DETALLES PARA INICIAL 3 AÑOS. ATTE: LUIS.
Web,partidas para traslado a inicial 4 años. Postulante: Maria.
Web,<p><b>partidas para traslado a secundaria. Postulante: Ana.</b></p>
Web,<p><b>citas de admision para primer grado. Mi menor es Gabriel.</b></p>
Email,Solicito información de mensualidad y detalles para 6to primaria. Atte: Ana.
WhatsApp,Hola hay disponibilidad de ingreso para inicial 5 años? Mi niño se llama Luis.
WhatsApp,Saber si hay lugares en inicial 3 años para Camila. Gracias.
Web,cronograma de admision para inicial 4 años. Mi menor es Elena.
Web,ficha de matrícula para traslado a 1ero primaria. Postulante: Pedro.
Web,<p><b>partidas para traslado a secundaria. Postulante: Camila.</b></p>
Web,charlas de admision para inicial 5 años. Mi menor es Maria.
Web,cronograma de admision para primer año. Mi menor es Elena.
Email,"ESTIMADOS, QUISIERA SABER LOS PENSIONES DE PRIMER GRADO PARA MI HIJO GABRIEL."
WhatsApp,Saber si hay disponibilidad de ingreso en 1ero primaria para Sofia. Gracias.
WhatsApp,SABER SI HAY LUGARES EN 1ERO PRIMARIA PARA CAMILA. GRACIAS.
Web,requisitos para traslado a inicial 4 años. Postulante: Sebastian.
WhatsApp,Hola hay vacantes para primer año? Mi niño se llama Lucia.
WhatsApp,Hola hay vacantes para 1ero primaria? Mi niño se llama Camila.
Web,<p><b>charlas de admision para inicial 5 años. Mi menor es Mateo.</b></p>
Web,ENTREVISTAS DE ADMISION PARA 1ERO PRIMARIA. MI MENOR ES ELENA.
Email,<p><b>Solicito información de cuotas y detalles para primer año. Atte: Lucia.</b></p>
WhatsApp,Saber si hay disponibilidad de ingreso en primer grado para Lucia. Gracias.
WhatsApp,Hola hay espacios para inicial 3 años? Mi niño se llama Sebastian.
Email,Solicito información de pagos y detalles para inicial 3 años. Atte: Lucia.
WhatsApp,Hola hay lugares para 1ero primaria? Mi niño se llama Luis.
Web,reunión de admision para 6to primaria. Mi menor es Pedro.
WhatsApp,Hola hay lugares para 5to secundaria? Mi niño se llama Mateo.
Web,reunión de admision para 1ero primaria. Mi menor es Mateo.
Email,"<p><b>Estimados, quisiera saber los costos de primer año para mi hijo Juan.</b></p>"
Web,<p><b>requisitos para traslado a 1ero secundaria. Postulante: Nicolas.</b></p>
Email,"Estimados, quisiera saber los costos de inicial 5 años para mi hijo Nicolas."
WhatsApp,HOLA HAY DISPONIBILIDAD DE INGRESO PARA INICIAL 3 AÑOS? MI NIÑO SE LLAMA MARIA.
Web,DOCUMENTOS PARA TRASLADO A INICIAL 3 AÑOS. POSTULANTE: PEDRO.
Email,"Estimados, quisiera saber los pensiones de inicial 3 años para mi hijo Nicolas."
Email,"Estimados, quisiera saber los cuotas de 5to secundaria para mi hijo Luis."
Web,<p><b>documentos para traslado a primer grado. Postulante: Camila.</b></p>
WhatsApp,<p><b>Saber si hay cupos en 1ero secundaria para Ana. Gracias.</b></p>
Web,entrevistas de admision para inicial 4 años. Mi menor es Elena.
Web,requisitos para traslado a inicial 5 años. Postulante: Camila.
Email,"Estimados, quisiera saber los pensiones de inicial 4 años para mi hijo Luis."
Email,"Estimados, quisiera saber los precios de 6to primaria para mi hijo Gabriel."
Email,"<p><b>Estimados, quisiera saber los pensiones de 1ero secundaria para mi hijo Sebastian.</b></p>"
Web,cronograma de admision para 1ero primaria. Mi menor es Luis.
Email,"ESTIMADOS, QUISIERA SABER LOS COSTOS DE INICIAL 4 AÑOS PARA MI HIJO SEBASTIAN."
Web,citas de admision para 1ero secundaria. Mi menor es Sofia.
WhatsApp,Hola hay disponibilidad de ingreso para inicial 3 años? Mi niño se llama Valentina.
WhatsApp,HOLA HAY LUGARES PARA PRIMER GRADO? MI NIÑO SE LLAMA ANA.
WhatsApp,Saber si hay disponibilidad de ingreso en 5to secundaria para Camila. Gracias.
WhatsApp,Saber si hay disponibilidad de ingreso en 5to secundaria para Sebastian. Gracias.
Email,"Estimados, quisiera saber los pagos de primer año para mi hijo Luis."
Web,PARTIDAS PARA TRASLADO A INICIAL 4 AÑOS. POSTULANTE: SEBASTIAN.
Email,"<p><b>Estimados, quisiera saber los costos de 1ero secundaria para mi hijo Maria.</b></p>"
Email,<p><b>Solicito información de mensualidad y detalles para primer grado. Atte: Valentina.</b></p>
Email,Solicito información de pagos y detalles para 6to primaria. Atte: Elena.
Email,"Estimados, quisiera saber los cuotas de inicial 3 años para mi hijo Sebastian."
Email,Solicito información de cuotas y detalles para 6to primaria. Atte: Lucia.
WhatsApp,Saber si hay cupos en primer año para Pedro. Gracias.
Web,CITAS DE ADMISION PARA PRIMER GRADO. MI MENOR ES ELENA.
Email,"Estimados, quisiera saber los costos de 6to primaria para mi hijo Maria."
WhatsApp,Hola hay espacios para 1ero secundaria? Mi niño se llama Camila.
Email,"Estimados, quisiera saber los costos de inicial 3 años para mi hijo Ana."
Web,reunión de admision para inicial 5 años. Mi menor es Gabriel.
WhatsApp,HOLA HAY CUPOS PARA 5TO SECUNDARIA? MI NIÑO SE LLAMA ELENA.
Email,"Estimados, quisiera saber los cuotas de 5to secundaria para mi hijo Nicolas."
WhatsApp,SABER SI HAY DISPONIBILIDAD DE INGRESO EN PRIMER AÑO PARA JUAN. GRACIAS.
WhatsApp,Hola hay espacios para 6to primaria? Mi niño se llama Camila.
Web,<p><b>documentos para traslado a secundaria. Postulante: Elena.</b></p>
Web,cronograma de admision para primer año. Mi menor es Sofia.
WhatsApp,<p><b>Hola hay vacantes para inicial 3 años? Mi niño se llama Elena.</b></p>
WhatsApp,HOLA HAY CUPOS PARA PRIMER GRADO? MI NIÑO SE LLAMA MARIA.
Email,<p><b>Solicito información de precios y detalles para primer grado. Atte: Elena.</b></p>
Email,<p><b>Solicito información de pagos y detalles para secundaria. Atte: Pedro.</b></p>
WhatsApp,Hola hay espacios para secundaria? Mi niño se llama Pedro.
Email,<p><b>Solicito información de costos y detalles para 5to secundaria. Atte: Ana.</b></p>
Email,"Estimados, quisiera saber los cuotas de 1ero primaria para mi hijo Valentina."
WhatsApp,Saber si hay lugares en inicial 3 años para Nicolas. Gracias.
Web,documentos para traslado a inicial 4 años. Postulante: Gabriel.
Web,requisitos para traslado a 6to primaria. Postulante: Lucia.
WhatsApp,Hola hay disponibilidad de ingreso para 6to primaria? Mi niño se llama Maria.
Web,documentación para traslado a 6to primaria. Postulante: Elena.
WhatsApp,Hola hay lugares para primer año? Mi niño se llama Elena.
WhatsApp,Hola hay lugares para 6to primaria? Mi niño se llama Thiago.
Web,ficha de matrícula para traslado a 1ero secundaria. Postulante: Gabriel.
Email,Solicito información de precios y detalles para inicial 3 años. Atte: Pedro.
Web,ficha de matrícula para traslado a inicial 5 años. Postulante: Valentina.
Email,"Estimados, quisiera saber los cuotas de 1ero secundaria para mi hijo Mateo."
WhatsApp,HOLA HAY ESPACIOS PARA PRIMER GRADO? MI NIÑO SE LLAMA SEBASTIAN.
WhatsApp,Saber si hay lugares en 1ero secundaria para Sofia. Gracias.
WhatsApp,<p><b>Saber si hay vacantes en 5to secundaria para Maria. Gracias.</b></p>
Web,ficha de matrícula para traslado a 6to primaria. Postulante: Luis.
Web,ENTREVISTAS DE ADMISION PARA SECUNDARIA. MI MENOR ES LUIS.
Email,"<p><b>Estimados, quisiera saber los mensualidad de primer año para mi hijo Ana.</b></p>"
Web,papeles para traslado a primer grado. Postulante: Gabriel.
Web,documentación para traslado a 1ero primaria. Postulante: Nicolas.
WhatsApp,Saber si hay cupos en primer grado para Nicolas. Gracias.
Web,entrevistas de admision para primer grado. Mi menor es Nicolas.
Web,cronograma de admision para 1ero secundaria. Mi menor es Elena.
Web,CRONOGRAMA DE ADMISION PARA 6TO PRIMARIA. MI MENOR ES NICOLAS.
Email,"Estimados, quisiera saber los cuotas de secundaria para mi hijo Luis."
WhatsApp,Saber si hay vacantes en 6to primaria para Camila. Gracias.
WhatsApp,Saber si hay disponibilidad de ingreso en primer grado para Gabriel. Gracias.
WhatsApp,HOLA HAY ESPACIOS PARA INICIAL 4 AÑOS? MI NIÑO SE LLAMA NICOLAS.
Email,Solicito información de costos y detalles para primer año. Atte: Nicolas.
Web,ENTREVISTAS DE ADMISION PARA 1ERO SECUNDARIA. MI MENOR ES LUCIA.
Email,"<p><b>Estimados, quisiera saber los pensiones de inicial 4 años para mi hijo Gabriel.</b></p>"
Web,CRONOGRAMA DE ADMISION PARA PRIMER GRADO. MI MENOR ES LUIS.
WhatsApp,Hola hay cupos para primer año? Mi niño se llama Pedro.
Email,<p><b>Solicito información de pensiones y detalles para primer año. Atte: Maria.</b></p>
Email,"Estimados, quisiera saber los mensualidad de primer año para mi hijo Gabriel."
Web,ficha de matrícula para traslado a 1ero primaria. Postulante: Ana.
WhatsApp,<p><b>Hola hay cupos para inicial 3 años? Mi niño se llama Valentina.</b></p>
Web,ficha de matrícula para traslado a inicial 3 años. Postulante: Pedro.
WhatsApp,Hola hay disponibilidad de ingreso para primer grado? Mi niño se llama Thiago.
Email,"Estimados, quisiera saber los cuotas de inicial 4 años para mi hijo Sofia."
Email,"Estimados, quisiera saber los precios de inicial 4 años para mi hijo Lucia."
Web,<p><b>requisitos para traslado a inicial 3 años. Postulante: Lucia.</b></p>
Email,SOLICITO INFORMACIÓN DE CUOTAS Y DETALLES PARA INICIAL 3 AÑOS. ATTE: GABRIEL.
Email,SOLICITO INFORMACIÓN DE PENSIONES Y DETALLES PARA INICIAL 5 AÑOS. ATTE: MARIA.
Web,ficha de matrícula para traslado a inicial 4 años. Postulante: Lucia.
Web,charlas de admision para secundaria. Mi menor es Luis.
Email,"Estimados, quisiera saber los pagos de secundaria para mi hijo Ana."
WhatsApp,Saber si hay cupos en inicial 3 años para Valentina. Gracias.
Web,<p><b>citas de admision para inicial 4 años. Mi menor es Valentina.</b></p>
Email,Solicito información de pensiones y detalles para 5to secundaria. Atte: Maria.
Email,"ESTIMADOS, QUISIERA SABER LOS PAGOS DE SECUNDARIA PARA MI HIJO LUIS."
WhatsApp,Hola hay lugares para 1ero primaria? Mi niño se llama Valentina.
Web,documentos para traslado a inicial 5 años. Postulante: Ana.
WhatsApp,Hola hay lugares para secundaria? Mi niño se llama Sebastian.
WhatsApp,Hola hay vacantes para secundaria? Mi niño se llama Valentina.
Email,Solicito información de pensiones y detalles para 1ero primaria. Atte: Mateo.
Email,"Estimados, quisiera saber los mensualidad de primer año para mi hijo Ana."
WhatsApp,<p><b>Hola hay cupos para inicial 3 años? Mi niño se llama Gabriel.</b></p>
Web,<p><b>ficha de matrícula para traslado a 1ero primaria. Postulante: Ana.</b></p>
Email,<p><b>Solicito información de cuotas y detalles para 1ero secundaria. Atte: Sofia.</b></p>
Email,"Estimados, quisiera saber los costos de 1ero primaria para mi hijo Thiago."
Email,Solicito información de pagos y detalles para 6to primaria. Atte: Ana.
WhatsApp,<p><b>Saber si hay espacios en 1ero primaria para Mateo. Gracias.</b></p>
WhatsApp,Hola hay disponibilidad de ingreso para inicial 3 años? Mi niño se llama Maria.
Web,partidas para traslado a 1ero secundaria. Postulante: Mateo.
Web,<p><b>papeles para traslado a inicial 4 años. Postulante: Nicolas.</b></p>
Web,charlas de admision para primer año. Mi menor es Thiago.
WhatsApp,Hola hay vacantes para primer grado? Mi niño se llama Valentina.
Email,"Estimados, quisiera saber los costos de inicial 5 años para mi hijo Luis."
Email,Solicito información de cuotas y detalles para 1ero secundaria. Atte: Juan.
Email,SOLICITO INFORMACIÓN DE MENSUALIDAD Y DETALLES PARA INICIAL 3 AÑOS. ATTE: LUCIA.
WhatsApp,<p><b>Saber si hay vacantes en 6to primaria para Camila. Gracias.</b></p>
Web,reunión de admision para primer grado. Mi menor es Juan.
WhatsApp,Hola hay lugares para primer grado? Mi niño se llama Elena.
WhatsApp,Hola hay cupos para primer año? Mi niño se llama Mateo.
Email,<p><b>Solicito información de pagos y detalles para secundaria. Atte: Luis.</b></p>
Web,<p><b>citas de admision para 5to secundaria. Mi menor es Gabriel.</b></p>
Email,Solicito información de pagos y detalles para 6to primaria. Atte: Ana.
WhatsApp,<p><b>Hola hay lugares para 1ero primaria? Mi niño se llama Mateo.</b></p>
WhatsApp,Hola hay cupos para 1ero secundaria? Mi niño se llama Camila.
Web,<p><b>entrevistas de admision para secundaria. Mi menor es Juan.</b></p>
Web,ficha de matrícula para traslado a primer año. Postulante: Pedro.
WhatsApp,<p><b>Saber si hay disponibilidad de ingreso en inicial 4 años para Valentina. Gracias.</b></p>
Web,cronograma de admision para 6to primaria. Mi menor es Lucia.
WhatsApp,Saber si hay espacios en inicial 5 años para Lucia. Gracias.
Email,"Estimados, quisiera saber los cuotas de primer grado para mi hijo Lucia."
Web,entrevistas de admision para inicial 3 años. Mi menor es Sebastian.
Web,<p><b>cronograma de admision para inicial 5 años. Mi menor es Pedro.</b></p>
WhatsApp,HOLA HAY DISPONIBILIDAD DE INGRESO PARA 1ERO SECUNDARIA? MI NIÑO SE LLAMA SEBASTIAN.
Web,citas de admision para 1ero primaria. Mi menor es Maria.
Email,"<p><b>Estimados, quisiera saber los costos de inicial 3 años para mi hijo Valentina.</b></p>"
WhatsApp,Saber si hay vacantes en inicial 5 años para Juan. Gracias.
Email,Solicito información de mensualidad y detalles para inicial 3 años. Atte: Sebastian.
Web,CHARLAS DE ADMISION PARA INICIAL 4 AÑOS. MI MENOR ES GABRIEL.
Email,"Estimados, quisiera saber los cuotas de inicial 3 años para mi hijo Ana."
Web,entrevistas de admision para 6to primaria. Mi menor es Maria.
Web,documentación para traslado a inicial 5 años. Postulante: Thiago.
Email,Solicito información de precios y detalles para 6to primaria. Atte: Mateo.
Email,"<p><b>Estimados, quisiera saber los cuotas de 1ero secundaria para mi hijo Elena.</b></p>"
Email,"Estimados, quisiera saber los precios de 5to secundaria para mi hijo Sebastian."
Email,"ESTIMADOS, QUISIERA SABER LOS MENSUALIDAD DE 5TO SECUNDARIA PARA MI HIJO MARIA."
Web,citas de admision para 5to secundaria. Mi menor es Camila.
WhatsApp,Hola hay cupos para 1ero primaria? Mi niño se llama Valentina.
Email,"Estimados, quisiera saber los costos de 5to secundaria para mi hijo Sebastian."
Web,CRONOGRAMA DE ADMISION PARA PRIMER GRADO. MI MENOR ES ELENA.
Web,reunión de admision para 6to primaria. Mi menor es Gabriel.
Web,documentación para traslado a secundaria. Postulante: Sofia.
Web,documentación para traslado a 5to secundaria. Postulante: Sebastian.
WhatsApp,Saber si hay disponibilidad de ingreso en inicial 3 años para Pedro. Gracias.
Web,papeles para traslado a secundaria. Postulante: Lucia.
Email,"ESTIMADOS, QUISIERA SABER LOS CUOTAS DE 1ERO PRIMARIA PARA MI HIJO THIAGO."
WhatsApp,SABER SI HAY LUGARES EN INICIAL 3 AÑOS PARA MATEO. GRACIAS.
Email,Solicito información de pagos y detalles para inicial 5 años. Atte: Juan.
WhatsApp,Saber si hay vacantes en primer grado para Juan. Gracias.
Web,reunión de admision para 1ero secundaria. Mi menor es Sebastian.
Web,<p><b>ficha de matrícula para traslado a primer grado. Postulante: Elena.</b></p>
Web,<p><b>charlas de admision para 6to primaria. Mi menor es Lucia.</b></p>
Email,"ESTIMADOS, QUISIERA SABER LOS PAGOS DE INICIAL 3 AÑOS PARA MI HIJO ANA."
WhatsApp,Saber si hay disponibilidad de ingreso en 6to primaria para Gabriel. Gracias.
Web,ficha de matrícula para traslado a 6to primaria. Postulante: Maria.
WhatsApp,<p><b>Hola hay lugares para primer año? Mi niño se llama Ana.</b></p>
Web,<p><b>citas de admision para 5to secundaria. Mi menor es Gabriel.</b></p>
Email,Solicito información de mensualidad y detalles para 6to primaria. Atte: Sofia.
Web,partidas para traslado a primer grado. Postulante: Maria.
Email,"Estimados, quisiera saber los cuotas de 6to primaria para mi hijo Juan."
Web,ficha de matrícula para traslado a primer año. Postulante: Maria.
Web,citas de admision para primer año. Mi menor es Nicolas.
WhatsApp,SABER SI HAY LUGARES EN 1ERO PRIMARIA PARA THIAGO. GRACIAS.
Email,"Estimados, quisiera saber los precios de primer año para mi hijo Sebastian."
WhatsApp,Saber si hay espacios en 6to primaria para Pedro. Gracias.
WhatsApp,Saber si hay disponibilidad de ingreso en secundaria para Ana. Gracias.
Web,<p><b>cronograma de admision para inicial 5 años. Mi menor es Camila.</b></p>
WhatsApp,Saber si hay espacios en primer grado para Elena. Gracias.
Email,Solicito información de precios y detalles para 5to secundaria. Atte: Luis.
Email,Solicito información de cuotas y detalles para inicial 3 años. Atte: Camila.
WhatsApp,<p><b>Saber si hay disponibilidad de ingreso en inicial 5 años para Juan. Gracias.</b></p>
Email,Solicito información de cuotas y detalles para 1ero secundaria. Atte: Mateo.
WhatsApp,Hola hay lugares para primer grado? Mi niño se llama Maria.
Email,Solicito información de mensualidad y detalles para inicial 4 años. Atte: Camila.
Web,entrevistas de admision para 1ero primaria. Mi menor es Ana.
Web,<p><b>cronograma de admision para secundaria. Mi menor es Ana.</b></p>
Web,requisitos para traslado a 1ero secundaria. Postulante: Gabriel.
Email,"Estimados, quisiera saber los costos de 1ero secundaria para mi hijo Lucia."
Web,entrevistas de admision para inicial 4 años. Mi menor es Lucia.
Email,<p><b>Solicito información de pensiones y detalles para inicial 3 años. Atte: Elena.</b></p>
WhatsApp,Hola hay lugares para secundaria? Mi niño se llama Juan.
Email,SOLICITO INFORMACIÓN DE PENSIONES Y DETALLES PARA 1ERO SECUNDARIA. ATTE: PEDRO.
Web,charlas de admision para 1ero secundaria. Mi menor es Sebastian.
Email,"Estimados, quisiera saber los precios de 5to secundaria para mi hijo Sebastian."
Email,Solicito información de precios y detalles para inicial 4 años. Atte: Nicolas.
WhatsApp,Saber si hay lugares en 1ero primaria para Valentina. Gracias.
Email,"Estimados, quisiera saber los pagos de primer año para mi hijo Nicolas."
WhatsApp,<p><b>Hola hay espacios para primer grado? Mi niño se llama Sofia.</b></p>
Email,"Estimados, quisiera saber los pagos de inicial 5 años para mi hijo Camila."
Web,papeles para traslado a inicial 5 años. Postulante: Camila.
WhatsApp,<p><b>Hola hay lugares para inicial 4 años? Mi niño se llama Maria.</b></p>
Email,Solicito información de costos y detalles para 1ero primaria. Atte: Elena.
WhatsApp,<p><b>Saber si hay lugares en secundaria para Camila. Gracias.</b></p>
Web,requisitos para traslado a secundaria. Postulante: Maria.
WhatsApp,Hola hay cupos para 1ero primaria? Mi niño se llama Thiago.
WhatsApp,<p><b>Saber si hay cupos en inicial 4 años para Pedro. Gracias.</b></p>
Web,requisitos para traslado a primer grado. Postulante: Elena.
Email,"Estimados, quisiera saber los costos de 1ero secundaria para mi hijo Valentina."
Web,CRONOGRAMA DE ADMISION PARA PRIMER GRADO. MI MENOR ES ANA.
Web,reunión de admision para 5to secundaria. Mi menor es Ana.
WhatsApp,Saber si hay lugares en 1ero primaria para Nicolas. Gracias.
Web,ficha de matrícula para traslado a inicial 3 años. Postulante: Valentina.
Web,documentos para traslado a inicial 4 años. Postulante: Valentina.
Web,charlas de admision para 6to primaria. Mi menor es Valentina.
Web,<p><b>cronograma de admision para primer año. Mi menor es Thiago.</b></p>
Email,Solicito información de precios y detalles para secundaria. Atte: Valentina.
WhatsApp,Saber si hay lugares en inicial 5 años para Nicolas. Gracias.
WhatsApp,<p><b>Saber si hay espacios en primer año para Valentina. Gracias.</b></p>
WhatsApp,HOLA HAY VACANTES PARA INICIAL 5 AÑOS? MI NIÑO SE LLAMA LUIS.
Web,REUNIÓN DE ADMISION PARA INICIAL 5 AÑOS. MI MENOR ES CAMILA.
Email,"Estimados, quisiera saber los precios de inicial 5 años para mi hijo Thiago."
Web,DOCUMENTACIÓN PARA TRASLADO A INICIAL 5 AÑOS. POSTULANTE: ANA.
Email,Solicito información de costos y detalles para inicial 5 años. Atte: Lucia.
Email,"Estimados, quisiera saber los cuotas de inicial 4 años para mi hijo Mateo."
Email,"Estimados, quisiera saber los pagos de inicial 4 años para mi hijo Maria."
Email,"<p><b>Estimados, quisiera saber los precios de inicial 3 años para mi hijo Ana.</b></p>"
Web,reunión de admision para primer grado. Mi menor es Luis.
Web,PARTIDAS PARA TRASLADO A 1ERO SECUNDARIA. POSTULANTE: NICOLAS.
WhatsApp,Saber si hay cupos en 1ero secundaria para Nicolas. Gracias.
Email,Solicito información de costos y detalles para 1ero primaria. Atte: Luis.
Email,"Estimados, quisiera saber los precios de inicial 5 años para mi hijo Maria."
Web,<p><b>entrevistas de admision para primer año. Mi menor es Ana.</b></p>
WhatsApp,Saber si hay vacantes en primer año para Nicolas. Gracias.
Email,SOLICITO INFORMACIÓN DE COSTOS Y DETALLES PARA INICIAL 5 AÑOS. ATTE: VALENTINA.
WhatsApp,Hola hay disponibilidad de ingreso para primer año? Mi niño se llama Elena.
Web,ENTREVISTAS DE ADMISION PARA INICIAL 5 AÑOS. MI MENOR ES PEDRO.
Web,<p><b>cronograma de admision para secundaria. Mi menor es Gabriel.</b></p>
WhatsApp,Hola hay disponibilidad de ingreso para inicial 5 años? Mi niño se llama Ana.
Email,"Estimados, quisiera saber los cuotas de 1ero primaria para mi hijo Luis."
Email,<p><b>Solicito información de cuotas y detalles para 5to secundaria. Atte: Maria.</b></p>
Email,"Estimados, quisiera saber los precios de secundaria para mi hijo Sebastian."
Web,citas de admision para inicial 4 años. Mi menor es Maria.
WhatsApp,Saber si hay espacios en inicial 5 años para Ana. Gracias.
WhatsApp,HOLA HAY VACANTES PARA 6TO PRIMARIA? MI NIÑO SE LLAMA MARIA.
Web,entrevistas de admision para inicial 3 años. Mi menor es Pedro.
WhatsApp,<p><b>Saber si hay cupos en 1ero primaria para Elena. Gracias.</b></p>
Email,Solicito información de mensualidad y detalles para primer año. Atte: Mateo.
Email,SOLICITO INFORMACIÓN DE COSTOS Y DETALLES PARA 5TO SECUNDARIA. ATTE: SOFIA.
Web,documentación para traslado a inicial 4 años. Postulante: Elena.
Web,PAPELES PARA TRASLADO A INICIAL 5 AÑOS. POSTULANTE: ANA.
WhatsApp,Saber si hay cupos en inicial 3 años para Sofia. Gracias.
Web,citas de admision para secundaria. Mi menor es Sebastian.
Email,Solicito información de costos y detalles para 6to primaria. Atte: Ana.
Web,partidas para traslado a secundaria. Postulante: Maria.
Email,<p><b>Solicito información de cuotas y detalles para 6to primaria. Atte: Camila.</b></p>
Web,CHARLAS DE ADMISION PARA PRIMER AÑO. MI MENOR ES LUIS.
WhatsApp,Saber si hay espacios en inicial 5 años para Juan. Gracias.
WhatsApp,Saber si hay lugares en inicial 5 años para Luis. Gracias.
Web,documentación para traslado a 5to secundaria. Postulante: Maria.
Email,<p><b>Solicito información de costos y detalles para secundaria. Atte: Sofia.</b></p>
WhatsApp,<p><b>Hola hay lugares para primer grado? Mi niño se llama Pedro.</b></p>
Web,<p><b>documentos para traslado a inicial 5 años. Postulante: Elena.</b></p>
WhatsApp,Hola hay lugares para secundaria? Mi niño se llama Ana.
WhatsApp,Saber si hay lugares en 5to secundaria para Sebastian. Gracias.
Email,"Estimados, quisiera saber los precios de inicial 4 años para mi hijo Luis."
Email,"ESTIMADOS, QUISIERA SABER LOS PENSIONES DE 1ERO SECUNDARIA PARA MI HIJO ANA."
Web,reunión de admision para inicial 5 años. Mi menor es Valentina.
Web,<p><b>entrevistas de admision para secundaria. Mi menor es Maria.</b></p>
WhatsApp,Hola hay vacantes para 6to primaria? Mi niño se llama Elena.
Web,PAPELES PARA TRASLADO A INICIAL 5 AÑOS. POSTULANTE: ANA.
Web,documentación para traslado a 5to secundaria. Postulante: Pedro.
Web,requisitos para traslado a 1ero secundaria. Postulante: Gabriel.
Web,documentos para traslado a 5to secundaria. Postulante: Nicolas.
Web,citas de admision para inicial 5 años. Mi menor es Elena.
Email,"Estimados, quisiera saber los precios de 6to primaria para mi hijo Maria."
Web,documentos para traslado a primer grado. Postulante: Luis.
Email,"Estimados, quisiera saber los costos de 1ero primaria para mi hijo Luis."
WhatsApp,Hola hay espacios para inicial 5 años? Mi niño se llama Lucia.
Web,reunión de admision para inicial 3 años. Mi menor es Gabriel.
Email,"<p><b>Estimados, quisiera saber los cuotas de inicial 3 años para mi hijo Mateo.</b></p>"
Email,<p><b>Solicito información de precios y detalles para secundaria. Atte: Elena.</b></p>
Email,"ESTIMADOS, QUISIERA SABER LOS MENSUALIDAD DE INICIAL 5 AÑOS PARA MI HIJO NICOLAS."
WhatsApp,Saber si hay vacantes en inicial 3 años para Juan. Gracias.
WhatsApp,HOLA HAY LUGARES PARA 6TO PRIMARIA? MI NIÑO SE LLAMA MATEO.
WhatsApp,SABER SI HAY CUPOS EN 5TO SECUNDARIA PARA SEBASTIAN. GRACIAS.
WhatsApp,Hola hay lugares para primer grado? Mi niño se llama Valentina.
Email,"Estimados, quisiera saber los pagos de inicial 4 años para mi hijo Maria."
Email,Solicito información de precios y detalles para 5to secundaria. Atte: Maria.
WhatsApp,HOLA HAY VACANTES PARA PRIMER AÑO? MI NIÑO SE LLAMA GABRIEL.
Email,"<p><b>Estimados, quisiera saber los costos de 5to secundaria para mi hijo Thiago.</b></p>"
WhatsApp,<p><b>Saber si hay disponibilidad de ingreso en 6to primaria para Mateo. Gracias.</b></p>
WhatsApp,HOLA HAY DISPONIBILIDAD DE INGRESO PARA 6TO PRIMARIA? MI NIÑO SE LLAMA THIAGO.
Email,SOLICITO INFORMACIÓN DE PENSIONES Y DETALLES PARA INICIAL 4 AÑOS. ATTE: GABRIEL.
Email,Solicito información de precios y detalles para 1ero primaria. Atte: Maria.
Web,cronograma de admision para inicial 3 años. Mi menor es Juan.
Email,"ESTIMADOS, QUISIERA SABER LOS CUOTAS DE INICIAL 4 AÑOS PARA MI HIJO NICOLAS."
Web,<p><b>citas de admision para primer grado. Mi menor es Camila.</b></p>
Email,SOLICITO INFORMACIÓN DE MENSUALIDAD Y DETALLES PARA 1ERO SECUNDARIA. ATTE: LUCIA.
WhatsApp,Saber si hay espacios en primer año para Camila. Gracias.
Email,SOLICITO INFORMACIÓN DE PAGOS Y DETALLES PARA PRIMER GRADO. ATTE: NICOLAS.
WhatsApp,Hola hay espacios para inicial 5 años? Mi niño se llama Nicolas.
Web,charlas de admision para 5to secundaria. Mi menor es Nicolas.
Email,Solicito información de pensiones y detalles para inicial 5 años. Atte: Nicolas.
WhatsApp,Hola hay disponibilidad de ingreso para 6to primaria? Mi niño se llama Ana.
Web,CHARLAS DE ADMISION PARA 1ERO SECUNDARIA. MI MENOR ES CAMILA.
Web,CRONOGRAMA DE ADMISION PARA INICIAL 3 AÑOS. MI MENOR ES LUIS.
Email,"Estimados, quisiera saber los pagos de primer año para mi hijo Lucia."
WhatsApp,Hola hay disponibilidad de ingreso para 1ero primaria? Mi niño se llama Lucia.
Email,Solicito información de mensualidad y detalles para 1ero secundaria. Atte: Nicolas.
WhatsApp,Hola hay disponibilidad de ingreso para 6to primaria? Mi niño se llama Elena.
Email,"ESTIMADOS, QUISIERA SABER LOS PAGOS DE 5TO SECUNDARIA PARA MI HIJO ELENA."
Web,ficha de matrícula para traslado a secundaria. Postulante: Lucia.
WhatsApp,Saber si hay cupos en inicial 4 años para Juan. Gracias.
WhatsApp,HOLA HAY ESPACIOS PARA 1ERO PRIMARIA? MI NIÑO SE LLAMA PEDRO.
WhatsApp,Hola hay disponibilidad de ingreso para 5to secundaria? Mi niño se llama Thiago.
Email,Solicito información de precios y detalles para 5to secundaria. Atte: Thiago.
WhatsApp,Hola hay vacantes para secundaria? Mi niño se llama Nicolas.
WhatsApp,Hola hay vacantes para 6to primaria? Mi niño se llama Ana.
Web,reunión de admision para 1ero secundaria. Mi menor es Gabriel.
Email,Solicito información de pagos y detalles para inicial 3 años. Atte: Camila.
Email,Solicito información de cuotas y detalles para 5to secundaria. Atte: Sofia.
Web,entrevistas de admision para inicial 4 años. Mi menor es Thiago.
WhatsApp,Saber si hay cupos en primer grado para Lucia. Gracias.
WhatsApp,Saber si hay disponibilidad de ingreso en primer año para Lucia. Gracias.
Web,documentación para traslado a inicial 3 años. Postulante: Elena.
Email,Solicito información de cuotas y detalles para 1ero secundaria. Atte: Valentina.
Web,documentación para traslado a inicial 3 años. Postulante: Maria.
Web,<p><b>documentos para traslado a inicial 4 años. Postulante: Sofia.</b></p>
Email,Solicito información de precios y detalles para secundaria. Atte: Sofia.
Web,ficha de matrícula para traslado a inicial 4 años. Postulante: Lucia.
Email,Solicito información de costos y detalles para primer grado. Atte: Camila.
WhatsApp,Hola hay disponibilidad de ingreso para secundaria? Mi niño se llama Maria.
Email,Solicito información de cuotas y detalles para 5to secundaria. Atte: Sebastian.
Web,reunión de admision para inicial 3 años. Mi menor es Maria.
Web,ficha de matrícula para traslado a primer grado. Postulante: Nicolas.
WhatsApp,<p><b>Saber si hay vacantes en secundaria para Sebastian. Gracias.</b></p>
Web,reunión de admision para 1ero primaria. Mi menor es Lucia.
Web,cronograma de admision para inicial 4 años. Mi menor es Elena.
WhatsApp,Saber si hay disponibilidad de ingreso en inicial 3 años para Mateo. Gracias.
Web,documentación para traslado a inicial 4 años. Postulante: Mateo.
WhatsApp,Saber si hay espacios en primer año para Camila. Gracias.
Web,ENTREVISTAS DE ADMISION PARA PRIMER GRADO. MI MENOR ES LUIS.
Web,<p><b>cronograma de admision para secundaria. Mi menor es Sofia.</b></p>
WhatsApp,Hola hay espacios para 6to primaria? Mi niño se llama Valentina.
Email,"Estimados, quisiera saber los mensualidad de inicial 4 años para mi hijo Sofia."
Email,Solicito información de cuotas y detalles para 5to secundaria. Atte: Maria.
Email,<p><b>Solicito información de precios y detalles para 1ero primaria. Atte: Valentina.</b></p>
Email,"<p><b>Estimados, quisiera saber los pensiones de primer año para mi hijo Juan.</b></p>"
Email,"Estimados, quisiera saber los pensiones de primer año para mi hijo Juan."
Email,"<p><b>Estimados, quisiera saber los precios de secundaria para mi hijo Ana.</b></p>"
WhatsApp,Saber si hay disponibilidad de ingreso en primer año para Lucia. Gracias.
WhatsApp,Hola hay vacantes para 1ero secundaria? Mi niño se llama Mateo.
Web,papeles para traslado a inicial 5 años. Postulante: Valentina.
WhatsApp,HOLA HAY ESPACIOS PARA 1ERO PRIMARIA? MI NIÑO SE LLAMA ANA.
Email,"Estimados, quisiera saber los pagos de 5to secundaria para mi hijo Elena."
Email,Solicito información de precios y detalles para secundaria. Atte: Luis.
Web,CHARLAS DE ADMISION PARA INICIAL 4 AÑOS. MI MENOR ES SOFIA.
WhatsApp,<p><b>Saber si hay espacios en 6to primaria para Maria. Gracias.</b></p>
WhatsApp,<p><b>Hola hay vacantes para secundaria? Mi niño se llama Elena.</b></p>
Web,partidas para traslado a 6to primaria. Postulante: Thiago.
Email,"Estimados, quisiera saber los cuotas de secundaria para mi hijo Nicolas."
Email,"Estimados, quisiera saber los costos de primer grado para mi hijo Mateo."
Email,"Estimados, quisiera saber los pagos de 6to primaria para mi hijo Juan."
Web,citas de admision para primer grado. Mi menor es Lucia.
Email,Solicito información de pensiones y detalles para primer año. Atte: Mateo.
WhatsApp,Saber si hay cupos en inicial 3 años para Mateo. Gracias.
Web,entrevistas de admision para inicial 5 años. Mi menor es Ana.
Email,<p><b>Solicito información de mensualidad y detalles para inicial 3 años. Atte: Nicolas.</b></p>
Email,"Estimados, quisiera saber los pensiones de 1ero secundaria para mi hijo Elena."
WhatsApp,Hola hay espacios para inicial 5 años? Mi niño se llama Sofia.
Email,Solicito información de pagos y detalles para primer año. Atte: Sofia.
Web,citas de admision para inicial 4 años. Mi menor es Mateo.
Web,CHARLAS DE ADMISION PARA INICIAL 3 AÑOS. MI MENOR ES NICOLAS.
WhatsApp,Saber si hay lugares en inicial 4 años para Lucia. Gracias.
WhatsApp,Hola hay vacantes para primer año? Mi niño se llama Lucia.
WhatsApp,Saber si hay espacios en inicial 5 años para Luis. Gracias.
Web,papeles para traslado a 5to secundaria. Postulante: Gabriel.
Web,DOCUMENTOS PARA TRASLADO A INICIAL 4 AÑOS. POSTULANTE: ANA.
WhatsApp,Hola hay vacantes para secundaria? Mi niño se llama Thiago.
WhatsApp,Saber si hay disponibilidad de ingreso en 6to primaria para Nicolas. Gracias.
Email,Solicito información de costos y detalles para 1ero secundaria. Atte: Sofia.
WhatsApp,Hola hay vacantes para inicial 4 años? Mi niño se llama Ana.
Email,Solicito información de cuotas y detalles para inicial 3 años. Atte: Luis.
Email,"<p><b>Estimados, quisiera saber los costos de 1ero secundaria para mi hijo Maria.</b></p>"
Email,"Estimados, quisiera saber los pagos de 6to primaria para mi hijo Luis."
WhatsApp,<p><b>Saber si hay espacios en 6to primaria para Elena. Gracias.</b></p>
WhatsApp,Saber si hay cupos en 1ero primaria para Sebastian. Gracias.
Web,requisitos para traslado a inicial 5 años. Postulante: Thiago.
Web,PARTIDAS PARA TRASLADO A SECUNDARIA. POSTULANTE: LUCIA.
Web,<p><b>ficha de matrícula para traslado a primer grado. Postulante: Valentina.</b></p>
Email,"Estimados, quisiera saber los precios de inicial 3 años para mi hijo Valentina."
Email,Solicito información de precios y detalles para primer grado. Atte: Lucia.
WhatsApp,Saber si hay cupos en inicial 5 años para Luis. Gracias.
WhatsApp,Saber si hay vacantes en 1ero secundaria para Lucia. Gracias.
Web,cronograma de admision para inicial 3 años. Mi menor es Sofia.
Web,partidas para traslado a 6to primaria. Postulante: Nicolas.
Email,Solicito información de mensualidad y detalles para primer año. Atte: Maria.
Email,<p><b>Solicito información de precios y detalles para inicial 5 años. Atte: Pedro.</b></p>
Web,reunión de admision para secundaria. Mi menor es Thiago.
Web,partidas para traslado a inicial 4 años. Postulante: Gabriel.
Web,requisitos para traslado a inicial 5 años. Postulante: Ana.
Web,charlas de admision para primer grado. Mi menor es Camila.
Email,Solicito información de cuotas y detalles para 5to secundaria. Atte: Valentina.
WhatsApp,Hola hay vacantes para primer año? Mi niño se llama Lucia.
WhatsApp,Saber si hay espacios en primer grado para Nicolas. Gracias.
WhatsApp,Hola hay vacantes para primer grado? Mi niño se llama Maria.
Email,Solicito información de costos y detalles para 1ero primaria. Atte: Nicolas.
Email,"Estimados, quisiera saber los mensualidad de inicial 3 años para mi hijo Ana."
WhatsApp,Hola hay espacios para inicial 3 años? Mi niño se llama Mateo.
WhatsApp,SABER SI HAY VACANTES EN 1ERO SECUNDARIA PARA GABRIEL. GRACIAS.
WhatsApp,SABER SI HAY VACANTES EN 6TO PRIMARIA PARA VALENTINA. GRACIAS.
Web,<p><b>requisitos para traslado a inicial 5 años. Postulante: Lucia.</b></p>
WhatsApp,Hola hay espacios para secundaria? Mi niño se llama Gabriel.
Web,ficha de matrícula para traslado a inicial 5 años. Postulante: Nicolas.
Web,CRONOGRAMA DE ADMISION PARA 1ERO SECUNDARIA. MI MENOR ES LUIS.
Web,<p><b>papeles para traslado a inicial 3 años. Postulante: Juan.</b></p>
WhatsApp,Hola hay vacantes para 1ero secundaria? Mi niño se llama Pedro.
Email,SOLICITO INFORMACIÓN DE COSTOS Y DETALLES PARA INICIAL 5 AÑOS. ATTE: LUIS.
WhatsApp,Saber si hay vacantes en secundaria para Maria. Gracias.
WhatsApp,SABER SI HAY DISPONIBILIDAD DE INGRESO EN 5TO SECUNDARIA PARA MATEO. GRACIAS.
WhatsApp,Hola hay cupos para primer grado? Mi niño se llama Ana.
WhatsApp,Hola hay espacios para primer año? Mi niño se llama Luis.
Web,requisitos para traslado a primer año. Postulante: Gabriel.
Email,SOLICITO INFORMACIÓN DE PENSIONES Y DETALLES PARA 1ERO PRIMARIA. ATTE: JUAN.
WhatsApp,Saber si hay cupos en inicial 3 años para Gabriel. Gracias.
Email,Solicito información de pagos y detalles para 6to primaria. Atte: Camila.
WhatsApp,Hola hay espacios para inicial 3 años? Mi niño se llama Nicolas.
Web,charlas de admision para inicial 4 años. Mi menor es Nicolas.
Web,charlas de admision para 6to primaria. Mi menor es Camila.
WhatsApp,Hola hay cupos para secundaria? Mi niño se llama Valentina.
Email,Solicito información de pagos y detalles para primer año. Atte: Maria.
Email,Solicito información de mensualidad y detalles para inicial 4 años. Atte: Camila.
WhatsApp,<p><b>Hola hay disponibilidad de ingreso para 1ero primaria? Mi niño se llama Pedro.</b></p>
Email,"ESTIMADOS, QUISIERA SABER LOS PAGOS DE 6TO PRIMARIA PARA MI HIJO VALENTINA."
WhatsApp,SABER SI HAY CUPOS EN 1ERO PRIMARIA PARA MATEO. GRACIAS.
WhatsApp,<p><b>Hola hay espacios para 1ero primaria? Mi niño se llama Nicolas.</b></p>
Web,partidas para traslado a secundaria. Postulante: Lucia.
WhatsApp,<p><b>Saber si hay cupos en inicial 5 años para Gabriel. Gracias.</b></p>
WhatsApp,<p><b>Saber si hay vacantes en inicial 3 años para Sofia. Gracias.</b></p>
Email,"Estimados, quisiera saber los costos de secundaria para mi hijo Valentina."
Email,Solicito información de precios y detalles para 5to secundaria. Atte: Pedro.
WhatsApp,Saber si hay vacantes en secundaria para Valentina. Gracias.
Web,cronograma de admision para 1ero secundaria. Mi menor es Juan.
Web,citas de admision para 1ero secundaria. Mi menor es Pedro.
Email,<p><b>Solicito información de mensualidad y detalles para 5to secundaria. Atte: Maria.</b></p>
Email,Solicito información de mensualidad y detalles para inicial 5 años. Atte: Mateo.
Email,"ESTIMADOS, QUISIERA SABER LOS PRECIOS DE 1ERO SECUNDARIA PARA MI HIJO LUCIA."
Web,charlas de admision para inicial 5 años. Mi menor es Gabriel.
Web,partidas para traslado a 6to primaria. Postulante: Ana.
Email,"ESTIMADOS, QUISIERA SABER LOS PRECIOS DE INICIAL 4 AÑOS PARA MI HIJO VALENTINA."
WhatsApp,SABER SI HAY DISPONIBILIDAD DE INGRESO EN SECUNDARIA PARA JUAN. GRACIAS.
Web,<p><b>documentación para traslado a 5to secundaria. Postulante: Juan.</b></p>
Web,<p><b>entrevistas de admision para primer grado. Mi menor es Elena.</b></p>
WhatsApp,Hola hay vacantes para 5to secundaria? Mi niño se llama Luis.
Web,reunión de admision para inicial 3 años. Mi menor es Juan.
Email,Solicito información de costos y detalles para 5to secundaria. Atte: Gabriel.
Web,cronograma de admision para 1ero primaria. Mi menor es Maria.
Email,Solicito información de cuotas y detalles para 1ero primaria. Atte: Nicolas.
Email,"Estimados, quisiera saber los precios de 5to secundaria para mi hijo Sofia."
WhatsApp,Hola hay cupos para primer grado? Mi niño se llama Valentina.
WhatsApp,Saber si hay vacantes en secundaria para Gabriel. Gracias.
Web,<p><b>entrevistas de admision para 1ero primaria. Mi menor es Maria.</b></p>
WhatsApp,SABER SI HAY VACANTES EN INICIAL 3 AÑOS PARA ANA. GRACIAS.
WhatsApp,HOLA HAY CUPOS PARA INICIAL 5 AÑOS? MI NIÑO SE LLAMA THIAGO.
Web,<p><b>ficha de matrícula para traslado a 1ero primaria. Postulante: Valentina.</b></p>
WhatsApp,Hola hay disponibilidad de ingreso para inicial 3 años? Mi niño se llama Pedro.
Email,"<p><b>Estimados, quisiera saber los pensiones de 6to primaria para mi hijo Camila.</b></p>"
Web,<p><b>ficha de matrícula para traslado a 5to secundaria. Postulante: Sebastian.</b></p>
Web,documentos para traslado a 1ero primaria. Postulante: Elena.
WhatsApp,Hola hay vacantes para inicial 3 años? Mi niño se llama Mateo.
Email,Solicito información de costos y detalles para 5to secundaria. Atte: Sofia.
Email,Solicito información de pensiones y detalles para primer año. Atte: Luis.
Email,Solicito información de mensualidad y detalles para primer grado. Atte: Valentina.
Web,papeles para traslado a 6to primaria. Postulante: Sofia.
WhatsApp,<p><b>Saber si hay cupos en primer año para Maria. Gracias.</b></p>
Email,Solicito información de pagos y detalles para 1ero primaria. Atte: Maria.
Email,Solicito información de pagos y detalles para 1ero secundaria. Atte: Nicolas.
Email,<p><b>Solicito información de mensualidad y detalles para 6to primaria. Atte: Sebastian.</b></p>
WhatsApp,<p><b>Hola hay vacantes para primer grado? Mi niño se llama Luis.</b></p>
Web,REUNIÓN DE ADMISION PARA 5TO SECUNDARIA. MI MENOR ES GABRIEL.
WhatsApp,Saber si hay lugares en primer grado para Sebastian. Gracias.
Email,"ESTIMADOS, QUISIERA SABER LOS CUOTAS DE 5TO SECUNDARIA PARA MI HIJO LUIS."
WhatsApp,<p><b>Hola hay cupos para primer grado? Mi niño se llama Lucia.</b></p>
Email,"ESTIMADOS, QUISIERA SABER LOS CUOTAS DE INICIAL 4 AÑOS PARA MI HIJO THIAGO."
Web,papeles para traslado a 1ero secundaria. Postulante: Pedro.
Email,"Estimados, quisiera saber los costos de inicial 5 años para mi hijo Pedro."
Email,Solicito información de precios y detalles para inicial 3 años. Atte: Nicolas.
Email,"<p><b>Estimados, quisiera saber los pensiones de 1ero primaria para mi hijo Valentina.</b></p>"
WhatsApp,<p><b>Hola hay espacios para inicial 3 años? Mi niño se llama Elena.</b></p>
WhatsApp,Saber si hay disponibilidad de ingreso en inicial 3 años para Thiago. Gracias.
WhatsApp,Hola hay cupos para secundaria? Mi niño se llama Luis.
WhatsApp,<p><b>Hola hay cupos para 1ero primaria? Mi niño se llama Luis.</b></p>
Web,entrevistas de admision para 6to primaria. Mi menor es Lucia.
Email,"Estimados, quisiera saber los mensualidad de 1ero primaria para mi hijo Ana."
WhatsApp,Saber si hay disponibilidad de ingreso en inicial 5 años para Sofia. Gracias.
Email,Solicito información de cuotas y detalles para inicial 4 años. Atte: Pedro.
Web,requisitos para traslado a primer año. Postulante: Juan.
Web,requisitos para traslado a inicial 3 años. Postulante: Thiago.
WhatsApp,Saber si hay cupos en primer grado para Camila. Gracias.
Email,SOLICITO INFORMACIÓN DE MENSUALIDAD Y DETALLES PARA 1ERO PRIMARIA. ATTE: LUCIA.
Web,<p><b>documentos para traslado a primer grado. Postulante: Nicolas.</b></p>
Web,CITAS DE ADMISION PARA INICIAL 5 AÑOS. MI MENOR ES MATEO.
Web,cronograma de admision para 5to secundaria. Mi menor es Lucia.
Email,"Estimados, quisiera saber los costos de inicial 3 años para mi hijo Camila."
Email,Solicito información de mensualidad y detalles para primer año. Atte: Pedro.
Email,"Estimados, quisiera saber los precios de 1ero secundaria para mi hijo Mateo."
WhatsApp,Saber si hay vacantes en inicial 3 años para Gabriel. Gracias.
Web,citas de admision para primer año. Mi menor es Sebastian.
Web,requisitos para traslado a 1ero secundaria. Postulante: Elena.
Web,citas de admision para 1ero primaria. Mi menor es Thiago.
Web,requisitos para traslado a inicial 5 años. Postulante: Gabriel.
Email,<p><b>Solicito información de pensiones y detalles para 6to primaria. Atte: Ana.</b></p>
Web,<p><b>documentación para traslado a 5to secundaria. Postulante: Valentina.</b></p>
WhatsApp,HOLA HAY CUPOS PARA INICIAL 5 AÑOS? MI NIÑO SE LLAMA MARIA.
Web,partidas para traslado a 1ero secundaria. Postulante: Lucia.
WhatsApp,Saber si hay vacantes en 6to primaria para Luis. Gracias.
Email,"Estimados, quisiera saber los precios de secundaria para mi hijo Gabriel."
WhatsApp,Saber si hay disponibilidad de ingreso en primer grado para Ana. Gracias.
Email,"Estimados, quisiera saber los precios de 6to primaria para mi hijo Camila."
WhatsApp,<p><b>Saber si hay espacios en 5to secundaria para Maria. Gracias.</b></p>
Email,Solicito información de mensualidad y detalles para inicial 5 años. Atte: Luis.
Email,Solicito información de costos y detalles para 6to primaria. Atte: Camila.
WhatsApp,Saber si hay espacios en secundaria para Lucia. Gracias.
Email,"<p><b>Estimados, quisiera saber los cuotas de secundaria para mi hijo Sebastian.</b></p>"
Email,"Estimados, quisiera saber los pensiones de primer año para mi hijo Sebastian."
Email,SOLICITO INFORMACIÓN DE PENSIONES Y DETALLES PARA 1ERO PRIMARIA. ATTE: MARIA.
Web,documentos para traslado a inicial 4 años. Postulante: Camila.
WhatsApp,<p><b>Hola hay disponibilidad de ingreso para 6to primaria? Mi niño se llama Ana.</b></p>
WhatsApp,<p><b>Saber si hay cupos en primer año para Ana. Gracias.</b></p>
Email,"Estimados, quisiera saber los cuotas de 6to primaria para mi hijo Luis."
Web,charlas de admision para secundaria. Mi menor es Thiago.
WhatsApp,<p><b>Saber si hay disponibilidad de ingreso en inicial 4 años para Camila. Gracias.</b></p>
Web,papeles para traslado a 1ero secundaria. Postulante: Elena.
WhatsApp,<p><b>Saber si hay disponibilidad de ingreso en secundaria para Ana. Gracias.</b></p>
Web,citas de admision para 1ero secundaria. Mi menor es Valentina.
Email,Solicito información de cuotas y detalles para 1ero secundaria. Atte: Valentina.
Web,<p><b>documentos para traslado a primer año. Postulante: Nicolas.</b></p>
Web,cronograma de admision para 5to secundaria. Mi menor es Elena.
WhatsApp,<p><b>Saber si hay espacios en 5to secundaria para Valentina. Gracias.</b></p>
Web,partidas para traslado a inicial 3 años. Postulante: Gabriel.
Email,"Estimados, quisiera saber los cuotas de primer año para mi hijo Luis."
Email,"Estimados, quisiera saber los cuotas de inicial 3 años para mi hijo Juan."
Email,"ESTIMADOS, QUISIERA SABER LOS PAGOS DE INICIAL 4 AÑOS PARA MI HIJO GABRIEL."
WhatsApp,Hola hay cupos para primer grado? Mi niño se llama Camila.
Email,"ESTIMADOS, QUISIERA SABER LOS PENSIONES DE 6TO PRIMARIA PARA MI HIJO NICOLAS."
Web,PAPELES PARA TRASLADO A PRIMER GRADO. POSTULANTE: PEDRO.
Email,Solicito información de costos y detalles para 5to secundaria. Atte: Mateo.
WhatsApp,<p><b>Hola hay cupos para inicial 4 años? Mi niño se llama Nicolas.</b></p>
Web,<p><b>citas de admision para 1ero primaria. Mi menor es Thiago.</b></p>
WhatsApp,HOLA HAY CUPOS PARA SECUNDARIA? MI NIÑO SE LLAMA MATEO.
WhatsApp,Hola hay disponibilidad de ingreso para 5to secundaria? Mi niño se llama Juan.
Web,documentación para traslado a inicial 3 años. Postulante: Pedro.
Email,SOLICITO INFORMACIÓN DE CUOTAS Y DETALLES PARA PRIMER AÑO. ATTE: VALENTINA.
Web,citas de admision para inicial 4 años. Mi menor es Valentina.
Web,entrevistas de admision para primer año. Mi menor es Sofia.
Web,partidas para traslado a secundaria. Postulante: Maria.
WhatsApp,HOLA HAY DISPONIBILIDAD DE INGRESO PARA PRIMER AÑO? MI NIÑO SE LLAMA SEBASTIAN.
Web,ficha de matrícula para traslado a 1ero primaria. Postulante: Camila.
Email,"Estimados, quisiera saber los cuotas de inicial 4 años para mi hijo Sebastian."
Email,"Estimados, quisiera saber los costos de inicial 3 años para mi hijo Maria."
WhatsApp,Saber si hay vacantes en secundaria para Valentina. Gracias.
Web,documentación para traslado a 5to secundaria. Postulante: Sebastian.
WhatsApp,Saber si hay cupos en primer grado para Sebastian. Gracias.
WhatsApp,Hola hay lugares para primer año? Mi niño se llama Gabriel.
WhatsApp,Hola hay lugares para 6to primaria? Mi niño se llama Sebastian.
Email,"ESTIMADOS, QUISIERA SABER LOS PENSIONES DE PRIMER AÑO PARA MI HIJO MARIA."
WhatsApp,Saber si hay lugares en inicial 3 años para Sofia. Gracias.
Web,PAPELES PARA TRASLADO A INICIAL 5 AÑOS. POSTULANTE: GABRIEL.
Email,SOLICITO INFORMACIÓN DE COSTOS Y DETALLES PARA PRIMER AÑO. ATTE: PEDRO.
Email,Solicito información de costos y detalles para 6to primaria. Atte: Maria.
WhatsApp,Hola hay disponibilidad de ingreso para 6to primaria? Mi niño se llama Thiago.
Email,SOLICITO INFORMACIÓN DE COSTOS Y DETALLES PARA SECUNDARIA. ATTE: ANA.
Web,documentación para traslado a 5to secundaria. Postulante: Maria.
Email,Solicito información de pagos y detalles para 5to secundaria. Atte: Thiago.
Web,cronograma de admision para 5to secundaria. Mi menor es Pedro.
WhatsApp,<p><b>Hola hay cupos para primer año? Mi niño se llama Sofia.</b></p>
WhatsApp,Hola hay cupos para inicial 5 años? Mi niño se llama Lucia.
WhatsApp,<p><b>Saber si hay espacios en secundaria para Valentina. Gracias.</b></p>
Web,partidas para traslado a secundaria. Postulante: Juan.
Web,CRONOGRAMA DE ADMISION PARA 1ERO PRIMARIA. MI MENOR ES LUIS.
WhatsApp,SABER SI HAY ESPACIOS EN PRIMER GRADO PARA VALENTINA. GRACIAS.
Email,"<p><b>Estimados, quisiera saber los precios de primer año para mi hijo Sofia.</b></p>"
WhatsApp,HOLA HAY LUGARES PARA 5TO SECUNDARIA? MI NIÑO SE LLAMA MARIA.
Web,documentación para traslado a primer grado. Postulante: Elena.
WhatsApp,Hola hay lugares para 5to secundaria? Mi niño se llama Pedro.
Email,Solicito información de mensualidad y detalles para 6to primaria. Atte: Ana.
WhatsApp,Saber si hay disponibilidad de ingreso en 6to primaria para Juan. Gracias.
Web,<p><b>charlas de admision para 5to secundaria. Mi menor es Maria.</b></p>
WhatsApp,Hola hay vacantes para primer año? Mi niño se llama Mateo.
Web,requisitos para traslado a 5to secundaria. Postulante: Juan.
Email,Solicito información de mensualidad y detalles para 1ero secundaria. Atte: Thiago.
WhatsApp,Saber si hay espacios en 1ero secundaria para Thiago. Gracias.
Web,entrevistas de admision para inicial 5 años. Mi menor es Gabriel.
Email,Solicito información de pagos y detalles para secundaria. Atte: Maria.
Web,cronograma de admision para secundaria. Mi menor es Lucia.
Email,"Estimados, quisiera saber los cuotas de 1ero primaria para mi hijo Maria."
Web,entrevistas de admision para primer año. Mi menor es Gabriel.
Web,documentos para traslado a 1ero secundaria. Postulante: Camila.
Web,citas de admision para primer grado. Mi menor es Valentina.
Web,CHARLAS DE ADMISION PARA 1ERO PRIMARIA. MI MENOR ES SOFIA.
Email,"Estimados, quisiera saber los pensiones de 6to primaria para mi hijo Pedro."
WhatsApp,Hola hay vacantes para 6to primaria? Mi niño se llama Nicolas.
WhatsApp,Saber si hay espacios en primer año para Luis. Gracias.
WhatsApp,Saber si hay vacantes en primer año para Camila. Gracias.
WhatsApp,Hola hay cupos para inicial 3 años? Mi niño se llama Lucia.
Email,"Estimados, quisiera saber los cuotas de 6to primaria para mi hijo Sebastian."
WhatsApp,Saber si hay disponibilidad de ingreso en inicial 3 años para Sofia. Gracias.
Email,Solicito información de costos y detalles para 5to secundaria. Atte: Maria.
Web,cronograma de admision para secundaria. Mi menor es Ana.
WhatsApp,Saber si hay vacantes en inicial 3 años para Camila. Gracias.
WhatsApp,Hola hay disponibilidad de ingreso para primer grado? Mi niño se llama Nicolas.
Email,"ESTIMADOS, QUISIERA SABER LOS PAGOS DE PRIMER GRADO PARA MI HIJO JUAN."
Email,"<p><b>Estimados, quisiera saber los costos de primer grado para mi hijo Gabriel.</b></p>"
Web,documentación para traslado a primer año. Postulante: Thiago.
WhatsApp,SABER SI HAY CUPOS EN 1ERO PRIMARIA PARA CAMILA. GRACIAS.
WhatsApp,<p><b>Saber si hay espacios en inicial 5 años para Sebastian. Gracias.</b></p>
Web,papeles para traslado a inicial 3 años. Postulante: Gabriel.
Email,Solicito información de costos y detalles para 5to secundaria. Atte: Sebastian.
WhatsApp,Hola hay vacantes para 6to primaria? Mi niño se llama Elena.
WhatsApp,Hola hay lugares para primer grado? Mi niño se llama Luis.
Web,papeles para traslado a primer grado. Postulante: Valentina.
Email,SOLICITO INFORMACIÓN DE PAGOS Y DETALLES PARA 5TO SECUNDARIA. ATTE: MARIA.
WhatsApp,Saber si hay lugares en 1ero primaria para Elena. Gracias.
Email,"Estimados, quisiera saber los pensiones de 1ero secundaria para mi hijo Ana."
Web,documentación para traslado a inicial 4 años. Postulante: Gabriel.
Web,papeles para traslado a inicial 3 años. Postulante: Mateo.
Email,SOLICITO INFORMACIÓN DE COSTOS Y DETALLES PARA INICIAL 5 AÑOS. ATTE: NICOLAS.
Email,Solicito información de pensiones y detalles para inicial 4 años. Atte: Camila.
WhatsApp,SABER SI HAY DISPONIBILIDAD DE INGRESO EN INICIAL 5 AÑOS PARA JUAN. GRACIAS.
Email,"<p><b>Estimados, quisiera saber los pagos de primer año para mi hijo Pedro.</b></p>"
Email,Solicito información de precios y detalles para secundaria. Atte: Lucia.
Web,documentación para traslado a 5to secundaria. Postulante: Juan.
Email,"Estimados, quisiera saber los precios de inicial 3 años para mi hijo Thiago."
Email,<p><b>Solicito información de pensiones y detalles para 6to primaria. Atte: Camila.</b></p>
Email,Solicito información de mensualidad y detalles para 1ero secundaria. Atte: Luis.
Email,Solicito información de precios y detalles para secundaria. Atte: Mateo.
Email,Solicito información de cuotas y detalles para inicial 3 años. Atte: Valentina.
Email,"<p><b>Estimados, quisiera saber los precios de primer grado para mi hijo Lucia.</b></p>"
Email,"Estimados, quisiera saber los pensiones de inicial 5 años para mi hijo Nicolas."
WhatsApp,<p><b>Hola hay cupos para primer grado? Mi niño se llama Gabriel.</b></p>
WhatsApp,Saber si hay vacantes en 1ero primaria para Pedro. Gracias.
WhatsApp,Saber si hay espacios en 1ero primaria para Gabriel. Gracias.
Email,"Estimados, quisiera saber los pagos de 5to secundaria para mi hijo Valentina."
Email,"ESTIMADOS, QUISIERA SABER LOS PRECIOS DE 1ERO SECUNDARIA PARA MI HIJO SOFIA."
WhatsApp,<p><b>Hola hay espacios para inicial 5 años? Mi niño se llama Elena.</b></p>
Web,cronograma de admision para inicial 3 años. Mi menor es Luis.
Email,Solicito información de precios y detalles para secundaria. Atte: Gabriel.
Email,Solicito información de pensiones y detalles para inicial 4 años. Atte: Mateo.
Email,Solicito información de mensualidad y detalles para primer grado. Atte: Valentina.
Web,ENTREVISTAS DE ADMISION PARA PRIMER AÑO. MI MENOR ES CAMILA.
WhatsApp,Hola hay espacios para inicial 3 años? Mi niño se llama Luis.
Web,ficha de matrícula para traslado a secundaria. Postulante: Valentina.
Web,requisitos para traslado a primer año. Postulante: Elena.
WhatsApp,Hola hay espacios para primer año? Mi niño se llama Valentina.
Web,ficha de matrícula para traslado a inicial 4 años. Postulante: Pedro.
Email,Solicito información de precios y detalles para inicial 3 años. Atte: Gabriel.
Web,reunión de admision para secundaria. Mi menor es Sebastian.
Email,"Estimados, quisiera saber los costos de 1ero secundaria para mi hijo Juan."
Email,Solicito información de mensualidad y detalles para 1ero primaria. Atte: Camila.
WhatsApp,Saber si hay lugares en secundaria para Nicolas. Gracias.
WhatsApp,Hola hay vacantes para inicial 3 años? Mi niño se llama Juan.
WhatsApp,Saber si hay cupos en 1ero secundaria para Nicolas. Gracias.
Web,cronograma de admision para inicial 3 años. Mi menor es Juan.
Web,<p><b>cronograma de admision para secundaria. Mi menor es Sofia.</b></p>
Email,SOLICITO INFORMACIÓN DE COSTOS Y DETALLES PARA SECUNDARIA. ATTE: SOFIA.
WhatsApp,SABER SI HAY ESPACIOS EN INICIAL 3 AÑOS PARA THIAGO. GRACIAS.
WhatsApp,Saber si hay vacantes en secundaria para Camila. Gracias.
WhatsApp,Hola hay disponibilidad de ingreso para inicial 4 años? Mi niño se llama Sebastian.
Web,requisitos para traslado a secundaria. Postulante: Luis.
WhatsApp,Saber si hay cupos en inicial 5 años para Maria. Gracias.
WhatsApp,Hola hay cupos para 1ero secundaria? Mi niño se llama Juan.
WhatsApp,SABER SI HAY VACANTES EN PRIMER AÑO PARA MATEO. GRACIAS.
Web,citas de admision para 1ero secundaria. Mi menor es Lucia.
Email,<p><b>Solicito información de pensiones y detalles para inicial 4 años. Atte: Camila.</b></p>
Email,"ESTIMADOS, QUISIERA SABER LOS PAGOS DE 6TO PRIMARIA PARA MI HIJO JUAN."
Email,Solicito información de precios y detalles para primer grado. Atte: Sebastian.
WhatsApp,Hola hay vacantes para secundaria? Mi niño se llama Lucia.
Email,"<p><b>Estimados, quisiera saber los mensualidad de secundaria para mi hijo Camila.</b></p>"
Email,Solicito información de precios y detalles para primer grado. Atte: Gabriel.
Email,"ESTIMADOS, QUISIERA SABER LOS COSTOS DE INICIAL 5 AÑOS PARA MI HIJO ANA."
WhatsApp,Hola hay lugares para primer grado? Mi niño se llama Pedro.
Email,"<p><b>Estimados, quisiera saber los cuotas de inicial 3 años para mi hijo Valentina.</b></p>"
WhatsApp,Hola hay lugares para inicial 4 años? Mi niño se llama Ana.
Web,reunión de admision para inicial 3 años. Mi menor es Juan.
Email,"Estimados, quisiera saber los cuotas de inicial 5 años para mi hijo Sebastian."
WhatsApp,Hola hay cupos para secundaria? Mi niño se llama Thiago.
WhatsApp,Hola hay cupos para inicial 4 años? Mi niño se llama Luis.
WhatsApp,Hola hay vacantes para primer grado? Mi niño se llama Sebastian.
Web,reunión de admision para inicial 3 años. Mi menor es Gabriel.
Web,cronograma de admision para primer año. Mi menor es Lucia.
WhatsApp,Saber si hay espacios en inicial 5 años para Lucia. Gracias.
Web,documentación para traslado a secundaria. Postulante: Lucia.
Web,entrevistas de admision para 1ero secundaria. Mi menor es Pedro.
Email,<p><b>Solicito información de pensiones y detalles para primer año. Atte: Lucia.</b></p>
Email,Solicito información de pagos y detalles para 5to secundaria. Atte: Sofia.
Email,Solicito información de mensualidad y detalles para 1ero primaria. Atte: Pedro.
WhatsApp,Hola hay vacantes para inicial 4 años? Mi niño se llama Camila.
Email,"Estimados, quisiera saber los pensiones de inicial 4 años para mi hijo Pedro."
Web,papeles para traslado a inicial 3 años. Postulante: Luis.
WhatsApp,Saber si hay cupos en inicial 5 años para Elena. Gracias.
Web,documentos para traslado a 6to primaria. Postulante: Maria.
Email,"<p><b>Estimados, quisiera saber los mensualidad de 6to primaria para mi hijo Lucia.</b></p>"
WhatsApp,Saber si hay cupos en 1ero primaria para Ana. Gracias.
Email,Solicito información de costos y detalles para inicial 3 años. Atte: Gabriel.
Web,requisitos para traslado a primer año. Postulante: Thiago.
Web,documentación para traslado a inicial 3 años. Postulante: Gabriel.
Web,documentos para traslado a 6to primaria. Postulante: Gabriel.
WhatsApp,Hola hay vacantes para 5to secundaria? Mi niño se llama Elena.
WhatsApp,Saber si hay lugares en 1ero secundaria para Sebastian. Gracias.
Email,SOLICITO INFORMACIÓN DE PAGOS Y DETALLES PARA 1ERO SECUNDARIA. ATTE: MATEO.
WhatsApp,<p><b>Saber si hay lugares en 5to secundaria para Camila. Gracias.</b></p>
Web,<p><b>cronograma de admision para primer año. Mi menor es Luis.</b></p>
Email,"ESTIMADOS, QUISIERA SABER LOS MENSUALIDAD DE 1ERO PRIMARIA PARA MI HIJO ANA."
Email,"ESTIMADOS, QUISIERA SABER LOS PENSIONES DE INICIAL 5 AÑOS PARA MI HIJO THIAGO."
WhatsApp,Hola hay vacantes para inicial 3 años? Mi niño se llama Maria.
Email,<p><b>Solicito información de costos y detalles para inicial 5 años. Atte: Maria.</b></p>
Web,entrevistas de admision para inicial 5 años. Mi menor es Mateo.
Email,"ESTIMADOS, QUISIERA SABER LOS MENSUALIDAD DE 6TO PRIMARIA PARA MI HIJO SOFIA."
WhatsApp,SABER SI HAY DISPONIBILIDAD DE INGRESO EN PRIMER AÑO PARA PEDRO. GRACIAS.
Web,entrevistas de admision para inicial 4 años. Mi menor es Sebastian.
WhatsApp,Saber si hay vacantes en inicial 5 años para Lucia. Gracias.
Email,"ESTIMADOS, QUISIERA SABER LOS MENSUALIDAD DE 1ERO PRIMARIA PARA MI HIJO VALENTINA."
Email,"<p><b>Estimados, quisiera saber los mensualidad de 5to secundaria para mi hijo Luis.</b></p>"
WhatsApp,SABER SI HAY LUGARES EN SECUNDARIA PARA SOFIA. GRACIAS.
Email,"Estimados, quisiera saber los pensiones de inicial 3 años para mi hijo Ana."
Email,<p><b>Solicito información de precios y detalles para 6to primaria. Atte: Sebastian.</b></p>
Email,SOLICITO INFORMACIÓN DE PENSIONES Y DETALLES PARA INICIAL 4 AÑOS. ATTE: SOFIA.
Email,"ESTIMADOS, QUISIERA SABER LOS PENSIONES DE INICIAL 3 AÑOS PARA MI HIJO SEBASTIAN."
Email,SOLICITO INFORMACIÓN DE PRECIOS Y DETALLES PARA 5TO SECUNDARIA. ATTE: CAMILA.
Email,<p><b>Solicito información de costos y detalles para primer año. Atte: Maria.</b></p>
Email,"Estimados, quisiera saber los costos de inicial 3 años para mi hijo Nicolas."
Email,"ESTIMADOS, QUISIERA SABER LOS PENSIONES DE 1ERO SECUNDARIA PARA MI HIJO LUIS."
WhatsApp,Saber si hay cupos en 5to secundaria para Pedro. Gracias.
Email,"ESTIMADOS, QUISIERA SABER LOS PAGOS DE 1ERO SECUNDARIA PARA MI HIJO NICOLAS."
Web,FICHA DE MATRÍCULA PARA TRASLADO A 6TO PRIMARIA. POSTULANTE: CAMILA.
Email,"Estimados, quisiera saber los pensiones de secundaria para mi hijo Camila."
WhatsApp,Saber si hay vacantes en 5to secundaria para Pedro. Gracias.
Web,ficha de matrícula para traslado a inicial 3 años. Postulante: Sebastian.
Email,"Estimados, quisiera saber los pagos de 1ero primaria para mi hijo Nicolas."
WhatsApp,SABER SI HAY VACANTES EN PRIMER AÑO PARA PEDRO. GRACIAS.
WhatsApp,Saber si hay cupos en 1ero secundaria para Gabriel. Gracias.
WhatsApp,Saber si hay cupos en inicial 4 años para Nicolas. Gracias.
Email,Solicito información de precios y detalles para 6to primaria. Atte: Juan.
Web,papeles para traslado a secundaria. Postulante: Pedro.
Email,"Estimados, quisiera saber los cuotas de inicial 5 años para mi hijo Ana."
WhatsApp,Hola hay vacantes para 5to secundaria? Mi niño se llama Ana.
Email,Solicito información de cuotas y detalles para 1ero secundaria. Atte: Ana.
Email,Solicito información de pensiones y detalles para inicial 4 años. Atte: Luis.
Email,"Estimados, quisiera saber los pagos de 1ero secundaria para mi hijo Pedro."
WhatsApp,Saber si hay cupos en 1ero secundaria para Lucia. Gracias.
Email,"Estimados, quisiera saber los mensualidad de 1ero secundaria para mi hijo Mateo."
Email,"Estimados, quisiera saber los cuotas de 6to primaria para mi hijo Camila."
Web,<p><b>partidas para traslado a primer año. Postulante: Sofia.</b></p>
WhatsApp,<p><b>Saber si hay vacantes en primer grado para Gabriel. Gracias.</b></p>
WhatsApp,Hola hay disponibilidad de ingreso para inicial 4 años? Mi niño se llama Pedro.
Web,ENTREVISTAS DE ADMISION PARA INICIAL 3 AÑOS. MI MENOR ES THIAGO.
Email,"Estimados, quisiera saber los pagos de inicial 4 años para mi hijo Luis."
WhatsApp,Saber si hay disponibilidad de ingreso en 1ero primaria para Maria. Gracias.
WhatsApp,HOLA HAY LUGARES PARA INICIAL 3 AÑOS? MI NIÑO SE LLAMA SOFIA.
Email,"Estimados, quisiera saber los costos de 1ero primaria para mi hijo Lucia."
WhatsApp,Hola hay disponibilidad de ingreso para inicial 5 años? Mi niño se llama Nicolas.
WhatsApp,Saber si hay cupos en 5to secundaria para Juan. Gracias.
WhatsApp,Saber si hay lugares en inicial 3 años para Sebastian. Gracias.
WhatsApp,Hola hay vacantes para 1ero primaria? Mi niño se llama Maria.
Email,Solicito información de cuotas y detalles para primer año. Atte: Thiago.
WhatsApp,Saber si hay disponibilidad de ingreso en inicial 5 años para Maria. Gracias.
Email,Solicito información de mensualidad y detalles para inicial 4 años. Atte: Elena.
Web,documentos para traslado a 1ero primaria. Postulante: Thiago.
WhatsApp,HOLA HAY CUPOS PARA 1ERO SECUNDARIA? MI NIÑO SE LLAMA ELENA.
Web,documentos para traslado a primer año. Postulante: Mateo.
Web,ficha de matrícula para traslado a inicial 5 años. Postulante: Sebastian.
WhatsApp,HOLA HAY LUGARES PARA PRIMER GRADO? MI NIÑO SE LLAMA LUIS.
Web,<p><b>documentación para traslado a 1ero secundaria. Postulante: Thiago.</b></p>
Web,CITAS DE ADMISION PARA SECUNDARIA. MI MENOR ES LUIS.
WhatsApp,Saber si hay espacios en primer año para Sofia. Gracias.
Email,Solicito información de pagos y detalles para primer año. Atte: Luis.
Web,citas de admision para primer grado. Mi menor es Valentina.
Web,documentos para traslado a 1ero secundaria. Postulante: Juan.
Email,Solicito información de pensiones y detalles para inicial 3 años. Atte: Nicolas.
WhatsApp,Saber si hay lugares en inicial 5 años para Lucia. Gracias.
WhatsApp,<p><b>Saber si hay disponibilidad de ingreso en 6to primaria para Pedro. Gracias.</b></p>
Email,"Estimados, quisiera saber los pagos de 6to primaria para mi hijo Juan."
Email,<p><b>Solicito información de pensiones y detalles para 1ero primaria. Atte: Luis.</b></p>
Email,"Estimados, quisiera saber los cuotas de 5to secundaria para mi hijo Maria."
WhatsApp,Hola hay vacantes para 1ero secundaria? Mi niño se llama Sebastian.
Email,Solicito información de pagos y detalles para inicial 3 años. Atte: Nicolas.
Email,"Estimados, quisiera saber los precios de inicial 4 años para mi hijo Maria."
WhatsApp,Hola hay espacios para 1ero primaria? Mi niño se llama Gabriel.
Email,"Estimados, quisiera saber los mensualidad de 1ero primaria para mi hijo Sofia."
Email,"Estimados, quisiera saber los pensiones de 1ero secundaria para mi hijo Camila."
WhatsApp,<p><b>Saber si hay lugares en primer año para Luis. Gracias.</b></p>
WhatsApp,Saber si hay lugares en inicial 5 años para Pedro. Gracias.
Email,Solicito información de mensualidad y detalles para primer grado. Atte: Sebastian.
WhatsApp,Hola hay cupos para 5to secundaria? Mi niño se llama Ana.
WhatsApp,Saber si hay lugares en inicial 3 años para Camila. Gracias.
Email,"Estimados, quisiera saber los pagos de primer grado para mi hijo Lucia."
Web,entrevistas de admision para inicial 4 años. Mi menor es Ana.
Web,entrevistas de admision para inicial 5 años. Mi menor es Mateo.
Email,"ESTIMADOS, QUISIERA SABER LOS PENSIONES DE PRIMER GRADO PARA MI HIJO PEDRO."
Email,"ESTIMADOS, QUISIERA SABER LOS PRECIOS DE 1ERO PRIMARIA PARA MI HIJO JUAN."
WhatsApp,<p><b>Saber si hay espacios en inicial 3 años para Sofia. Gracias.</b></p>
Web,FICHA DE MATRÍCULA PARA TRASLADO A 5TO SECUNDARIA. POSTULANTE: SOFIA.
Email,Solicito información de costos y detalles para secundaria. Atte: Ana.
Email,"Estimados, quisiera saber los cuotas de 1ero primaria para mi hijo Gabriel."
Web,partidas para traslado a inicial 3 años. Postulante: Gabriel.
Email,<p><b>Solicito información de costos y detalles para secundaria. Atte: Luis.</b></p>
Web,<p><b>reunión de admision para 5to secundaria. Mi menor es Thiago.</b></p>
Web,entrevistas de admision para 1ero secundaria. Mi menor es Camila.
Web,CITAS DE ADMISION PARA INICIAL 3 AÑOS. MI MENOR ES GABRIEL.
WhatsApp,Saber si hay espacios en inicial 4 años para Thiago. Gracias.
Web,DOCUMENTOS PARA TRASLADO A 1ERO PRIMARIA. POSTULANTE: PEDRO.
Email,"Estimados, quisiera saber los pensiones de inicial 5 años para mi hijo Sebastian."
Web,<p><b>documentación para traslado a inicial 5 años. Postulante: Thiago.</b></p>
Web,partidas para traslado a secundaria. Postulante: Sofia.
WhatsApp,Hola hay espacios para inicial 4 años? Mi niño se llama Sebastian.
Email,Solicito información de cuotas y detalles para inicial 5 años. Atte: Luis.
WhatsApp,HOLA HAY LUGARES PARA PRIMER AÑO? MI NIÑO SE LLAMA VALENTINA.
Web,cronograma de admision para inicial 5 años. Mi menor es Lucia.
Email,SOLICITO INFORMACIÓN DE CUOTAS Y DETALLES PARA INICIAL 4 AÑOS. ATTE: CAMILA.
Email,"ESTIMADOS, QUISIERA SABER LOS CUOTAS DE PRIMER GRADO PARA MI HIJO SEBASTIAN."
Email,<p><b>Solicito información de precios y detalles para 6to primaria. Atte: Ana.</b></p>
WhatsApp,HOLA HAY ESPACIOS PARA 1ERO PRIMARIA? MI NIÑO SE LLAMA SEBASTIAN.
WhatsApp,Saber si hay cupos en primer año para Valentina. Gracias.
Web,PARTIDAS PARA TRASLADO A SECUNDARIA. POSTULANTE: THIAGO.
Email,<p><b>Solicito información de precios y detalles para inicial 5 años. Atte: Elena.</b></p>
Email,"Estimados, quisiera saber los pensiones de 6to primaria para mi hijo Maria."
WhatsApp,Hola hay disponibilidad de ingreso para 6to primaria? Mi niño se llama Camila.
Web,ficha de matrícula para traslado a 1ero secundaria. Postulante: Camila.
Web,documentos para traslado a secundaria. Postulante: Thiago.
Web,charlas de admision para 5to secundaria. Mi menor es Sofia.
Web,entrevistas de admision para inicial 5 años. Mi menor es Valentina.
Web,PARTIDAS PARA TRASLADO A INICIAL 3 AÑOS. POSTULANTE: LUIS.
Email,Solicito información de costos y detalles para inicial 4 años. Atte: Juan.
Email,Solicito información de costos y detalles para inicial 4 años. Atte: Gabriel.
WhatsApp,<p><b>Hola hay vacantes para inicial 5 años? Mi niño se llama Juan.</b></p>
Web,REQUISITOS PARA TRASLADO A 5TO SECUNDARIA. POSTULANTE: NICOLAS.
Web,FICHA DE MATRÍCULA PARA TRASLADO A 6TO PRIMARIA. POSTULANTE: CAMILA.
Web,requisitos para traslado a 1ero primaria. Postulante: Sebastian.
Email,"<p><b>Estimados, quisiera saber los mensualidad de inicial 4 años para mi hijo Valentina.</b></p>"
Email,"<p><b>Estimados, quisiera saber los pagos de primer año para mi hijo Sebastian.</b></p>"
Web,<p><b>cronograma de admision para 5to secundaria. Mi menor es Mateo.</b></p>
Email,Solicito información de pensiones y detalles para 1ero primaria. Atte: Juan.
Email,Solicito información de mensualidad y detalles para inicial 3 años. Atte: Nicolas.
Web,CITAS DE ADMISION PARA 6TO PRIMARIA. MI MENOR ES GABRIEL.
Web,charlas de admision para 1ero primaria. Mi menor es Juan.
Email,SOLICITO INFORMACIÓN DE PRECIOS Y DETALLES PARA SECUNDARIA. ATTE: MATEO.
WhatsApp,Hola hay cupos para primer año? Mi niño se llama Nicolas.
Email,SOLICITO INFORMACIÓN DE PAGOS Y DETALLES PARA PRIMER GRADO. ATTE: LUIS.
Web,reunión de admision para primer grado. Mi menor es Ana.
Email,SOLICITO INFORMACIÓN DE PRECIOS Y DETALLES PARA INICIAL 3 AÑOS. ATTE: VALENTINA.
Web,<p><b>requisitos para traslado a primer año. Postulante: Ana.</b></p>
Web,PARTIDAS PARA TRASLADO A 6TO PRIMARIA. POSTULANTE: GABRIEL.
WhatsApp,Hola hay espacios para 5to secundaria? Mi niño se llama Sofia.
Email,Solicito información de mensualidad y detalles para 6to primaria. Atte: Valentina.
WhatsApp,Hola hay disponibilidad de ingreso para 6to primaria? Mi niño se llama Juan.
Web,entrevistas de admision para primer grado. Mi menor es Nicolas.
Web,<p><b>reunión de admision para secundaria. Mi menor es Gabriel.</b></p>
WhatsApp,Hola hay disponibilidad de ingreso para inicial 4 años? Mi niño se llama Luis.
Web,documentos para traslado a inicial 4 años. Postulante: Pedro.
Email,Solicito información de cuotas y detalles para 6to primaria. Atte: Sebastian.
Email,"<p><b>Estimados, quisiera saber los mensualidad de 5to secundaria para mi hijo Valentina.</b></p>"
Email,SOLICITO INFORMACIÓN DE MENSUALIDAD Y DETALLES PARA INICIAL 5 AÑOS. ATTE: SEBASTIAN.
Web,entrevistas de admision para 1ero primaria. Mi menor es Thiago.
Email,"<p><b>Estimados, quisiera saber los costos de 1ero secundaria para mi hijo Gabriel.</b></p>"
Email,<p><b>Solicito información de pagos y detalles para 1ero secundaria. Atte: Thiago.</b></p>
WhatsApp,Hola hay disponibilidad de ingreso para primer grado? Mi niño se llama Gabriel.
WhatsApp,Hola hay cupos para primer año? Mi niño se llama Thiago.
Web,documentación para traslado a inicial 4 años. Postulante: Elena.
Email,<p><b>Solicito información de mensualidad y detalles para inicial 3 años. Atte: Thiago.</b></p>
WhatsApp,Saber si hay cupos en inicial 4 años para Lucia. Gracias.
WhatsApp,Hola hay espacios para 5to secundaria? Mi niño se llama Gabriel.
Web,<p><b>cronograma de admision para inicial 4 años. Mi menor es Ana.</b></p>
Email,Solicito información de mensualidad y detalles para 1ero secundaria. Atte: Valentina.
Web,<p><b>entrevistas de admision para 6to primaria. Mi menor es Nicolas.</b></p>
Web,cronograma de admision para secundaria. Mi menor es Ana.
Web,citas de admision para inicial 4 años. Mi menor es Valentina.
Web,documentos para traslado a primer grado. Postulante: Gabriel.
Email,Solicito información de mensualidad y detalles para inicial 5 años. Atte: Sofia.
WhatsApp,Hola hay cupos para 6to primaria? Mi niño se llama Thiago.
WhatsApp,Saber si hay cupos en inicial 5 años para Gabriel. Gracias.
WhatsApp,Hola hay disponibilidad de ingreso para 5to secundaria? Mi niño se llama Sebastian.
WhatsApp,Saber si hay espacios en 5to secundaria para Lucia. Gracias.
Email,Solicito información de pensiones y detalles para 5to secundaria. Atte: Juan.
WhatsApp,Saber si hay disponibilidad de ingreso en 1ero secundaria para Sebastian. Gracias.
Email,"Estimados, quisiera saber los pagos de 5to secundaria para mi hijo Mateo."
Email,Solicito información de pagos y detalles para primer grado. Atte: Nicolas.
Email,Solicito información de cuotas y detalles para primer año. Atte: Pedro.
Web,ficha de matrícula para traslado a primer año. Postulante: Elena.
Web,<p><b>ficha de matrícula para traslado a secundaria. Postulante: Camila.</b></p>
Email,SOLICITO INFORMACIÓN DE PRECIOS Y DETALLES PARA 1ERO PRIMARIA. ATTE: SOFIA.
Web,documentos para traslado a 1ero secundaria. Postulante: Sebastian.
WhatsApp,Saber si hay lugares en inicial 5 años para Pedro. Gracias.
WhatsApp,Saber si hay espacios en inicial 5 años para Maria. Gracias.
Web,reunión de admision para inicial 3 años. Mi menor es Sofia.
Web,reunión de admision para 6to primaria. Mi menor es Elena.
Email,"Estimados, quisiera saber los costos de primer año para mi hijo Ana."
Web,documentación para traslado a 5to secundaria. Postulante: Sebastian.
WhatsApp,Saber si hay lugares en primer grado para Ana. Gracias.
WhatsApp,Saber si hay cupos en inicial 3 años para Camila. Gracias.
WhatsApp,<p><b>Saber si hay disponibilidad de ingreso en 1ero primaria para Elena. Gracias.</b></p>
WhatsApp,Saber si hay disponibilidad de ingreso en secundaria para Camila. Gracias.
Web,DOCUMENTOS PARA TRASLADO A INICIAL 3 AÑOS. POSTULANTE: GABRIEL.
WhatsApp,SABER SI HAY CUPOS EN PRIMER GRADO PARA LUIS. GRACIAS.
Web,<p><b>papeles para traslado a inicial 5 años. Postulante: Mateo.</b></p>
WhatsApp,Saber si hay espacios en primer año para Thiago. Gracias.
Web,papeles para traslado a inicial 5 años. Postulante: Juan.
WhatsApp,Saber si hay disponibilidad de ingreso en 5to secundaria para Lucia. Gracias.
Web,<p><b>partidas para traslado a primer año. Postulante: Nicolas.</b></p>
WhatsApp,Hola hay lugares para 5to secundaria? Mi niño se llama Maria.
Web,ficha de matrícula para traslado a 5to secundaria. Postulante: Sofia.
Web,partidas para traslado a 1ero primaria. Postulante: Luis.
WhatsApp,Hola hay lugares para 6to primaria? Mi niño se llama Thiago.
WhatsApp,Saber si hay cupos en inicial 3 años para Juan. Gracias.
WhatsApp,Saber si hay vacantes en inicial 4 años para Gabriel. Gracias.
WhatsApp,Hola hay disponibilidad de ingreso para primer año? Mi niño se llama Camila.
Web,reunión de admision para 1ero primaria. Mi menor es Mateo.
Web,<p><b>documentos para traslado a primer grado. Postulante: Ana.</b></p>
Web,partidas para traslado a inicial 5 años. Postulante: Pedro.
WhatsApp,Hola hay disponibilidad de ingreso para inicial 3 años? Mi niño se llama Nicolas.
Web,documentación para traslado a 6to primaria. Postulante: Maria.
Web,PAPELES PARA TRASLADO A 1ERO SECUNDARIA. POSTULANTE: ANA.
Email,"Estimados, quisiera saber los mensualidad de 1ero primaria para mi hijo Maria."
Web,papeles para traslado a inicial 5 años. Postulante: Lucia.
Email,Solicito información de costos y detalles para 5to secundaria. Atte: Elena.
Email,Solicito información de cuotas y detalles para primer año. Atte: Sofia.
WhatsApp,Saber si hay disponibilidad de ingreso en 6to primaria para Maria. Gracias.
Email,"Estimados, quisiera saber los mensualidad de 5to secundaria para mi hijo Luis."
Web,papeles para traslado a inicial 4 años. Postulante: Mateo.
Web,reunión de admision para 1ero primaria. Mi menor es Sofia.
WhatsApp,Hola hay lugares para 5to secundaria? Mi niño se llama Gabriel.
WhatsApp,Hola hay cupos para primer grado? Mi niño se llama Camila.
Web,documentos para traslado a primer año. Postulante: Luis.
Web,entrevistas de admision para inicial 5 años. Mi menor es Elena.
Email,SOLICITO INFORMACIÓN DE PRECIOS Y DETALLES PARA INICIAL 4 AÑOS. ATTE: GABRIEL.
Email,"Estimados, quisiera saber los precios de primer grado para mi hijo Sebastian."
WhatsApp,Hola hay disponibilidad de ingreso para 5to secundaria? Mi niño se llama Pedro.
Email,"Estimados, quisiera saber los cuotas de secundaria para mi hijo Sebastian."
Web,<p><b>reunión de admision para 5to secundaria. Mi menor es Juan.</b></p>
WhatsApp,<p><b>Saber si hay espacios en secundaria para Maria. Gracias.</b></p>
WhatsApp,Hola hay lugares para primer grado? Mi niño se llama Mateo.
Web,requisitos para traslado a primer año. Postulante: Mateo.
WhatsApp,Hola hay disponibilidad de ingreso para 1ero secundaria? Mi niño se llama Sofia.
Email,Solicito información de pagos y detalles para inicial 5 años. Atte: Elena.
WhatsApp,Saber si hay espacios en 1ero secundaria para Maria. Gracias.
WhatsApp,Saber si hay cupos en 6to primaria para Sofia. Gracias.
Web,reunión de admision para 5to secundaria. Mi menor es Lucia.
Web,entrevistas de admision para inicial 3 años. Mi menor es Gabriel.
Email,"Estimados, quisiera saber los precios de primer grado para mi hijo Pedro."
WhatsApp,Hola hay lugares para inicial 4 años? Mi niño se llama Thiago.
Web,DOCUMENTOS PARA TRASLADO A 5TO SECUNDARIA. POSTULANTE: MATEO.
Web,requisitos para traslado a inicial 5 años. Postulante: Juan.
Web,entrevistas de admision para secundaria. Mi menor es Maria.
Email,"ESTIMADOS, QUISIERA SABER LOS PENSIONES DE INICIAL 3 AÑOS PARA MI HIJO SEBASTIAN."
WhatsApp,Hola hay disponibilidad de ingreso para inicial 4 años? Mi niño se llama Nicolas.
WhatsApp,Saber si hay disponibilidad de ingreso en 1ero primaria para Gabriel. Gracias.
Email,"Estimados, quisiera saber los mensualidad de 1ero primaria para mi hijo Mateo."
Web,<p><b>reunión de admision para secundaria. Mi menor es Thiago.</b></p>
Web,documentos para traslado a inicial 4 años. Postulante: Lucia.
Email,<p><b>Solicito información de costos y detalles para primer grado. Atte: Nicolas.</b></p>
Email,SOLICITO INFORMACIÓN DE PAGOS Y DETALLES PARA 1ERO PRIMARIA. ATTE: ELENA.
Email,"ESTIMADOS, QUISIERA SABER LOS PRECIOS DE INICIAL 3 AÑOS PARA MI HIJO ELENA."
WhatsApp,<p><b>Hola hay disponibilidad de ingreso para primer año? Mi niño se llama Juan.</b></p>
Email,Solicito información de costos y detalles para 6to primaria. Atte: Camila.
Web,requisitos para traslado a primer año. Postulante: Juan.
WhatsApp,<p><b>Saber si hay disponibilidad de ingreso en 1ero secundaria para Thiago. Gracias.</b></p>
WhatsApp,Hola hay vacantes para 6to primaria? Mi niño se llama Sofia.
WhatsApp,<p><b>Saber si hay lugares en inicial 3 años para Thiago. Gracias.</b></p>
WhatsApp,Hola hay espacios para primer grado? Mi niño se llama Camila.
Email,"Estimados, quisiera saber los precios de inicial 3 años para mi hijo Luis."
WhatsApp,Saber si hay disponibilidad de ingreso en 1ero primaria para Elena. Gracias.
Email,SOLICITO INFORMACIÓN DE COSTOS Y DETALLES PARA 6TO PRIMARIA. ATTE: NICOLAS.
WhatsApp,<p><b>Saber si hay vacantes en 1ero primaria para Sebastian. Gracias.</b></p>
Web,entrevistas de admision para primer año. Mi menor es Elena.
Web,requisitos para traslado a primer año. Postulante: Thiago.
Email,Solicito información de costos y detalles para 1ero secundaria. Atte: Nicolas.
Web,documentación para traslado a 5to secundaria. Postulante: Nicolas.
Web,documentos para traslado a 1ero primaria. Postulante: Luis.
Web,partidas para traslado a primer grado. Postulante: Maria.
WhatsApp,Hola hay cupos para 6to primaria? Mi niño se llama Nicolas.
WhatsApp,Hola hay lugares para primer año? Mi niño se llama Maria.
Web,reunión de admision para primer grado. Mi menor es Pedro.
WhatsApp,Saber si hay espacios en inicial 4 años para Mateo. Gracias.
WhatsApp,Saber si hay lugares en primer grado para Lucia. Gracias.
WhatsApp,Saber si hay vacantes en secundaria para Pedro. Gracias.
WhatsApp,Hola hay cupos para 6to primaria? Mi niño se llama Ana.
Email,"ESTIMADOS, QUISIERA SABER LOS CUOTAS DE SECUNDARIA PARA MI HIJO GABRIEL."
WhatsApp,<p><b>Saber si hay vacantes en 1ero primaria para Gabriel. Gracias.</b></p>
WhatsApp,Saber si hay espacios en primer grado para Nicolas. Gracias.
Email,"Estimados, quisiera saber los precios de 1ero primaria para mi hijo Maria."
WhatsApp,HOLA HAY CUPOS PARA 6TO PRIMARIA? MI NIÑO SE LLAMA ANA.
WhatsApp,Hola hay disponibilidad de ingreso para secundaria? Mi niño se llama Nicolas.
Web,REUNIÓN DE ADMISION PARA PRIMER GRADO. MI MENOR ES ANA.
WhatsApp,<p><b>Saber si hay lugares en primer año para Valentina. Gracias.</b></p>
WhatsApp,HOLA HAY DISPONIBILIDAD DE INGRESO PARA INICIAL 4 AÑOS? MI NIÑO SE LLAMA JUAN.
Email,"Estimados, quisiera saber los precios de 6to primaria para mi hijo Pedro."
Web,reunión de admision para inicial 3 años. Mi menor es Sofia.
Web,reunión de admision para primer año. Mi menor es Ana.
WhatsApp,Hola hay lugares para 5to secundaria? Mi niño se llama Nicolas.
Email,Solicito información de costos y detalles para 6to primaria. Atte: Thiago.
WhatsApp,<p><b>Saber si hay vacantes en primer año para Elena. Gracias.</b></p>
Email,Solicito información de precios y detalles para 1ero secundaria. Atte: Camila.
Web,cronograma de admision para 5to secundaria. Mi menor es Gabriel.
Web,CHARLAS DE ADMISION PARA SECUNDARIA. MI MENOR ES CAMILA.
WhatsApp,SABER SI HAY CUPOS EN 1ERO SECUNDARIA PARA ELENA. GRACIAS.
WhatsApp,Hola hay lugares para inicial 4 años? Mi niño se llama Camila.
WhatsApp,Saber si hay vacantes en secundaria para Mateo. Gracias.
Email,"<p><b>Estimados, quisiera saber los cuotas de inicial 3 años para mi hijo Ana.</b></p>"
Web,ficha de matrícula para traslado a primer año. Postulante: Mateo.
WhatsApp,HOLA HAY VACANTES PARA INICIAL 5 AÑOS? MI NIÑO SE LLAMA NICOLAS.
Web,charlas de admision para inicial 5 años. Mi menor es Sebastian.
Email,"<p><b>Estimados, quisiera saber los pagos de 1ero secundaria para mi hijo Camila.</b></p>"
WhatsApp,HOLA HAY ESPACIOS PARA 5TO SECUNDARIA? MI NIÑO SE LLAMA PEDRO.
Web,<p><b>cronograma de admision para 1ero primaria. Mi menor es Thiago.</b></p>
Email,Solicito información de pensiones y detalles para 1ero primaria. Atte: Juan.
Web,entrevistas de admision para 5to secundaria. Mi menor es Elena.
Email,"ESTIMADOS, QUISIERA SABER LOS COSTOS DE 6TO PRIMARIA PARA MI HIJO NICOLAS."
Web,ENTREVISTAS DE ADMISION PARA 6TO PRIMARIA. MI MENOR ES ANA.
Web,papeles para traslado a primer grado. Postulante: Juan.
Web,<p><b>reunión de admision para secundaria. Mi menor es Sofia.</b></p>
Email,Solicito información de costos y detalles para 1ero primaria. Atte: Lucia.
Email,"Estimados, quisiera saber los mensualidad de inicial 5 años para mi hijo Juan."
WhatsApp,<p><b>Hola hay disponibilidad de ingreso para 6to primaria? Mi niño se llama Luis.</b></p>
Email,"<p><b>Estimados, quisiera saber los mensualidad de 5to secundaria para mi hijo Maria.</b></p>"
Web,<p><b>requisitos para traslado a 6to primaria. Postulante: Gabriel.</b></p>
Web,entrevistas de admision para 1ero secundaria. Mi menor es Ana.
WhatsApp,Hola hay disponibilidad de ingreso para 1ero secundaria? Mi niño se llama Elena.
Web,citas de admision para 6to primaria. Mi menor es Elena.
Web,partidas para traslado a 5to secundaria. Postulante: Gabriel.
WhatsApp,Hola hay vacantes para 1ero secundaria? Mi niño se llama Pedro.
Email,"Estimados, quisiera saber los pagos de 6to primaria para mi hijo Pedro."
WhatsApp,Hola hay espacios para inicial 4 años? Mi niño se llama Maria.
WhatsApp,HOLA HAY LUGARES PARA PRIMER AÑO? MI NIÑO SE LLAMA MATEO.
Web,papeles para traslado a secundaria. Postulante: Lucia.
Email,"Estimados, quisiera saber los pensiones de 1ero primaria para mi hijo Sofia."
Web,documentación para traslado a 1ero secundaria. Postulante: Valentina.
Web,documentos para traslado a secundaria. Postulante: Valentina.
Web,requisitos para traslado a 1ero secundaria. Postulante: Gabriel.
WhatsApp,Hola hay cupos para secundaria? Mi niño se llama Sofia.
WhatsApp,SABER SI HAY CUPOS EN 6TO PRIMARIA PARA VALENTINA. GRACIAS.
Email,Solicito información de costos y detalles para secundaria. Atte: Pedro.
Email,"Estimados, quisiera saber los precios de 5to secundaria para mi hijo Pedro."
Email,Solicito información de cuotas y detalles para 1ero secundaria. Atte: Nicolas.
Web,<p><b>charlas de admision para inicial 4 años. Mi menor es Mateo.</b></p>
Email,"Estimados, quisiera saber los pensiones de primer grado para mi hijo Lucia."
WhatsApp,Saber si hay cupos en inicial 5 años para Juan. Gracias.
WhatsApp,Hola hay disponibilidad de ingreso para inicial 5 años? Mi niño se llama Lucia.
Email,Solicito información de pagos y detalles para inicial 3 años. Atte: Maria.
